/*
 * Generated by OLED Display Animation Maker — https://www.oledanimationmaker.com/
 * Board : ESP32 DevKit
 * Display: 1.3" 128×64 SH1106 @ 0x3C
 * Library: Adafruit SH110X
 *
 * Social:
 * Instagram : https://www.instagram.com/oled_animator
 * YouTube   : https://www.youtube.com/@oled_animator
 * GitHub    : https://github.com/itzmeAshish
 * Website   : https://www.oledanimationmaker.com/
 * Author    : Ashish ( ashish_y_794 )
 */

#include <Wire.h>
#include <Adafruit_GFX.h>
#include <Adafruit_SH110X.h>

#define SCREEN_WIDTH  128
#define SCREEN_HEIGHT 64
#define OLED_RESET    -1
#define SCREEN_ADDR   0x3C

Adafruit_SH1106G display(SCREEN_WIDTH, SCREEN_HEIGHT, &Wire, OLED_RESET);

const uint8_t PROGMEM frame0[1024] = {
  0x22, 0xdf, 0x77, 0xfc, 0x55, 0x55, 0x55, 0x55, 0x54, 0xaa, 0xaa, 0x49, 0x20, 0x0f, 0x74, 0x80,
  0x94, 0x43, 0xde, 0xd5, 0x55, 0x55, 0x55, 0x24, 0x22, 0xb5, 0x51, 0x24, 0x95, 0x55, 0x95, 0x82,
  0x42, 0x92, 0xfb, 0x22, 0xaa, 0xab, 0x6d, 0xaa, 0x94, 0x9a, 0x2a, 0x92, 0x42, 0x47, 0x54, 0xc8,
  0x28, 0x49, 0xae, 0x9a, 0xab, 0x7d, 0xda, 0xd5, 0x6a, 0x45, 0x55, 0x55, 0x14, 0x90, 0x00, 0x00,
  0x85, 0x23, 0xfa, 0x95, 0x7d, 0xab, 0x77, 0x55, 0x52, 0xa8, 0x88, 0x15, 0x42, 0x0a, 0xa0, 0x02,
  0x52, 0x8a, 0xef, 0x55, 0xaf, 0xed, 0xbd, 0xda, 0xaa, 0x92, 0x25, 0x48, 0x28, 0xa0, 0x14, 0x10,
  0x08, 0x43, 0xba, 0xab, 0xfa, 0xbe, 0xee, 0xad, 0xaa, 0xaa, 0x91, 0x22, 0x85, 0x15, 0x40, 0x00,
  0xa5, 0x2a, 0xef, 0xae, 0xbf, 0xeb, 0xb5, 0xf6, 0xb5, 0x55, 0x4a, 0x49, 0x28, 0xa0, 0x90, 0x12,
  0x29, 0x47, 0xba, 0xdf, 0xeb, 0xbe, 0xef, 0x55, 0xad, 0xaa, 0xa4, 0x24, 0x92, 0x15, 0x04, 0x40,
  0x44, 0x22, 0xfd, 0x7a, 0xff, 0xeb, 0xbb, 0x6e, 0xd5, 0x6a, 0xa9, 0x49, 0x24, 0xa0, 0x50, 0x04,
  0x2a, 0x97, 0xd6, 0xbf, 0xbd, 0xbf, 0x6f, 0xb5, 0x76, 0xb5, 0x54, 0x84, 0x92, 0x4a, 0x84, 0x00,
  0x91, 0x4b, 0x7a, 0xef, 0xef, 0xfb, 0xdd, 0xdf, 0x55, 0xd5, 0x55, 0x29, 0x24, 0x84, 0x21, 0x12,
  0x4a, 0x25, 0xd5, 0xfd, 0xfb, 0xde, 0xbe, 0xb5, 0xad, 0x5a, 0xaa, 0xa4, 0x49, 0x29, 0x14, 0x00,
  0x21, 0x4b, 0xf7, 0xff, 0xbf, 0x7b, 0xeb, 0xda, 0xd6, 0xd6, 0xaa, 0xa9, 0x10, 0x42, 0x40, 0x10,
  0x95, 0x27, 0x55, 0xb7, 0xed, 0xee, 0xbe, 0xee, 0xbb, 0x6a, 0xd5, 0x54, 0xa5, 0x28, 0x92, 0x42,
  0x48, 0x95, 0xef, 0xff, 0xff, 0xff, 0xef, 0x5b, 0x6a, 0xb5, 0x55, 0x25, 0x08, 0x84, 0x24, 0x00,
  0x25, 0x4b, 0xaf, 0xfe, 0xdd, 0xab, 0x7b, 0xed, 0xb6, 0xdb, 0x55, 0x54, 0xd2, 0x52, 0x81, 0x08,
  0x94, 0xa7, 0x6d, 0xff, 0xff, 0xff, 0xdd, 0x56, 0xdb, 0x55, 0xb5, 0x55, 0x24, 0x88, 0x54, 0x02,
  0x4a, 0x1b, 0xbf, 0xdb, 0xf6, 0xda, 0xf7, 0x7b, 0x6d, 0xb6, 0xaa, 0xaa, 0x91, 0x22, 0x00, 0x90,
  0x21, 0x6d, 0xdf, 0xff, 0x7f, 0xff, 0xbb, 0xad, 0xaa, 0xda, 0xad, 0x55, 0x54, 0x49, 0x54, 0x00,
  0x95, 0x57, 0x76, 0xff, 0xdd, 0x56, 0xed, 0x76, 0xdf, 0x55, 0xb5, 0xaa, 0xa2, 0x92, 0x01, 0x4a,
  0x55, 0x55, 0xbf, 0xdb, 0xff, 0xff, 0xbf, 0xad, 0x6a, 0xda, 0xd5, 0x55, 0x54, 0x21, 0x54, 0x00,
  0xaa, 0xb7, 0xdf, 0xff, 0x76, 0xed, 0xd5, 0x77, 0xb6, 0xad, 0x55, 0x55, 0x52, 0x8a, 0x00, 0x90,
  0x55, 0xad, 0x7f, 0xef, 0xff, 0xbe, 0xff, 0xba, 0xdb, 0x76, 0xaa, 0xaa, 0x94, 0x50, 0xaa, 0x0a,
  0xaa, 0xb7, 0xfe, 0xfd, 0xb6, 0xf7, 0x55, 0x6d, 0xbd, 0xaa, 0xaa, 0xaa, 0x52, 0x0a, 0x00, 0x44,
  0x55, 0x55, 0x77, 0xdf, 0xff, 0xdd, 0xff, 0xb6, 0xd6, 0xd5, 0xaa, 0xa9, 0xa9, 0x51, 0x54, 0x13,
  0x55, 0x55, 0xdf, 0xf6, 0xdb, 0x7f, 0x6a, 0xdb, 0x6a, 0xb6, 0xaa, 0xa6, 0x54, 0x84, 0x01, 0x05,
  0x4a, 0xab, 0x7f, 0x7f, 0xff, 0xed, 0xdf, 0x6d, 0xbd, 0xaa, 0xaa, 0x95, 0x4a, 0x52, 0xa8, 0x52,
  0x55, 0x55, 0xff, 0xd5, 0x55, 0xbf, 0xf5, 0xb6, 0xd6, 0xda, 0xa4, 0x52, 0xa9, 0x08, 0x02, 0x8a,
  0x55, 0x55, 0xbd, 0xd2, 0xbf, 0xf6, 0xae, 0xdb, 0x6b, 0x55, 0x51, 0x15, 0x54, 0xa5, 0x50, 0x55,
  0x4a, 0xaa, 0xff, 0x48, 0x16, 0xdf, 0xfb, 0x6d, 0xba, 0xaa, 0x80, 0x04, 0x92, 0x48, 0x0a, 0x85,
  0x54, 0x95, 0xf7, 0x20, 0x4b, 0x7a, 0xad, 0xb6, 0xd7, 0x6d, 0x04, 0x42, 0xaa, 0x92, 0xa0, 0x22,
  0x52, 0xaa, 0xbe, 0x95, 0x05, 0xef, 0xf7, 0x6a, 0xb5, 0x54, 0x10, 0x01, 0x54, 0x40, 0x08, 0x08,
  0x4a, 0xa9, 0x7f, 0x7b, 0x43, 0x7a, 0xbd, 0xbb, 0x6d, 0xa9, 0x02, 0x92, 0x92, 0x95, 0x44, 0x81,
  0x55, 0x55, 0x6f, 0xde, 0xd1, 0xdf, 0xeb, 0x55, 0xb6, 0xb4, 0x55, 0x49, 0x55, 0x22, 0x28, 0x10,
  0x54, 0x95, 0x7d, 0xf7, 0xeb, 0x76, 0xbd, 0xdb, 0x6b, 0x54, 0xaa, 0x54, 0xa8, 0x94, 0x90, 0x85,
  0x4a, 0x55, 0x5f, 0x7e, 0xbd, 0xfd, 0xeb, 0x55, 0xba, 0xd5, 0x55, 0x53, 0x55, 0x20, 0x24, 0x00,
  0x52, 0xd5, 0xbf, 0xdb, 0xef, 0x57, 0x5e, 0xae, 0xcd, 0x5a, 0xaa, 0xaa, 0x4a, 0x8a, 0x90, 0x4a,
  0x2a, 0xae, 0xdb, 0xff, 0xbb, 0xfd, 0xfd, 0xd2, 0xb6, 0xd5, 0x55, 0x55, 0x52, 0x50, 0x49, 0x01,
  0x95, 0x5b, 0x6f, 0x6d, 0xee, 0xaf, 0x7e, 0xad, 0x55, 0x6a, 0xaa, 0xaa, 0xa9, 0x05, 0x20, 0x12,
  0x6a, 0xed, 0x97, 0xff, 0xbb, 0xf5, 0xb7, 0x6a, 0xdb, 0x55, 0x55, 0x49, 0x4a, 0x52, 0x94, 0x42,
  0xdd, 0x5a, 0xab, 0xf6, 0xfe, 0xbe, 0xfa, 0xab, 0x55, 0x55, 0x55, 0x2a, 0xa9, 0x08, 0x48, 0x09,
  0xb5, 0xf6, 0xa5, 0x5f, 0xd7, 0xeb, 0x5d, 0xb5, 0x55, 0xaa, 0xaa, 0xaa, 0x44, 0xa5, 0x21, 0x05,
  0xda, 0xa9, 0x2b, 0xff, 0x7d, 0xbd, 0xae, 0xaa, 0xae, 0xfd, 0x52, 0xaa, 0xaa, 0x2a, 0xa8, 0x24,
  0xaa, 0xaa, 0x94, 0x75, 0xef, 0x6a, 0xd5, 0x55, 0x57, 0xaa, 0xaa, 0xaa, 0xa1, 0x49, 0x24, 0x8a,
  0xd5, 0x4a, 0xab, 0x5f, 0xf5, 0xdf, 0x75, 0xaa, 0x9d, 0xed, 0xaa, 0x94, 0x94, 0x2a, 0x92, 0x02,
  0x55, 0x25, 0x54, 0xaf, 0x5f, 0x75, 0xaa, 0xaa, 0x37, 0x5a, 0xa5, 0x52, 0x49, 0x49, 0x2a, 0xa9,
  0xaa, 0x92, 0x92, 0x05, 0xfa, 0xdb, 0x4a, 0xa9, 0x5d, 0xed, 0xaa, 0xaa, 0xa2, 0x54, 0xa9, 0x4a,
  0xa8, 0x49, 0x4a, 0xab, 0xef, 0x6d, 0xa0, 0x00, 0x7f, 0x56, 0xaa, 0x54, 0x49, 0x25, 0x15, 0x29,
  0x45, 0x24, 0xa9, 0x2f, 0x75, 0xb6, 0xad, 0x54, 0xb5, 0xb5, 0x55, 0x42, 0xaa, 0xa8, 0xa2, 0xa4,
  0x28, 0x92, 0x54, 0xad, 0xda, 0xaa, 0xbf, 0xea, 0x7e, 0xda, 0xaa, 0xa9, 0x14, 0x95, 0x14, 0x52,
  0x44, 0x49, 0x4a, 0x5f, 0xed, 0x55, 0x77, 0x74, 0xd5, 0x6b, 0x54, 0x0a, 0x4a, 0x52, 0xa2, 0x8a,
  0x12, 0x95, 0x21, 0x7e, 0xb5, 0xa8, 0xbf, 0xd4, 0x7f, 0xaa, 0xa2, 0xa4, 0xa5, 0x48, 0x54, 0x51,
  0x40, 0x21, 0x55, 0x7b, 0xd5, 0x44, 0x2d, 0xab, 0x54, 0xaa, 0x90, 0x12, 0x15, 0x55, 0x0a, 0x8a,
  0x15, 0x0a, 0x25, 0xfe, 0xb5, 0x30, 0x5e, 0xa0, 0xbb, 0x6a, 0x4a, 0xa5, 0x54, 0xa4, 0xa1, 0x24,
  0xa2, 0xa5, 0x49, 0xef, 0xd5, 0x48, 0x75, 0x15, 0x56, 0xa9, 0x00, 0x49, 0x4a, 0x52, 0x2c, 0x92,
  0x14, 0x50, 0x93, 0xba, 0xaa, 0xa2, 0xb4, 0x40, 0x15, 0x44, 0x55, 0x12, 0x2a, 0x89, 0x42, 0x48,
  0x49, 0x16, 0x45, 0xff, 0x6a, 0x91, 0xd0, 0x8a, 0xa0, 0x22, 0x82, 0x49, 0x4a, 0xa8, 0x15, 0x25,
  0x24, 0xc9, 0x17, 0xfa, 0xaa, 0x4a, 0xaa, 0x21, 0x0a, 0x94, 0x29, 0x24, 0xa5, 0x55, 0x48, 0x92,
  0x92, 0x2a, 0x45, 0xee, 0xd5, 0x53, 0x50, 0x8a, 0x51, 0x22, 0x84, 0x8a, 0x15, 0x42, 0x12, 0x48,
  0x49, 0x54, 0x97, 0xfb, 0x55, 0x25, 0x4a, 0x21, 0x24, 0x48, 0x52, 0x21, 0x55, 0x74, 0x44, 0x85,
  0x54, 0x89, 0x0f, 0xad, 0x54, 0x95, 0x50, 0x94, 0x89, 0x25, 0x29, 0x4a, 0xa5, 0x55, 0x11, 0x20,
  0x82, 0x52, 0x56, 0xfa, 0xaa, 0xaa, 0xa5, 0x22, 0x52, 0x92, 0x84, 0x11, 0x12, 0xaa, 0x44, 0x15,
  0x6a, 0xa0, 0x0f, 0xea, 0xaa, 0x4a, 0x90, 0x89, 0x08, 0x48, 0x55, 0x4a, 0x4a, 0xab, 0x52, 0x80
};
// Author :- Ashish ( ashish_y_794 )
// Website : https://www.oledanimationmaker.com/

const uint8_t PROGMEM frame1[1024] = {
  0x22, 0xdf, 0x77, 0xfc, 0x55, 0x55, 0x55, 0x55, 0x54, 0xaa, 0xaa, 0x49, 0x20, 0x0f, 0x74, 0x80,
  0x94, 0x43, 0xde, 0xd5, 0x55, 0x55, 0x55, 0x24, 0x22, 0xb5, 0x51, 0x24, 0x95, 0x55, 0x95, 0x82,
  0x42, 0x92, 0xfb, 0x22, 0xaa, 0xab, 0x6d, 0xaa, 0x94, 0x9a, 0x2a, 0x92, 0x42, 0x47, 0x54, 0xc8,
  0x28, 0x49, 0xae, 0x9a, 0xab, 0x7d, 0xda, 0xd5, 0x6a, 0x45, 0x55, 0x55, 0x14, 0x90, 0x00, 0x00,
  0x85, 0x23, 0xfa, 0x95, 0x7d, 0xab, 0x77, 0x55, 0x52, 0xa8, 0x88, 0x15, 0x42, 0x0a, 0xa0, 0x02,
  0x52, 0x8a, 0xef, 0x55, 0xaf, 0xed, 0xbd, 0xda, 0xaa, 0x92, 0x25, 0x48, 0x28, 0xa0, 0x14, 0x10,
  0x08, 0x43, 0xba, 0xab, 0xfa, 0xbe, 0xee, 0xad, 0xaa, 0xaa, 0x91, 0x22, 0x85, 0x15, 0x40, 0x00,
  0xa5, 0x2a, 0xef, 0xae, 0xbf, 0xeb, 0xb5, 0xf6, 0xb5, 0x55, 0x4a, 0x49, 0x28, 0xa0, 0x90, 0x12,
  0x29, 0x47, 0xba, 0xdf, 0xeb, 0xbe, 0xef, 0x55, 0xad, 0xaa, 0xa4, 0x24, 0x92, 0x15, 0x04, 0x40,
  0x44, 0x22, 0xfd, 0x7a, 0xff, 0xeb, 0xbb, 0x6e, 0xd5, 0x6a, 0xa9, 0x49, 0x24, 0xa0, 0x50, 0x04,
  0x2a, 0x97, 0xd6, 0xbf, 0xbd, 0xbf, 0x6f, 0xb5, 0x76, 0xb5, 0x54, 0x84, 0x92, 0x4a, 0x84, 0x00,
  0x91, 0x4b, 0x7a, 0xef, 0xef, 0xfb, 0xdd, 0xdf, 0x55, 0xd5, 0x55, 0x29, 0x24, 0x84, 0x21, 0x12,
  0x4a, 0x25, 0xd5, 0xfd, 0xfb, 0xde, 0xbe, 0xb5, 0xad, 0x5a, 0xaa, 0xa4, 0x49, 0x29, 0x14, 0x00,
  0x21, 0x4b, 0xf7, 0xff, 0xbf, 0x7b, 0xeb, 0xda, 0xd6, 0xd6, 0xaa, 0xa9, 0x10, 0x42, 0x40, 0x10,
  0x95, 0x27, 0x55, 0xb7, 0xed, 0xee, 0xbe, 0xee, 0xbb, 0x6a, 0xd5, 0x54, 0xa5, 0x28, 0x92, 0x42,
  0x48, 0x95, 0xef, 0xff, 0xff, 0xff, 0xef, 0x5b, 0x6a, 0xb5, 0x55, 0x25, 0x08, 0x84, 0x24, 0x00,
  0x25, 0x4b, 0xaf, 0xfe, 0xdd, 0xab, 0x7b, 0xed, 0xb6, 0xdb, 0x55, 0x54, 0xd2, 0x52, 0x81, 0x08,
  0x94, 0xa7, 0x6d, 0xff, 0xff, 0xff, 0xdd, 0x56, 0xdb, 0x55, 0xb5, 0x55, 0x24, 0x88, 0x54, 0x02,
  0x4a, 0x1b, 0xbf, 0xdb, 0xf6, 0xda, 0xf7, 0x7b, 0x6d, 0xb6, 0xaa, 0xaa, 0x91, 0x22, 0x00, 0x90,
  0x21, 0x6d, 0xdf, 0xff, 0x7f, 0xff, 0xbb, 0xad, 0xaa, 0xda, 0xad, 0x55, 0x54, 0x49, 0x54, 0x00,
  0x95, 0x57, 0x76, 0xff, 0xdd, 0x56, 0xed, 0x76, 0xdf, 0x55, 0xb5, 0xaa, 0xa2, 0x92, 0x01, 0x4a,
  0x55, 0x55, 0xbf, 0xdb, 0xff, 0xff, 0xbf, 0xad, 0x6a, 0xda, 0xd5, 0x55, 0x54, 0x21, 0x54, 0x00,
  0xaa, 0xb7, 0xdf, 0xff, 0x76, 0xed, 0xd5, 0x77, 0xb6, 0xad, 0x55, 0x55, 0x52, 0x8a, 0x00, 0x90,
  0x55, 0xad, 0x7f, 0xef, 0xff, 0xbe, 0xff, 0xba, 0xdb, 0x76, 0xaa, 0xaa, 0x94, 0x50, 0xaa, 0x0a,
  0xaa, 0xb7, 0xfe, 0xfd, 0xb6, 0xf7, 0x55, 0x6d, 0xbd, 0xaa, 0xaa, 0xaa, 0x52, 0x0a, 0x00, 0x44,
  0x55, 0x55, 0x77, 0xdf, 0xff, 0xdd, 0xff, 0xb6, 0xd6, 0xd5, 0xaa, 0xa9, 0xa9, 0x51, 0x54, 0x13,
  0x55, 0x55, 0xdf, 0xf6, 0xdb, 0x7f, 0x6a, 0xdb, 0x6a, 0xb6, 0xaa, 0xa6, 0x54, 0x84, 0x01, 0x05,
  0x4a, 0xab, 0x7f, 0x7f, 0xff, 0xed, 0xdf, 0x6d, 0xbd, 0xaa, 0xaa, 0x95, 0x4a, 0x52, 0xa8, 0x52,
  0x55, 0x55, 0xff, 0xd5, 0x55, 0xbf, 0xf5, 0xb6, 0xd6, 0xda, 0xa4, 0x52, 0xa9, 0x08, 0x02, 0x8a,
  0x55, 0x55, 0xbd, 0xd2, 0xbf, 0xf6, 0xae, 0xdb, 0x6b, 0x55, 0x51, 0x15, 0x54, 0xa5, 0x50, 0x55,
  0x4a, 0xaa, 0xff, 0x48, 0x16, 0xdf, 0xfb, 0x6d, 0xba, 0xaa, 0x80, 0x04, 0x92, 0x48, 0x0a, 0x85,
  0x54, 0x95, 0xf7, 0x20, 0x4b, 0x7a, 0xad, 0xb6, 0xd7, 0x6d, 0x04, 0x42, 0xaa, 0x92, 0xa0, 0x22,
  0x52, 0xaa, 0xbe, 0x95, 0x05, 0xef, 0xf7, 0x6a, 0xb5, 0x54, 0x10, 0x01, 0x54, 0x40, 0x08, 0x08,
  0x4a, 0xa9, 0x7f, 0x7b, 0x43, 0x7a, 0xbd, 0xbb, 0x6d, 0xa9, 0x02, 0x92, 0x92, 0x95, 0x44, 0x81,
  0x55, 0x55, 0x6f, 0xde, 0xd1, 0xdf, 0xeb, 0x55, 0xb6, 0xb4, 0x55, 0x49, 0x55, 0x22, 0x28, 0x10,
  0x54, 0x95, 0x7d, 0xf7, 0xeb, 0x76, 0xbd, 0xdb, 0x6b, 0x54, 0xaa, 0x54, 0xa8, 0x94, 0x90, 0x85,
  0x4a, 0x55, 0x5f, 0x7e, 0xbd, 0xfd, 0xeb, 0x55, 0xba, 0xd5, 0x55, 0x53, 0x55, 0x20, 0x24, 0x00,
  0x52, 0xd5, 0xbf, 0xdb, 0xef, 0x57, 0x5e, 0xae, 0xcd, 0x5a, 0xaa, 0xaa, 0x4a, 0x8a, 0x90, 0x4a,
  0x2a, 0xae, 0xdb, 0xff, 0xbb, 0xfd, 0xfd, 0xd2, 0xb6, 0xd5, 0x55, 0x55, 0x52, 0x50, 0x49, 0x01,
  0x95, 0x5b, 0x6f, 0x6d, 0xee, 0xaf, 0x7e, 0xad, 0x55, 0x6a, 0xaa, 0xaa, 0xa9, 0x05, 0x20, 0x12,
  0x6a, 0xed, 0x97, 0xff, 0xbb, 0xf5, 0xb7, 0x6a, 0xdb, 0x55, 0x55, 0x49, 0x4a, 0x52, 0x94, 0x42,
  0xdd, 0x5a, 0xab, 0xf6, 0xfe, 0xbe, 0xfa, 0xab, 0x55, 0x55, 0x55, 0x2a, 0xa9, 0x08, 0x48, 0x09,
  0xb5, 0xf6, 0xa5, 0x5f, 0xd7, 0xeb, 0x5d, 0xb5, 0x55, 0xaa, 0xaa, 0xaa, 0x44, 0xa5, 0x21, 0x05,
  0xda, 0xa9, 0x2b, 0xff, 0x7d, 0xbd, 0xae, 0xaa, 0xae, 0xfd, 0x52, 0xaa, 0xaa, 0x2a, 0xa8, 0x24,
  0xaa, 0xaa, 0x94, 0x75, 0xef, 0x6a, 0xd5, 0x55, 0x57, 0xaa, 0xaa, 0xaa, 0xa1, 0x49, 0x24, 0x8a,
  0xd5, 0x4a, 0xab, 0x5f, 0xf5, 0xdf, 0x75, 0xaa, 0x9d, 0xed, 0xaa, 0x94, 0x94, 0x2a, 0x92, 0x02,
  0x55, 0x25, 0x54, 0xaf, 0x5f, 0x75, 0xaa, 0xaa, 0x37, 0x5a, 0xa5, 0x52, 0x49, 0x49, 0x2a, 0xa9,
  0xaa, 0x92, 0x92, 0x05, 0xfa, 0xdb, 0x4a, 0xa9, 0x5d, 0xed, 0xaa, 0xaa, 0xa2, 0x54, 0xa9, 0x4a,
  0xa8, 0x49, 0x4a, 0xab, 0xef, 0x6d, 0xa0, 0x00, 0x7f, 0x56, 0xaa, 0x54, 0x49, 0x25, 0x15, 0x29,
  0x45, 0x24, 0xa9, 0x2f, 0x75, 0xb6, 0xad, 0x54, 0xb5, 0xb5, 0x55, 0x42, 0xaa, 0xa8, 0xa2, 0xa4,
  0x28, 0x92, 0x54, 0xad, 0xda, 0xaa, 0xbf, 0xea, 0x7e, 0xda, 0xaa, 0xa9, 0x14, 0x95, 0x14, 0x52,
  0x44, 0x49, 0x4a, 0x5f, 0xed, 0x55, 0x77, 0x74, 0xd5, 0x6b, 0x54, 0x0a, 0x4a, 0x52, 0xa2, 0x8a,
  0x12, 0x95, 0x21, 0x7e, 0xb5, 0xa8, 0xbf, 0xd4, 0x7f, 0xaa, 0xa2, 0xa4, 0xa5, 0x48, 0x54, 0x51,
  0x40, 0x21, 0x55, 0x7b, 0xd5, 0x44, 0x2d, 0xab, 0x54, 0xaa, 0x90, 0x12, 0x15, 0x55, 0x0a, 0x8a,
  0x15, 0x0a, 0x25, 0xfe, 0xb5, 0x30, 0x5e, 0xa0, 0xbb, 0x6a, 0x4a, 0xa5, 0x54, 0xa4, 0xa1, 0x24,
  0xa2, 0xa5, 0x49, 0xef, 0xd5, 0x48, 0x75, 0x15, 0x56, 0xa9, 0x00, 0x49, 0x4a, 0x52, 0x2c, 0x92,
  0x14, 0x50, 0x93, 0xba, 0xaa, 0xa2, 0xb4, 0x40, 0x15, 0x44, 0x55, 0x12, 0x2a, 0x89, 0x42, 0x48,
  0x49, 0x16, 0x45, 0xff, 0x6a, 0x91, 0xd0, 0x8a, 0xa0, 0x22, 0x82, 0x49, 0x4a, 0xa8, 0x15, 0x25,
  0x24, 0xc9, 0x17, 0xfa, 0xaa, 0x4a, 0xaa, 0x21, 0x0a, 0x94, 0x29, 0x24, 0xa5, 0x55, 0x48, 0x92,
  0x92, 0x2a, 0x45, 0xee, 0xd5, 0x53, 0x50, 0x8a, 0x51, 0x22, 0x84, 0x8a, 0x15, 0x42, 0x12, 0x48,
  0x49, 0x54, 0x97, 0xfb, 0x55, 0x25, 0x4a, 0x21, 0x24, 0x48, 0x52, 0x21, 0x55, 0x74, 0x44, 0x85,
  0x54, 0x89, 0x0f, 0xad, 0x54, 0x95, 0x50, 0x94, 0x89, 0x25, 0x29, 0x4a, 0xa5, 0x55, 0x11, 0x20,
  0x82, 0x52, 0x56, 0xfa, 0xaa, 0xaa, 0xa5, 0x22, 0x52, 0x92, 0x84, 0x11, 0x12, 0xaa, 0x44, 0x15,
  0x6a, 0xa0, 0x0f, 0xea, 0xaa, 0x4a, 0x90, 0x89, 0x08, 0x48, 0x55, 0x4a, 0x4a, 0xab, 0x52, 0x80
};
// Author :- Ashish ( ashish_y_794 )
// Website : https://www.oledanimationmaker.com/

const uint8_t PROGMEM frame2[1024] = {
  0x22, 0xdf, 0x77, 0xfc, 0x55, 0x55, 0x55, 0x55, 0x54, 0xaa, 0xaa, 0x49, 0x20, 0x0f, 0x74, 0x80,
  0x94, 0x43, 0xde, 0xd5, 0x55, 0x55, 0x55, 0x24, 0x22, 0xb5, 0x51, 0x24, 0x95, 0x55, 0x95, 0x82,
  0x42, 0x92, 0xfb, 0x22, 0xaa, 0xab, 0x6d, 0xaa, 0x94, 0x9a, 0x2a, 0x92, 0x42, 0x47, 0x54, 0xc8,
  0x28, 0x49, 0xae, 0x9a, 0xab, 0x7d, 0xda, 0xd5, 0x6a, 0x45, 0x55, 0x55, 0x14, 0x90, 0x00, 0x00,
  0x85, 0x23, 0xfa, 0x95, 0x7d, 0xab, 0x77, 0x55, 0x52, 0xa8, 0x88, 0x15, 0x42, 0x0a, 0xa0, 0x02,
  0x52, 0x8a, 0xef, 0x55, 0xaf, 0xed, 0xbd, 0xda, 0xaa, 0x92, 0x25, 0x48, 0x28, 0xa0, 0x14, 0x10,
  0x08, 0x43, 0xba, 0xab, 0xfa, 0xbe, 0xee, 0xad, 0xaa, 0xaa, 0x91, 0x22, 0x85, 0x15, 0x40, 0x00,
  0xa5, 0x2a, 0xef, 0xae, 0xbf, 0xeb, 0xb5, 0xf6, 0xb5, 0x55, 0x4a, 0x49, 0x28, 0xa0, 0x90, 0x12,
  0x29, 0x47, 0xba, 0xdf, 0xeb, 0xbe, 0xef, 0x55, 0xad, 0xaa, 0xa4, 0x24, 0x92, 0x15, 0x04, 0x40,
  0x44, 0x22, 0xfd, 0x7a, 0xff, 0xeb, 0xbb, 0x6e, 0xd5, 0x6a, 0xa9, 0x49, 0x24, 0xa0, 0x50, 0x04,
  0x2a, 0x97, 0xd6, 0xbf, 0xbd, 0xbf, 0x6f, 0xb5, 0x76, 0xb5, 0x54, 0x84, 0x92, 0x4a, 0x84, 0x00,
  0x91, 0x4b, 0x7a, 0xef, 0xef, 0xfb, 0xdd, 0xdf, 0x55, 0xd5, 0x55, 0x29, 0x24, 0x84, 0x21, 0x12,
  0x4a, 0x25, 0xd5, 0xfd, 0xfb, 0xde, 0xbe, 0xb5, 0xad, 0x5a, 0xaa, 0xa4, 0x49, 0x29, 0x14, 0x00,
  0x21, 0x4b, 0xf7, 0xff, 0xbf, 0x7b, 0xeb, 0xda, 0xd6, 0xd6, 0xaa, 0xa9, 0x10, 0x42, 0x40, 0x10,
  0x95, 0x27, 0x55, 0xb7, 0xed, 0xee, 0xbe, 0xee, 0xbb, 0x6a, 0xd5, 0x54, 0xa5, 0x28, 0x92, 0x42,
  0x48, 0x95, 0xef, 0xff, 0xff, 0xff, 0xef, 0x5b, 0x6a, 0xb5, 0x55, 0x25, 0x08, 0x84, 0x24, 0x00,
  0x25, 0x4b, 0xaf, 0xfe, 0xdd, 0xab, 0x7b, 0xed, 0xb6, 0xdb, 0x55, 0x54, 0xd2, 0x52, 0x81, 0x08,
  0x94, 0xa7, 0x6d, 0xff, 0xff, 0xff, 0xdd, 0x56, 0xdb, 0x55, 0xb5, 0x55, 0x24, 0x88, 0x54, 0x02,
  0x4a, 0x1b, 0xbf, 0xdb, 0xf6, 0xda, 0xf7, 0x7b, 0x6d, 0xb6, 0xaa, 0xaa, 0x91, 0x22, 0x00, 0x90,
  0x21, 0x6d, 0xdf, 0xff, 0x7f, 0xff, 0xbb, 0xad, 0xaa, 0xda, 0xad, 0x55, 0x54, 0x49, 0x54, 0x00,
  0x95, 0x57, 0x76, 0xff, 0xdd, 0x56, 0xed, 0x76, 0xdf, 0x55, 0xb5, 0xaa, 0xa2, 0x92, 0x01, 0x4a,
  0x55, 0x55, 0xbf, 0xdb, 0xff, 0xff, 0xbf, 0xad, 0x6a, 0xda, 0xd5, 0x55, 0x54, 0x21, 0x54, 0x00,
  0xaa, 0xb7, 0xdf, 0xff, 0x76, 0xed, 0xd5, 0x77, 0xb6, 0xad, 0x55, 0x55, 0x52, 0x8a, 0x00, 0x90,
  0x55, 0xad, 0x7f, 0xef, 0xff, 0xbe, 0xff, 0xba, 0xdb, 0x76, 0xaa, 0xaa, 0x94, 0x50, 0xaa, 0x0a,
  0xaa, 0xb7, 0xfe, 0xfd, 0xb6, 0xf7, 0x55, 0x6d, 0xbd, 0xaa, 0xaa, 0xaa, 0x52, 0x0a, 0x00, 0x44,
  0x55, 0x55, 0x77, 0xdf, 0xff, 0xdd, 0xff, 0xb6, 0xd6, 0xd5, 0xaa, 0xa9, 0xa9, 0x51, 0x54, 0x13,
  0x55, 0x55, 0xdf, 0xf6, 0xdb, 0x7f, 0x6a, 0xdb, 0x6a, 0xb6, 0xaa, 0xa6, 0x54, 0x84, 0x01, 0x05,
  0x4a, 0xab, 0x7f, 0x7f, 0xff, 0xed, 0xdf, 0x6d, 0xbd, 0xaa, 0xaa, 0x95, 0x4a, 0x52, 0xa8, 0x52,
  0x55, 0x55, 0xff, 0xd5, 0x55, 0xbf, 0xf5, 0xb6, 0xd6, 0xda, 0xa4, 0x52, 0xa9, 0x08, 0x02, 0x8a,
  0x55, 0x55, 0xbd, 0xd2, 0xbf, 0xf6, 0xae, 0xdb, 0x6b, 0x55, 0x51, 0x15, 0x54, 0xa5, 0x50, 0x55,
  0x4a, 0xaa, 0xff, 0x48, 0x16, 0xdf, 0xfb, 0x6d, 0xba, 0xaa, 0x80, 0x04, 0x92, 0x48, 0x0a, 0x85,
  0x54, 0x95, 0xf7, 0x20, 0x4b, 0x7a, 0xad, 0xb6, 0xd7, 0x6d, 0x04, 0x42, 0xaa, 0x92, 0xa0, 0x22,
  0x52, 0xaa, 0xbe, 0x95, 0x05, 0xef, 0xf7, 0x6a, 0xb5, 0x54, 0x10, 0x01, 0x54, 0x40, 0x08, 0x08,
  0x4a, 0xa9, 0x7f, 0x7b, 0x43, 0x7a, 0xbd, 0xbb, 0x6d, 0xa9, 0x02, 0x92, 0x92, 0x95, 0x44, 0x81,
  0x55, 0x55, 0x6f, 0xde, 0xd1, 0xdf, 0xeb, 0x55, 0xb6, 0xb4, 0x55, 0x49, 0x55, 0x22, 0x28, 0x10,
  0x54, 0x95, 0x7d, 0xf7, 0xeb, 0x76, 0xbd, 0xdb, 0x6b, 0x54, 0xaa, 0x54, 0xa8, 0x94, 0x90, 0x85,
  0x4a, 0x55, 0x5f, 0x7e, 0xbd, 0xfd, 0xeb, 0x55, 0xba, 0xd5, 0x55, 0x53, 0x55, 0x20, 0x24, 0x00,
  0x52, 0xd5, 0xbf, 0xdb, 0xef, 0x57, 0x5e, 0xae, 0xcd, 0x5a, 0xaa, 0xaa, 0x4a, 0x8a, 0x90, 0x4a,
  0x2a, 0xae, 0xdb, 0xff, 0xbb, 0xfd, 0xfd, 0xd2, 0xb6, 0xd5, 0x55, 0x55, 0x52, 0x50, 0x49, 0x01,
  0x95, 0x5b, 0x6f, 0x6d, 0xee, 0xaf, 0x7e, 0xad, 0x55, 0x6a, 0xaa, 0xaa, 0xa9, 0x05, 0x20, 0x12,
  0x6a, 0xed, 0x97, 0xff, 0xbb, 0xf5, 0xb7, 0x6a, 0xdb, 0x55, 0x55, 0x49, 0x4a, 0x52, 0x94, 0x42,
  0xdd, 0x5a, 0xab, 0xf6, 0xfe, 0xbe, 0xfa, 0xab, 0x55, 0x55, 0x55, 0x2a, 0xa9, 0x08, 0x48, 0x09,
  0xb5, 0xf6, 0xa5, 0x5f, 0xd7, 0xeb, 0x5d, 0xb5, 0x55, 0xaa, 0xaa, 0xaa, 0x44, 0xa5, 0x21, 0x05,
  0xda, 0xa9, 0x2b, 0xff, 0x7d, 0xbd, 0xae, 0xaa, 0xae, 0xfd, 0x52, 0xaa, 0xaa, 0x2a, 0xa8, 0x24,
  0xaa, 0xaa, 0x94, 0x75, 0xef, 0x6a, 0xd5, 0x55, 0x57, 0xaa, 0xaa, 0xaa, 0xa1, 0x49, 0x24, 0x8a,
  0xd5, 0x4a, 0xab, 0x5f, 0xf5, 0xdf, 0x75, 0xaa, 0x9d, 0xed, 0xaa, 0x94, 0x94, 0x2a, 0x92, 0x02,
  0x55, 0x25, 0x54, 0xaf, 0x5f, 0x75, 0xaa, 0xaa, 0x37, 0x5a, 0xa5, 0x52, 0x49, 0x49, 0x2a, 0xa9,
  0xaa, 0x92, 0x92, 0x05, 0xfa, 0xdb, 0x4a, 0xa9, 0x5d, 0xed, 0xaa, 0xaa, 0xa2, 0x54, 0xa9, 0x4a,
  0xa8, 0x49, 0x4a, 0xab, 0xef, 0x6d, 0xa0, 0x00, 0x7f, 0x56, 0xaa, 0x54, 0x49, 0x25, 0x15, 0x29,
  0x45, 0x24, 0xa9, 0x2f, 0x75, 0xb6, 0xad, 0x54, 0xb5, 0xb5, 0x55, 0x42, 0xaa, 0xa8, 0xa2, 0xa4,
  0x28, 0x92, 0x54, 0xad, 0xda, 0xaa, 0xbf, 0xea, 0x7e, 0xda, 0xaa, 0xa9, 0x14, 0x95, 0x14, 0x52,
  0x44, 0x49, 0x4a, 0x5f, 0xed, 0x55, 0x77, 0x74, 0xd5, 0x6b, 0x54, 0x0a, 0x4a, 0x52, 0xa2, 0x8a,
  0x12, 0x95, 0x21, 0x7e, 0xb5, 0xa8, 0xbf, 0xd4, 0x7f, 0xaa, 0xa2, 0xa4, 0xa5, 0x48, 0x54, 0x51,
  0x40, 0x21, 0x55, 0x7b, 0xd5, 0x44, 0x2d, 0xab, 0x54, 0xaa, 0x90, 0x12, 0x15, 0x55, 0x0a, 0x8a,
  0x15, 0x0a, 0x25, 0xfe, 0xb5, 0x30, 0x5e, 0xa0, 0xbb, 0x6a, 0x4a, 0xa5, 0x54, 0xa4, 0xa1, 0x24,
  0xa2, 0xa5, 0x49, 0xef, 0xd5, 0x48, 0x75, 0x15, 0x56, 0xa9, 0x00, 0x49, 0x4a, 0x52, 0x2c, 0x92,
  0x14, 0x50, 0x93, 0xba, 0xaa, 0xa2, 0xb4, 0x40, 0x15, 0x44, 0x55, 0x12, 0x2a, 0x89, 0x42, 0x48,
  0x49, 0x16, 0x45, 0xff, 0x6a, 0x91, 0xd0, 0x8a, 0xa0, 0x22, 0x82, 0x49, 0x4a, 0xa8, 0x15, 0x25,
  0x24, 0xc9, 0x17, 0xfa, 0xaa, 0x4a, 0xaa, 0x21, 0x0a, 0x94, 0x29, 0x24, 0xa5, 0x55, 0x48, 0x92,
  0x92, 0x2a, 0x45, 0xee, 0xd5, 0x53, 0x50, 0x8a, 0x51, 0x22, 0x84, 0x8a, 0x15, 0x42, 0x12, 0x48,
  0x49, 0x54, 0x97, 0xfb, 0x55, 0x25, 0x4a, 0x21, 0x24, 0x48, 0x52, 0x21, 0x55, 0x74, 0x44, 0x85,
  0x54, 0x89, 0x0f, 0xad, 0x54, 0x95, 0x50, 0x94, 0x89, 0x25, 0x29, 0x4a, 0xa5, 0x55, 0x11, 0x20,
  0x82, 0x52, 0x56, 0xfa, 0xaa, 0xaa, 0xa5, 0x22, 0x52, 0x92, 0x84, 0x11, 0x12, 0xaa, 0x44, 0x15,
  0x6a, 0xa0, 0x0f, 0xea, 0xaa, 0x4a, 0x90, 0x89, 0x08, 0x48, 0x55, 0x4a, 0x4a, 0xab, 0x52, 0x80
};
// Author :- Ashish ( ashish_y_794 )
// Website : https://www.oledanimationmaker.com/

const uint8_t PROGMEM frame3[1024] = {
  0x22, 0xde, 0xef, 0xfc, 0xaa, 0xaa, 0xaa, 0xaa, 0xaa, 0x55, 0x24, 0xa4, 0x90, 0x0f, 0x74, 0x80,
  0x94, 0x47, 0xbe, 0xd5, 0x55, 0x55, 0x55, 0x49, 0x15, 0x6a, 0xaa, 0x12, 0x4a, 0xa5, 0x95, 0x84,
  0x42, 0x92, 0xd5, 0x52, 0xaa, 0xab, 0x6a, 0xaa, 0xa2, 0x35, 0x52, 0xc9, 0x21, 0x17, 0x54, 0xc0,
  0x28, 0x43, 0xff, 0x0a, 0xaa, 0xbd, 0xbd, 0xaa, 0x94, 0x94, 0x2a, 0x55, 0x0a, 0x40, 0x00, 0x08,
  0x85, 0x29, 0x75, 0x55, 0x5f, 0xd6, 0xeb, 0x55, 0x6a, 0xa2, 0x95, 0x2a, 0x50, 0x95, 0x50, 0x01,
  0x52, 0x83, 0xdd, 0x2a, 0xf5, 0x7b, 0x7e, 0xea, 0xaa, 0x54, 0xa2, 0x12, 0x8a, 0x48, 0x04, 0x10,
  0x14, 0x55, 0xf7, 0xad, 0xbf, 0xd6, 0xd5, 0xb6, 0xaa, 0xaa, 0x49, 0x48, 0x44, 0x92, 0xa0, 0x02,
  0xa2, 0x87, 0x7a, 0xd7, 0xeb, 0x7f, 0xfe, 0xda, 0xd5, 0xaa, 0x94, 0x22, 0xa9, 0x04, 0x10, 0x08,
  0x11, 0x2a, 0xdf, 0x5e, 0xbf, 0xd5, 0x55, 0xad, 0x6d, 0x55, 0x42, 0x94, 0x04, 0x51, 0x44, 0x40,
  0x4a, 0x47, 0xea, 0xbb, 0xfd, 0xff, 0xef, 0x77, 0xb5, 0x6a, 0xb4, 0x42, 0xa9, 0x24, 0x22, 0x02,
  0x51, 0x25, 0x7d, 0x7f, 0xdf, 0xb6, 0xbb, 0xda, 0xab, 0x55, 0x4a, 0x94, 0x92, 0x92, 0x90, 0x10,
  0x25, 0x57, 0xd5, 0xee, 0xf7, 0xff, 0xde, 0xed, 0xb5, 0xb5, 0x54, 0x49, 0x24, 0x44, 0x44, 0x02,
  0x94, 0x05, 0xfb, 0xbf, 0xde, 0xda, 0xb7, 0x5b, 0x5a, 0xd6, 0xab, 0x24, 0x49, 0x11, 0x11, 0x08,
  0x42, 0xd7, 0x56, 0xff, 0xfb, 0xff, 0xfd, 0xed, 0xef, 0x5a, 0xa9, 0x52, 0x90, 0xa4, 0x44, 0x20,
  0x2a, 0x27, 0xeb, 0xfb, 0x7f, 0xb5, 0x57, 0x5a, 0xa9, 0xaa, 0xd6, 0xa8, 0x45, 0x12, 0x90, 0x02,
  0x91, 0x4a, 0xb7, 0xff, 0xee, 0xff, 0xff, 0xef, 0x6e, 0xed, 0x55, 0x56, 0x92, 0x48, 0x05, 0x08,
  0x4a, 0x97, 0xdf, 0xdf, 0xff, 0xd6, 0xda, 0xb5, 0xb5, 0x56, 0xaa, 0xa9, 0x48, 0x85, 0x50, 0x00,
  0x24, 0x4b, 0x6b, 0x7e, 0xf6, 0xff, 0xf7, 0xda, 0xdb, 0x6b, 0x6a, 0xa5, 0x25, 0x28, 0x09, 0x22,
  0x92, 0xae, 0xdf, 0xff, 0xdf, 0xdb, 0x5d, 0x6f, 0x6d, 0xb5, 0xad, 0x55, 0x50, 0x82, 0xa0, 0x08,
  0x4a, 0x57, 0xbf, 0xfb, 0xfd, 0xff, 0xff, 0xb5, 0xb6, 0xad, 0x55, 0x55, 0x4a, 0x54, 0x15, 0x20,
  0x29, 0x5a, 0xdf, 0xef, 0x7f, 0x6a, 0xaa, 0xde, 0xdb, 0x6a, 0xb5, 0x55, 0x24, 0x11, 0x40, 0x02,
  0xa5, 0x6f, 0xbd, 0xbf, 0xf7, 0xff, 0xff, 0x6b, 0x55, 0xb7, 0x56, 0xaa, 0xa9, 0x44, 0x24, 0x90,
  0x56, 0xaa, 0xff, 0xff, 0xde, 0xdb, 0x6a, 0xdd, 0xbe, 0xda, 0xda, 0xd5, 0x54, 0x92, 0x88, 0x04,
  0xaa, 0xd7, 0xbf, 0xfb, 0x7f, 0xff, 0xbf, 0x76, 0xeb, 0x55, 0x55, 0x55, 0x52, 0x48, 0x42, 0xa0,
  0x55, 0x5a, 0xf7, 0xdf, 0xf5, 0x55, 0xeb, 0xab, 0x5d, 0xb6, 0xaa, 0xaa, 0xa9, 0x25, 0x28, 0x0e,
  0xaa, 0xab, 0xff, 0x7d, 0xff, 0xff, 0x7d, 0x7d, 0xea, 0xda, 0xd5, 0x55, 0x4a, 0x10, 0x81, 0x02,
  0x55, 0x56, 0xbf, 0xf7, 0xb7, 0xbd, 0xaf, 0xab, 0x5d, 0x55, 0x55, 0x4a, 0xa9, 0x44, 0x28, 0x55,
  0x4a, 0xab, 0xff, 0xdf, 0xfd, 0xef, 0xf5, 0x76, 0xeb, 0xad, 0x55, 0x2a, 0x54, 0x2a, 0x82, 0x02,
  0x55, 0x55, 0x7b, 0x7a, 0xaf, 0x7b, 0x5f, 0xad, 0x5d, 0x75, 0xa4, 0xa9, 0x4a, 0x80, 0x51, 0x55,
  0x55, 0x55, 0xff, 0xd5, 0x7b, 0xef, 0xf5, 0x77, 0xb5, 0x95, 0x52, 0x25, 0x52, 0x55, 0x04, 0x4a,
  0x4a, 0xaa, 0xdf, 0x40, 0x2f, 0x7d, 0x5d, 0xda, 0xdb, 0x6a, 0x80, 0x0a, 0xaa, 0x88, 0xa1, 0x25,
  0x55, 0x55, 0xfd, 0x51, 0x0b, 0xdf, 0xf7, 0x6d, 0x6d, 0xad, 0x00, 0x82, 0x54, 0x52, 0x14, 0x02,
  0x52, 0x4a, 0xbf, 0x08, 0x05, 0x76, 0xba, 0xd7, 0xb6, 0xb4, 0x24, 0x01, 0x4a, 0x84, 0x80, 0x90,
  0x4a, 0xaa, 0xfe, 0xf7, 0x47, 0xfd, 0xef, 0x7a, 0xda, 0xaa, 0x01, 0x25, 0x54, 0x51, 0x28, 0x04,
  0x55, 0x55, 0x6f, 0xbf, 0xa1, 0x57, 0xbb, 0xaa, 0xad, 0xa8, 0x54, 0x91, 0x52, 0x88, 0x44, 0x41,
  0x54, 0xaa, 0xbd, 0xed, 0xf3, 0xfe, 0xed, 0x57, 0x76, 0xb4, 0xaa, 0xaa, 0xaa, 0x45, 0x11, 0x08,
  0x4a, 0xa9, 0x7f, 0xbf, 0x5d, 0x77, 0xb6, 0xda, 0xda, 0xd5, 0x55, 0x55, 0x29, 0x28, 0x94, 0x02,
  0x52, 0xad, 0xaf, 0xfb, 0xf7, 0xdd, 0x7d, 0xab, 0x6b, 0x55, 0x55, 0x4a, 0xa4, 0x84, 0x48, 0x21,
  0x2a, 0xab, 0x7d, 0xdf, 0x5d, 0xbb, 0xde, 0xd5, 0xad, 0xb5, 0x55, 0x54, 0xaa, 0x52, 0x90, 0x8a,
  0x95, 0x5d, 0xaf, 0xfb, 0xff, 0x77, 0x7b, 0x5a, 0xb5, 0x55, 0x55, 0x55, 0x55, 0x08, 0x48, 0x00,
  0x6a, 0xee, 0xab, 0xbf, 0x6b, 0xdd, 0xbe, 0xd5, 0x56, 0xaa, 0xaa, 0xaa, 0x90, 0xa5, 0x22, 0x25,
  0xdd, 0x5a, 0xae, 0xf7, 0xfe, 0xf7, 0x77, 0x55, 0xaa, 0xd5, 0x55, 0x55, 0x55, 0x12, 0x90, 0x05,
  0xb6, 0xf5, 0x43, 0xfe, 0xdb, 0xbd, 0xbd, 0x6a, 0xb5, 0x5a, 0xaa, 0xa9, 0x48, 0xa8, 0x54, 0x8a,
  0xea, 0xaa, 0xb5, 0xdf, 0xee, 0xea, 0xd6, 0xad, 0x57, 0xed, 0x55, 0x4a, 0xa5, 0x0b, 0x20, 0x05,
  0xb5, 0xaa, 0x4a, 0x7b, 0x7b, 0xbf, 0x6d, 0x55, 0x5a, 0xb6, 0xaa, 0x55, 0x28, 0xa4, 0x94, 0x52,
  0xaa, 0x52, 0xab, 0x6f, 0xde, 0xea, 0xb5, 0xaa, 0xaf, 0xda, 0xa5, 0x54, 0xa5, 0x2a, 0x52, 0x04,
  0xa9, 0x4a, 0x94, 0x9d, 0xf7, 0xbd, 0xd6, 0xaa, 0x1b, 0x6d, 0xaa, 0xaa, 0x90, 0x92, 0xaa, 0xa9,
  0xaa, 0x92, 0xaa, 0x47, 0xba, 0xd7, 0x52, 0xa9, 0x7f, 0xb6, 0xaa, 0xa5, 0x44, 0x54, 0x49, 0x44,
  0x54, 0x49, 0x52, 0x95, 0xef, 0x7a, 0x88, 0x04, 0x55, 0xda, 0xd5, 0x54, 0x2a, 0xa5, 0x25, 0x32,
  0xa2, 0x94, 0x94, 0x57, 0xfa, 0xd5, 0xea, 0xa0, 0xbe, 0xab, 0x54, 0x92, 0xa5, 0x2a, 0x94, 0x95,
  0x14, 0x22, 0x52, 0xaf, 0x57, 0x56, 0x7f, 0xba, 0x7b, 0x75, 0x55, 0x49, 0x14, 0xa4, 0x4a, 0xa4,
  0x42, 0x89, 0x4a, 0x5f, 0xe9, 0x55, 0x5b, 0xea, 0xed, 0xad, 0x52, 0x24, 0xaa, 0x92, 0xa0, 0x52,
  0x10, 0x55, 0x29, 0x7d, 0x5d, 0x51, 0x7e, 0xea, 0x5e, 0xd5, 0x54, 0x92, 0x49, 0x54, 0x16, 0x89,
  0x4a, 0x02, 0xa4, 0xff, 0xea, 0xa8, 0x2f, 0xa9, 0x75, 0xb5, 0x42, 0x49, 0x25, 0x29, 0x51, 0x24,
  0x21, 0x54, 0x4b, 0xf6, 0xaa, 0xa4, 0xba, 0xa5, 0x5e, 0xaa, 0x91, 0x25, 0x55, 0x44, 0x8a, 0x52,
  0x8a, 0x22, 0x91, 0xbf, 0x6d, 0x50, 0x7d, 0x48, 0x55, 0x54, 0x24, 0x12, 0x14, 0xb2, 0x54, 0x89,
  0x24, 0x94, 0x4b, 0xfa, 0xd5, 0x21, 0x52, 0x02, 0xaa, 0xa2, 0x82, 0xa5, 0x4a, 0x89, 0x12, 0x52,
  0x52, 0xaa, 0x93, 0xff, 0x55, 0x55, 0x68, 0xa8, 0x04, 0x94, 0x54, 0x48, 0xaa, 0xaa, 0x49, 0x24,
  0x09, 0x24, 0x47, 0xb5, 0xaa, 0x82, 0xa2, 0x05, 0x52, 0x42, 0x02, 0x85, 0x25, 0x51, 0x12, 0x49,
  0x54, 0x95, 0x2b, 0xfd, 0x54, 0xab, 0x54, 0xa1, 0x21, 0x29, 0x54, 0x28, 0x95, 0x4a, 0x09, 0x12,
  0x42, 0x54, 0x8f, 0xed, 0xaa, 0x4a, 0xa1, 0x14, 0x94, 0x08, 0x8a, 0x85, 0x4a, 0xb0, 0xa4, 0x44,
  0xaa, 0x92, 0x2b, 0x76, 0xaa, 0xa5, 0x54, 0x42, 0x49, 0x55, 0x20, 0x52, 0x2a, 0xda, 0x09, 0x21,
  0x51, 0x48, 0x8f, 0xda, 0xaa, 0x55, 0x49, 0x29, 0x24, 0xa2, 0x56, 0x89, 0x52, 0x55, 0x42, 0x14,
  0x8a, 0x22, 0x2f, 0xed, 0x55, 0x15, 0x52, 0x84, 0x92, 0x14, 0x88, 0x24, 0x8a, 0xab, 0x54, 0x81
};
// Author :- Ashish ( ashish_y_794 )
// Website : https://www.oledanimationmaker.com/

const uint8_t PROGMEM frame4[1024] = {
  0x04, 0xff, 0x76, 0xef, 0xb4, 0xab, 0x06, 0x95, 0x55, 0x48, 0x00, 0x00, 0x00, 0x27, 0x54, 0x80,
  0x52, 0x15, 0x89, 0x3a, 0x56, 0xc6, 0xa9, 0x4e, 0xaa, 0xaa, 0x55, 0x24, 0x44, 0x87, 0x56, 0xc0,
  0x24, 0x94, 0x52, 0xcd, 0xd2, 0xa9, 0x44, 0xa5, 0x54, 0xd5, 0x20, 0x01, 0x11, 0x2a, 0x91, 0x04,
  0x49, 0x0a, 0x85, 0x76, 0x52, 0xa5, 0x5a, 0x95, 0x15, 0x49, 0x54, 0xa8, 0x4a, 0x41, 0x04, 0x10,
  0x22, 0x4d, 0x37, 0x99, 0xa9, 0x5a, 0xa5, 0x55, 0x57, 0x55, 0x22, 0x55, 0x21, 0x14, 0x50, 0x00,
  0x48, 0x97, 0xdd, 0x54, 0x55, 0x4a, 0xaa, 0xa4, 0xaa, 0x95, 0x55, 0x12, 0x94, 0x41, 0x00, 0x02,
  0x12, 0x05, 0x7b, 0xaa, 0xaa, 0xaa, 0xaa, 0x92, 0x92, 0x5a, 0x94, 0xa4, 0x49, 0x2a, 0x48, 0x08,
  0x49, 0x57, 0xed, 0x25, 0x55, 0x5b, 0x75, 0x6a, 0x49, 0x55, 0x52, 0x92, 0x90, 0x80, 0x22, 0x00,
  0x24, 0x05, 0xbd, 0x1a, 0xad, 0xb5, 0xde, 0xaa, 0xa4, 0x2d, 0x29, 0x55, 0x25, 0x2a, 0x88, 0x20,
  0x92, 0xaf, 0xea, 0xaa, 0xf7, 0x6e, 0xb5, 0xd5, 0x55, 0x90, 0x8d, 0x09, 0x40, 0x80, 0x41, 0x04,
  0x49, 0x0a, 0xff, 0x55, 0xbd, 0xfb, 0xde, 0xb5, 0x54, 0xa5, 0x22, 0x54, 0x95, 0x2a, 0x94, 0x00,
  0x24, 0xaf, 0xaa, 0xaf, 0xdb, 0xad, 0x75, 0xd6, 0xab, 0x54, 0x94, 0x82, 0x22, 0x11, 0x00, 0x02,
  0x49, 0x0a, 0xfd, 0xba, 0xff, 0xf7, 0xde, 0xbb, 0x6d, 0x55, 0x48, 0x51, 0x48, 0xa4, 0x52, 0x10,
  0x24, 0xaf, 0xaa, 0xdf, 0x6b, 0x5d, 0x6b, 0xd5, 0xb5, 0x55, 0x52, 0x8a, 0x12, 0x42, 0x04, 0x80,
  0x92, 0x56, 0xfd, 0x7b, 0xff, 0xf7, 0xfd, 0x6e, 0xaa, 0xaa, 0xa9, 0x24, 0xa4, 0x94, 0xa0, 0x04,
  0x49, 0x2f, 0xab, 0xef, 0x6d, 0xde, 0xab, 0xb5, 0xb5, 0xb5, 0x54, 0x91, 0x12, 0x21, 0x14, 0x90,
  0x24, 0xb5, 0xf5, 0xbf, 0xff, 0x7b, 0xdf, 0xde, 0xda, 0xd5, 0x55, 0x44, 0x89, 0x0a, 0x40, 0x00,
  0x92, 0xdf, 0x57, 0xfd, 0xad, 0xfe, 0xed, 0x6a, 0xab, 0x5a, 0xaa, 0x52, 0x50, 0xa0, 0x15, 0x22,
  0x4d, 0x55, 0xd5, 0xf7, 0xff, 0xd7, 0x77, 0xb7, 0x6d, 0x6b, 0x55, 0x54, 0x8a, 0x4a, 0xa0, 0x08,
  0x55, 0xaf, 0x6f, 0xbf, 0xf7, 0x7d, 0xbd, 0xda, 0xb5, 0xad, 0x55, 0x55, 0x21, 0x11, 0x04, 0x80,
  0xaa, 0xb6, 0xdf, 0xff, 0x7d, 0xef, 0xd7, 0x6d, 0xd6, 0xb5, 0x55, 0x4a, 0x94, 0xa4, 0x50, 0x24,
  0x5b, 0x5d, 0xad, 0xfd, 0xef, 0xfa, 0xfd, 0xdb, 0x5a, 0xd5, 0xaa, 0xa9, 0x49, 0x09, 0x05, 0x01,
  0xaa, 0xd7, 0xbf, 0xdf, 0xfe, 0xaf, 0xaf, 0x6d, 0x6d, 0x6d, 0x55, 0x54, 0xa4, 0x50, 0xa0, 0x54,
  0x55, 0x56, 0xdf, 0xff, 0x77, 0xfd, 0xfa, 0xdb, 0xb6, 0xb5, 0x6a, 0xaa, 0xa9, 0x05, 0x0a, 0x07,
  0xaa, 0xaf, 0x7d, 0xed, 0xfe, 0xd7, 0x5f, 0x6d, 0x55, 0xd6, 0xad, 0x55, 0x44, 0xa8, 0x40, 0x89,
  0x55, 0x55, 0xbf, 0xbf, 0xdb, 0xfd, 0xf5, 0xb6, 0xee, 0xab, 0x55, 0x55, 0x32, 0x05, 0x2a, 0x05,
  0x55, 0x56, 0xff, 0xfb, 0x7f, 0x6f, 0xbe, 0xdb, 0x55, 0xb5, 0x6a, 0xaa, 0xa9, 0x50, 0x00, 0x25,
  0x4a, 0xab, 0xdb, 0xef, 0xf7, 0xda, 0xd5, 0xb6, 0xfa, 0xd6, 0xb5, 0xa9, 0x54, 0x25, 0x52, 0x8a,
  0x55, 0x56, 0xff, 0x7f, 0xdd, 0x7f, 0xbe, 0xdb, 0x4f, 0x5a, 0xaa, 0xaa, 0xaa, 0x88, 0x08, 0x22,
  0x52, 0xab, 0x7f, 0xed, 0x7f, 0xed, 0xeb, 0x6d, 0xb5, 0x6b, 0x55, 0x55, 0x49, 0x22, 0xa2, 0x95,
  0x4a, 0xab, 0xff, 0x7f, 0xf6, 0xdf, 0x7d, 0xb6, 0xed, 0xaa, 0xaa, 0xaa, 0xa4, 0x94, 0x08, 0x4a,
  0x55, 0x55, 0x77, 0xd6, 0xdd, 0xf6, 0xd7, 0x6b, 0x5a, 0xb5, 0x55, 0x49, 0x55, 0x21, 0x41, 0x01,
  0x54, 0x95, 0xfe, 0xfb, 0xbb, 0xbf, 0xbb, 0xbd, 0xb6, 0xd6, 0xa9, 0x2a, 0x94, 0x8a, 0x28, 0x24,
  0x4a, 0xaa, 0xdf, 0xaa, 0xef, 0xea, 0xed, 0x56, 0xdb, 0x5a, 0xa4, 0x95, 0x52, 0x40, 0x84, 0x01,
  0x55, 0x53, 0x7b, 0x40, 0x1a, 0xbf, 0xb7, 0xea, 0xad, 0x6a, 0xa8, 0x42, 0x4a, 0xaa, 0x20, 0x88,
  0x52, 0x49, 0xff, 0x28, 0x0f, 0xed, 0xda, 0xb6, 0xd5, 0xaa, 0x81, 0x09, 0x54, 0x11, 0x14, 0x02,
  0x49, 0x56, 0xbd, 0x02, 0x42, 0xbe, 0xfd, 0xad, 0x76, 0xaa, 0x44, 0x01, 0x2a, 0xa4, 0x90, 0x49,
  0x2a, 0xaa, 0xef, 0xfd, 0x03, 0xeb, 0xab, 0x75, 0xab, 0x55, 0x00, 0x00, 0xa5, 0x10, 0x49, 0x00,
  0x95, 0x5b, 0x7e, 0xb7, 0xd0, 0xbe, 0xfd, 0xad, 0x5d, 0x54, 0x22, 0xa9, 0x54, 0xa5, 0x24, 0x0a,
  0x55, 0x6e, 0xb7, 0xfd, 0x69, 0xeb, 0xab, 0x6b, 0xb5, 0xaa, 0x14, 0x92, 0xaa, 0x42, 0x10, 0x21,
  0xaa, 0xb5, 0xbf, 0x6f, 0xf7, 0x7e, 0xf6, 0xac, 0xda, 0xb4, 0xaa, 0xaa, 0x49, 0x14, 0xa4, 0x84,
  0xdb, 0x6e, 0x9b, 0xfb, 0x5a, 0xdb, 0x5b, 0xb3, 0x6b, 0x55, 0x55, 0x49, 0x54, 0xa1, 0x28, 0x02,
  0x6d, 0xb5, 0x4f, 0xbf, 0xef, 0xed, 0xde, 0xd5, 0x55, 0x6a, 0xaa, 0xaa, 0xa5, 0x14, 0x90, 0x15,
  0xd5, 0x6a, 0x56, 0xed, 0x7b, 0x5e, 0xef, 0x56, 0xad, 0xaa, 0xa5, 0x55, 0x54, 0xa5, 0x44, 0x45,
  0xba, 0xa9, 0x55, 0xff, 0xdd, 0xeb, 0x5d, 0xaa, 0xd5, 0x55, 0x54, 0x92, 0x92, 0x12, 0x31, 0x04,
  0xca, 0x95, 0x4b, 0xb6, 0xef, 0x7d, 0xbe, 0xb5, 0x56, 0xaa, 0xaa, 0xaa, 0x54, 0xa9, 0x4a, 0x12,
  0x69, 0x45, 0x28, 0xff, 0xbb, 0xab, 0x76, 0xd5, 0x5a, 0xaa, 0x95, 0x55, 0x49, 0x25, 0x29, 0x49,
  0x95, 0x2a, 0xa6, 0xb6, 0xed, 0x76, 0xad, 0x55, 0x55, 0x6a, 0xaa, 0xaa, 0xa4, 0x94, 0x94, 0xa4,
  0x64, 0x84, 0x94, 0x5f, 0xff, 0xbb, 0xb7, 0x55, 0x55, 0xb6, 0xa4, 0x92, 0x52, 0x52, 0x4a, 0x52,
  0x92, 0x52, 0x52, 0x96, 0xd5, 0x6d, 0x55, 0x55, 0x16, 0xda, 0xaa, 0xaa, 0x8a, 0xaa, 0xa2, 0x95,
  0x24, 0x15, 0x55, 0x2f, 0xfb, 0xb6, 0xda, 0xaa, 0x97, 0x6d, 0x55, 0x54, 0x54, 0x92, 0x14, 0xa4,
  0x11, 0x41, 0x24, 0xbe, 0xad, 0x5b, 0x42, 0xa4, 0x2d, 0xf6, 0xaa, 0x4a, 0x92, 0x54, 0xa2, 0x12,
  0x44, 0x2a, 0x92, 0xfb, 0xd5, 0xaa, 0xd0, 0x08, 0xbb, 0x55, 0xa9, 0x51, 0x4a, 0xa2, 0x55, 0x49,
  0x11, 0x44, 0x54, 0xbe, 0xb5, 0x55, 0x6e, 0xa0, 0x5f, 0xb6, 0xaa, 0x8a, 0x2a, 0x99, 0x08, 0xa4,
  0x44, 0x12, 0x8b, 0xf7, 0xd5, 0x55, 0x7f, 0xda, 0x6a, 0xd5, 0x54, 0x51, 0x4a, 0x44, 0xa5, 0x12,
  0x29, 0x49, 0x51, 0xfd, 0x54, 0xa0, 0x36, 0xf5, 0x3d, 0x5a, 0xa9, 0x0a, 0x29, 0x52, 0x12, 0x49,
  0x85, 0x24, 0x27, 0xb7, 0x55, 0x29, 0x5f, 0xaa, 0x57, 0xaa, 0xa2, 0x52, 0x95, 0x54, 0xa9, 0x24,
  0x28, 0x95, 0x4b, 0xfd, 0xaa, 0x90, 0x7a, 0xc5, 0x7a, 0xd5, 0x49, 0x09, 0x4a, 0x92, 0x04, 0x92,
  0x45, 0x54, 0x8f, 0xd6, 0xb5, 0x44, 0xad, 0x20, 0x2d, 0x55, 0x24, 0xa4, 0x55, 0x48, 0xaa, 0x48,
  0x29, 0x2a, 0x2b, 0x7a, 0xaa, 0x52, 0xd0, 0x95, 0x56, 0xaa, 0x02, 0x12, 0x8a, 0xaa, 0x01, 0x22,
  0x92, 0x44, 0x9f, 0xed, 0x52, 0x8a, 0xa5, 0x00, 0x92, 0xa1, 0x54, 0x89, 0x2a, 0xd1, 0x2a, 0x09,
  0x49, 0x29, 0x2f, 0xb5, 0xaa, 0x52, 0xa8, 0x55, 0x24, 0x14, 0x22, 0x52, 0x52, 0x6c, 0x84, 0xa4,
  0xa4, 0xa4, 0x3b, 0xda, 0xa9, 0x0a, 0xa2, 0x00, 0x49, 0x49, 0x49, 0x09, 0x2a, 0xb7, 0x50, 0x11,
  0x52, 0x42, 0x9e, 0xea, 0xa5, 0x55, 0x49, 0x55, 0x12, 0x52, 0x24, 0x44, 0x89, 0x51, 0x55, 0x44
};
// Author :- Ashish ( ashish_y_794 )
// Website : https://www.oledanimationmaker.com/

const uint8_t PROGMEM frame5[1024] = {
  0x22, 0xff, 0xff, 0x7d, 0x7e, 0xb7, 0x6a, 0x6a, 0xd4, 0x10, 0x00, 0x00, 0x00, 0x07, 0x55, 0x80,
  0x94, 0x15, 0x44, 0x87, 0xd5, 0x2a, 0xc7, 0xab, 0x4b, 0xa5, 0x54, 0x92, 0x49, 0x2f, 0x56, 0x80,
  0x22, 0x8d, 0x51, 0x2c, 0xae, 0xb5, 0xa0, 0x95, 0x6a, 0xa8, 0x02, 0x00, 0x00, 0x45, 0x24, 0xca,
  0x88, 0xa5, 0x4a, 0x76, 0xf1, 0xca, 0x95, 0x4b, 0x98, 0xd6, 0xa8, 0xa9, 0x25, 0x20, 0x80, 0x00,
  0x25, 0x15, 0x21, 0xdb, 0x54, 0xa5, 0x6a, 0xaa, 0xa6, 0x65, 0x52, 0x04, 0x88, 0x94, 0x20, 0x00,
  0x52, 0x46, 0xdf, 0x6e, 0xaa, 0xb5, 0x55, 0x55, 0x55, 0xaa, 0xa8, 0x52, 0x25, 0x02, 0x88, 0x12,
  0x09, 0x23, 0xab, 0xd4, 0x55, 0x55, 0x55, 0x52, 0x97, 0x55, 0x15, 0x54, 0xa8, 0xa8, 0x20, 0x00,
  0xa4, 0x8b, 0xfe, 0xda, 0xaa, 0xaa, 0xaa, 0xaa, 0x51, 0x5a, 0xd2, 0x92, 0x92, 0x25, 0x44, 0x04,
  0x52, 0x47, 0xff, 0x25, 0x5a, 0xaf, 0x76, 0xd5, 0x4d, 0x2d, 0x55, 0x49, 0x24, 0x90, 0x10, 0x20,
  0x09, 0x2a, 0xfb, 0x95, 0x6d, 0xf5, 0xdd, 0x55, 0x52, 0x96, 0x94, 0xa5, 0x42, 0x4a, 0xa4, 0x02,
  0xa4, 0x87, 0xb6, 0xaa, 0xb7, 0x5e, 0xf7, 0xea, 0xa9, 0x49, 0x4a, 0xaa, 0x94, 0x91, 0x01, 0x08,
  0x2a, 0x57, 0xff, 0x55, 0xff, 0xf7, 0x5e, 0xbb, 0x56, 0x54, 0x2a, 0x45, 0x49, 0x24, 0x54, 0x00,
  0x91, 0x25, 0xb5, 0xef, 0x6d, 0xbb, 0xf7, 0xd5, 0x6a, 0xaa, 0xa2, 0x92, 0x24, 0x89, 0x00, 0x22,
  0x4a, 0x8f, 0xff, 0x57, 0xff, 0xee, 0xbd, 0x7e, 0xb5, 0xaa, 0x94, 0x49, 0x49, 0x24, 0xaa, 0x00,
  0x24, 0x55, 0xb6, 0xbe, 0xdd, 0xff, 0xef, 0xab, 0xdd, 0x55, 0x52, 0x24, 0x24, 0x48, 0x00, 0x88,
  0x92, 0x87, 0xfd, 0x7f, 0xff, 0xf5, 0xba, 0xf5, 0x6a, 0xda, 0xa9, 0x49, 0x49, 0x22, 0xaa, 0x02,
  0x4a, 0x57, 0x6a, 0xf7, 0xf7, 0xbf, 0xef, 0xbf, 0xb7, 0x6a, 0xaa, 0x92, 0x24, 0x94, 0x80, 0x00,
  0x29, 0x57, 0xfd, 0xff, 0xbf, 0xfe, 0xfb, 0xea, 0xda, 0xad, 0xaa, 0x49, 0x52, 0x42, 0x2a, 0x48,
  0xa5, 0x2d, 0xa7, 0xff, 0xfd, 0xf7, 0xaf, 0x7d, 0x6b, 0x76, 0xab, 0x54, 0x89, 0x29, 0x41, 0x02,
  0x14, 0xaf, 0xfb, 0xff, 0xf7, 0xdf, 0xfd, 0xd7, 0xb5, 0xaa, 0xb5, 0x52, 0x44, 0x84, 0x14, 0x10,
  0xa5, 0x56, 0xae, 0xff, 0xff, 0xfd, 0xb7, 0xfa, 0xde, 0xdd, 0xaa, 0xaa, 0x29, 0x29, 0x41, 0x00,
  0x52, 0xbb, 0xeb, 0xfb, 0xdf, 0x7f, 0xef, 0x57, 0x6a, 0xb5, 0x55, 0x55, 0xa4, 0x92, 0x28, 0x4a,
  0x55, 0xd7, 0xbf, 0xff, 0xff, 0xf6, 0xfd, 0xfd, 0xb7, 0x6e, 0xed, 0x54, 0x92, 0x44, 0x85, 0x00,
  0xaa, 0xae, 0xdf, 0xff, 0xfd, 0xff, 0xb7, 0xab, 0x6d, 0xb5, 0x55, 0x55, 0x51, 0x28, 0x50, 0x28,
  0x56, 0xb7, 0xdf, 0xff, 0xff, 0xb7, 0xfe, 0xfd, 0xb6, 0xdb, 0x6b, 0x55, 0x54, 0x85, 0x04, 0x85,
  0xaa, 0xd5, 0x7f, 0xfb, 0xbf, 0xfd, 0xb7, 0xae, 0xdb, 0x6d, 0xad, 0x6a, 0xaa, 0x28, 0xa0, 0x14,
  0x55, 0x57, 0xdf, 0xef, 0xf7, 0x6f, 0xfd, 0xf7, 0x6d, 0xaa, 0xb5, 0xaa, 0xa4, 0x92, 0x15, 0x07,
  0xaa, 0xab, 0x7f, 0xff, 0xff, 0xfd, 0xaf, 0x5a, 0xdb, 0x77, 0x5a, 0xaa, 0xaa, 0x44, 0xa0, 0x52,
  0x55, 0x55, 0xff, 0xff, 0xfd, 0xf7, 0xfb, 0xef, 0x76, 0xda, 0xeb, 0x55, 0x54, 0x92, 0x0a, 0x0a,
  0x55, 0x5b, 0xbf, 0xbd, 0xb7, 0xbf, 0x6e, 0xb5, 0xdd, 0xab, 0x55, 0x55, 0x55, 0x24, 0xa1, 0x65,
  0x4a, 0xaa, 0xff, 0xf7, 0xff, 0xf7, 0xff, 0xde, 0xb6, 0xed, 0x55, 0x6a, 0xaa, 0x49, 0x08, 0x95,
  0xaa, 0xab, 0xff, 0xff, 0xfe, 0xde, 0xb5, 0x75, 0xed, 0xb6, 0xd5, 0x55, 0x52, 0x22, 0x44, 0x22,
  0x55, 0x55, 0x7f, 0xbd, 0xb7, 0xff, 0xef, 0xde, 0xb7, 0x5a, 0xaa, 0xaa, 0xaa, 0x94, 0x21, 0x09,
  0x55, 0x55, 0xfe, 0xf7, 0x7d, 0xb7, 0x7d, 0x6b, 0xda, 0xeb, 0x55, 0x55, 0x55, 0x41, 0x48, 0x00,
  0x4a, 0xaa, 0xbb, 0xd0, 0xaf, 0xfd, 0xef, 0xbd, 0x6f, 0x55, 0x55, 0x25, 0x54, 0x2a, 0x12, 0x4a,
  0x54, 0xaa, 0xff, 0xd4, 0x0a, 0xff, 0xba, 0xeb, 0xb5, 0xba, 0xa8, 0x12, 0xaa, 0x91, 0x48, 0x00,
  0xaa, 0xaa, 0x5f, 0x81, 0x07, 0xad, 0xf7, 0xb6, 0xdd, 0x56, 0xa1, 0x02, 0x52, 0x48, 0x21, 0x12,
  0x49, 0x55, 0xff, 0xba, 0x41, 0xff, 0xbd, 0xdd, 0x6b, 0xd5, 0x40, 0x01, 0x55, 0x45, 0x54, 0x01,
  0x2a, 0xb7, 0x7f, 0xdf, 0xa0, 0xb6, 0xee, 0xb6, 0xb6, 0xb5, 0x08, 0x48, 0xaa, 0x28, 0x10, 0x4a,
  0xab, 0x5d, 0xae, 0xfb, 0x78, 0xff, 0xbb, 0xdb, 0xdb, 0x56, 0x22, 0x90, 0xa9, 0x92, 0xa4, 0x01,
  0xad, 0x6f, 0x5f, 0xff, 0xed, 0x6b, 0xfe, 0xed, 0x6d, 0xaa, 0x0a, 0x4a, 0xa4, 0x49, 0x11, 0x14,
  0xf6, 0xfa, 0xd7, 0xdd, 0xf7, 0xbe, 0xab, 0x55, 0xb6, 0xda, 0xaa, 0xb5, 0x56, 0xa2, 0xa8, 0x02,
  0xbb, 0x5b, 0x2f, 0xff, 0xbd, 0xfb, 0xfd, 0xda, 0xdb, 0x6a, 0xaa, 0xaa, 0xa9, 0x14, 0x42, 0x4b,
  0xd5, 0xec, 0xab, 0x77, 0xef, 0x5e, 0xaf, 0x6b, 0x55, 0x5a, 0xaa, 0xaa, 0xaa, 0xa5, 0x54, 0x0a,
  0xfa, 0x52, 0xab, 0xfe, 0xfb, 0xf7, 0xff, 0xb5, 0x6e, 0xd5, 0x55, 0x55, 0x54, 0x4a, 0x50, 0x05,
  0x4a, 0xaa, 0xaa, 0xff, 0xde, 0xdd, 0x5d, 0xd5, 0xab, 0x6a, 0xaa, 0xaa, 0x49, 0x29, 0x2a, 0x52,
  0xea, 0x95, 0x4a, 0xbb, 0xfb, 0xf7, 0xdf, 0x6d, 0x5a, 0xab, 0x55, 0x55, 0x55, 0x4a, 0xa5, 0x09,
  0x55, 0x42, 0xaa, 0xbf, 0x6f, 0x5d, 0x6d, 0xb5, 0x55, 0x55, 0x55, 0x55, 0x50, 0xaa, 0x54, 0xa4,
  0xaa, 0x2a, 0xa9, 0x57, 0xfd, 0xf7, 0xb7, 0x55, 0x56, 0xda, 0xaa, 0xaa, 0x8a, 0x92, 0x92, 0xaa,
  0x51, 0x49, 0x2a, 0x2f, 0xf7, 0x5d, 0x5a, 0xd5, 0x55, 0x6d, 0x55, 0x55, 0x55, 0x54, 0x4a, 0xa9,
  0x24, 0x94, 0xa5, 0x5f, 0x7d, 0xf7, 0xeb, 0x55, 0x4b, 0xf7, 0x55, 0x54, 0xa9, 0x2a, 0xa9, 0x25,
  0x4a, 0x22, 0xa9, 0x7d, 0xd7, 0x5a, 0xaa, 0xaa, 0x97, 0x5d, 0xaa, 0xaa, 0x25, 0x52, 0x44, 0x94,
  0x01, 0x49, 0x4a, 0xbf, 0xed, 0xb6, 0xd0, 0x49, 0x1d, 0xf5, 0x6a, 0xa5, 0x55, 0x49, 0x2a, 0x52,
  0x54, 0x14, 0xa5, 0xff, 0x75, 0x5b, 0x6a, 0x80, 0x2f, 0xae, 0xaa, 0x91, 0x15, 0x2a, 0x92, 0x89,
  0x02, 0xa2, 0x52, 0xfb, 0xaa, 0xa9, 0x7f, 0xbd, 0x3d, 0xf5, 0xb4, 0x4a, 0xaa, 0xa8, 0x49, 0x54,
  0xd4, 0x4a, 0x8b, 0xfe, 0xda, 0xa4, 0x3f, 0xf5, 0x37, 0x5a, 0xd2, 0xa4, 0x95, 0x55, 0x2a, 0x22,
  0x25, 0x24, 0x57, 0xfb, 0xaa, 0xa9, 0x3b, 0xf5, 0x5d, 0xad, 0x54, 0x12, 0x54, 0x88, 0x92, 0x94,
  0x49, 0x55, 0x27, 0xee, 0xd5, 0x50, 0x5f, 0x52, 0x77, 0x75, 0x52, 0xaa, 0x96, 0xa5, 0x29, 0x49,
  0x24, 0x95, 0x4f, 0xfd, 0xb5, 0x24, 0x75, 0xa4, 0x9d, 0xab, 0x49, 0x04, 0xaa, 0xa8, 0x84, 0x24,
  0x92, 0x54, 0x2f, 0xb6, 0xaa, 0x91, 0xda, 0x02, 0x56, 0xd4, 0x84, 0xaa, 0x4a, 0xd5, 0x2a, 0x92,
  0x4a, 0x92, 0x9f, 0xfb, 0x55, 0x46, 0xa0, 0xa9, 0x2b, 0x55, 0x2a, 0x11, 0x2a, 0xa8, 0x01, 0x49,
  0xa9, 0x4a, 0x5f, 0xdd, 0xaa, 0x52, 0xaa, 0x04, 0x94, 0xa2, 0x11, 0x4a, 0xa5, 0x76, 0xaa, 0x24,
  0x54, 0x51, 0x3e, 0xea, 0xaa, 0x8d, 0x51, 0x51, 0x22, 0x14, 0xa4, 0x24, 0x55, 0xaa, 0x88, 0x82,
  0xa2, 0xa4, 0x9f, 0xb5, 0x55, 0x55, 0xa4, 0x4a, 0x49, 0x52, 0x4a, 0x92, 0x95, 0x55, 0x6a, 0x28
};
// Author :- Ashish ( ashish_y_794 )
// Website : https://www.oledanimationmaker.com/

const uint8_t PROGMEM frame6[1024] = {
  0x44, 0xdd, 0x7f, 0x7f, 0xbb, 0x15, 0x2a, 0x54, 0xaa, 0xa9, 0x50, 0x00, 0x01, 0x07, 0x55, 0x80,
  0x29, 0x44, 0xa1, 0x4a, 0xea, 0xd5, 0x55, 0x52, 0xa2, 0xb6, 0xad, 0x55, 0x54, 0xaf, 0x34, 0xc9,
  0x92, 0x20, 0x7a, 0x5f, 0x2a, 0x95, 0x55, 0x55, 0x59, 0x52, 0xa2, 0xaa, 0x4a, 0x05, 0x96, 0x80,
  0x44, 0x95, 0x2f, 0xf5, 0x62, 0xd5, 0x55, 0x55, 0x25, 0x4b, 0x55, 0x15, 0x24, 0xa8, 0x00, 0x24,
  0x29, 0x20, 0x3d, 0xba, 0x9b, 0x55, 0x6a, 0xaa, 0x94, 0xaa, 0xaa, 0xa0, 0x92, 0x45, 0x00, 0x01,
  0x84, 0x94, 0x7f, 0xed, 0x55, 0x56, 0xbf, 0xed, 0x52, 0x4b, 0x4a, 0x56, 0xa9, 0x20, 0xa0, 0x90,
  0x52, 0x41, 0x5f, 0xf4, 0xaa, 0xfb, 0xd5, 0x5a, 0xad, 0x50, 0xa5, 0x55, 0x44, 0x95, 0x00, 0x04,
  0x29, 0x28, 0x76, 0xaa, 0xd7, 0xae, 0xef, 0xf6, 0xd5, 0x4a, 0x12, 0x82, 0x92, 0x48, 0x40, 0x41,
  0x84, 0x84, 0xff, 0xfd, 0x5f, 0xfd, 0xb5, 0x5b, 0x55, 0x55, 0xa8, 0x54, 0x49, 0x25, 0x02, 0x10,
  0x52, 0x52, 0x5b, 0x56, 0xfa, 0xdf, 0xdf, 0xed, 0x6d, 0xaa, 0x45, 0x22, 0x92, 0x48, 0xa0, 0x04,
  0x29, 0x20, 0xff, 0xfb, 0x6f, 0xfb, 0x7a, 0xb6, 0xd6, 0xb5, 0xb4, 0x94, 0x49, 0x22, 0x10, 0x91,
  0x84, 0x94, 0xee, 0xd5, 0xff, 0xef, 0xdf, 0xfb, 0x7a, 0xd6, 0xaa, 0x42, 0xa4, 0x94, 0x80, 0x00,
  0x52, 0xa2, 0xfb, 0xd7, 0xfb, 0x7f, 0x75, 0x5d, 0xab, 0x5a, 0xaa, 0x94, 0x12, 0x42, 0x52, 0x4a,
  0x2a, 0x48, 0xbf, 0x6f, 0xdf, 0xfd, 0xff, 0xf6, 0xed, 0x6b, 0x55, 0x52, 0xa9, 0x29, 0x00, 0x00,
  0x89, 0x25, 0xed, 0xbf, 0xff, 0xbf, 0xda, 0xdf, 0x56, 0xad, 0x55, 0x49, 0x04, 0x94, 0xa8, 0x48,
  0x54, 0x91, 0x7f, 0x5e, 0xfe, 0xf7, 0x7f, 0x75, 0xfb, 0xb6, 0xda, 0xaa, 0xb2, 0x42, 0x01, 0x02,
  0x22, 0xaa, 0xf6, 0xff, 0xff, 0xff, 0xeb, 0xfe, 0x95, 0x6b, 0x55, 0x55, 0x09, 0x29, 0x50, 0x10,
  0x94, 0x85, 0xdd, 0x7f, 0xff, 0xdd, 0xbe, 0xab, 0x7d, 0xba, 0xaa, 0xaa, 0xa4, 0x92, 0x08, 0x44,
  0x4a, 0x5b, 0xfe, 0xef, 0xf7, 0x7f, 0xfb, 0xfd, 0xd6, 0xd6, 0xed, 0x55, 0x52, 0x48, 0xa1, 0x01,
  0x25, 0x56, 0xb5, 0xff, 0xff, 0xf6, 0xdf, 0x6e, 0xb5, 0x5b, 0x56, 0xd5, 0x49, 0x25, 0x08, 0x10,
  0xa9, 0x5b, 0xff, 0xff, 0xbf, 0xff, 0xf5, 0xf5, 0xdb, 0xea, 0xb5, 0x55, 0x54, 0x90, 0xa2, 0x44,
  0x4a, 0xad, 0x6a, 0xfe, 0xfd, 0xdb, 0x5f, 0xae, 0xd6, 0xad, 0xd6, 0xb5, 0x52, 0x4a, 0x08, 0x01,
  0x55, 0x75, 0xff, 0xff, 0xf7, 0xff, 0xfd, 0xf5, 0xbb, 0x76, 0xaa, 0xd5, 0x54, 0x91, 0x51, 0x28,
  0xab, 0xae, 0xd5, 0xff, 0xff, 0xfd, 0xef, 0x5e, 0xd6, 0xaa, 0xdb, 0x55, 0x55, 0x24, 0x04, 0x02,
  0x54, 0xb3, 0x7f, 0xff, 0xff, 0x6f, 0x7b, 0xeb, 0x7b, 0xdd, 0x6a, 0xaa, 0xa8, 0x92, 0xa1, 0x48,
  0xab, 0x5d, 0xef, 0xfd, 0xbd, 0xfb, 0xdd, 0x7d, 0xd6, 0xb6, 0xaa, 0xaa, 0xaa, 0x48, 0x94, 0x01,
  0x55, 0x65, 0x7b, 0xff, 0xef, 0xdf, 0x77, 0xd6, 0xbb, 0x6b, 0x55, 0x55, 0x55, 0x25, 0x00, 0x54,
  0x55, 0x95, 0x6f, 0xfe, 0xff, 0x7d, 0xfd, 0x7b, 0xd6, 0xda, 0xda, 0xaa, 0xa8, 0x90, 0x55, 0x0a,
  0xaa, 0x6b, 0x7f, 0xfb, 0xf7, 0xef, 0xdf, 0xd6, 0xbb, 0x6d, 0x55, 0x55, 0x56, 0x4a, 0x80, 0x2a,
  0x55, 0xaa, 0xb7, 0xff, 0x5a, 0xfd, 0xf6, 0xfb, 0x6d, 0xb5, 0xaa, 0x4a, 0xa9, 0x21, 0x2a, 0x95,
  0x4a, 0xaa, 0xdf, 0xed, 0x05, 0xaf, 0x7d, 0xad, 0xd6, 0xd6, 0xa8, 0x05, 0x54, 0x94, 0x11, 0x57,
  0x55, 0x55, 0x7f, 0xfd, 0x40, 0xbd, 0xdb, 0xdb, 0x7b, 0x6a, 0xa2, 0x40, 0xaa, 0x49, 0x48, 0x89,
  0xaa, 0xaa, 0xaf, 0xf4, 0x10, 0x57, 0xff, 0x76, 0xad, 0xad, 0x50, 0x02, 0xa5, 0x24, 0x52, 0x25,
  0x55, 0x55, 0x5b, 0xd2, 0xd4, 0x3f, 0x6d, 0xdd, 0xd6, 0xb5, 0x40, 0x90, 0x54, 0x92, 0x48, 0x02,
  0x4a, 0xaa, 0xbf, 0xff, 0x7b, 0x0d, 0xf7, 0x6b, 0x6b, 0x55, 0x05, 0x55, 0x55, 0x49, 0x20, 0x90,
  0x55, 0x2a, 0xab, 0xfb, 0xde, 0xdf, 0xbf, 0xbd, 0x5d, 0xeb, 0x4a, 0xaa, 0xaa, 0x24, 0xa8, 0x05,
  0x52, 0xaa, 0xaf, 0xff, 0xf7, 0xf6, 0xea, 0xd5, 0xb6, 0xad, 0x2a, 0x95, 0x55, 0x49, 0x22, 0x48,
  0x95, 0x56, 0xdb, 0xde, 0xfd, 0x5f, 0xbf, 0x76, 0xda, 0xb5, 0xaa, 0xaa, 0xa9, 0x22, 0x50, 0x05,
  0x55, 0x6b, 0x77, 0xff, 0xdf, 0xf5, 0xeb, 0xed, 0x57, 0x56, 0xaa, 0xaa, 0xa4, 0x95, 0x09, 0x22,
  0x4a, 0xad, 0xda, 0xfb, 0xf6, 0xde, 0xbf, 0xf5, 0x6a, 0xea, 0xaa, 0xaa, 0xaa, 0x49, 0x50, 0x0a,
  0xb5, 0x5f, 0x6b, 0xff, 0x7f, 0xf7, 0xeb, 0xad, 0xad, 0x5a, 0xaa, 0xaa, 0xa9, 0x24, 0x42, 0x21,
  0xdf, 0xb5, 0xaa, 0xbf, 0xfb, 0x5d, 0x7d, 0xf6, 0xb5, 0x55, 0x55, 0x55, 0x55, 0x55, 0x28, 0x0c,
  0xf5, 0x7e, 0xaa, 0xef, 0xdf, 0xfb, 0xd7, 0xaa, 0xab, 0x6a, 0xaa, 0xaa, 0x88, 0x29, 0x50, 0x95,
  0xbd, 0xaa, 0xa5, 0x5e, 0xfa, 0xb7, 0x6a, 0xf5, 0x55, 0xaa, 0xb5, 0x55, 0x65, 0xa5, 0x42, 0x14,
  0xea, 0xb5, 0x55, 0x57, 0xff, 0xfd, 0xb5, 0xad, 0xad, 0x6d, 0x55, 0x55, 0x12, 0x54, 0xa8, 0x15,
  0xb5, 0x4a, 0xaa, 0xab, 0xb7, 0x57, 0x6a, 0xb5, 0x57, 0xb5, 0xaa, 0xaa, 0xa8, 0x92, 0x40, 0x88,
  0xd5, 0x52, 0xa5, 0x49, 0xff, 0xfb, 0xa5, 0xaa, 0xa5, 0xda, 0xaa, 0xa9, 0x22, 0x55, 0x36, 0x55,
  0x6a, 0xa9, 0x55, 0x24, 0xbd, 0x5d, 0x72, 0xaa, 0x96, 0xee, 0xaa, 0xaa, 0x89, 0x4a, 0x95, 0x22,
  0xaa, 0x85, 0x55, 0x52, 0xff, 0xeb, 0xa0, 0x10, 0x0b, 0xb5, 0xaa, 0xa9, 0x24, 0xa9, 0x52, 0x94,
  0x54, 0x52, 0x4a, 0x4b, 0xf5, 0x6d, 0x59, 0x45, 0x4e, 0xde, 0xaa, 0xa4, 0xaa, 0x54, 0x95, 0x55,
  0x89, 0x29, 0x29, 0x2f, 0xff, 0xb5, 0xa5, 0xbb, 0x43, 0x6a, 0xaa, 0x4a, 0xa5, 0x52, 0x49, 0x52,
  0x22, 0x84, 0xaa, 0xbf, 0xda, 0xaa, 0xb7, 0xfd, 0x5b, 0xbb, 0x52, 0x92, 0x55, 0x4a, 0xa4, 0x94,
  0x48, 0x52, 0xa4, 0xaf, 0xf6, 0xa9, 0x0e, 0xd5, 0x54, 0xd5, 0x48, 0x49, 0x2a, 0x54, 0x55, 0x22,
  0x85, 0x09, 0x2a, 0x7e, 0xdb, 0x54, 0x4f, 0x7a, 0xa5, 0x54, 0x92, 0x95, 0x55, 0x52, 0x88, 0x95,
  0xb0, 0xa4, 0xa1, 0x7f, 0xf5, 0x55, 0x1b, 0xa0, 0x12, 0x52, 0x41, 0x24, 0xaa, 0xa9, 0x25, 0x48,
  0xca, 0x52, 0x94, 0xff, 0xbd, 0x54, 0x2c, 0x4a, 0xa4, 0x89, 0x14, 0x92, 0x94, 0x92, 0x54, 0xa5,
  0x85, 0x2a, 0x4a, 0xfe, 0xd5, 0xa8, 0xfa, 0x84, 0x42, 0x24, 0x4a, 0x4a, 0x55, 0x49, 0x2a, 0x12,
  0xa9, 0x4a, 0xa3, 0xfb, 0xea, 0xa4, 0x54, 0x29, 0x14, 0x92, 0x21, 0x29, 0x55, 0x54, 0x85, 0x54,
  0x4a, 0x55, 0x15, 0xff, 0x5a, 0xa9, 0xd5, 0x42, 0xa1, 0x24, 0x94, 0x8a, 0xaa, 0x92, 0x30, 0x89,
  0xa1, 0x24, 0xa3, 0xfd, 0xaa, 0xa2, 0xa9, 0x14, 0x4a, 0x49, 0x55, 0x24, 0x95, 0x48, 0x8a, 0x52,
  0x55, 0x52, 0x8b, 0xef, 0x6a, 0x95, 0xb4, 0xa2, 0x91, 0x24, 0x10, 0x92, 0x55, 0x24, 0x25, 0x24,
  0xaa, 0x4a, 0x57, 0xfa, 0xad, 0x55, 0x52, 0x11, 0x2a, 0x92, 0xca, 0x55, 0x55, 0x52, 0x48, 0x89,
  0xd5, 0x29, 0x05, 0xbf, 0x55, 0x4a, 0xa9, 0x4a, 0x44, 0x54, 0x29, 0x12, 0x95, 0x49, 0x12, 0x22,
  0x52, 0x92, 0x57, 0xf5, 0xaa, 0xab, 0x54, 0xa4, 0xaa, 0xa5, 0xa4, 0x49, 0x55, 0xa4, 0x44, 0x90
};
// Author :- Ashish ( ashish_y_794 )
// Website : https://www.oledanimationmaker.com/

const uint8_t PROGMEM frame7[1024] = {
  0xab, 0xfe, 0xd6, 0xda, 0xa9, 0x6a, 0x55, 0x55, 0x54, 0x89, 0x12, 0x48, 0x00, 0x07, 0x75, 0xa5,
  0x5a, 0x92, 0xa9, 0x20, 0x6f, 0xd1, 0x55, 0x5b, 0xaa, 0xa4, 0x4a, 0xa5, 0x02, 0x15, 0x96, 0x92,
  0xad, 0x6a, 0x44, 0x45, 0x3a, 0xaa, 0xb7, 0xad, 0x6a, 0xaa, 0x90, 0x48, 0x00, 0x46, 0xaa, 0xc9,
  0x56, 0xa9, 0x22, 0x10, 0x2f, 0x6a, 0xda, 0xf5, 0xaa, 0xa9, 0x45, 0x22, 0x80, 0x00, 0x00, 0x25,
  0xab, 0x55, 0x49, 0x40, 0x7a, 0xb7, 0x7f, 0x5a, 0xda, 0xaa, 0xa8, 0x94, 0x44, 0x12, 0xaa, 0x82,
  0x5d, 0xaa, 0x24, 0x91, 0x2f, 0xd5, 0xd5, 0xef, 0x6b, 0x56, 0x92, 0x4a, 0x80, 0x40, 0x00, 0x28,
  0xb6, 0xa9, 0x49, 0x04, 0x7a, 0xaf, 0x7b, 0x55, 0xad, 0x5a, 0xaa, 0x21, 0x20, 0x0a, 0xaa, 0x85,
  0x5a, 0xaa, 0x24, 0xa0, 0xdf, 0x7b, 0xdf, 0xba, 0xd5, 0x6a, 0xaa, 0x94, 0x90, 0x20, 0x00, 0x50,
  0xad, 0xa9, 0x49, 0x10, 0xea, 0xaf, 0x6a, 0xef, 0x6b, 0x55, 0x55, 0x4a, 0x40, 0x82, 0x55, 0x05,
  0x76, 0xa4, 0x92, 0x41, 0x7d, 0xfd, 0xff, 0x5a, 0xb5, 0x55, 0x55, 0x51, 0x28, 0x08, 0x00, 0x50,
  0x9b, 0x52, 0x49, 0x22, 0xd6, 0xb7, 0xaa, 0xed, 0xad, 0xaa, 0xaa, 0xaa, 0x90, 0x01, 0x55, 0x04,
  0x6d, 0x55, 0x24, 0x89, 0xfb, 0xfe, 0xff, 0x76, 0xd6, 0xb6, 0xd5, 0x54, 0x44, 0x24, 0x00, 0x51,
  0xb6, 0xa4, 0x92, 0x43, 0x55, 0xb7, 0x55, 0xab, 0x6a, 0xd5, 0x2a, 0xaa, 0xa8, 0x01, 0x55, 0x04,
  0x5a, 0xa9, 0x29, 0x12, 0xfb, 0xed, 0x5a, 0xdd, 0xad, 0x55, 0x49, 0x29, 0x00, 0x90, 0x00, 0x51,
  0xad, 0x44, 0x8a, 0x85, 0xd7, 0xb5, 0x56, 0xaa, 0xb5, 0xaa, 0x54, 0x94, 0xaa, 0x04, 0x95, 0x04,
  0x5b, 0x52, 0x52, 0x47, 0x7f, 0xd5, 0x6a, 0xdb, 0x56, 0xb5, 0x22, 0x55, 0x24, 0x00, 0x40, 0x40,
  0x6d, 0x55, 0x49, 0x2b, 0xd6, 0xb5, 0xaa, 0xad, 0x6a, 0xaa, 0x91, 0x24, 0x90, 0x25, 0x12, 0x15,
  0x95, 0x48, 0xaa, 0x15, 0x7f, 0xda, 0xaa, 0xb5, 0xaa, 0xa8, 0x48, 0x95, 0x4a, 0x00, 0x04, 0x80,
  0x6d, 0x52, 0x25, 0x57, 0xde, 0xeb, 0x55, 0x55, 0x5b, 0x56, 0xa5, 0x25, 0x21, 0x12, 0x50, 0x29,
  0x96, 0xaa, 0x92, 0x76, 0xf7, 0xf5, 0x6d, 0x56, 0xaa, 0xb4, 0x10, 0x4a, 0x48, 0x80, 0x02, 0x80,
  0x6a, 0x92, 0xa9, 0xad, 0xbf, 0x6d, 0xaa, 0xaa, 0xd5, 0x52, 0xa5, 0x15, 0x24, 0xa4, 0x90, 0x24,
  0x95, 0x49, 0x2a, 0xdb, 0xdd, 0xb6, 0xaa, 0xdb, 0x55, 0xaa, 0x90, 0xaa, 0x92, 0x40, 0x24, 0x81,
  0x6b, 0x6a, 0xab, 0x6f, 0x7f, 0xda, 0xd5, 0x55, 0x56, 0xaa, 0x4a, 0x14, 0x88, 0xb4, 0x80, 0x14,
  0x95, 0x54, 0xad, 0xb5, 0xff, 0x6d, 0x55, 0x57, 0xb5, 0x55, 0x21, 0x52, 0x52, 0x48, 0x12, 0x81,
  0x6d, 0xab, 0x6b, 0x6f, 0x5b, 0xf6, 0xdb, 0x6d, 0x55, 0x55, 0x4a, 0x2a, 0x88, 0xaa, 0x40, 0x25,
  0x95, 0x6d, 0xb6, 0xdb, 0xff, 0x5b, 0x6a, 0xb7, 0xaa, 0xaa, 0xa4, 0xaa, 0xa2, 0x50, 0x14, 0x8a,
  0x55, 0x56, 0xab, 0x6e, 0xbd, 0xfd, 0xad, 0xaa, 0xd5, 0x55, 0x52, 0xaa, 0x49, 0x4a, 0x82, 0x24,
  0x55, 0x55, 0x5d, 0x5b, 0xdf, 0xd6, 0xda, 0xd5, 0x55, 0x55, 0x2a, 0x95, 0x24, 0xa8, 0x2b, 0x92,
  0x55, 0x55, 0xaa, 0xde, 0xbb, 0x7f, 0x6f, 0x56, 0xaa, 0xaa, 0xa9, 0x52, 0x91, 0x54, 0x8a, 0xa5,
  0x52, 0xaa, 0xab, 0x6b, 0xff, 0xea, 0xd9, 0xa5, 0x51, 0x55, 0x55, 0x2a, 0x44, 0x92, 0x0b, 0x8a,
  0x4a, 0xaa, 0xad, 0x56, 0xae, 0xfd, 0xae, 0xd2, 0xa9, 0x55, 0x54, 0xa9, 0x29, 0x48, 0x26, 0x82,
  0x29, 0x2a, 0xaa, 0xaf, 0xdb, 0xab, 0x75, 0x45, 0x41, 0x55, 0x55, 0x54, 0x82, 0x54, 0x8b, 0x55,
  0x94, 0xaa, 0xab, 0x6a, 0xef, 0xfe, 0xdb, 0x50, 0x15, 0x56, 0xaa, 0x92, 0x52, 0xa9, 0x55, 0x88,
  0x4a, 0xaa, 0xaa, 0xa7, 0x76, 0xab, 0x6d, 0xbf, 0x55, 0x5a, 0xa9, 0x49, 0x09, 0x48, 0x25, 0xa5,
  0x52, 0x55, 0x55, 0x52, 0xdb, 0xfd, 0xb5, 0x6d, 0xea, 0xa5, 0x55, 0x24, 0x45, 0x29, 0x12, 0x94,
  0x29, 0x4a, 0xaa, 0xb5, 0xad, 0xaf, 0x6d, 0xbf, 0xaa, 0xb5, 0x54, 0xa9, 0x2a, 0xa4, 0x05, 0x42,
  0x85, 0x35, 0x55, 0x52, 0xf6, 0xfb, 0xb6, 0xaa, 0xaa, 0xaa, 0xa5, 0x24, 0x45, 0x50, 0x80, 0x05,
  0x69, 0x4a, 0xaa, 0xa9, 0x5b, 0x56, 0xd5, 0x5f, 0x55, 0x55, 0x54, 0xa9, 0x14, 0x94, 0x15, 0x12,
  0x25, 0x52, 0xaa, 0xd0, 0xed, 0xbd, 0xb5, 0x5a, 0xaa, 0xa9, 0x12, 0xac, 0xa5, 0x48, 0x41, 0x44,
  0xaa, 0xaa, 0xad, 0xaa, 0xb5, 0x6f, 0x55, 0x5a, 0xa5, 0x4a, 0x49, 0x76, 0x4a, 0x22, 0x05, 0x0a,
  0x52, 0x4d, 0x6e, 0xd1, 0x6d, 0xfb, 0xa9, 0x6a, 0x54, 0xa1, 0x23, 0xaa, 0xa9, 0x94, 0x12, 0x41,
  0xaa, 0xb6, 0xb5, 0x5a, 0xb6, 0xbe, 0xd4, 0x69, 0x09, 0x14, 0x0a, 0xda, 0xa4, 0x48, 0x04, 0x0a,
  0x57, 0xfb, 0x7a, 0xa9, 0x4b, 0xf6, 0xb6, 0xb4, 0x40, 0x00, 0x8f, 0x6b, 0x55, 0x20, 0x92, 0x92,
  0xbe, 0xd5, 0xd5, 0x4c, 0x05, 0xfb, 0x54, 0xd1, 0x12, 0x48, 0x15, 0xb5, 0x55, 0x54, 0x0a, 0x04,
  0x5b, 0xbd, 0x55, 0x2a, 0x27, 0xdd, 0xaa, 0xd4, 0x44, 0x22, 0x5f, 0x6a, 0xa9, 0x10, 0x0a, 0xa0,
  0xbe, 0xe5, 0x4a, 0xa9, 0x0b, 0xf6, 0xb5, 0x50, 0x11, 0x49, 0x15, 0xda, 0xa4, 0xaa, 0x48, 0x10,
  0x77, 0x5a, 0xa5, 0x54, 0x4f, 0x6d, 0x52, 0xd5, 0x4a, 0x24, 0x3f, 0x6a, 0xaa, 0x91, 0x06, 0x82,
  0xbb, 0xaa, 0x15, 0x25, 0x1f, 0xf6, 0xd5, 0x40, 0x92, 0x90, 0x55, 0xaa, 0xaa, 0x4c, 0xa8, 0x28,
  0x7c, 0xa9, 0x49, 0x50, 0x97, 0x6b, 0x55, 0x6a, 0x48, 0x84, 0xbe, 0xd5, 0x52, 0xa2, 0x95, 0x04,
  0xef, 0x4a, 0x52, 0x95, 0x1f, 0xfd, 0x55, 0x95, 0x25, 0x20, 0x55, 0x55, 0x29, 0x2a, 0x52, 0xb2,
  0x75, 0x21, 0x09, 0x48, 0x3b, 0x55, 0x55, 0x50, 0xa9, 0x0a, 0xaf, 0xaa, 0xa5, 0x49, 0x49, 0x49,
  0xba, 0x88, 0xa4, 0xa5, 0x1f, 0xea, 0xaa, 0xa6, 0x94, 0xa0, 0x2a, 0xaa, 0x94, 0x94, 0xaa, 0x24,
  0x6f, 0x44, 0x12, 0x48, 0x4d, 0x5d, 0xa9, 0x51, 0x4a, 0x8a, 0xad, 0x54, 0xaa, 0x42, 0x11, 0x52,
  0xba, 0xd2, 0xaa, 0x82, 0x0f, 0xea, 0xaa, 0x8a, 0x25, 0x51, 0x55, 0x52, 0xa5, 0x2a, 0xca, 0x09,
  0xff, 0xa9, 0x04, 0x54, 0xa5, 0x56, 0xad, 0x55, 0x54, 0x84, 0x2a, 0xaa, 0x94, 0x92, 0x24, 0xa4,
  0x6d, 0x84, 0xd5, 0x08, 0x0b, 0xb5, 0x54, 0xa4, 0x92, 0xa9, 0x55, 0x55, 0x52, 0x29, 0x49, 0x52,
  0xfd, 0x52, 0x28, 0xa2, 0x45, 0x5a, 0x8a, 0x52, 0x55, 0x24, 0x55, 0x49, 0x29, 0x44, 0x92, 0x08,
  0xf6, 0xaa, 0xaa, 0x11, 0x17, 0xea, 0x55, 0x4a, 0xaa, 0x92, 0x95, 0x54, 0xa4, 0x12, 0x49, 0x52,
  0xbf, 0x49, 0x49, 0x48, 0x01, 0x75, 0xaa, 0xaa, 0xd4, 0xa9, 0x24, 0xaa, 0x92, 0x89, 0x24, 0x44,
  0xed, 0xb4, 0xa4, 0x05, 0x4a, 0xde, 0xaa, 0x57, 0xef, 0x54, 0x92, 0x92, 0x54, 0x84, 0x89, 0x29,
  0xba, 0xca, 0x52, 0xa0, 0x09, 0x6a, 0xd5, 0x5b, 0xdf, 0xaa, 0x4a, 0x4a, 0xa2, 0x28, 0x44, 0x84,
  0x57, 0x52, 0x88, 0x14, 0x25, 0xf7, 0x6d, 0xea, 0xfe, 0xdd, 0x25, 0x54, 0x94, 0x82, 0x91, 0x29,
  0x15, 0x89, 0x51, 0x40, 0x8b, 0xad, 0xab, 0x55, 0xab, 0x65, 0x12, 0xa5, 0x22, 0x28, 0x24, 0x40,
  0x45, 0x54, 0x88, 0x20, 0x15, 0x76, 0xde, 0xab, 0x76, 0xb4, 0xa9, 0x12, 0x48, 0x85, 0x01, 0x12
};
// Author :- Ashish ( ashish_y_794 )
// Website : https://www.oledanimationmaker.com/

const uint8_t PROGMEM frame8[1024] = {
  0x49, 0xde, 0xff, 0xed, 0x55, 0x4a, 0x95, 0x54, 0xa5, 0x55, 0x28, 0xa9, 0x10, 0x06, 0xb4, 0xc0,
  0x24, 0x53, 0x49, 0x35, 0x52, 0xad, 0x52, 0x4a, 0x52, 0x24, 0xa5, 0x44, 0x45, 0x55, 0x56, 0xa0,
  0x95, 0x55, 0x76, 0xca, 0x94, 0xa9, 0x29, 0x51, 0x09, 0x12, 0x95, 0x22, 0x20, 0x05, 0x04, 0x92,
  0x52, 0xaa, 0xab, 0x2a, 0x55, 0x54, 0x95, 0x04, 0xa0, 0xa4, 0x48, 0x88, 0x8a, 0xa0, 0xa2, 0x40,
  0x4a, 0xad, 0xb5, 0xa9, 0x55, 0x4a, 0xa2, 0x52, 0x4a, 0x01, 0x25, 0x20, 0x00, 0x0a, 0x08, 0xa5,
  0x24, 0xaa, 0xdd, 0x55, 0x4a, 0xaa, 0x54, 0xaa, 0xa4, 0x94, 0x80, 0x85, 0x24, 0x40, 0x04, 0x10,
  0xaa, 0xaa, 0xab, 0x55, 0x55, 0x55, 0x02, 0xaa, 0x15, 0x40, 0x2a, 0x20, 0x01, 0x01, 0x24, 0xa5,
  0x25, 0x56, 0xdd, 0x6a, 0x52, 0xa4, 0xad, 0x11, 0x48, 0xaa, 0x01, 0x00, 0x90, 0x28, 0x0a, 0x44,
  0x92, 0x55, 0x6a, 0xaa, 0x95, 0x55, 0x35, 0x55, 0x52, 0x54, 0x90, 0xaa, 0x04, 0x00, 0x90, 0x22,
  0x55, 0x55, 0xad, 0xa9, 0x52, 0xaa, 0xa9, 0x55, 0x4a, 0x89, 0x44, 0x00, 0x21, 0x04, 0x2a, 0x94,
  0x49, 0x56, 0xb6, 0xaa, 0x95, 0x55, 0x4a, 0xaa, 0xa9, 0x22, 0x2a, 0x88, 0x00, 0x40, 0xa4, 0x42,
  0x25, 0x55, 0x55, 0x55, 0x4a, 0xbd, 0xd5, 0xb5, 0x6a, 0x94, 0x90, 0x01, 0x12, 0x12, 0x94, 0x24,
  0xaa, 0x55, 0xab, 0x54, 0xa9, 0x4e, 0x56, 0xdb, 0xaa, 0xa8, 0x4a, 0x04, 0x00, 0x00, 0xc9, 0x42,
  0x25, 0x55, 0x6d, 0x55, 0x25, 0x35, 0xbb, 0x6c, 0xb5, 0x55, 0x21, 0x40, 0x49, 0x24, 0x54, 0x20,
  0x92, 0xaa, 0xaa, 0xaa, 0x95, 0x6e, 0xd5, 0xb7, 0x55, 0x55, 0x4a, 0x21, 0x24, 0x82, 0xa2, 0x92,
  0x54, 0x95, 0x57, 0x69, 0x52, 0xb5, 0x6d, 0x55, 0x6a, 0xa9, 0x25, 0x40, 0x92, 0x14, 0x94, 0x20,
  0x4a, 0x55, 0x6a, 0xad, 0x4a, 0x6d, 0x55, 0x5a, 0xaa, 0xa4, 0xa8, 0x91, 0x4a, 0xa2, 0x08, 0x80,
  0x25, 0x56, 0xb5, 0xb6, 0xd5, 0xda, 0xaa, 0xaa, 0xad, 0x52, 0x25, 0x24, 0x29, 0x08, 0x44, 0x40,
  0xa9, 0x55, 0x56, 0xab, 0x46, 0xb5, 0x55, 0x55, 0x55, 0x49, 0x48, 0x90, 0xaa, 0x01, 0x12, 0x20,
  0x4a, 0xaa, 0xaa, 0xda, 0xd5, 0xed, 0x54, 0xaa, 0xaa, 0xa4, 0x85, 0x48, 0xa4, 0x88, 0x08, 0x88,
  0x24, 0x95, 0x6d, 0x57, 0x4b, 0x5a, 0xa5, 0x55, 0x55, 0x52, 0x28, 0x24, 0x52, 0x01, 0x4a, 0x40,
  0x95, 0x55, 0xaa, 0xb5, 0x67, 0xeb, 0x54, 0xa5, 0x55, 0x49, 0x45, 0x48, 0x95, 0x24, 0x08, 0x20,
  0x52, 0xaa, 0xab, 0x5a, 0xaa, 0xbd, 0x52, 0x95, 0x55, 0x24, 0x20, 0x92, 0x54, 0x00, 0xa4, 0x80,
  0x24, 0x95, 0x55, 0x6b, 0xa7, 0x55, 0x55, 0x55, 0x55, 0x49, 0x15, 0x21, 0x25, 0x08, 0x08, 0xa0,
  0x92, 0xaa, 0xad, 0xad, 0x4b, 0xfd, 0x54, 0xaa, 0xaa, 0xa4, 0xa0, 0x94, 0xa9, 0x22, 0xa4, 0x00,
  0x4a, 0x55, 0x55, 0x55, 0xa6, 0xab, 0x52, 0xaa, 0xaa, 0x92, 0x0a, 0x42, 0x44, 0x00, 0x4a, 0xa0,
  0x25, 0x55, 0x6a, 0xb6, 0xab, 0xbd, 0x55, 0x55, 0xa9, 0x51, 0x51, 0x29, 0x35, 0x09, 0x10, 0x44,
  0x92, 0xaa, 0xad, 0x55, 0x46, 0xde, 0xaa, 0xaa, 0xd5, 0x4a, 0x05, 0x44, 0x92, 0x40, 0xa4, 0x90,
  0x4a, 0x55, 0x55, 0xad, 0xab, 0x77, 0xaa, 0xaa, 0xaa, 0x54, 0xaa, 0x92, 0x55, 0x05, 0x54, 0x42,
  0x29, 0x55, 0x6a, 0xb6, 0xa6, 0xdd, 0x6d, 0x55, 0x52, 0xa9, 0x12, 0x49, 0x48, 0x10, 0x89, 0x00,
  0x45, 0x4a, 0xad, 0x55, 0x4b, 0xb7, 0xb5, 0x69, 0x4a, 0xa4, 0xa9, 0x24, 0x55, 0x02, 0xa4, 0x52,
  0x2a, 0x2a, 0xaa, 0xd5, 0xa6, 0xdd, 0xd6, 0xaa, 0xa1, 0x55, 0x44, 0x91, 0x24, 0x49, 0x12, 0x40,
  0x44, 0xaa, 0xaa, 0xaa, 0x95, 0x6e, 0xba, 0xd0, 0x0a, 0xaa, 0xaa, 0x44, 0xaa, 0x05, 0xa8, 0x80,
  0x29, 0x52, 0xaa, 0xad, 0x47, 0xb5, 0xd5, 0x5f, 0x6a, 0xaa, 0x25, 0x12, 0x52, 0x45, 0x44, 0x20,
  0x42, 0x4a, 0x55, 0x55, 0xaa, 0xd6, 0xb6, 0xa5, 0xa5, 0x52, 0xaa, 0x49, 0x25, 0x05, 0x89, 0x44,
  0x29, 0x25, 0x2a, 0xaa, 0x8b, 0x6b, 0xdb, 0x76, 0xd5, 0x2a, 0xaa, 0x80, 0x92, 0x12, 0x94, 0x10,
  0x44, 0x91, 0x49, 0x55, 0x57, 0xb5, 0x6d, 0x4b, 0x2a, 0xa5, 0x6d, 0x55, 0x54, 0x4a, 0xa1, 0x40,
  0x12, 0x4a, 0xaa, 0xaa, 0x85, 0x5a, 0xb5, 0xb5, 0x52, 0x92, 0xb5, 0x42, 0x49, 0x11, 0x94, 0x00,
  0x49, 0x29, 0x25, 0x2a, 0xaf, 0x6b, 0x55, 0x4d, 0x4a, 0x4b, 0xd5, 0x51, 0x24, 0x02, 0x88, 0xa0,
  0x54, 0xa4, 0x95, 0x55, 0x43, 0xad, 0x76, 0x55, 0x29, 0x25, 0x55, 0x48, 0xaa, 0x01, 0x04, 0x40,
  0x53, 0x55, 0x54, 0xa5, 0x2a, 0xd5, 0xda, 0x94, 0x84, 0x85, 0xb5, 0x55, 0x21, 0x24, 0x51, 0x00,
  0x4a, 0xa4, 0xaa, 0xaa, 0xc5, 0x56, 0xea, 0xaa, 0x20, 0x12, 0xd5, 0x50, 0x94, 0x01, 0x08, 0xa0,
  0x55, 0x55, 0x25, 0x55, 0x55, 0xab, 0xb5, 0x58, 0x08, 0x07, 0x55, 0x2a, 0x49, 0x02, 0x84, 0x00,
  0xaa, 0xaa, 0xb6, 0xbb, 0x46, 0xee, 0xd6, 0xaa, 0xa5, 0x45, 0x55, 0x55, 0x22, 0x00, 0x11, 0x40,
  0x5a, 0xaa, 0xdb, 0x54, 0xb5, 0x37, 0xb5, 0x54, 0x11, 0x12, 0xaa, 0x90, 0x94, 0x12, 0x88, 0x20,
  0xea, 0xab, 0x6d, 0x6a, 0x90, 0x9a, 0xd5, 0x28, 0x84, 0x0a, 0xd4, 0xa2, 0x41, 0x05, 0x04, 0x80,
  0x56, 0xad, 0xda, 0xaa, 0x50, 0x0f, 0xb5, 0x52, 0x52, 0x45, 0x55, 0x11, 0x2a, 0x02, 0x20, 0x00,
  0xdb, 0x57, 0x6a, 0x95, 0x49, 0x2d, 0x55, 0x29, 0x29, 0x15, 0x52, 0xa0, 0xa4, 0x09, 0x01, 0x00,
  0xad, 0x55, 0xaa, 0xa2, 0x50, 0x17, 0xd5, 0x54, 0x94, 0x44, 0xaa, 0x05, 0x12, 0xa2, 0x20, 0x10,
  0xb5, 0xae, 0xd4, 0x49, 0x20, 0x1a, 0xaa, 0xa5, 0x52, 0x12, 0x91, 0x40, 0xa9, 0x08, 0x88, 0x40,
  0xad, 0x55, 0x52, 0x95, 0x49, 0x0e, 0xb4, 0xb5, 0xdd, 0xa5, 0x4a, 0x0a, 0x44, 0xa5, 0x24, 0x80,
  0x5a, 0xaf, 0xa0, 0x02, 0x00, 0x55, 0xd5, 0x55, 0x76, 0x82, 0x29, 0x51, 0x22, 0x52, 0x48, 0x22,
  0xed, 0xa9, 0x55, 0x54, 0xa9, 0x0b, 0x55, 0xed, 0xaa, 0xa8, 0x94, 0x8a, 0x94, 0x09, 0x21, 0x08,
  0xb6, 0xaf, 0xe8, 0x09, 0x10, 0x2d, 0x55, 0xfa, 0xba, 0x94, 0x45, 0x50, 0x42, 0xa4, 0x94, 0x42,
  0xd5, 0x55, 0x55, 0xa4, 0x84, 0x96, 0xdb, 0xef, 0x55, 0x52, 0x92, 0x2b, 0x28, 0x92, 0x00, 0x90,
  0x66, 0xaf, 0xa2, 0x52, 0x50, 0x23, 0x6f, 0xfa, 0xd6, 0xc9, 0x2a, 0x90, 0x85, 0x24, 0xa8, 0x04,
  0xaa, 0xab, 0x59, 0x29, 0x01, 0x15, 0xbf, 0xfd, 0x55, 0x64, 0x94, 0xaa, 0xa0, 0x88, 0x05, 0x50,
  0x52, 0xae, 0xea, 0x94, 0x50, 0x4a, 0xfe, 0xd6, 0xd5, 0x2a, 0x52, 0x44, 0x15, 0x22, 0xa0, 0x02,
  0xa9, 0x15, 0xa9, 0x41, 0x04, 0x2f, 0x5f, 0x7b, 0x4a, 0xd5, 0x4a, 0xaa, 0xa0, 0x48, 0x4a, 0x48,
  0x04, 0xab, 0x6a, 0x28, 0x21, 0x25, 0xfd, 0xed, 0x55, 0x2a, 0xaa, 0x44, 0x89, 0x05, 0x11, 0x10,
  0xa8, 0x44, 0xa5, 0x52, 0x88, 0x5a, 0xfe, 0xfa, 0xa5, 0x55, 0x52, 0xa9, 0x20, 0xa0, 0x88, 0x42,
  0x12, 0x91, 0x50, 0x88, 0x20, 0x97, 0xf7, 0xde, 0x95, 0x4a, 0xa9, 0x12, 0x04, 0x14, 0x45, 0x10,
  0xa0, 0x08, 0x25, 0x51, 0x00, 0x35, 0x7d, 0xfb, 0x55, 0x2a, 0xa4, 0xc8, 0xa1, 0x41, 0x10, 0x44,
  0x15, 0x52, 0x88, 0x0a, 0x02, 0x9b, 0xff, 0xfd, 0x55, 0x55, 0x52, 0x22, 0x12, 0x08, 0x00, 0x01
};
// Author :- Ashish ( ashish_y_794 )
// Website : https://www.oledanimationmaker.com/

const uint8_t PROGMEM frame9[1024] = {
  0x49, 0xde, 0xff, 0xfe, 0xee, 0xed, 0xaa, 0xab, 0xd0, 0x15, 0x48, 0x95, 0x55, 0x4f, 0x55, 0x80,
  0x2a, 0x53, 0x55, 0x55, 0xb5, 0xb6, 0xa9, 0x54, 0xad, 0x5a, 0xa5, 0x2d, 0xaa, 0x55, 0xb6, 0xa8,
  0xa5, 0x2a, 0xaa, 0xdb, 0x6f, 0x5d, 0xb5, 0x2a, 0x9e, 0xad, 0x50, 0x8a, 0xa9, 0x56, 0x8a, 0x80,
  0x29, 0x55, 0xbf, 0x6e, 0xda, 0xd6, 0xd5, 0x54, 0xb7, 0xb5, 0x0a, 0x56, 0xd5, 0x51, 0x48, 0x00,
  0x95, 0x56, 0xd2, 0xdb, 0xbd, 0xab, 0x55, 0x54, 0x9a, 0xd5, 0x64, 0x95, 0x55, 0x44, 0xa2, 0x20,
  0x4a, 0x55, 0x6f, 0x6d, 0x6b, 0x4e, 0xea, 0xaa, 0xaf, 0x5a, 0x12, 0x2a, 0xaa, 0x00, 0x48, 0x00,
  0x29, 0x55, 0xb5, 0xb7, 0xbe, 0x97, 0x5a, 0xaa, 0xa9, 0x55, 0x49, 0x4a, 0xa4, 0x21, 0x04, 0x92,
  0xa5, 0x55, 0x5a, 0xda, 0xd5, 0x3a, 0xed, 0x56, 0xd6, 0xaa, 0xa4, 0x2a, 0xa8, 0x04, 0xa2, 0x08,
  0x55, 0x2a, 0xd7, 0x6f, 0x76, 0x4f, 0xb5, 0x5a, 0xaa, 0xa9, 0x11, 0x55, 0x50, 0x90, 0x88, 0x50,
  0x24, 0xab, 0x5a, 0xb5, 0xba, 0xb5, 0x55, 0x64, 0x92, 0xad, 0x64, 0x92, 0x48, 0x01, 0x44, 0x80,
  0x95, 0x55, 0x6d, 0xda, 0xd5, 0x6d, 0xd6, 0x92, 0x48, 0x52, 0xaa, 0x2a, 0xa2, 0x24, 0x48, 0x52,
  0x55, 0x56, 0xb6, 0xb7, 0x7a, 0xdb, 0x54, 0xad, 0xb6, 0x85, 0x54, 0x95, 0x58, 0x0a, 0x85, 0x20,
  0x4a, 0xaa, 0xdb, 0xdd, 0xd5, 0x6d, 0x52, 0xa9, 0x0a, 0xa8, 0x2a, 0x49, 0x21, 0x25, 0x50, 0x80,
  0x29, 0x2b, 0x6a, 0xab, 0x75, 0xb6, 0xab, 0x4a, 0xd2, 0x54, 0x85, 0x24, 0xa8, 0x12, 0x44, 0xaa,
  0xa5, 0x55, 0x56, 0xf6, 0xd5, 0xda, 0xac, 0xb5, 0x5a, 0x92, 0x51, 0x15, 0x48, 0x8a, 0x8a, 0x40,
  0x55, 0x55, 0xbb, 0x5b, 0x72, 0xbd, 0x72, 0xae, 0xd5, 0x49, 0xa4, 0x8a, 0xa2, 0x15, 0x40, 0x28,
  0x29, 0x2a, 0xaa, 0xad, 0xaa, 0xeb, 0xaa, 0xf5, 0x6a, 0xaa, 0x12, 0x51, 0x28, 0x0a, 0x55, 0x02,
  0x95, 0x55, 0x56, 0xeb, 0x73, 0x76, 0xdd, 0xad, 0xad, 0xa8, 0xa8, 0x0a, 0x90, 0xa5, 0x44, 0x50,
  0x4a, 0x55, 0xb5, 0x5d, 0xa9, 0xb5, 0x6e, 0xdb, 0x75, 0x56, 0x00, 0xa5, 0x55, 0x2a, 0x88, 0x20,
  0x52, 0xaa, 0xad, 0xab, 0x6a, 0xd3, 0xb7, 0x6d, 0xaa, 0xa9, 0xac, 0x14, 0xa8, 0x90, 0x44, 0x80,
  0x4a, 0xaa, 0xd6, 0xed, 0xb3, 0xee, 0xfa, 0xda, 0xb6, 0xd5, 0x52, 0x22, 0x92, 0x45, 0x52, 0x02,
  0x55, 0x55, 0x5a, 0xb6, 0xd5, 0x57, 0x4b, 0x6e, 0xdb, 0x52, 0x4a, 0x8a, 0xa8, 0x00, 0x88, 0x48,
  0x4a, 0x4a, 0xab, 0x55, 0xb3, 0xda, 0xb5, 0x53, 0x55, 0x4a, 0xa9, 0x0a, 0xa1, 0x24, 0xa4, 0x00,
  0x29, 0x55, 0xb5, 0x6e, 0xd5, 0x5d, 0xd5, 0x5a, 0xda, 0xa9, 0x25, 0x44, 0xa8, 0x08, 0x89, 0x20,
  0xa5, 0x55, 0x55, 0xb5, 0x65, 0xaf, 0x56, 0xab, 0x56, 0xa4, 0x94, 0xa2, 0xa9, 0x22, 0x44, 0x00,
  0x54, 0xaa, 0xad, 0x56, 0xb3, 0xf5, 0xaa, 0xaa, 0xb5, 0x52, 0x52, 0x85, 0x50, 0x08, 0xa8, 0x00,
  0x12, 0x55, 0x6b, 0x5b, 0xd7, 0x5e, 0xda, 0xd5, 0xaa, 0xa9, 0x2a, 0x51, 0x29, 0x22, 0x84, 0x20,
  0xaa, 0xaa, 0xad, 0x6a, 0x52, 0xeb, 0xd5, 0x5a, 0xab, 0x44, 0x89, 0x45, 0x48, 0x08, 0x52, 0x00,
  0x45, 0x55, 0x55, 0xad, 0xd5, 0xbe, 0xeb, 0x57, 0x55, 0x55, 0x55, 0x29, 0x21, 0x25, 0x48, 0x00,
  0x29, 0x2a, 0xda, 0xb6, 0xa7, 0xef, 0x5a, 0xa9, 0xaa, 0xa2, 0x2a, 0x92, 0xb4, 0x09, 0x24, 0x42,
  0x94, 0xaa, 0xab, 0x55, 0x72, 0xb5, 0xea, 0xae, 0xd5, 0x59, 0x48, 0x49, 0x48, 0x4a, 0x92, 0x20,
  0x4a, 0xaa, 0xad, 0x6b, 0xa5, 0xff, 0x5a, 0xd5, 0x55, 0x4a, 0x55, 0x25, 0x21, 0x15, 0x48, 0x80,
  0x24, 0x95, 0x55, 0xad, 0x53, 0x55, 0xed, 0x6a, 0xa5, 0x69, 0x54, 0xa9, 0x58, 0x08, 0x84, 0x20,
  0x52, 0xaa, 0xb5, 0x55, 0x6a, 0xef, 0x77, 0x58, 0x92, 0x95, 0x25, 0x05, 0x44, 0xaa, 0x52, 0x00,
  0x09, 0x25, 0x55, 0x5a, 0xa3, 0xbb, 0xaa, 0xeb, 0x4a, 0xaa, 0xa8, 0xaa, 0xb0, 0x29, 0x48, 0x00,
  0x54, 0x95, 0x55, 0x55, 0xaa, 0xed, 0xfd, 0x56, 0xea, 0xa9, 0x55, 0x22, 0x48, 0xac, 0x8a, 0x40,
  0x22, 0x52, 0x4a, 0xaa, 0xa5, 0xb6, 0xab, 0xaf, 0x55, 0x56, 0xe8, 0x95, 0x22, 0x14, 0xa0, 0x00,
  0x49, 0x29, 0x2a, 0xaa, 0xd3, 0xdb, 0x6d, 0x6a, 0xaa, 0xab, 0x56, 0x22, 0xa8, 0x5a, 0x4a, 0x00,
  0x24, 0x95, 0x55, 0x55, 0x56, 0xed, 0xb6, 0xab, 0x55, 0x56, 0xd9, 0x15, 0x22, 0xaa, 0x88, 0x29,
  0x4a, 0x44, 0xaa, 0xaa, 0xa3, 0xda, 0xdb, 0x2d, 0x55, 0x2f, 0x56, 0x44, 0xa8, 0x14, 0x92, 0x00,
  0x12, 0xb5, 0x49, 0x55, 0x52, 0xed, 0xf5, 0x4a, 0x42, 0x5a, 0xaa, 0x92, 0x90, 0x94, 0x48, 0x00,
  0x4a, 0xaa, 0x2a, 0xaa, 0xa5, 0xb6, 0xba, 0xac, 0x90, 0x16, 0xd5, 0x4a, 0x48, 0x09, 0x04, 0x00,
  0xaa, 0xaa, 0xaa, 0x55, 0x52, 0xd5, 0xed, 0x52, 0x04, 0x9b, 0x55, 0x51, 0x50, 0x24, 0xa8, 0x08,
  0x55, 0x55, 0x55, 0xaa, 0xd5, 0x6b, 0xb5, 0x58, 0x50, 0x2d, 0x55, 0x45, 0x22, 0x10, 0x42, 0x00,
  0xaa, 0xda, 0xaa, 0xd7, 0x53, 0xaf, 0xd5, 0x52, 0x0a, 0x95, 0xaa, 0x94, 0x90, 0x49, 0x14, 0x00,
  0xad, 0x55, 0xbf, 0x6d, 0x5a, 0xb5, 0x76, 0xa9, 0x50, 0x16, 0xaa, 0x42, 0x88, 0x10, 0x80, 0x00,
  0xab, 0xaa, 0xd5, 0xaa, 0xa4, 0x0f, 0xda, 0xa4, 0x8a, 0x55, 0x55, 0x0a, 0x50, 0x4a, 0x54, 0x00,
  0x5d, 0x6d, 0x7a, 0xaa, 0x90, 0xa5, 0x6a, 0xaa, 0x50, 0x95, 0x52, 0x25, 0x22, 0x20, 0x00, 0x08,
  0xd6, 0xd6, 0xd7, 0x55, 0x54, 0x07, 0xaa, 0xa5, 0x55, 0x2a, 0xa8, 0x81, 0x48, 0x2a, 0x10, 0x02,
  0x6d, 0xb5, 0xfa, 0xa1, 0x28, 0x15, 0x6a, 0xb5, 0xb4, 0x95, 0x48, 0x0a, 0x24, 0x20, 0x00, 0x10,
  0xb6, 0xda, 0xa9, 0x14, 0xa4, 0x8b, 0xb5, 0x5a, 0xed, 0x24, 0xa2, 0x49, 0x52, 0x95, 0x48, 0x00,
  0xab, 0x6a, 0xda, 0x45, 0x48, 0x26, 0xd5, 0xf7, 0x5a, 0x92, 0x90, 0x05, 0x15, 0x52, 0x05, 0x08,
  0xad, 0xaa, 0xe8, 0x91, 0x22, 0x13, 0x5b, 0x7d, 0xb6, 0xa9, 0x2a, 0xb2, 0xa2, 0x49, 0x50, 0x44,
  0xab, 0x6d, 0x5e, 0x4a, 0x90, 0x8a, 0xef, 0xfa, 0xd5, 0x44, 0x55, 0x49, 0x14, 0xa4, 0x85, 0x11,
  0x5d, 0x55, 0xf5, 0x21, 0x24, 0x2b, 0x5d, 0xff, 0x5a, 0xa9, 0x24, 0xa4, 0xa2, 0x12, 0x10, 0x40,
  0x56, 0xf5, 0xb4, 0xac, 0x89, 0x25, 0xbf, 0xea, 0xab, 0x54, 0xaa, 0x95, 0x14, 0xa9, 0x45, 0x14,
  0x55, 0x2a, 0xea, 0x92, 0x40, 0x15, 0x6f, 0x7d, 0xaa, 0xaa, 0xa9, 0x52, 0x49, 0x04, 0x10, 0x00,
  0x56, 0xab, 0xbd, 0x4a, 0x29, 0x4b, 0xff, 0xd6, 0x95, 0x55, 0x25, 0x29, 0x24, 0xa9, 0x44, 0xa2,
  0xd9, 0x11, 0x6a, 0xa9, 0x44, 0x25, 0x5e, 0xfd, 0x55, 0x55, 0x54, 0x94, 0x89, 0x24, 0x90, 0x08,
  0xe4, 0xaa, 0xb6, 0x54, 0x10, 0x96, 0xff, 0xfe, 0xaa, 0xaa, 0xaa, 0xa2, 0x22, 0x12, 0x45, 0x40,
  0xba, 0x44, 0x99, 0x22, 0x88, 0x2b, 0x7d, 0xf5, 0xb5, 0x55, 0x4a, 0x54, 0x88, 0xa4, 0x90, 0x12,
  0xd1, 0x29, 0x24, 0x94, 0x42, 0x4d, 0xff, 0xfe, 0xaa, 0xaa, 0xa9, 0x22, 0x04, 0x08, 0x0a, 0x80,
  0x6c, 0x82, 0x12, 0xa9, 0x20, 0x1b, 0x7f, 0xeb, 0x56, 0xad, 0x4a, 0x94, 0xa2, 0xa2, 0x40, 0x54,
  0xaa, 0xa9, 0x44, 0x44, 0x81, 0x56, 0xf7, 0xfd, 0x6a, 0xaa, 0xaa, 0x42, 0x10, 0x08, 0x14, 0x00
};
// Author :- Ashish ( ashish_y_794 )
// Website : https://www.oledanimationmaker.com/

const uint8_t PROGMEM frame10[1024] = {
  0x41, 0x6d, 0x7f, 0xff, 0x7f, 0xbf, 0xbf, 0xbb, 0x76, 0xdb, 0x6d, 0xb6, 0xda, 0xd7, 0xbb, 0xaa,
  0x2a, 0x95, 0xa4, 0xaa, 0xd5, 0x6a, 0xea, 0xed, 0xad, 0xad, 0xb6, 0xdb, 0x6d, 0x5e, 0xdd, 0x57,
  0x90, 0xaa, 0xb7, 0x6f, 0xbf, 0xfd, 0xbd, 0xb6, 0xdb, 0x76, 0xdb, 0x6d, 0xb6, 0xeb, 0x66, 0xd9,
  0x4a, 0xaa, 0xaa, 0xda, 0xea, 0xab, 0xd7, 0x5a, 0x56, 0xab, 0x6d, 0xb6, 0xab, 0x2a, 0xb5, 0x24,
  0x52, 0x55, 0x5b, 0x77, 0x7f, 0x7e, 0xfa, 0xeb, 0x4d, 0xad, 0xb6, 0xda, 0xda, 0xda, 0x90, 0x81,
  0x25, 0x4a, 0xad, 0xbb, 0xaa, 0xd7, 0x55, 0x55, 0x5a, 0xaa, 0xdb, 0x6b, 0x6d, 0x6a, 0xa5, 0x28,
  0x91, 0x2a, 0xd6, 0xd6, 0xff, 0xfa, 0xd5, 0xb5, 0x56, 0xab, 0x6d, 0xb6, 0xb5, 0x94, 0x10, 0x02,
  0x4a, 0xaa, 0xb5, 0xbd, 0xaa, 0xaf, 0xa5, 0xd5, 0x5b, 0x55, 0x56, 0xab, 0xaa, 0xa2, 0xca, 0xa0,
  0x52, 0x55, 0x5b, 0x6e, 0xf7, 0x75, 0x52, 0xaa, 0xad, 0x4a, 0xb5, 0xdd, 0x55, 0x5a, 0x20, 0x14,
  0x25, 0x55, 0x56, 0xf7, 0x5d, 0xde, 0x8b, 0xb5, 0x2a, 0xaa, 0xae, 0xb5, 0xaa, 0xa2, 0x95, 0x41,
  0x92, 0xaa, 0xb5, 0xad, 0xf7, 0x75, 0x25, 0x54, 0x9d, 0xa5, 0x53, 0x6d, 0x5a, 0x8a, 0x40, 0x00,
  0x49, 0x2a, 0xde, 0xf6, 0xad, 0xda, 0xd7, 0xaa, 0xaa, 0xaa, 0x2d, 0xb5, 0x6b, 0x64, 0x00, 0x00,
  0x54, 0xaa, 0xab, 0x5d, 0xfe, 0xe9, 0x75, 0x6a, 0x1d, 0x52, 0x95, 0x55, 0x54, 0x89, 0x20, 0x00,
  0x22, 0xaa, 0xaa, 0xeb, 0x57, 0x6b, 0x96, 0xa9, 0xab, 0x55, 0x55, 0xb6, 0xa0, 0x64, 0x04, 0x90,
  0x95, 0x55, 0x6f, 0x5f, 0xfa, 0xd5, 0x7b, 0xd6, 0xaa, 0xd2, 0xca, 0xaa, 0x89, 0x24, 0xa0, 0x40,
  0x49, 0x55, 0xb5, 0xea, 0xaf, 0xab, 0xae, 0xb5, 0x6d, 0x5a, 0x65, 0x5a, 0x20, 0xa4, 0x15, 0x10,
  0x52, 0x55, 0x56, 0xbe, 0xf5, 0x6d, 0x75, 0xae, 0xb5, 0x55, 0x55, 0x6b, 0x04, 0x4a, 0x50, 0x80,
  0x25, 0x55, 0x5a, 0xd5, 0xaf, 0xab, 0xbe, 0xb5, 0xab, 0x6a, 0xb2, 0xaa, 0x42, 0xa0, 0xa2, 0x20,
  0x92, 0xaa, 0xab, 0x77, 0x7a, 0xbd, 0xd5, 0xd4, 0x95, 0x55, 0xb9, 0x55, 0x11, 0x4c, 0x90, 0x88,
  0x4a, 0x55, 0x6d, 0xad, 0xdf, 0xab, 0x6a, 0xab, 0x68, 0xaa, 0xd5, 0x55, 0x25, 0x45, 0x44, 0xa0,
  0x25, 0x55, 0x56, 0xde, 0xb5, 0x5e, 0xdd, 0x55, 0x2b, 0x15, 0x59, 0x55, 0x05, 0x52, 0x51, 0x00,
  0x92, 0xaa, 0xab, 0x6b, 0xde, 0xb7, 0xaa, 0xaa, 0xd5, 0x62, 0x54, 0xaa, 0x92, 0xa9, 0x48, 0xa0,
  0x49, 0x55, 0x6d, 0xb5, 0x6b, 0x5a, 0xd5, 0x5b, 0x55, 0x59, 0x2a, 0x55, 0x05, 0x44, 0xa4, 0x48,
  0x25, 0x2a, 0xaa, 0xde, 0xdd, 0x6f, 0x7d, 0x6d, 0xb6, 0x86, 0x94, 0xaa, 0x51, 0x54, 0x22, 0x02,
  0x94, 0xaa, 0xb6, 0xab, 0x77, 0x3b, 0xab, 0xb6, 0xda, 0xd1, 0x44, 0xaa, 0x85, 0x4a, 0x90, 0xa0,
  0x4a, 0xaa, 0xab, 0x75, 0xad, 0x5e, 0xb6, 0xfb, 0x6b, 0x5a, 0x11, 0x55, 0x35, 0x48, 0x42, 0x04,
  0x25, 0x55, 0x55, 0xae, 0xf6, 0xb6, 0xef, 0xad, 0xb5, 0x55, 0x44, 0x55, 0x44, 0x64, 0x20, 0x00,
  0x92, 0xaa, 0xb6, 0xb5, 0x5b, 0x6d, 0x5d, 0xf6, 0xdd, 0xaa, 0xa2, 0xaa, 0x09, 0x25, 0x00, 0x00,
  0x4a, 0x55, 0x5a, 0xdb, 0xb6, 0x7d, 0xf6, 0xad, 0xaa, 0xb5, 0x50, 0xab, 0x20, 0xa8, 0x48, 0x10,
  0x25, 0x4a, 0xab, 0x6d, 0x6d, 0x5b, 0x5f, 0x76, 0xdb, 0x55, 0x54, 0xaa, 0x84, 0x44, 0x20, 0x42,
  0x92, 0xaa, 0xaa, 0xab, 0xb6, 0xbd, 0xf5, 0xad, 0x6d, 0x4a, 0xa8, 0x55, 0x12, 0xaa, 0x01, 0x00,
  0x49, 0x2a, 0xad, 0xb5, 0x5a, 0xef, 0x7a, 0xb7, 0xaa, 0xaa, 0xa5, 0x55, 0x01, 0x44, 0x00, 0x10,
  0x25, 0x55, 0x55, 0x5a, 0xee, 0x7b, 0xdd, 0x5a, 0xb6, 0xaa, 0xa8, 0x55, 0x29, 0x29, 0x10, 0x40,
  0xaa, 0xaa, 0xb6, 0xd7, 0x55, 0x5d, 0x76, 0xd5, 0xaa, 0xa5, 0x56, 0x55, 0x04, 0xa4, 0x01, 0x08,
  0x55, 0x25, 0x55, 0x6d, 0x7a, 0xbf, 0xdb, 0x6e, 0xaa, 0xaa, 0xa1, 0x2a, 0x42, 0xaa, 0x40, 0x20,
  0xfa, 0xaa, 0xab, 0x55, 0xae, 0xfa, 0xfd, 0xb5, 0xad, 0x55, 0x54, 0xaa, 0x92, 0x84, 0x21, 0x00,
  0xaa, 0xaa, 0xad, 0x6e, 0xb5, 0x2f, 0xae, 0xda, 0xab, 0x55, 0x4a, 0xaa, 0x09, 0x69, 0x00, 0x20,
  0xbd, 0x4a, 0xaa, 0xb5, 0x55, 0x7d, 0xf5, 0x6a, 0xa5, 0x52, 0xa4, 0x55, 0x45, 0x08, 0xa0, 0x82,
  0xaa, 0xa9, 0x55, 0xaa, 0xed, 0x7f, 0x5f, 0xb5, 0x55, 0x55, 0x12, 0x95, 0x0a, 0xa4, 0x02, 0x08,
  0x56, 0x25, 0x55, 0x56, 0xaa, 0xbd, 0xf5, 0x5f, 0x5a, 0xae, 0xca, 0x54, 0x25, 0x55, 0x00, 0x40,
  0x0a, 0x94, 0xaa, 0xaa, 0xb6, 0xff, 0x5d, 0xd3, 0xab, 0x5b, 0x50, 0xab, 0x0b, 0x20, 0x00, 0x20,
  0xaa, 0x52, 0x95, 0x55, 0x55, 0x3d, 0xab, 0x5d, 0x55, 0x75, 0x4a, 0x54, 0xa5, 0x4c, 0x41, 0x00,
  0x15, 0x2a, 0x55, 0x55, 0x5a, 0xef, 0x7e, 0xa5, 0x54, 0xad, 0x68, 0x92, 0x16, 0xa2, 0x14, 0x48,
  0x4a, 0x93, 0x52, 0xaa, 0xaa, 0x7f, 0xd5, 0xad, 0x22, 0x75, 0xa9, 0x55, 0x42, 0x48, 0x00, 0x01,
  0x15, 0x4d, 0x5a, 0xaa, 0xd5, 0x5e, 0xbe, 0xaa, 0x08, 0xaa, 0xa8, 0x55, 0x0b, 0x24, 0x00, 0x00,
  0x4a, 0x55, 0x6a, 0xab, 0x5a, 0x6b, 0xf5, 0x54, 0xa2, 0x5a, 0xaa, 0x92, 0x00, 0x4a, 0x20, 0x00,
  0x0d, 0x6a, 0xb5, 0x55, 0x57, 0x5d, 0x5e, 0xd8, 0x54, 0x6a, 0xa8, 0x54, 0x8b, 0x20, 0x00, 0x00,
  0x49, 0x5b, 0xd6, 0xbf, 0x79, 0x6a, 0xf5, 0x55, 0x21, 0x55, 0x54, 0x92, 0x00, 0x8a, 0x01, 0x10,
  0x15, 0xad, 0x5b, 0x6a, 0xca, 0xb7, 0xbb, 0x56, 0xd4, 0xaa, 0xa0, 0x55, 0x24, 0x50, 0x04, 0x00,
  0x4a, 0xd6, 0xd5, 0xfb, 0x6a, 0x88, 0xd5, 0xbb, 0xb2, 0x55, 0x4a, 0x90, 0x06, 0x0a, 0x00, 0x00,
  0x15, 0x6d, 0xb6, 0xad, 0x2a, 0x85, 0x7e, 0xfd, 0x6d, 0x55, 0x10, 0x56, 0x89, 0x20, 0x10, 0x54,
  0xaa, 0xb6, 0xdb, 0xd5, 0x55, 0x50, 0xaa, 0xf6, 0xd4, 0x94, 0x84, 0x29, 0x04, 0x00, 0x04, 0x00,
  0xaa, 0xdb, 0x6a, 0xe8, 0x8a, 0x03, 0x77, 0xdf, 0x5a, 0xa5, 0x21, 0x44, 0xaa, 0xaa, 0x01, 0x14,
  0xfd, 0x6b, 0xb5, 0xaa, 0x55, 0x48, 0xad, 0xfa, 0xab, 0x48, 0x08, 0x32, 0xa9, 0x00, 0x54, 0x00,
  0xaa, 0xa6, 0xdb, 0x75, 0x28, 0x82, 0xf7, 0xbd, 0x55, 0x52, 0xa5, 0x4a, 0x54, 0xca, 0x00, 0xa4,
  0xa8, 0x57, 0x6d, 0xd9, 0x4a, 0x29, 0x2f, 0xf7, 0x6d, 0x55, 0x55, 0x29, 0x05, 0x25, 0x54, 0x00,
  0xaa, 0x35, 0xb5, 0xd5, 0x25, 0x05, 0x7f, 0xfd, 0xb5, 0x65, 0x54, 0xa4, 0xb2, 0x40, 0x01, 0x49,
  0xf5, 0x2a, 0xab, 0x6a, 0xb0, 0xa5, 0x57, 0x7e, 0xaa, 0xaa, 0xaa, 0xaa, 0x89, 0x15, 0x52, 0x00,
  0xae, 0xbd, 0x55, 0xf5, 0x4a, 0x12, 0xef, 0xf5, 0x55, 0xaa, 0xa5, 0x50, 0xa4, 0xa0, 0x00, 0x24,
  0xb5, 0xd5, 0x25, 0x55, 0x25, 0x45, 0x5e, 0xfe, 0xda, 0xa9, 0x54, 0x8a, 0x52, 0x4a, 0xa9, 0x00,
  0xad, 0x6e, 0xaa, 0xb4, 0xa8, 0x12, 0xeb, 0xeb, 0x6b, 0x6a, 0xaa, 0xa4, 0x89, 0x24, 0x00, 0x48,
  0xb6, 0xb5, 0x49, 0x25, 0x45, 0x45, 0x5f, 0x7d, 0xad, 0x55, 0x49, 0x28, 0x54, 0x92, 0xaa, 0x02,
  0x55, 0x5a, 0xa4, 0x95, 0x50, 0x13, 0xb3, 0xda, 0xa5, 0x55, 0x2a, 0x91, 0x02, 0x49, 0x20, 0xa0,
  0xaa, 0xd7, 0x52, 0x48, 0x95, 0x0a, 0xda, 0xf7, 0x52, 0xa4, 0xa9, 0x49, 0x51, 0x14, 0xaa, 0x08
};
// Author :- Ashish ( ashish_y_794 )
// Website : https://www.oledanimationmaker.com/

const uint8_t PROGMEM frame11[1024] = {
  0x44, 0xdd, 0xf7, 0xff, 0xff, 0xff, 0xff, 0xff, 0x7b, 0xb6, 0xee, 0xee, 0xdb, 0x6f, 0xf6, 0xda,
  0xa9, 0x25, 0x2d, 0x55, 0x55, 0x55, 0x55, 0x55, 0xad, 0x6d, 0xb5, 0xb5, 0xb6, 0xb6, 0xbb, 0xab,
  0x24, 0xaa, 0xab, 0x7e, 0xff, 0xff, 0xff, 0xfa, 0xf7, 0xb6, 0xde, 0xde, 0xdb, 0x5b, 0xad, 0x75,
  0x92, 0x2a, 0xb5, 0xab, 0xaa, 0xaa, 0xaa, 0xaf, 0x5d, 0x6d, 0xb5, 0xb3, 0x6d, 0xd5, 0x55, 0x56,
  0x54, 0xaa, 0xde, 0xdd, 0xff, 0xff, 0xff, 0xf5, 0xeb, 0xb7, 0x6e, 0xdd, 0xb6, 0xb6, 0xd5, 0x5b,
  0x52, 0xaa, 0xa5, 0xb6, 0xaa, 0xaa, 0xaa, 0xad, 0x5d, 0xdd, 0xdb, 0x6e, 0xda, 0xda, 0xaa, 0xa9,
  0x49, 0x2a, 0xbb, 0x7b, 0xff, 0xff, 0xfe, 0xd6, 0xa6, 0xb6, 0xb6, 0xd5, 0xad, 0x6b, 0x55, 0x4a,
  0x54, 0xaa, 0xcd, 0xde, 0xaa, 0xaa, 0xaa, 0xba, 0x95, 0xd5, 0xed, 0xfb, 0x77, 0xaa, 0x48, 0x20,
  0x4a, 0xaa, 0xb6, 0xb5, 0xff, 0xff, 0xf5, 0xd5, 0x4e, 0xab, 0x5b, 0x56, 0xda, 0xa9, 0x22, 0x00,
  0x52, 0x55, 0x55, 0xdf, 0x55, 0x55, 0x55, 0x6b, 0x55, 0xaa, 0xee, 0xdb, 0x6a, 0xa4, 0x91, 0x55,
  0x55, 0x2a, 0xb6, 0xeb, 0xff, 0xff, 0xa7, 0xb5, 0xae, 0xab, 0x5b, 0x6d, 0xaa, 0x95, 0x24, 0x00,
  0x48, 0xaa, 0xdb, 0x5d, 0x55, 0x55, 0x52, 0xd5, 0x5b, 0x55, 0x6d, 0xb6, 0xaa, 0xa8, 0x89, 0x54,
  0x55, 0x55, 0x55, 0xf7, 0xff, 0xfe, 0x97, 0x55, 0x6d, 0xaa, 0xb6, 0xda, 0xb6, 0x95, 0x20, 0x01,
  0x49, 0x55, 0x5b, 0x5d, 0x55, 0x55, 0x6a, 0xea, 0xb6, 0xaa, 0xab, 0x6d, 0xaa, 0xa2, 0x04, 0x00,
  0x54, 0xab, 0x6d, 0xb7, 0xff, 0xfa, 0xb7, 0x55, 0x7b, 0x55, 0x2d, 0xb5, 0x6a, 0x98, 0x80, 0x01,
  0x4a, 0xaa, 0xaa, 0xed, 0x55, 0x55, 0xd5, 0xb5, 0x55, 0xaa, 0xaa, 0xdb, 0x41, 0x20, 0x00, 0x80,
  0x51, 0x2a, 0xb7, 0x5b, 0xff, 0xf5, 0x7e, 0xd6, 0xde, 0xd5, 0x56, 0xad, 0x15, 0x95, 0x25, 0x02,
  0x4a, 0xaa, 0xaa, 0xfe, 0xaa, 0xab, 0xab, 0x75, 0x6a, 0xaa, 0xab, 0x6a, 0x40, 0x90, 0x88, 0x00,
  0x54, 0xaa, 0xb7, 0x55, 0xff, 0xd6, 0xfd, 0xaf, 0xb6, 0xd5, 0x65, 0x54, 0x12, 0xa9, 0x45, 0x11,
  0x4a, 0xaa, 0xda, 0xef, 0x55, 0x6d, 0xae, 0xda, 0xdb, 0x6a, 0xaa, 0xb5, 0x09, 0x11, 0x20, 0x40,
  0x51, 0x55, 0x55, 0xb5, 0xff, 0xb7, 0xfb, 0x6a, 0xaa, 0xbd, 0x72, 0xd4, 0xa5, 0xa5, 0x0a, 0x80,
  0x4a, 0x55, 0x56, 0xde, 0xaa, 0xdd, 0x56, 0xb5, 0x55, 0x56, 0xd5, 0x5a, 0x15, 0x12, 0xa2, 0x01,
  0x55, 0x55, 0x5b, 0x6b, 0xff, 0x57, 0xfa, 0xd6, 0xaa, 0xa5, 0x6a, 0xaa, 0x8a, 0xaa, 0x89, 0x00,
  0x49, 0x55, 0xaa, 0xbd, 0x55, 0xbd, 0xab, 0x55, 0x55, 0x52, 0xb2, 0xaa, 0x25, 0x49, 0x24, 0x80,
  0x52, 0x55, 0x5b, 0xd7, 0xbb, 0x57, 0xaa, 0xbb, 0xea, 0xa9, 0x29, 0x54, 0x8a, 0x92, 0x92, 0x02,
  0x49, 0x55, 0x6d, 0x6a, 0xde, 0xbd, 0xfe, 0xd6, 0xbd, 0x56, 0x9a, 0xb5, 0x15, 0x51, 0x40, 0xa0,
  0x55, 0x55, 0x55, 0x5d, 0x6b, 0xaf, 0x55, 0xfd, 0xa6, 0xa8, 0xa9, 0x54, 0x55, 0x28, 0x88, 0x09,
  0x44, 0xaa, 0xab, 0x6b, 0xbd, 0x5b, 0x7b, 0x56, 0xfb, 0x55, 0x04, 0xaa, 0xaa, 0x92, 0x01, 0x00,
  0x2a, 0x95, 0x55, 0xb6, 0xd7, 0x7e, 0xaf, 0xfb, 0xad, 0xaa, 0xa9, 0x5a, 0x81, 0x48, 0x80, 0x00,
  0xa2, 0x6a, 0xb6, 0xdb, 0x7a, 0xae, 0xfa, 0xad, 0x6a, 0xb5, 0x42, 0xaa, 0x2a, 0xa1, 0x10, 0x22,
  0x55, 0x55, 0x55, 0x56, 0xd7, 0x5b, 0xae, 0xd7, 0xb6, 0xaa, 0xa4, 0xd4, 0x81, 0x14, 0x00, 0x80,
  0x22, 0xaa, 0xab, 0x6d, 0xba, 0xbe, 0xf5, 0x6d, 0x5a, 0xaa, 0xa2, 0x5a, 0x2a, 0xa8, 0x82, 0x02,
  0x94, 0x95, 0x5a, 0xb6, 0xd7, 0x7d, 0xdd, 0xb6, 0xed, 0x4a, 0xb1, 0x54, 0x81, 0x50, 0x08, 0x08,
  0x52, 0xaa, 0xab, 0x5b, 0x5d, 0x5f, 0x76, 0xab, 0x55, 0x55, 0x4a, 0xaa, 0x15, 0x10, 0x20, 0x40,
  0x4a, 0xaa, 0xb5, 0xad, 0x6b, 0x77, 0xfb, 0x5d, 0xb6, 0xaa, 0xa8, 0xaa, 0x45, 0x48, 0x01, 0x01,
  0xaa, 0x55, 0x56, 0xeb, 0xb6, 0xbd, 0x5d, 0xb6, 0xaa, 0x92, 0xaa, 0xb4, 0x92, 0xa1, 0x04, 0x20,
  0x5e, 0xaa, 0xaa, 0xb5, 0x5b, 0x5f, 0xf6, 0xdb, 0x5b, 0x55, 0x51, 0x55, 0x09, 0x28, 0x81, 0x02,
  0xb6, 0xd2, 0xb6, 0xae, 0xed, 0x7e, 0xdd, 0xad, 0xaa, 0xaa, 0x95, 0x54, 0x25, 0x52, 0x00, 0x00,
  0xfb, 0x55, 0x55, 0xb5, 0x56, 0xbf, 0xf7, 0x74, 0xaa, 0xaa, 0xa9, 0x55, 0x0a, 0x88, 0x84, 0x41,
  0xa6, 0xaa, 0xaa, 0xab, 0x6b, 0x6d, 0x5d, 0xaa, 0xad, 0xaa, 0x94, 0xaa, 0x55, 0x52, 0x01, 0x00,
  0xd5, 0xa5, 0x55, 0x55, 0x5d, 0x7f, 0xf6, 0xff, 0x55, 0x5d, 0x42, 0x54, 0x15, 0x20, 0x04, 0x02,
  0xaa, 0x94, 0xaa, 0xb6, 0xaa, 0xbf, 0x5d, 0xa5, 0xd6, 0xb6, 0xa9, 0x54, 0x95, 0x54, 0x01, 0x20,
  0xa5, 0x4a, 0x55, 0x55, 0x6d, 0x7f, 0xeb, 0x5b, 0x55, 0x6b, 0x54, 0xaa, 0x2c, 0x80, 0x44, 0x00,
  0x52, 0xa9, 0x4a, 0xaa, 0xb6, 0xae, 0xbe, 0xd5, 0x55, 0x75, 0x41, 0x51, 0x56, 0xa9, 0x10, 0x81,
  0x8b, 0x45, 0x55, 0x55, 0x55, 0x7f, 0xeb, 0x56, 0x50, 0xda, 0xb4, 0xac, 0x0a, 0x10, 0x42, 0x10,
  0x42, 0xaa, 0xda, 0xab, 0x55, 0x5f, 0xbe, 0xd9, 0x05, 0x6b, 0x51, 0x24, 0x89, 0xa0, 0x00, 0x02,
  0x2a, 0x96, 0xad, 0x55, 0x6d, 0x6b, 0xeb, 0x54, 0xa8, 0xad, 0x54, 0xaa, 0x24, 0x48, 0x00, 0x00,
  0x82, 0xba, 0xf5, 0xad, 0xb7, 0x5d, 0x7d, 0x5a, 0x44, 0xd5, 0x51, 0x50, 0x0a, 0x90, 0x00, 0x00,
  0x12, 0xab, 0x56, 0xbe, 0xda, 0xb7, 0x57, 0x6a, 0xb1, 0x55, 0x54, 0x55, 0x09, 0x20, 0x00, 0x00,
  0x45, 0x5b, 0xbb, 0x6b, 0x6a, 0xda, 0xfa, 0xb7, 0xd5, 0x5a, 0xa1, 0x48, 0x24, 0x90, 0x80, 0x01,
  0x12, 0xad, 0x6a, 0xfd, 0xaa, 0x85, 0x6d, 0xfd, 0x69, 0x55, 0x14, 0xa4, 0x92, 0x20, 0x11, 0x40,
  0xa5, 0x77, 0xb7, 0x55, 0x55, 0x51, 0x5b, 0x76, 0xb4, 0xaa, 0x40, 0x94, 0x14, 0x04, 0x04, 0x00,
  0x55, 0x5a, 0xda, 0xea, 0xaa, 0x84, 0xef, 0xfd, 0xae, 0x91, 0x14, 0x52, 0x10, 0x80, 0x20, 0xa2,
  0xbe, 0xad, 0x6d, 0xba, 0x4a, 0x42, 0xb5, 0xb6, 0xb2, 0xaa, 0x41, 0x55, 0xaa, 0x28, 0x02, 0x00,
  0xeb, 0x55, 0xf6, 0xd5, 0x25, 0x29, 0x5f, 0xfd, 0x5b, 0x40, 0x08, 0xa4, 0xa5, 0x40, 0xa8, 0x20,
  0xbd, 0x35, 0x5a, 0xfa, 0x95, 0x44, 0xb7, 0xbb, 0xaa, 0xad, 0xa5, 0x2a, 0x55, 0x15, 0x01, 0x09,
  0xd2, 0x8b, 0xd5, 0xaa, 0x54, 0x82, 0xaf, 0xfd, 0x6a, 0xa5, 0x55, 0x51, 0x24, 0x90, 0x54, 0x40,
  0xee, 0xad, 0x5a, 0xf5, 0x52, 0x2a, 0xde, 0xf6, 0xad, 0xaa, 0xaa, 0xa5, 0x52, 0x25, 0x01, 0x14,
  0x5b, 0x56, 0xab, 0xba, 0xa9, 0x45, 0x77, 0xfd, 0xb5, 0x55, 0x54, 0x92, 0x09, 0x40, 0x90, 0x00,
  0xed, 0xdb, 0x54, 0xd6, 0xaa, 0x12, 0xaf, 0x6e, 0xd6, 0xaa, 0xaa, 0xa9, 0xaa, 0x15, 0x04, 0x91,
  0xb6, 0xb6, 0xa5, 0x5a, 0xa5, 0x45, 0x75, 0xfb, 0x5a, 0xd5, 0x4a, 0x44, 0x49, 0x48, 0x50, 0x04,
  0x55, 0x5b, 0xaa, 0x55, 0x50, 0x92, 0xd7, 0x6d, 0x4b, 0x2a, 0xa9, 0x52, 0xa4, 0xa5, 0x02, 0x40,
  0xab, 0x6d, 0x51, 0x49, 0x4a, 0x0b, 0x6a, 0xf6, 0xa4, 0xa9, 0x55, 0x21, 0x12, 0x52, 0x51, 0x10,
  0xb5, 0x55, 0xad, 0x25, 0x2a, 0x45, 0xb7, 0xaa, 0x92, 0xa5, 0x24, 0x94, 0x48, 0xaa, 0x88, 0x04
};
// Author :- Ashish ( ashish_y_794 )
// Website : https://www.oledanimationmaker.com/

const uint8_t PROGMEM frame12[1024] = {
  0x92, 0xdd, 0xf7, 0xff, 0xff, 0xff, 0xff, 0xff, 0xbf, 0x77, 0xbe, 0xf7, 0x76, 0xdf, 0xfb, 0xd6,
  0x49, 0x25, 0x2d, 0x55, 0x55, 0x55, 0x55, 0x55, 0x6a, 0xdd, 0x6b, 0xad, 0xad, 0xab, 0x56, 0xbb,
  0xa4, 0xaa, 0xd6, 0xef, 0xff, 0xff, 0xff, 0xff, 0xbd, 0xb6, 0xf6, 0xde, 0xf6, 0xf7, 0x6d, 0xd5,
  0x54, 0x55, 0x5b, 0x5a, 0xaa, 0xaa, 0xaa, 0xaa, 0xef, 0x6b, 0xad, 0xb5, 0xab, 0x5a, 0xaa, 0x56,
  0xaa, 0x95, 0x6d, 0xff, 0xff, 0xff, 0xff, 0xff, 0x75, 0xde, 0xde, 0xee, 0xdd, 0xab, 0x55, 0xba,
  0x49, 0x55, 0xab, 0x55, 0x56, 0xdb, 0x6d, 0xaa, 0xde, 0xf5, 0xb5, 0xb7, 0x76, 0xda, 0xda, 0xab,
  0xa4, 0xaa, 0xb6, 0xff, 0xfd, 0xef, 0xbb, 0xfd, 0x55, 0xaf, 0x7b, 0xda, 0xdb, 0x6d, 0x6a, 0xa9,
  0x55, 0x2b, 0x5b, 0x55, 0x5b, 0x7a, 0xee, 0xaa, 0xd6, 0xd5, 0xd6, 0xbd, 0xad, 0xb5, 0x94, 0x44,
  0x94, 0xaa, 0xad, 0xff, 0xff, 0xdf, 0xbb, 0xd7, 0x55, 0xb5, 0x7f, 0xd7, 0x76, 0xd4, 0x42, 0x10,
  0x52, 0xaa, 0xd6, 0xaa, 0xaa, 0xea, 0xed, 0x6a, 0xcb, 0x56, 0xd5, 0x7a, 0xdb, 0x55, 0x29, 0x42,
  0xaa, 0x55, 0x5b, 0xdf, 0xff, 0xbf, 0xab, 0xb7, 0x77, 0xaa, 0xbb, 0xaf, 0x6a, 0x92, 0x90, 0x10,
  0x49, 0x55, 0xad, 0x75, 0x56, 0xed, 0xae, 0xa9, 0xad, 0x6a, 0xd6, 0xd5, 0xaa, 0xa9, 0x25, 0x44,
  0x55, 0x56, 0xb6, 0xdf, 0xfd, 0xbe, 0x95, 0xd6, 0xd6, 0xaa, 0xbb, 0x7a, 0xb5, 0x54, 0x88, 0x12,
  0x54, 0xaa, 0xab, 0x75, 0x6f, 0xea, 0xb7, 0x5a, 0xbd, 0xd5, 0x56, 0xd6, 0xd6, 0x92, 0x42, 0x40,
  0x92, 0xaa, 0xdd, 0xdf, 0xba, 0xbd, 0x6d, 0xaa, 0xf7, 0x55, 0x6d, 0xbb, 0x5a, 0xa9, 0x00, 0x01,
  0x54, 0xab, 0x56, 0xb5, 0xef, 0xea, 0xde, 0xd5, 0x5d, 0x6a, 0x97, 0x6a, 0xaa, 0x90, 0x08, 0x00,
  0x4a, 0xaa, 0xb5, 0xee, 0xbb, 0x7b, 0xb7, 0x6b, 0x76, 0xaa, 0xb5, 0xb6, 0xa1, 0x29, 0x20, 0x02,
  0x54, 0x95, 0x5b, 0x5b, 0xee, 0xd5, 0xda, 0xb5, 0xbb, 0xd5, 0x4d, 0x5a, 0x09, 0x90, 0x85, 0x00,
  0xa5, 0x55, 0xad, 0xfe, 0xbb, 0xeb, 0x6f, 0xee, 0xd5, 0x6a, 0xab, 0x6a, 0xa2, 0x49, 0x22, 0x42,
  0x52, 0xaa, 0xb6, 0xab, 0xee, 0xad, 0xbd, 0x5b, 0x6e, 0xaa, 0xe5, 0xac, 0x09, 0xa2, 0x88, 0x00,
  0x49, 0x56, 0xab, 0x76, 0xbb, 0xdf, 0x77, 0x76, 0xb5, 0xda, 0x55, 0x6a, 0xa2, 0x19, 0x25, 0x01,
  0x54, 0xaa, 0xda, 0xdd, 0xef, 0x6b, 0xdd, 0xaa, 0xd6, 0xb7, 0x75, 0xac, 0x15, 0xa2, 0x82, 0x40,
  0x4a, 0xaa, 0xad, 0xb7, 0x7b, 0xbd, 0x76, 0xdb, 0x55, 0x5a, 0xd2, 0xb5, 0x4a, 0x95, 0x29, 0x02,
  0x52, 0xab, 0x56, 0xdb, 0xae, 0xd7, 0xda, 0xad, 0x5a, 0x85, 0x6a, 0xaa, 0x15, 0x52, 0x84, 0x00,
  0x54, 0xaa, 0xb5, 0xb6, 0xf7, 0x5d, 0xed, 0xb5, 0xaa, 0xea, 0xb9, 0x54, 0x8a, 0x92, 0xa5, 0x41,
  0x4a, 0xaa, 0xaa, 0xdb, 0x5b, 0x57, 0x56, 0xdb, 0x6d, 0x2a, 0x55, 0x6a, 0x26, 0xa9, 0x10, 0x04,
  0x51, 0x2a, 0xb7, 0x6d, 0xee, 0xbf, 0xfb, 0x6e, 0xd6, 0xd5, 0x29, 0x55, 0x15, 0x21, 0x45, 0x20,
  0x4a, 0xaa, 0xd5, 0xb6, 0xbb, 0xab, 0x5d, 0xbb, 0xbb, 0x52, 0x95, 0x54, 0xd5, 0x94, 0x80, 0x02,
  0x55, 0x55, 0x5a, 0xdb, 0xdd, 0x7f, 0x6f, 0xed, 0x6d, 0x5a, 0x49, 0x6d, 0x29, 0x21, 0x00, 0x08,
  0x49, 0x56, 0xab, 0x6d, 0x6b, 0x9b, 0x75, 0x77, 0xdb, 0x6a, 0x84, 0xaa, 0x45, 0x54, 0x11, 0x20,
  0x54, 0xaa, 0xad, 0xab, 0xbe, 0xbe, 0xdf, 0x5d, 0x6d, 0x55, 0x62, 0xb4, 0x91, 0x21, 0x00, 0x01,
  0x4a, 0xaa, 0xb5, 0x76, 0xd5, 0xb7, 0xf5, 0xab, 0xb6, 0xaa, 0xa5, 0x55, 0x05, 0x50, 0x80, 0x00,
  0x51, 0x55, 0x56, 0xad, 0x6e, 0xbd, 0x5a, 0xbd, 0x6a, 0xab, 0x51, 0x5a, 0x22, 0x94, 0x12, 0x44,
  0x4a, 0xaa, 0xab, 0x57, 0x5b, 0x6f, 0xfd, 0xd6, 0xdd, 0x55, 0x54, 0xaa, 0x15, 0x20, 0x80, 0x01,
  0xa9, 0x2a, 0xb5, 0xba, 0xed, 0xbe, 0xd6, 0xab, 0x6a, 0xaa, 0xa9, 0x54, 0x84, 0xa8, 0x02, 0x40,
  0x55, 0x55, 0x56, 0xd6, 0xb6, 0xbf, 0xfb, 0x76, 0xad, 0x4a, 0xa5, 0x6a, 0x2a, 0x90, 0x08, 0x04,
  0x5d, 0x55, 0x5a, 0xb5, 0xdb, 0x6d, 0x6e, 0xad, 0xd6, 0xaa, 0x94, 0xaa, 0x45, 0x49, 0x01, 0x41,
  0xaf, 0x55, 0x55, 0x5b, 0x6d, 0x5f, 0xfb, 0xdb, 0x5a, 0xaa, 0xa9, 0x54, 0x92, 0xa0, 0x84, 0x00,
  0x75, 0xaa, 0xab, 0xad, 0x57, 0x7f, 0x5e, 0xb5, 0x55, 0xaa, 0xaa, 0xaa, 0x0a, 0x2a, 0x00, 0x04,
  0xdb, 0x55, 0x55, 0x6b, 0x7a, 0xbf, 0xf5, 0xda, 0xaa, 0xaa, 0x91, 0x54, 0xa5, 0x90, 0x82, 0x40,
  0xea, 0xd2, 0xaa, 0xad, 0xab, 0x6d, 0x5f, 0x6e, 0xad, 0x5a, 0xaa, 0x54, 0x1a, 0x48, 0x08, 0x02,
  0xa5, 0x4a, 0xad, 0x55, 0x55, 0x7f, 0xf5, 0xb7, 0xb5, 0xae, 0x91, 0x55, 0x2a, 0xa2, 0x02, 0x80,
  0xaa, 0xaa, 0x52, 0xaa, 0xbb, 0x5f, 0xbe, 0xda, 0xd6, 0xf5, 0x4a, 0xaa, 0x15, 0x10, 0x00, 0x00,
  0xa5, 0x55, 0x55, 0x5b, 0x4d, 0x7f, 0xd5, 0xab, 0x29, 0x5b, 0x50, 0xa8, 0xd5, 0x51, 0x24, 0x82,
  0x52, 0xa2, 0xaa, 0xaa, 0xb5, 0x5f, 0x7e, 0xd5, 0x55, 0x6a, 0xca, 0xaa, 0x2d, 0x24, 0x40, 0x20,
  0x85, 0x95, 0x55, 0x55, 0x56, 0xbf, 0xd7, 0x54, 0x80, 0xb5, 0x68, 0xaa, 0x05, 0x10, 0x04, 0x04,
  0x52, 0xaa, 0xdd, 0xad, 0xaa, 0xb7, 0x7a, 0xad, 0x2a, 0xda, 0xa2, 0xa8, 0x94, 0xa0, 0x00, 0x00,
  0x82, 0xad, 0x6a, 0xb5, 0x6f, 0x5b, 0xde, 0xd4, 0xa8, 0xab, 0x58, 0x94, 0x0a, 0x90, 0x00, 0x01,
  0x2a, 0xb7, 0xb7, 0x57, 0xba, 0xed, 0x75, 0x6a, 0x92, 0xd5, 0x52, 0x52, 0x49, 0x28, 0x00, 0x00,
  0x82, 0xaa, 0xda, 0xfd, 0x6a, 0xb7, 0xdf, 0xbd, 0xe4, 0xb5, 0x49, 0x54, 0x04, 0x80, 0x40, 0x02,
  0x29, 0x5d, 0x6d, 0xab, 0xaa, 0x94, 0xb5, 0x6b, 0x59, 0x55, 0x50, 0xa2, 0x29, 0x28, 0x01, 0x20,
  0x93, 0x6b, 0xb6, 0xfd, 0x55, 0x42, 0x7a, 0xfe, 0xd5, 0x55, 0x0a, 0x54, 0x14, 0x00, 0x10, 0x80,
  0xaa, 0xb6, 0xdb, 0x55, 0x56, 0xa9, 0x57, 0xfb, 0x6a, 0xaa, 0x40, 0x92, 0x50, 0x40, 0x44, 0x21,
  0xb5, 0x5b, 0x75, 0xea, 0x92, 0x82, 0xfb, 0xb6, 0xb5, 0x10, 0x29, 0x55, 0x0a, 0x10, 0x01, 0x00,
  0xef, 0xad, 0xdd, 0x59, 0x2a, 0xa5, 0x2f, 0xfd, 0x5b, 0x4a, 0x80, 0xa4, 0xa9, 0x48, 0xa4, 0x20,
  0xba, 0x55, 0x6a, 0xed, 0x4a, 0x10, 0xb6, 0xde, 0xd5, 0xa4, 0x2a, 0x52, 0xaa, 0x92, 0x10, 0x02,
  0xeb, 0x15, 0xb7, 0x75, 0x2a, 0xa5, 0x5f, 0xfb, 0x55, 0x55, 0xaa, 0x94, 0xaa, 0x24, 0x85, 0x50,
  0xbd, 0x4a, 0xda, 0xdd, 0x54, 0x85, 0x6f, 0xfd, 0x6d, 0x55, 0x52, 0xaa, 0x44, 0x88, 0x50, 0x04,
  0xd7, 0xad, 0x55, 0xf5, 0x52, 0x52, 0xb6, 0xed, 0xb5, 0xaa, 0xaa, 0x42, 0x92, 0x42, 0x02, 0x40,
  0xba, 0xf7, 0x55, 0x5a, 0xaa, 0x89, 0x6f, 0xfb, 0x56, 0xaa, 0x95, 0x54, 0xa9, 0x29, 0x50, 0x12,
  0xd5, 0x5b, 0xaa, 0xad, 0x54, 0x92, 0xdb, 0x7d, 0xaa, 0xa9, 0x55, 0x52, 0x44, 0x84, 0x04, 0x80,
  0x6e, 0xd5, 0x52, 0xaa, 0xa2, 0x45, 0x6d, 0xd6, 0xd5, 0xaa, 0xa9, 0x25, 0x2a, 0x52, 0x90, 0x12,
  0xaa, 0xbd, 0xa9, 0x29, 0x55, 0x13, 0xb5, 0xbb, 0x2a, 0xaa, 0xa5, 0x50, 0x91, 0x49, 0x22, 0x40,
  0x55, 0x56, 0xd4, 0x95, 0x52, 0x49, 0x6b, 0xec, 0x92, 0x95, 0x55, 0x0a, 0x4a, 0xad, 0x08, 0x08
};
// Author :- Ashish ( ashish_y_794 )
// Website : https://www.oledanimationmaker.com/

const uint8_t PROGMEM frame13[1024] = {
  0xa5, 0xbd, 0xff, 0xff, 0xff, 0xff, 0xff, 0xff, 0xff, 0xff, 0xff, 0xff, 0xdd, 0xdf, 0xfd, 0xdb,
  0x50, 0xa6, 0x95, 0x55, 0x55, 0x55, 0x55, 0x6a, 0xaa, 0xaa, 0xaa, 0xaa, 0xb6, 0xb6, 0xaa, 0xd5,
  0x95, 0x52, 0xd6, 0xff, 0xff, 0xff, 0xff, 0xff, 0xfe, 0xed, 0xdd, 0xdd, 0xed, 0xdb, 0xb7, 0xba,
  0x54, 0x2d, 0x5b, 0x55, 0xb6, 0xdb, 0x6d, 0xad, 0x57, 0x77, 0x77, 0x76, 0xb7, 0x6d, 0x5a, 0xd7,
  0xa5, 0x55, 0x6d, 0xff, 0x7f, 0xff, 0xff, 0xfb, 0xbb, 0xad, 0xdb, 0xaf, 0xda, 0xb6, 0xd5, 0x5a,
  0xaa, 0xaa, 0xb6, 0xab, 0xd5, 0x55, 0x55, 0x5e, 0xee, 0xfe, 0xee, 0xfa, 0xbf, 0xdb, 0x6a, 0xab,
  0x54, 0x55, 0xab, 0xfe, 0xff, 0xff, 0xff, 0xf5, 0x77, 0x57, 0x7b, 0x57, 0x6a, 0xaa, 0xaa, 0xd5,
  0xa5, 0x56, 0xdd, 0x57, 0x6d, 0xb6, 0xdb, 0x5d, 0x95, 0xfb, 0xad, 0xfd, 0xdb, 0x76, 0xd5, 0x28,
  0x55, 0x55, 0x6b, 0xfb, 0xff, 0xff, 0xfe, 0xea, 0xba, 0xaa, 0xf7, 0x56, 0xed, 0xaa, 0x92, 0x02,
  0xa9, 0x2a, 0xae, 0xae, 0xaa, 0xaa, 0xab, 0xb6, 0xef, 0xdb, 0x5d, 0xfb, 0x76, 0xd5, 0x24, 0xa8,
  0x54, 0xab, 0x5b, 0xfb, 0xff, 0xff, 0xee, 0xdb, 0xba, 0xaa, 0xee, 0xae, 0xdb, 0x28, 0x90, 0x00,
  0x95, 0x55, 0x6d, 0x5e, 0xdb, 0x6d, 0xab, 0x55, 0xef, 0xea, 0xb7, 0xf5, 0xaa, 0xaa, 0x45, 0x55,
  0x52, 0xaa, 0xb6, 0xeb, 0xbe, 0xfe, 0xae, 0xdb, 0x5a, 0xb5, 0x5a, 0xae, 0xd5, 0x55, 0x28, 0x00,
  0xaa, 0x56, 0xd5, 0xbe, 0xeb, 0xab, 0x5b, 0x6d, 0x7f, 0x55, 0xbf, 0xdb, 0x6e, 0xa9, 0x42, 0xa4,
  0x55, 0x5b, 0x5e, 0xeb, 0xff, 0xfd, 0x6f, 0xab, 0x5b, 0xda, 0xaa, 0xba, 0xb5, 0x24, 0x08, 0x01,
  0x92, 0xaa, 0xab, 0xbf, 0x5a, 0xda, 0xdd, 0x6d, 0xbd, 0x6a, 0xb6, 0xed, 0xd5, 0x91, 0x00, 0x00,
  0x54, 0xaa, 0xda, 0xeb, 0xf7, 0xf5, 0xf7, 0xb6, 0xf7, 0x55, 0x5b, 0x56, 0xa2, 0x52, 0x00, 0x02,
  0xaa, 0xaa, 0xaf, 0x5d, 0x5e, 0xb7, 0x5d, 0x5b, 0x5d, 0xd5, 0x4d, 0xfa, 0x13, 0x28, 0xaa, 0x00,
  0x49, 0x55, 0x75, 0xf7, 0xfb, 0xd5, 0xef, 0xed, 0xf6, 0xb5, 0x6a, 0xaa, 0x89, 0x51, 0x04, 0x82,
  0x55, 0x2b, 0x96, 0xae, 0xaf, 0x77, 0x7a, 0xb7, 0x5b, 0x6a, 0xab, 0x54, 0x52, 0x92, 0xa2, 0x00,
  0xa9, 0x55, 0x6b, 0x7b, 0xfb, 0xdd, 0xaf, 0xdd, 0xb7, 0xb6, 0xea, 0xed, 0x09, 0x22, 0x08, 0x85,
  0x4a, 0xad, 0x5d, 0xae, 0xbe, 0xd7, 0xfa, 0xb6, 0xda, 0xdb, 0x55, 0x54, 0xa5, 0x95, 0xa5, 0x00,
  0x54, 0xaa, 0xab, 0x7b, 0xeb, 0xbd, 0x6f, 0xda, 0xaa, 0xb6, 0xb5, 0xba, 0x16, 0x52, 0x08, 0x02,
  0x52, 0xab, 0x6d, 0xd6, 0xbe, 0xd7, 0xfa, 0x6b, 0x5a, 0x95, 0xf5, 0x55, 0x4a, 0xaa, 0xa5, 0x00,
  0x95, 0x55, 0x56, 0xbb, 0xeb, 0xbd, 0xad, 0xb5, 0xab, 0x6a, 0xaa, 0xd4, 0x95, 0x22, 0x89, 0x22,
  0x52, 0xaa, 0xb5, 0xdd, 0x7e, 0xd7, 0xf6, 0xde, 0xf5, 0xaa, 0x59, 0x6a, 0x2b, 0x52, 0xa4, 0x80,
  0x49, 0x55, 0xae, 0xab, 0xab, 0x5e, 0xad, 0x6b, 0x5e, 0xab, 0x55, 0x5a, 0x8a, 0x91, 0x10, 0x09,
  0xaa, 0xaa, 0xb3, 0x7e, 0xff, 0xb7, 0xfb, 0xfd, 0xea, 0xa8, 0x92, 0xaa, 0x6a, 0xaa, 0x82, 0x40,
  0x55, 0x56, 0xdd, 0xab, 0x55, 0x5f, 0x5f, 0x57, 0x5d, 0xd6, 0x99, 0xb5, 0x55, 0x20, 0x00, 0x02,
  0x49, 0x2a, 0xa5, 0x6d, 0xef, 0x76, 0xeb, 0xfd, 0xeb, 0x6a, 0x85, 0x5a, 0x22, 0x92, 0x90, 0x08,
  0x54, 0xaa, 0xb6, 0xdb, 0x5b, 0x5f, 0x7d, 0x57, 0x7d, 0x5a, 0xd2, 0xaa, 0x89, 0x50, 0x00, 0x80,
  0x4a, 0xaa, 0xab, 0x6d, 0xbd, 0xbd, 0xd7, 0x7a, 0xab, 0x55, 0x45, 0x6c, 0x25, 0x29, 0x02, 0x02,
  0xa5, 0x55, 0xad, 0xb6, 0xeb, 0x6f, 0x7a, 0xaf, 0xdd, 0x56, 0xb1, 0x55, 0x12, 0xa0, 0x90, 0x20,
  0x52, 0xaa, 0xb5, 0x5b, 0x5e, 0xbd, 0xef, 0x6a, 0xb5, 0x55, 0x55, 0x6a, 0x45, 0x28, 0x00, 0x84,
  0x4a, 0x55, 0x56, 0xd5, 0xb5, 0xbf, 0xba, 0xdd, 0xdb, 0x55, 0x51, 0x54, 0x92, 0xa0, 0x04, 0x01,
  0xa9, 0x55, 0x55, 0x6e, 0xde, 0xde, 0xfd, 0xb6, 0xad, 0x55, 0xaa, 0xaa, 0x0a, 0x91, 0x02, 0x40,
  0x56, 0xaa, 0xb6, 0xb5, 0x6b, 0x77, 0xd6, 0xdb, 0xb5, 0xaa, 0xa9, 0x5a, 0xa5, 0x50, 0x28, 0x04,
  0xbf, 0x6b, 0x55, 0xdb, 0xb6, 0xbe, 0xff, 0x6d, 0x5a, 0xaa, 0xaa, 0xaa, 0x15, 0x25, 0x01, 0x21,
  0x55, 0xaa, 0xad, 0x56, 0xdb, 0x5f, 0xb5, 0xdb, 0xad, 0xab, 0x55, 0x54, 0x45, 0x29, 0x00, 0x00,
  0xfb, 0x55, 0x55, 0xb5, 0x6d, 0xbf, 0xff, 0x6c, 0xaa, 0xaa, 0x91, 0x6a, 0x15, 0x44, 0x04, 0x82,
  0x6b, 0xd5, 0x56, 0xad, 0xb6, 0xfd, 0x55, 0xb6, 0xad, 0xad, 0x55, 0x2a, 0xaa, 0xa8, 0x12, 0x00,
  0xd5, 0x2a, 0xaa, 0xb6, 0xab, 0x3f, 0xfe, 0xdb, 0xd6, 0xb6, 0x92, 0xb4, 0x15, 0x10, 0x80, 0x02,
  0xaa, 0xa5, 0x55, 0x55, 0x5d, 0xdf, 0xab, 0xb6, 0xb5, 0x7b, 0x48, 0xaa, 0x5a, 0xa0, 0x05, 0x40,
  0xa5, 0x54, 0xaa, 0xaa, 0xea, 0x7f, 0x7e, 0xdb, 0x55, 0xad, 0x55, 0x54, 0x8d, 0x12, 0x00, 0x01,
  0xa9, 0xaa, 0xaa, 0xab, 0x2d, 0xb7, 0xd7, 0x55, 0x54, 0xea, 0xd1, 0x52, 0x6a, 0xa0, 0xa4, 0x08,
  0x92, 0xa5, 0x55, 0x55, 0xb5, 0x5f, 0xfd, 0xad, 0x4a, 0xb6, 0xa9, 0x54, 0x0a, 0x28, 0x00, 0x82,
  0xa2, 0x95, 0xbb, 0x5a, 0xab, 0x7f, 0x5a, 0xd4, 0x90, 0xda, 0xa4, 0xaa, 0x49, 0x90, 0x00, 0x00,
  0x89, 0xad, 0x55, 0xad, 0x6d, 0x95, 0xff, 0x6a, 0x55, 0x6a, 0xd2, 0xa8, 0x0c, 0x40, 0x00, 0x00,
  0x45, 0x5b, 0xbe, 0xb7, 0xb6, 0xff, 0x6a, 0xb5, 0x41, 0x55, 0x58, 0x95, 0x23, 0x28, 0x80, 0x04,
  0x92, 0xb5, 0x6b, 0x6d, 0xda, 0x95, 0xfd, 0xdd, 0xf5, 0x6d, 0x52, 0x50, 0x08, 0x90, 0x04, 0x01,
  0x42, 0xaf, 0xb5, 0xba, 0xaa, 0xd6, 0xab, 0x77, 0x54, 0xaa, 0xa1, 0x55, 0x2a, 0x40, 0x10, 0x40,
  0x95, 0x75, 0x6e, 0xef, 0x6d, 0x49, 0x7d, 0xbd, 0xb5, 0x55, 0x14, 0xa4, 0x11, 0x10, 0x01, 0x02,
  0xaa, 0x9b, 0xb5, 0x75, 0x55, 0x44, 0xab, 0xfa, 0xda, 0xaa, 0x41, 0x54, 0x54, 0x40, 0x44, 0x40,
  0xb6, 0xed, 0x7b, 0xb5, 0x25, 0x52, 0xde, 0xef, 0x55, 0x50, 0x94, 0x4a, 0x88, 0x00, 0x20, 0x20,
  0xdb, 0x55, 0xd6, 0xda, 0x95, 0x41, 0x6b, 0xfa, 0xb6, 0x8a, 0x01, 0x29, 0x2b, 0x29, 0x04, 0x81,
  0xfe, 0xad, 0x7a, 0xb5, 0x55, 0x15, 0x3f, 0xbe, 0xd5, 0x64, 0xa9, 0x55, 0x54, 0x92, 0x50, 0x20,
  0xaa, 0x95, 0xad, 0xfd, 0x4a, 0xa2, 0xaf, 0xfb, 0x5b, 0x55, 0x55, 0x52, 0xaa, 0x48, 0x85, 0x0a,
  0xf6, 0x95, 0x6a, 0xaa, 0xaa, 0x4a, 0xf6, 0xfd, 0xaa, 0xaa, 0xaa, 0xa8, 0x85, 0x12, 0x20, 0x40,
  0xad, 0xd6, 0xb7, 0x7a, 0xa9, 0x25, 0x2f, 0xee, 0xdb, 0x55, 0x54, 0x95, 0x50, 0x88, 0x8a, 0x12,
  0xdb, 0x6f, 0xa9, 0xd6, 0xaa, 0x89, 0x77, 0x7a, 0xad, 0x55, 0x4a, 0xa2, 0x2a, 0x52, 0x20, 0x80,
  0x76, 0xda, 0xaa, 0x7a, 0xa9, 0x45, 0xad, 0xfd, 0xd5, 0xaa, 0xaa, 0x95, 0x4a, 0x80, 0x88, 0x24,
  0xad, 0x6d, 0xd5, 0x4a, 0xa4, 0x92, 0xdb, 0xb6, 0xaa, 0xaa, 0xaa, 0xa2, 0x52, 0x55, 0x02, 0x00,
  0xb5, 0xb6, 0xa9, 0x2a, 0xb5, 0x2a, 0xb5, 0xdb, 0x55, 0x55, 0x54, 0x94, 0x89, 0x4a, 0x50, 0x92,
  0xaa, 0xab, 0x6a, 0xaa, 0x92, 0x05, 0xdb, 0x75, 0x25, 0x52, 0xaa, 0xa2, 0x54, 0xaa, 0x0a, 0x00
};
// Author :- Ashish ( ashish_y_794 )
// Website : https://www.oledanimationmaker.com/

const uint8_t PROGMEM frame14[1024] = {
  0xa5, 0xbd, 0xff, 0xff, 0xff, 0xff, 0xff, 0xff, 0xff, 0xff, 0xff, 0xff, 0xfe, 0xef, 0xfd, 0xdb,
  0x52, 0x46, 0xaa, 0xad, 0x6d, 0xb6, 0xdb, 0x6d, 0x55, 0x55, 0x55, 0x55, 0x55, 0xbd, 0x56, 0xed,
  0xa9, 0x5a, 0xad, 0xf7, 0xfb, 0xff, 0xff, 0xff, 0xff, 0xff, 0xff, 0xff, 0xbb, 0xd7, 0xed, 0xaa,
  0x94, 0xaa, 0xd6, 0xbd, 0xaf, 0x55, 0x55, 0x55, 0x5a, 0xaa, 0xaa, 0xaa, 0xee, 0xb5, 0x56, 0xb7,
  0x52, 0x55, 0x7b, 0xd7, 0xfd, 0xff, 0xff, 0xff, 0xf7, 0xff, 0xff, 0xff, 0x75, 0xdd, 0xb5, 0x5a,
  0xaa, 0xab, 0x4e, 0xfd, 0x6f, 0xbb, 0xb7, 0x76, 0xbe, 0xaa, 0xaa, 0xaa, 0xde, 0xb6, 0xd5, 0x6b,
  0xaa, 0x55, 0xb5, 0xaf, 0xfb, 0xee, 0xfd, 0xdd, 0xd7, 0xff, 0xff, 0xff, 0xb7, 0xdb, 0x5a, 0xb5,
  0x55, 0x56, 0xde, 0xfb, 0x5e, 0xbf, 0xdf, 0xf6, 0x6a, 0xaa, 0xaa, 0xaa, 0xea, 0xad, 0x65, 0x48,
  0xa9, 0x55, 0x6b, 0xaf, 0xf7, 0xf6, 0xf5, 0x5b, 0x5f, 0xf7, 0xff, 0xff, 0x7e, 0xf5, 0x12, 0x02,
  0x55, 0x55, 0x5a, 0xfa, 0xdd, 0xbf, 0xbf, 0xad, 0xba, 0xda, 0xaa, 0xab, 0xab, 0x54, 0xa8, 0xa8,
  0xaa, 0x56, 0xaf, 0xaf, 0xff, 0xea, 0xd5, 0x76, 0xef, 0xaa, 0xff, 0xfd, 0x75, 0x52, 0x84, 0x02,
  0x55, 0x55, 0xda, 0xfd, 0x56, 0xbf, 0xdf, 0xab, 0x76, 0xf5, 0x55, 0x57, 0xad, 0xaa, 0x52, 0xa8,
  0xa4, 0xaa, 0xad, 0xaf, 0xff, 0xfd, 0x55, 0x76, 0xbd, 0xad, 0xbf, 0xfa, 0xd6, 0xa9, 0x28, 0x42,
  0x55, 0x56, 0xdb, 0xfb, 0x6d, 0xb7, 0x5f, 0xad, 0xaf, 0x6a, 0xd5, 0x56, 0xba, 0x95, 0x42, 0x08,
  0xaa, 0xab, 0x6d, 0x5f, 0xff, 0xfd, 0x75, 0x76, 0xfa, 0xd5, 0x6f, 0xfb, 0x6d, 0x52, 0x00, 0x01,
  0x52, 0x55, 0x57, 0xea, 0xaa, 0xaa, 0xdf, 0xab, 0x5f, 0xb6, 0xb5, 0x55, 0xb3, 0x28, 0x08, 0x00,
  0x4a, 0xad, 0xba, 0xbf, 0xff, 0xfd, 0xed, 0xbb, 0xba, 0xda, 0xae, 0xee, 0xc9, 0x51, 0x40, 0x82,
  0xaa, 0xaa, 0xad, 0xda, 0xdb, 0x6b, 0x7b, 0x6d, 0x7f, 0x6a, 0xab, 0x5a, 0x22, 0xa4, 0x05, 0x00,
  0x54, 0xab, 0x56, 0xef, 0xff, 0xf7, 0xaf, 0xd7, 0xd5, 0xb5, 0x5d, 0xed, 0x4a, 0x91, 0x52, 0x05,
  0x52, 0xad, 0x77, 0x7a, 0xaa, 0xaa, 0xfd, 0x7d, 0x7e, 0xd5, 0xe6, 0xb4, 0x82, 0xa9, 0x24, 0x00,
  0xaa, 0xaa, 0xaa, 0xd7, 0xff, 0xef, 0xb7, 0xb7, 0xab, 0xba, 0x55, 0x5a, 0x2a, 0x92, 0x81, 0x21,
  0x49, 0x55, 0xbd, 0xbe, 0xdb, 0xbd, 0xfd, 0xda, 0xdd, 0x6f, 0xb5, 0xed, 0x4a, 0xa5, 0x4c, 0x80,
  0x55, 0x56, 0xa6, 0xeb, 0xbe, 0xd7, 0x6e, 0xb6, 0xaa, 0xda, 0xf6, 0xaa, 0x2a, 0x92, 0x22, 0x02,
  0xaa, 0xaa, 0xdb, 0xbe, 0xeb, 0xbd, 0xf6, 0xdb, 0x6d, 0x56, 0xa9, 0x6a, 0x95, 0x55, 0x89, 0x00,
  0x49, 0x55, 0x6d, 0x6b, 0xbf, 0x5f, 0xbb, 0x6d, 0xb6, 0xd2, 0xf5, 0xb4, 0x4b, 0x25, 0x24, 0x82,
  0x55, 0x5b, 0x56, 0xdd, 0xed, 0xeb, 0xd5, 0xb6, 0xdb, 0x5a, 0x9a, 0xad, 0x2d, 0x51, 0x4a, 0x00,
  0xa9, 0x55, 0x5b, 0x6e, 0xbb, 0x5e, 0xfe, 0xfb, 0xb5, 0x55, 0x55, 0x6a, 0x85, 0x2a, 0x80, 0xa4,
  0x4a, 0xaa, 0xaa, 0xdb, 0xdf, 0xbb, 0xab, 0xae, 0xef, 0x6a, 0x99, 0xb4, 0xba, 0xa0, 0x24, 0x01,
  0x52, 0xab, 0x6d, 0xb5, 0x75, 0x5f, 0xbf, 0xfb, 0xba, 0xd5, 0x2a, 0xae, 0xa5, 0x92, 0x80, 0x04,
  0xaa, 0x55, 0x56, 0xdf, 0xbf, 0xb6, 0xf6, 0xae, 0xef, 0x6a, 0x89, 0x69, 0x12, 0x51, 0x00, 0x40,
  0x49, 0x55, 0xb5, 0xb5, 0x6a, 0xdf, 0x5d, 0xfb, 0xb5, 0xb6, 0xe5, 0xb4, 0xa5, 0x52, 0x04, 0x02,
  0x55, 0x5a, 0xae, 0xdb, 0xbf, 0x7d, 0xfb, 0x5e, 0xdd, 0x55, 0x44, 0xae, 0x09, 0x28, 0x90, 0x10,
  0x4a, 0xaa, 0xb3, 0x6d, 0x6a, 0xb7, 0xdd, 0xab, 0x76, 0xab, 0x72, 0xd4, 0xa5, 0x90, 0x01, 0x42,
  0xa9, 0x55, 0x5a, 0xb7, 0xbf, 0x7f, 0x76, 0xf6, 0xda, 0xad, 0x49, 0x6a, 0x12, 0x51, 0x00, 0x00,
  0x55, 0x55, 0xad, 0xaa, 0xd5, 0xbd, 0xfd, 0x5d, 0xb7, 0x55, 0x55, 0x5a, 0x89, 0x48, 0x09, 0x02,
  0x4a, 0xaa, 0xaa, 0xdd, 0x76, 0xaf, 0xb7, 0xab, 0xda, 0xab, 0x55, 0x54, 0x45, 0x20, 0x20, 0x20,
  0xb5, 0x55, 0x57, 0x6b, 0xaf, 0x7f, 0xfd, 0x7e, 0xad, 0xaa, 0xa9, 0x6a, 0x2a, 0xa9, 0x05, 0x02,
  0x5f, 0x55, 0x6a, 0xb6, 0xf5, 0xbd, 0x6f, 0xd5, 0xd6, 0xab, 0x55, 0x55, 0x15, 0x50, 0x00, 0x40,
  0xb5, 0xd5, 0xb5, 0xad, 0x5e, 0xdf, 0xfa, 0xbb, 0x5a, 0xd5, 0x54, 0xaa, 0x45, 0x25, 0x44, 0x02,
  0xfb, 0x55, 0x56, 0xdb, 0xab, 0x7f, 0xb7, 0xec, 0xad, 0x5a, 0xaa, 0xb4, 0x95, 0x50, 0x00, 0x80,
  0x55, 0xaa, 0xaa, 0xad, 0x75, 0x5e, 0xfd, 0x5b, 0x57, 0x6d, 0x51, 0x54, 0x2a, 0x8a, 0x04, 0x04,
  0xea, 0xd5, 0x55, 0x6a, 0xaf, 0x7f, 0xaf, 0xef, 0xda, 0xb6, 0x95, 0x55, 0x2d, 0x20, 0x02, 0x41,
  0xab, 0x2a, 0xab, 0x56, 0xda, 0xbf, 0xf5, 0x5a, 0xab, 0x6b, 0x52, 0xaa, 0x14, 0xa8, 0x08, 0x00,
  0xa5, 0xa5, 0x55, 0x5b, 0x6b, 0x7e, 0xdf, 0xb7, 0x6d, 0xbd, 0xa9, 0x54, 0xd6, 0x91, 0x21, 0x01,
  0xa9, 0x55, 0x55, 0x55, 0x55, 0xb7, 0xed, 0x55, 0x54, 0xd5, 0x44, 0xaa, 0x2a, 0xa0, 0x84, 0x48,
  0x92, 0xaa, 0xaa, 0xaa, 0xba, 0xbf, 0xbe, 0xda, 0x92, 0xed, 0xb2, 0xa9, 0x15, 0x12, 0x10, 0x01,
  0x45, 0x95, 0x7d, 0x5b, 0x4e, 0xbf, 0xf7, 0x6c, 0x48, 0xb6, 0xa9, 0x54, 0x4a, 0xa0, 0x00, 0x00,
  0xa2, 0xaa, 0xab, 0xad, 0xb5, 0xab, 0x5d, 0xaa, 0xaa, 0xd5, 0x52, 0x54, 0x09, 0x10, 0x00, 0x02,
  0x92, 0xbd, 0xdd, 0x6a, 0xee, 0xdd, 0xf6, 0xda, 0xa1, 0x5a, 0xb4, 0xaa, 0x4a, 0xa0, 0x00, 0x00,
  0x49, 0xab, 0x6b, 0xbf, 0xba, 0xb7, 0x7b, 0x6d, 0xda, 0xaa, 0xa9, 0x50, 0x08, 0x90, 0x00, 0x02,
  0x82, 0xb6, 0xdd, 0x6a, 0xd5, 0xd5, 0xad, 0xbb, 0x69, 0x6a, 0xa1, 0x4a, 0x95, 0x22, 0x21, 0x10,
  0xaa, 0xab, 0xb6, 0xfd, 0x56, 0x4a, 0xfe, 0xfe, 0xd5, 0x55, 0x48, 0xa8, 0x10, 0x40, 0x04, 0x40,
  0xab, 0x5d, 0xdb, 0x56, 0xaa, 0xa1, 0x2b, 0xf7, 0x7a, 0xaa, 0x12, 0x55, 0x2a, 0x08, 0x21, 0x01,
  0xad, 0x6e, 0xb5, 0xf5, 0x55, 0x4a, 0xf7, 0xbd, 0x4d, 0x54, 0x81, 0x54, 0x91, 0x20, 0x08, 0x20,
  0xf7, 0xb5, 0xfe, 0xaa, 0x95, 0x42, 0xad, 0xf6, 0xb6, 0x88, 0x54, 0xa5, 0x54, 0x80, 0xa0, 0x80,
  0xbd, 0x4a, 0xaa, 0xdd, 0x55, 0x29, 0x5f, 0xdd, 0xd5, 0xa5, 0x02, 0x55, 0x55, 0x2a, 0x0a, 0x22,
  0xd5, 0x2a, 0xed, 0x75, 0x2a, 0x85, 0x77, 0xfe, 0xb6, 0xaa, 0xfa, 0xa4, 0x95, 0x11, 0x50, 0x08,
  0xfb, 0x4d, 0xb6, 0xfa, 0xd4, 0xaa, 0xaf, 0x7b, 0x5a, 0xd5, 0x0a, 0xaa, 0x48, 0xa4, 0x05, 0x40,
  0xae, 0xd6, 0xab, 0xad, 0x52, 0x92, 0xbb, 0xfd, 0xab, 0x55, 0xd5, 0x49, 0x25, 0x12, 0xa0, 0x12,
  0xdb, 0x77, 0x54, 0xf6, 0xaa, 0x4a, 0xdf, 0xee, 0xed, 0x55, 0x2a, 0x52, 0xa8, 0xa4, 0x12, 0x40,
  0x6d, 0xad, 0xab, 0x5a, 0xa9, 0x45, 0x6a, 0xfb, 0x55, 0xaa, 0xaa, 0xa9, 0x26, 0x09, 0x40, 0x08,
  0xb6, 0xda, 0xd4, 0xaa, 0xaa, 0x92, 0xb7, 0xb5, 0xad, 0x55, 0x55, 0x44, 0x91, 0xa2, 0x14, 0x82,
  0xd5, 0x6f, 0x55, 0x55, 0x54, 0x4b, 0xda, 0xfe, 0xa5, 0x55, 0x55, 0x2a, 0x4c, 0xa9, 0x40, 0x20,
  0x5b, 0x55, 0xea, 0x95, 0x53, 0x24, 0xb5, 0xaa, 0x95, 0x55, 0x54, 0xa1, 0x22, 0xad, 0x15, 0x09
};
// Author :- Ashish ( ashish_y_794 )
// Website : https://www.oledanimationmaker.com/

const uint8_t PROGMEM frame15[1024] = {
  0xa5, 0xbd, 0xff, 0xff, 0xff, 0xff, 0xff, 0xff, 0xff, 0xff, 0xff, 0xff, 0xff, 0x77, 0xfd, 0xdb,
  0x52, 0x46, 0xaa, 0xad, 0x6d, 0xb6, 0xdb, 0x6d, 0x55, 0x55, 0x55, 0x55, 0x55, 0xaf, 0x56, 0xed,
  0xa9, 0x5a, 0xad, 0xf7, 0xff, 0xff, 0xff, 0xff, 0xff, 0xff, 0xff, 0xff, 0xee, 0xfd, 0xbb, 0x55,
  0x94, 0xaa, 0xd7, 0x5d, 0xaa, 0xd5, 0x55, 0xb5, 0x5a, 0xaa, 0xaa, 0xaa, 0xbb, 0x56, 0xd5, 0x6d,
  0x52, 0x55, 0x7a, 0xf7, 0xff, 0xff, 0xff, 0xff, 0xff, 0xff, 0xff, 0xff, 0xd7, 0xeb, 0x55, 0xb6,
  0xaa, 0xab, 0x57, 0xbe, 0xdd, 0xb7, 0xbb, 0x56, 0xaa, 0xaa, 0xaa, 0xaa, 0xbd, 0x5d, 0xb6, 0xab,
  0xaa, 0x55, 0xad, 0xdb, 0xf7, 0xfd, 0xef, 0xfd, 0xff, 0xff, 0xff, 0xff, 0xeb, 0xb5, 0x5a, 0xb5,
  0x55, 0x56, 0xdb, 0x7e, 0xbe, 0xaf, 0x7d, 0xb6, 0x95, 0xaa, 0xaa, 0xaa, 0xbe, 0xdb, 0xa9, 0x48,
  0xaa, 0xaa, 0xb7, 0xab, 0xef, 0xfd, 0xef, 0x6d, 0x7b, 0xef, 0xff, 0xff, 0xd5, 0xb4, 0xa4, 0x22,
  0x52, 0x55, 0x5d, 0x7f, 0xbb, 0x77, 0xbb, 0xb7, 0xae, 0xb5, 0x5a, 0xd5, 0x7e, 0xd6, 0x49, 0x08,
  0xaa, 0xab, 0xb6, 0xed, 0xff, 0xde, 0xed, 0xda, 0xfb, 0xd5, 0xef, 0xbf, 0xab, 0x51, 0x24, 0xa1,
  0x54, 0xac, 0xd5, 0xdf, 0x5a, 0xfb, 0xae, 0xad, 0x5f, 0x76, 0xba, 0xea, 0xea, 0xad, 0x48, 0x08,
  0xaa, 0xab, 0x5f, 0x7b, 0xff, 0xbf, 0x57, 0xf7, 0xb5, 0xaa, 0xdf, 0xbf, 0x5b, 0x52, 0x22, 0xa2,
  0x4a, 0xaa, 0xea, 0xee, 0xd6, 0xed, 0xbd, 0x5a, 0xde, 0xea, 0xb5, 0xea, 0xb5, 0x2a, 0x94, 0x08,
  0xa9, 0x56, 0xaf, 0xbb, 0xff, 0xfa, 0xd7, 0xad, 0x77, 0xb6, 0xde, 0xbb, 0x6e, 0xa8, 0x40, 0x01,
  0x55, 0x5a, 0xb5, 0x6f, 0x5b, 0x5d, 0x7d, 0x77, 0xbd, 0x55, 0x6b, 0xd5, 0xb3, 0x52, 0x00, 0x00,
  0x54, 0xab, 0x5b, 0xfb, 0xff, 0xf7, 0xd7, 0xaa, 0xf7, 0xda, 0xad, 0x7e, 0xc9, 0x29, 0x01, 0x02,
  0xa5, 0x55, 0xad, 0x5e, 0xd5, 0xb9, 0x7d, 0xdb, 0x5d, 0x6b, 0x5b, 0xaa, 0x92, 0xa0, 0x4a, 0x00,
  0x55, 0x55, 0x77, 0xeb, 0xbf, 0xef, 0xde, 0xf6, 0xf7, 0xb5, 0x6d, 0x75, 0x0a, 0x95, 0x24, 0x8a,
  0x54, 0xaa, 0xaa, 0xbe, 0xfb, 0x6b, 0x77, 0x5f, 0xba, 0xda, 0xd6, 0xdc, 0xa2, 0xa9, 0x40, 0x00,
  0xa5, 0x56, 0xdd, 0xd7, 0xaf, 0xbd, 0xdd, 0xf5, 0xdf, 0x6d, 0x6b, 0x6a, 0x15, 0x52, 0x95, 0x01,
  0x55, 0x55, 0x56, 0xfd, 0xfd, 0xd7, 0x7f, 0x5e, 0xaa, 0xdb, 0xb5, 0xb5, 0x52, 0x92, 0x04, 0x80,
  0x52, 0xab, 0x6b, 0x56, 0xdb, 0x7d, 0xf5, 0xea, 0xd5, 0x76, 0xea, 0xda, 0x4d, 0x55, 0xa5, 0x02,
  0x94, 0xad, 0x5d, 0xfb, 0xbf, 0xaf, 0xde, 0xb7, 0x6e, 0x9b, 0x75, 0x55, 0x26, 0x92, 0x12, 0x00,
  0x55, 0x55, 0xab, 0x56, 0xed, 0xdb, 0x75, 0xda, 0xb5, 0xca, 0xaa, 0xec, 0x9a, 0xaa, 0xa4, 0x82,
  0x52, 0xaa, 0xb5, 0xbf, 0xbb, 0x7f, 0xdb, 0x5b, 0xda, 0xb5, 0x7a, 0xb5, 0x26, 0x91, 0x48, 0x10,
  0xaa, 0xaa, 0xda, 0xd5, 0xef, 0x96, 0xee, 0xee, 0xee, 0xd5, 0x2a, 0xd4, 0x95, 0x52, 0x82, 0x82,
  0x49, 0x56, 0xaf, 0x7b, 0x5d, 0x7f, 0xbb, 0xbb, 0x77, 0x55, 0x52, 0xae, 0x55, 0x29, 0x20, 0x20,
  0x55, 0x55, 0x55, 0xad, 0xf7, 0xad, 0xef, 0x7f, 0xad, 0xb5, 0x1a, 0xd5, 0x6a, 0xa0, 0x04, 0x04,
  0xa4, 0xaa, 0xda, 0xd7, 0x5d, 0xbf, 0x5d, 0xea, 0xfa, 0xda, 0xc5, 0x74, 0x85, 0x52, 0x80, 0x01,
  0x55, 0x56, 0xab, 0x7a, 0xf7, 0x76, 0xff, 0xbf, 0xaf, 0x6d, 0x52, 0xad, 0x29, 0x28, 0x00, 0x84,
  0x4a, 0xaa, 0xb5, 0xaf, 0x5d, 0xbf, 0xb5, 0x6a, 0xf5, 0x55, 0xa5, 0x54, 0x85, 0x91, 0x48, 0x20,
  0xa9, 0x55, 0x56, 0xd5, 0xee, 0xbd, 0xfd, 0xbf, 0x5d, 0xaa, 0xb2, 0xf6, 0x29, 0x50, 0x01, 0x02,
  0x55, 0x55, 0xb5, 0x7a, 0xb7, 0x6f, 0x6e, 0xd5, 0xea, 0xad, 0xa9, 0x2a, 0x85, 0x22, 0x00, 0x00,
  0x49, 0x56, 0xae, 0xaf, 0x6d, 0xbf, 0xf5, 0x6e, 0xbe, 0xaa, 0xaa, 0xd4, 0x29, 0x50, 0x4a, 0x44,
  0xaa, 0xaa, 0xab, 0x6a, 0xdb, 0x7b, 0x7f, 0xb7, 0x55, 0xab, 0x55, 0x5a, 0x85, 0x28, 0x00, 0x01,
  0x56, 0xaa, 0xb5, 0xb7, 0x76, 0xbf, 0xda, 0xdb, 0xea, 0xaa, 0xa9, 0x6a, 0x2a, 0xa1, 0x05, 0x20,
  0xbe, 0xaa, 0xaa, 0xda, 0xdf, 0xbe, 0xff, 0x7d, 0x5f, 0x56, 0xd5, 0x54, 0x95, 0x28, 0x10, 0x04,
  0x57, 0x6a, 0xdb, 0x57, 0x6a, 0xdf, 0xb5, 0xd5, 0xa9, 0xb5, 0x54, 0xaa, 0x45, 0x92, 0x80, 0x81,
  0xfb, 0xaa, 0xaa, 0xda, 0xb6, 0xbd, 0xff, 0x7a, 0xae, 0xd6, 0xaa, 0xb5, 0x14, 0xa4, 0x02, 0x00,
  0x6a, 0xd5, 0x55, 0x6b, 0x5b, 0x7f, 0xab, 0xad, 0x55, 0x5a, 0x92, 0xaa, 0x55, 0x20, 0x08, 0x04,
  0xd5, 0x55, 0x56, 0xad, 0xed, 0xbf, 0xfe, 0xf7, 0xdb, 0x6d, 0x54, 0xaa, 0x15, 0x54, 0x82, 0x81,
  0xaa, 0xa5, 0x55, 0x55, 0x36, 0xde, 0xb7, 0x5b, 0x6d, 0xb7, 0x52, 0xb4, 0xad, 0x20, 0x00, 0x00,
  0xa9, 0x95, 0x55, 0x5a, 0xd5, 0x7f, 0xed, 0xad, 0x55, 0x6d, 0xa9, 0x54, 0x2a, 0x90, 0x0a, 0x22,
  0xa5, 0x55, 0x55, 0x6b, 0x5b, 0x6f, 0xbe, 0xd6, 0xaa, 0xf5, 0x44, 0xaa, 0xad, 0x4a, 0xa0, 0x80,
  0x92, 0xd5, 0x5a, 0xaa, 0xad, 0x5f, 0xeb, 0x6a, 0xa9, 0x5a, 0xf2, 0xa8, 0x0a, 0x20, 0x00, 0x09,
  0xa5, 0x4a, 0xd7, 0x55, 0xb5, 0x7f, 0xbe, 0xdc, 0x92, 0xd6, 0x91, 0x55, 0x49, 0x90, 0x00, 0x00,
  0x89, 0xb5, 0x7a, 0xb6, 0xd7, 0xaa, 0xfb, 0x6a, 0x54, 0xba, 0xda, 0xaa, 0x0a, 0x50, 0x00, 0x00,
  0x42, 0x9f, 0xad, 0xdb, 0x6d, 0x7f, 0x6e, 0xab, 0x51, 0x6a, 0xa0, 0xa8, 0x29, 0x20, 0x04, 0x02,
  0x95, 0x69, 0x6b, 0x5e, 0xda, 0xab, 0xfb, 0xfa, 0xd5, 0x55, 0x5a, 0xa4, 0x85, 0x10, 0x90, 0x00,
  0x92, 0xb7, 0xbd, 0xb5, 0xb6, 0xd5, 0x5d, 0x5f, 0x75, 0x6a, 0xa1, 0x2a, 0x10, 0xa0, 0x00, 0x82,
  0x49, 0x5a, 0xd6, 0xfb, 0x55, 0x4a, 0xeb, 0xf5, 0xd4, 0xad, 0x48, 0xa4, 0x2c, 0x44, 0x00, 0x20,
  0xab, 0x6f, 0x75, 0x56, 0xd6, 0xa4, 0x5d, 0x7e, 0xb6, 0xaa, 0x12, 0xa8, 0x92, 0x00, 0x52, 0x80,
  0xb5, 0xaa, 0xdf, 0xfa, 0x55, 0x43, 0x77, 0xf7, 0x5a, 0xa4, 0x84, 0x56, 0x11, 0x20, 0x00, 0x22,
  0xee, 0xbb, 0x74, 0xa9, 0x4a, 0x94, 0xaf, 0xdd, 0x6b, 0x50, 0x51, 0x51, 0xac, 0x90, 0x48, 0x80,
  0xbf, 0x4a, 0xdb, 0x76, 0xaa, 0xa2, 0xbb, 0xfd, 0xad, 0x4a, 0x84, 0xaa, 0x52, 0x25, 0x22, 0x20,
  0xe9, 0x2a, 0xed, 0xdd, 0x4a, 0x4a, 0xb7, 0x76, 0xd5, 0xaa, 0xb5, 0x49, 0x55, 0x48, 0x88, 0x84,
  0xb6, 0x97, 0x56, 0xf5, 0x55, 0x25, 0x6f, 0xff, 0x6a, 0xaa, 0xaa, 0xaa, 0x92, 0x25, 0x22, 0x11,
  0xef, 0xd5, 0x6a, 0xb5, 0x54, 0x92, 0xbf, 0xfa, 0xb6, 0xd5, 0x55, 0x52, 0x49, 0x10, 0x08, 0x44,
  0xba, 0xbe, 0xab, 0x6e, 0xaa, 0xa5, 0x6b, 0x6d, 0xab, 0x55, 0x54, 0x89, 0x54, 0xa5, 0x41, 0x00,
  0xd6, 0xeb, 0xaa, 0xba, 0xb5, 0x12, 0xdf, 0xfe, 0xdd, 0x55, 0x55, 0x65, 0x25, 0x10, 0x28, 0x24,
  0x6b, 0x56, 0xd5, 0x55, 0x48, 0xca, 0xb5, 0x75, 0x55, 0xaa, 0xaa, 0x92, 0x92, 0xa5, 0x02, 0x00,
  0xb5, 0xbb, 0x54, 0xaa, 0xb5, 0x13, 0xd5, 0xdf, 0x55, 0x55, 0x55, 0x51, 0x49, 0x55, 0x50, 0xa4,
  0xad, 0x55, 0xb5, 0x4a, 0xa4, 0x89, 0x77, 0x69, 0x4a, 0xaa, 0xa9, 0x24, 0x24, 0xaa, 0x0a, 0x01
};
// Author :- Ashish ( ashish_y_794 )
// Website : https://www.oledanimationmaker.com/

const uint8_t PROGMEM frame16[1024] = {
  0xa5, 0xbd, 0xff, 0xff, 0xff, 0xff, 0xff, 0xff, 0xff, 0xff, 0xff, 0xff, 0xff, 0xdf, 0xfd, 0xdb,
  0x52, 0x46, 0xaa, 0xb6, 0xdb, 0x6d, 0xb6, 0xdb, 0x55, 0x55, 0x55, 0x55, 0x55, 0x6d, 0x56, 0xd5,
  0xa9, 0x5a, 0xad, 0xdd, 0xff, 0xff, 0xff, 0xfe, 0xff, 0xff, 0xff, 0xff, 0xfb, 0xb7, 0xf6, 0xee,
  0x94, 0xaa, 0xf7, 0x77, 0xad, 0xb6, 0xdb, 0x6f, 0xb6, 0xaa, 0xaa, 0xaa, 0xae, 0xdd, 0x55, 0x5b,
  0x52, 0x55, 0x5b, 0xde, 0xff, 0xff, 0xff, 0xda, 0xff, 0xff, 0xff, 0xff, 0xf7, 0x76, 0xaa, 0xaa,
  0xaa, 0xab, 0xad, 0x7b, 0xed, 0x5b, 0x55, 0x77, 0xaa, 0xd6, 0xad, 0xaa, 0xba, 0xdb, 0xb6, 0xed,
  0x55, 0x55, 0x77, 0xdf, 0x7f, 0xff, 0xff, 0xdd, 0xff, 0xbd, 0xfb, 0xff, 0xdf, 0x6d, 0x5a, 0xb5,
  0xaa, 0x56, 0xad, 0x77, 0xdb, 0xb5, 0xbf, 0x76, 0x55, 0xef, 0xbe, 0xaa, 0xea, 0xd6, 0xd5, 0x08,
  0x55, 0x55, 0xb7, 0xdd, 0x7e, 0xff, 0xeb, 0xdb, 0xb6, 0xb5, 0xeb, 0xff, 0xbf, 0xba, 0xa0, 0xa2,
  0xa9, 0x56, 0xda, 0xf7, 0xef, 0xdb, 0x7d, 0x6e, 0xef, 0xed, 0x7e, 0xb5, 0xd5, 0x6a, 0x15, 0x08,
  0x55, 0x55, 0x5d, 0xbe, 0xfa, 0xff, 0xd7, 0xbb, 0x7a, 0xb6, 0xd7, 0xee, 0xfa, 0xa5, 0x48, 0x41,
  0xaa, 0x55, 0xab, 0xd7, 0xaf, 0xb6, 0xd6, 0xed, 0xad, 0xdb, 0x7a, 0xbb, 0x56, 0xda, 0xa2, 0x28,
  0x55, 0x56, 0xde, 0xfd, 0xfe, 0xff, 0x5d, 0xb6, 0xf6, 0xba, 0xdf, 0xef, 0xab, 0x49, 0x15, 0x45,
  0xa4, 0xaa, 0xb5, 0xaf, 0x77, 0xda, 0xaf, 0xdb, 0x5d, 0xeb, 0x6a, 0xba, 0xdd, 0x34, 0xa0, 0x00,
  0x55, 0x5b, 0x5b, 0x7b, 0xdd, 0xfe, 0xf5, 0x6a, 0xf6, 0xb5, 0xbf, 0xed, 0x76, 0xaa, 0x04, 0x02,
  0xaa, 0xaa, 0xee, 0xee, 0xff, 0x6b, 0x5f, 0xb7, 0x5d, 0xda, 0xaa, 0xb7, 0xab, 0x50, 0x80, 0x00,
  0x54, 0xab, 0x55, 0xbb, 0xb7, 0xfa, 0xfa, 0xda, 0xfe, 0xd6, 0xdf, 0xfa, 0xd1, 0x24, 0x00, 0x22,
  0x4a, 0xad, 0x5f, 0xef, 0xfd, 0xad, 0xdf, 0xb7, 0x6b, 0x6b, 0x55, 0x56, 0x0a, 0xa9, 0x55, 0x00,
  0xa9, 0x55, 0x6a, 0xbd, 0x57, 0xf7, 0xed, 0xed, 0xdf, 0xb5, 0x6d, 0xba, 0xa3, 0x50, 0x84, 0x82,
  0x55, 0x55, 0xb6, 0xef, 0xfe, 0xad, 0x7e, 0xbf, 0x7a, 0xda, 0xd6, 0xd5, 0x29, 0x25, 0x52, 0x00,
  0x54, 0xaa, 0xab, 0xb5, 0xb7, 0xf7, 0xdb, 0xeb, 0xaf, 0x6e, 0xeb, 0x7c, 0x95, 0x92, 0x84, 0x02,
  0xa5, 0x56, 0xdd, 0x7f, 0x7d, 0xaf, 0x7e, 0xbd, 0x75, 0xfb, 0x75, 0xa6, 0x4a, 0xaa, 0x22, 0x80,
  0x55, 0x5b, 0x6b, 0xd5, 0xef, 0xdd, 0xeb, 0xd6, 0xd5, 0x56, 0xaa, 0xda, 0x95, 0x25, 0x89, 0x02,
  0x52, 0xaa, 0xad, 0x7f, 0x7b, 0x7f, 0xbe, 0xbb, 0x5e, 0xab, 0xf5, 0x6c, 0x4b, 0x52, 0x44, 0x00,
  0x94, 0xaa, 0xb7, 0xab, 0xde, 0xd6, 0xf5, 0xed, 0xb3, 0x55, 0x5b, 0xb5, 0x2d, 0x2a, 0x95, 0x42,
  0x55, 0x55, 0xaa, 0xfd, 0x77, 0xbf, 0xde, 0xb6, 0xed, 0xb5, 0x6a, 0xaa, 0x95, 0xa2, 0xa2, 0x00,
  0x52, 0xaa, 0xb6, 0xab, 0xdd, 0xab, 0xeb, 0x6f, 0xba, 0xd6, 0xb5, 0x76, 0x4a, 0x92, 0x48, 0x94,
  0xaa, 0xad, 0x5b, 0x6e, 0xb7, 0x7f, 0x7f, 0xfa, 0xef, 0x55, 0x19, 0xaa, 0xb6, 0xa9, 0x00, 0x01,
  0x49, 0x55, 0xaa, 0xdb, 0xfd, 0xad, 0xaa, 0xbf, 0xb5, 0xda, 0xa5, 0x5a, 0xa9, 0x22, 0x42, 0x00,
  0x55, 0x56, 0xb7, 0x6d, 0x57, 0x7f, 0xff, 0xea, 0xee, 0xb5, 0x4a, 0xec, 0x85, 0xa8, 0x80, 0x44,
  0xa5, 0x55, 0x5a, 0xdf, 0xfd, 0xb6, 0xad, 0xbf, 0xbb, 0xdb, 0x55, 0x56, 0x29, 0x22, 0x00, 0x01,
  0x54, 0xaa, 0xd5, 0xb5, 0x57, 0x5f, 0xfe, 0xea, 0xed, 0x55, 0xa2, 0xb9, 0x45, 0x50, 0x88, 0x22,
  0x4a, 0xab, 0x56, 0xdb, 0x7b, 0xbe, 0xd5, 0xbf, 0x76, 0xad, 0x55, 0x6c, 0x29, 0x29, 0x01, 0x00,
  0xa9, 0x55, 0x5b, 0x6d, 0xae, 0xff, 0xfe, 0xd5, 0xad, 0xab, 0x69, 0xaa, 0x85, 0x90, 0x00, 0x09,
  0x55, 0x55, 0x55, 0x56, 0xf7, 0x5b, 0x77, 0x6e, 0xfb, 0x55, 0xaa, 0xb5, 0x2a, 0x50, 0x0a, 0x80,
  0x4a, 0xaa, 0xb6, 0xfb, 0x5a, 0xbf, 0xdd, 0xb7, 0x56, 0xaa, 0xa9, 0x54, 0x85, 0x48, 0x40, 0x22,
  0xb5, 0x55, 0x5b, 0x4d, 0xef, 0xfe, 0xfb, 0x6d, 0xdb, 0x6d, 0x55, 0x6a, 0x2a, 0xa1, 0x09, 0x00,
  0x5f, 0x6b, 0x6a, 0xb6, 0xb5, 0x2f, 0xde, 0xfb, 0x6d, 0xab, 0xaa, 0xad, 0x25, 0x29, 0x00, 0x42,
  0xb5, 0xaa, 0xab, 0x6d, 0xbe, 0xfe, 0xfb, 0xad, 0xb6, 0xad, 0x55, 0x54, 0x8a, 0x94, 0x04, 0x00,
  0xfb, 0x55, 0x55, 0xb6, 0xd5, 0xbf, 0xbe, 0xf5, 0x4b, 0x6a, 0xaa, 0xb4, 0x2a, 0xa1, 0x01, 0x02,
  0x56, 0xd5, 0x5a, 0xab, 0x6e, 0xdf, 0xeb, 0xae, 0xbd, 0xad, 0x54, 0xd6, 0x95, 0x28, 0x08, 0x00,
  0xeb, 0x55, 0x55, 0x6d, 0x55, 0x7e, 0xfe, 0xfb, 0xd5, 0x77, 0x49, 0x54, 0x2a, 0x91, 0x02, 0x84,
  0xa9, 0x55, 0x56, 0xaa, 0xdf, 0x7f, 0xab, 0xae, 0xb6, 0xba, 0xaa, 0xaa, 0x9a, 0xa0, 0x04, 0x00,
  0xa5, 0xa5, 0x55, 0x56, 0xb2, 0xbf, 0xfe, 0xd5, 0xd5, 0xd6, 0xa1, 0x54, 0x4d, 0x14, 0x40, 0x42,
  0xaa, 0x95, 0x55, 0x6a, 0xdd, 0xde, 0xab, 0x6e, 0xaa, 0xbb, 0x5a, 0xaa, 0xaa, 0xa1, 0x12, 0x08,
  0x92, 0xd5, 0x6a, 0xad, 0x56, 0x77, 0xff, 0xaa, 0x54, 0xed, 0xd1, 0x54, 0x15, 0x28, 0x00, 0x80,
  0xa2, 0xaa, 0xb6, 0xab, 0x6b, 0x5f, 0xdd, 0x6d, 0x42, 0xb5, 0x54, 0xaa, 0x49, 0x20, 0x00, 0x02,
  0x8a, 0xad, 0xad, 0xb5, 0xad, 0xbb, 0x76, 0xb4, 0xb9, 0x5a, 0xb2, 0xa8, 0x0a, 0x90, 0x00, 0x00,
  0x42, 0xb6, 0xf6, 0xde, 0xdb, 0x5d, 0xfd, 0xdb, 0x44, 0xeb, 0x51, 0x55, 0x24, 0xa0, 0x40, 0x01,
  0x92, 0xab, 0x5b, 0x6b, 0x76, 0xef, 0x6f, 0x6d, 0x72, 0xad, 0x54, 0xa8, 0x0a, 0x11, 0x02, 0x04,
  0x93, 0x5d, 0xd6, 0xdd, 0xaa, 0xaa, 0xf5, 0xbb, 0xd5, 0x55, 0x49, 0x52, 0x51, 0x48, 0x00, 0x00,
  0x49, 0x6b, 0x7b, 0x76, 0xdb, 0x49, 0x5e, 0xfe, 0xb5, 0x6a, 0xa2, 0x49, 0x14, 0x40, 0x11, 0x40,
  0xaa, 0xbd, 0xad, 0xdb, 0x55, 0x55, 0x75, 0xf7, 0x6d, 0x54, 0x11, 0x54, 0x12, 0x00, 0x04, 0x22,
  0xb7, 0x56, 0xf6, 0xb4, 0xaa, 0x82, 0xaf, 0xdd, 0xb5, 0x2a, 0x88, 0xaa, 0xa8, 0x90, 0x50, 0x80,
  0xed, 0xab, 0x5b, 0x6d, 0x4a, 0xa9, 0x7b, 0xfa, 0xad, 0xa0, 0x44, 0xa5, 0x55, 0x24, 0x00, 0x20,
  0xbe, 0xad, 0xed, 0xba, 0xaa, 0x92, 0xaf, 0x7f, 0x6a, 0xaa, 0x92, 0x95, 0x2a, 0x11, 0x55, 0x02,
  0xea, 0x94, 0xb6, 0xed, 0x4a, 0xa5, 0x5f, 0xf5, 0xb7, 0x55, 0x55, 0x52, 0xa5, 0x4a, 0x00, 0x48,
  0xbb, 0x57, 0x5a, 0xf5, 0x55, 0x12, 0xb7, 0xde, 0xd5, 0x55, 0x54, 0xa9, 0x12, 0x21, 0x55, 0x10,
  0xed, 0xaa, 0xeb, 0x5d, 0x5a, 0xaa, 0xee, 0xfb, 0x5a, 0xd5, 0x55, 0x54, 0xa9, 0x4a, 0x00, 0x42,
  0xb6, 0xef, 0x2a, 0xf6, 0xa9, 0x05, 0x5b, 0xfd, 0xad, 0x55, 0x55, 0x45, 0x4a, 0x24, 0xa9, 0x00,
  0xdb, 0x5a, 0xd5, 0x5a, 0xaa, 0xaa, 0xef, 0x76, 0xeb, 0xaa, 0xaa, 0xaa, 0x52, 0x90, 0x00, 0x28,
  0x6d, 0xed, 0xaa, 0xaa, 0xd2, 0x45, 0x5b, 0xdd, 0x55, 0x55, 0x55, 0x51, 0x29, 0x4a, 0xa4, 0x82,
  0xaa, 0xb6, 0xd5, 0x55, 0x55, 0x2a, 0xed, 0x77, 0xaa, 0xaa, 0xaa, 0x8a, 0x8a, 0xa4, 0x11, 0x00,
  0xb6, 0xab, 0x69, 0x4a, 0xa9, 0x13, 0x55, 0xda, 0x4a, 0xaa, 0xaa, 0x60, 0x50, 0xab, 0x44, 0x28
};
// Author :- Ashish ( ashish_y_794 )
// Website : https://www.oledanimationmaker.com/

const uint8_t PROGMEM frame17[1024] = {
  0xa5, 0xbd, 0xff, 0xff, 0xff, 0xff, 0xff, 0xff, 0xff, 0xff, 0xff, 0xff, 0xff, 0xef, 0xfd, 0xdb,
  0x52, 0x46, 0xaa, 0xb6, 0xdb, 0x6d, 0xb6, 0xdb, 0x5a, 0xaa, 0xaa, 0xaa, 0xaa, 0xbd, 0x56, 0xd5,
  0x94, 0xb5, 0x57, 0xdf, 0xff, 0xff, 0xff, 0xfe, 0xff, 0xff, 0xff, 0xff, 0xff, 0x6f, 0xed, 0xba,
  0x52, 0x55, 0xba, 0xf5, 0x5b, 0x6d, 0xb6, 0xdb, 0xd5, 0x55, 0x6d, 0xaa, 0xaa, 0xd5, 0x55, 0x57,
  0xaa, 0x96, 0xd7, 0x5f, 0xff, 0xff, 0xff, 0xfe, 0xff, 0xff, 0xde, 0xff, 0xfd, 0xfb, 0x6a, 0xea,
  0xaa, 0x55, 0x6d, 0xf7, 0x6d, 0xb6, 0xdb, 0x6f, 0xb6, 0xdb, 0x77, 0xb5, 0x57, 0x56, 0xb6, 0xb6,
  0x55, 0x5b, 0x5f, 0x5d, 0xff, 0xff, 0xff, 0xfa, 0xdb, 0xbe, 0xfa, 0xef, 0xfb, 0xbb, 0x5a, 0xab,
  0xa9, 0x55, 0xb5, 0xff, 0xb6, 0xad, 0x6b, 0x6d, 0x6e, 0xeb, 0xdf, 0xbd, 0xad, 0xd5, 0xaa, 0x90,
  0x54, 0xaa, 0xdb, 0x6b, 0xff, 0xff, 0xfe, 0xf7, 0xbb, 0x5b, 0x76, 0xf7, 0x7e, 0xba, 0xa0, 0x44,
  0xaa, 0xad, 0x6e, 0xfe, 0xdb, 0x76, 0xd7, 0xba, 0x96, 0xed, 0xdd, 0xdd, 0xd5, 0xd5, 0x2a, 0x11,
  0x55, 0x55, 0xb5, 0xaf, 0xff, 0xdf, 0xf5, 0xd7, 0xad, 0xb6, 0xf7, 0x77, 0x7b, 0x54, 0x89, 0x44,
  0xa4, 0xaa, 0xaf, 0xfa, 0xad, 0xfb, 0x57, 0x7e, 0xdf, 0xd5, 0x5d, 0xdd, 0xd5, 0x55, 0x50, 0x20,
  0x55, 0x56, 0xda, 0xbf, 0xff, 0x6f, 0xaf, 0xad, 0xb5, 0x6b, 0xf7, 0xf7, 0x6e, 0xaa, 0x4a, 0x95,
  0xaa, 0xab, 0x6d, 0xeb, 0x75, 0xfd, 0x5a, 0xf7, 0x7f, 0xb5, 0x5d, 0x5d, 0xb5, 0xa9, 0x20, 0x00,
  0x54, 0xad, 0x57, 0x7f, 0xdf, 0xb6, 0xf7, 0xad, 0xda, 0xda, 0xb7, 0xf6, 0xdb, 0x2a, 0x42, 0x02,
  0x92, 0xaa, 0xdd, 0xd5, 0xfe, 0xfd, 0xbe, 0xda, 0xbf, 0x57, 0x5d, 0x5b, 0x6d, 0x51, 0x00, 0x00,
  0x55, 0x55, 0x6b, 0x7f, 0x6b, 0xd6, 0xeb, 0xb7, 0xf5, 0xd9, 0xb7, 0xed, 0xa2, 0xa8, 0x00, 0x42,
  0xaa, 0xab, 0x5d, 0xdb, 0xff, 0x7b, 0xbe, 0xed, 0x5e, 0xed, 0x5a, 0xba, 0x93, 0x22, 0x95, 0x00,
  0x54, 0xad, 0x6b, 0x6e, 0xad, 0xed, 0xef, 0xbb, 0xf7, 0x55, 0xd7, 0x6d, 0x29, 0xa8, 0x44, 0x02,
  0x4a, 0xaa, 0xb6, 0xfb, 0xff, 0xb7, 0x7a, 0xee, 0xbb, 0x7a, 0xea, 0xda, 0x85, 0x2b, 0x52, 0x80,
  0xa9, 0x55, 0xad, 0xaf, 0x6d, 0xef, 0xdf, 0xbb, 0xdd, 0xd6, 0xb7, 0x6c, 0x52, 0xa1, 0x04, 0x02,
  0x55, 0x56, 0xd7, 0xfb, 0xff, 0xba, 0xfb, 0x76, 0xab, 0x7b, 0x6a, 0xdb, 0x2a, 0x95, 0x49, 0x00,
  0x54, 0xaa, 0xba, 0xae, 0xab, 0x6f, 0xbd, 0xdb, 0x75, 0xae, 0xf5, 0xb4, 0x96, 0xaa, 0x84, 0x85,
  0xa5, 0x55, 0x56, 0xf7, 0xff, 0xde, 0xef, 0x6d, 0xae, 0xab, 0xb6, 0xda, 0xab, 0x52, 0x52, 0x00,
  0x55, 0x5b, 0x6b, 0x5a, 0xb6, 0xbb, 0xf5, 0xb6, 0xdb, 0x6a, 0xd9, 0x6d, 0x15, 0x2a, 0x8a, 0x81,
  0x49, 0x55, 0xad, 0xef, 0xfd, 0xdf, 0xbb, 0x6f, 0x75, 0xad, 0x6b, 0x54, 0xad, 0xa2, 0xa0, 0x10,
  0x55, 0x55, 0x56, 0xba, 0xaf, 0x76, 0xee, 0xfb, 0xde, 0xb5, 0x3a, 0xee, 0x45, 0x29, 0x15, 0x44,
  0xa9, 0x55, 0x6b, 0x6f, 0xf7, 0xaf, 0xbb, 0xae, 0xeb, 0xd5, 0x4a, 0xb5, 0x36, 0xa2, 0x80, 0x01,
  0x4a, 0xab, 0x5d, 0xb5, 0x5d, 0x7f, 0xef, 0xfb, 0xbd, 0x5a, 0xaa, 0xd5, 0xa9, 0x50, 0x20, 0x00,
  0x55, 0x55, 0x56, 0xdf, 0xf7, 0xad, 0x7d, 0xbe, 0xef, 0x6b, 0x49, 0x6c, 0x52, 0x95, 0x02, 0x4a,
  0xa2, 0xad, 0x6b, 0x6a, 0xbd, 0xbf, 0xaf, 0x6b, 0xb5, 0xbd, 0x4b, 0x5a, 0x8a, 0xa0, 0x80, 0x00,
  0x54, 0xaa, 0xad, 0xb6, 0xd7, 0x7d, 0xfa, 0xfe, 0xfe, 0xca, 0xe5, 0x6d, 0x22, 0x94, 0x08, 0x01,
  0x4a, 0xaa, 0xd5, 0x5b, 0xbd, 0xaf, 0x77, 0x57, 0x55, 0x6d, 0x52, 0xb4, 0x49, 0x51, 0x20, 0x90,
  0xaa, 0xab, 0x5b, 0x6d, 0x6e, 0xff, 0xdd, 0xbb, 0xf6, 0xab, 0x59, 0x56, 0x95, 0x28, 0x00, 0x02,
  0x52, 0xaa, 0xad, 0xb7, 0xb7, 0x5d, 0xfb, 0x6d, 0x5b, 0x55, 0xaa, 0xea, 0x05, 0xa0, 0x05, 0x00,
  0x4a, 0xaa, 0xaa, 0xda, 0xed, 0xbf, 0x6e, 0xdf, 0xb6, 0xda, 0xa9, 0x5a, 0x54, 0x90, 0x80, 0x44,
  0xb6, 0xaa, 0xb6, 0xad, 0xbb, 0x7d, 0xfd, 0xea, 0xdb, 0x57, 0x6a, 0xaa, 0x45, 0x52, 0x15, 0x11,
  0x5e, 0xaa, 0xd5, 0xdb, 0x5d, 0xb7, 0xb7, 0x7d, 0xad, 0xaa, 0xaa, 0xda, 0x2a, 0x91, 0x00, 0x00,
  0xb7, 0x6a, 0xad, 0x6d, 0xeb, 0x7f, 0xff, 0xab, 0x76, 0xda, 0xaa, 0xaa, 0x8a, 0xa8, 0x80, 0x82,
  0xfb, 0xaa, 0xaa, 0xb6, 0xb7, 0xbf, 0x6d, 0xfd, 0x9b, 0x6b, 0x55, 0x54, 0x25, 0x25, 0x04, 0x00,
  0x55, 0x55, 0x56, 0xd5, 0x5d, 0x6f, 0xfe, 0xaa, 0xad, 0x56, 0xa9, 0x6a, 0x9a, 0x90, 0x02, 0x02,
  0xea, 0xd5, 0x5a, 0xab, 0xb6, 0xbe, 0xd7, 0xdf, 0xf6, 0xdd, 0x54, 0xac, 0x55, 0x48, 0x04, 0x80,
  0xaa, 0xaa, 0xaa, 0xb5, 0x5b, 0x7f, 0xfa, 0xb5, 0x55, 0x77, 0xa5, 0x55, 0x15, 0x21, 0x00, 0x02,
  0xa5, 0x4a, 0xaa, 0xad, 0xad, 0xbf, 0x5f, 0xdb, 0xad, 0xda, 0x91, 0x54, 0xad, 0x50, 0x0a, 0x40,
  0xa9, 0xa9, 0x55, 0x55, 0x75, 0x7f, 0xf5, 0x6e, 0xb5, 0x6d, 0x6a, 0xaa, 0x55, 0x12, 0xa0, 0x08,
  0x92, 0xa5, 0x6a, 0xaa, 0xab, 0x5f, 0xbf, 0xaa, 0x92, 0xb6, 0xd1, 0x54, 0x0a, 0xa0, 0x01, 0x22,
  0x45, 0x56, 0xb6, 0xdb, 0x5d, 0x77, 0xed, 0x5a, 0x48, 0xdb, 0x55, 0x54, 0xa5, 0x10, 0x00, 0x00,
  0xa2, 0xab, 0x5b, 0x55, 0xe7, 0xad, 0xbe, 0xea, 0xb5, 0x6d, 0x69, 0x54, 0x09, 0x50, 0x00, 0x00,
  0x93, 0x5d, 0xed, 0xb6, 0xba, 0xbe, 0xf7, 0x5a, 0xa2, 0xb5, 0x52, 0x52, 0x2a, 0x22, 0x00, 0x02,
  0x49, 0x6a, 0xb6, 0xdf, 0xdb, 0x6b, 0xba, 0xef, 0x59, 0x55, 0x54, 0xa9, 0x09, 0x90, 0x20, 0x00,
  0x82, 0xb7, 0xdb, 0x75, 0x55, 0xad, 0xef, 0x7a, 0xea, 0xda, 0xa9, 0x54, 0x24, 0x48, 0x01, 0x00,
  0xab, 0x5a, 0xb5, 0xbb, 0x6d, 0x52, 0x7a, 0xff, 0xb5, 0x55, 0x41, 0x52, 0x14, 0x20, 0x08, 0x82,
  0xaa, 0xaf, 0x6e, 0xd5, 0x55, 0x49, 0x57, 0xea, 0xda, 0xaa, 0x28, 0xa8, 0x92, 0x40, 0x42, 0x20,
  0xad, 0x75, 0xbb, 0x7a, 0xaa, 0xa5, 0x7b, 0xbf, 0x6d, 0x54, 0x85, 0x26, 0x54, 0x00, 0x10, 0x40,
  0xf7, 0x9a, 0xed, 0xad, 0x4a, 0x89, 0xaf, 0xfa, 0xb6, 0x92, 0x20, 0xa9, 0x52, 0xa8, 0x81, 0x02,
  0xbd, 0x55, 0xb5, 0x75, 0x2a, 0xa4, 0xbb, 0xbe, 0xd5, 0xa9, 0x4a, 0xaa, 0xaa, 0x12, 0x54, 0x20,
  0xd5, 0x55, 0x6e, 0xdd, 0x55, 0x52, 0xaf, 0xf7, 0x56, 0xa5, 0x2a, 0xa5, 0x29, 0x49, 0x01, 0x12,
  0xf6, 0x8d, 0xb5, 0xf5, 0x55, 0x0a, 0xfe, 0xfd, 0x6a, 0xda, 0xd5, 0x52, 0x95, 0x24, 0x54, 0x40,
  0xaf, 0x6a, 0xd6, 0xb6, 0xaa, 0xa5, 0x57, 0xf6, 0xbb, 0x4a, 0xaa, 0x94, 0xa2, 0x41, 0x01, 0x09,
  0xda, 0xef, 0x55, 0xda, 0xd4, 0x95, 0x6f, 0x7d, 0xd5, 0x6a, 0xaa, 0x52, 0x54, 0x94, 0xa8, 0x20,
  0x77, 0x5b, 0xaa, 0x6d, 0x55, 0x4a, 0xb5, 0xee, 0xad, 0xaa, 0xaa, 0xaa, 0x92, 0x48, 0x02, 0x04,
  0xaa, 0xed, 0x55, 0x55, 0x52, 0xa2, 0xdb, 0xbb, 0x6a, 0xaa, 0xaa, 0xa1, 0x4a, 0xa5, 0x48, 0x90,
  0xdb, 0x56, 0xd5, 0x55, 0x54, 0x15, 0xed, 0xf5, 0x95, 0x55, 0x55, 0x4a, 0x24, 0x92, 0x20, 0x02,
  0x55, 0x6b, 0x6a, 0x95, 0x55, 0xa5, 0x56, 0xae, 0x55, 0x55, 0x52, 0x51, 0x52, 0xad, 0x4a, 0xa0
};
// Author :- Ashish ( ashish_y_794 )
// Website : https://www.oledanimationmaker.com/

const uint8_t PROGMEM frame18[1024] = {
  0xa5, 0xbd, 0xff, 0xff, 0xff, 0xff, 0xff, 0xff, 0xff, 0xff, 0xff, 0xff, 0xff, 0xef, 0xfd, 0xdb,
  0x52, 0x46, 0xaa, 0xb6, 0xdb, 0x6d, 0xb6, 0xdb, 0x5a, 0xaa, 0xaa, 0xaa, 0xaa, 0xbd, 0x56, 0xd5,
  0xa9, 0x5a, 0xad, 0xdf, 0xff, 0xff, 0xff, 0xfe, 0xff, 0xff, 0xff, 0xff, 0xff, 0x6f, 0xed, 0xba,
  0x4a, 0x55, 0xb7, 0x75, 0x5b, 0x6d, 0xb6, 0xdb, 0xd5, 0x55, 0x6d, 0xaa, 0xaa, 0xd5, 0x56, 0xd7,
  0xa9, 0x2a, 0xdb, 0xdf, 0xff, 0xff, 0xff, 0xff, 0x7f, 0xff, 0xde, 0xff, 0xfd, 0xfb, 0x6a, 0x5a,
  0x55, 0x56, 0xb6, 0xfb, 0xb6, 0xb6, 0xdb, 0x6b, 0xed, 0xb6, 0xf7, 0xb5, 0x57, 0x56, 0xb5, 0xab,
  0xaa, 0xab, 0x5d, 0xae, 0xff, 0xff, 0xff, 0xfd, 0x5f, 0xef, 0xba, 0xef, 0xfb, 0xbb, 0x56, 0xda,
  0x54, 0xaa, 0xeb, 0xff, 0xdb, 0x6d, 0x6b, 0x56, 0xbb, 0x7a, 0xef, 0xbd, 0xad, 0xd5, 0xb4, 0x44,
  0xaa, 0x56, 0xb6, 0xb5, 0xff, 0xff, 0xfe, 0xfb, 0xbf, 0xad, 0xdd, 0xf7, 0x7e, 0xba, 0x92, 0x21,
  0x52, 0xaa, 0xdf, 0xef, 0x6d, 0xb6, 0xd7, 0xae, 0xd5, 0xd7, 0x7b, 0x5d, 0xd5, 0xd5, 0x49, 0x14,
  0xaa, 0xad, 0x55, 0x7d, 0xff, 0xff, 0xf5, 0xfb, 0x5e, 0xb5, 0xdf, 0xf7, 0x7b, 0x54, 0xa2, 0x40,
  0x55, 0x55, 0xbb, 0xb7, 0xb5, 0x5b, 0x5f, 0x55, 0xab, 0xda, 0xed, 0x6d, 0xd5, 0x55, 0x10, 0x92,
  0xa9, 0x56, 0xd6, 0xef, 0xff, 0xff, 0x4b, 0xb7, 0x5d, 0x6b, 0x5f, 0xdf, 0x6e, 0xaa, 0xaa, 0x08,
  0x55, 0x55, 0x6d, 0xbd, 0x5b, 0xda, 0xf6, 0xda, 0xf7, 0xb5, 0x75, 0x75, 0xb5, 0xa9, 0x01, 0x42,
  0x94, 0xab, 0x5b, 0xf7, 0xfe, 0xff, 0x5f, 0x6d, 0xbd, 0xdb, 0xbf, 0xdd, 0x5b, 0x2a, 0x48, 0x00,
  0x52, 0xad, 0x6e, 0xbe, 0xef, 0xb5, 0xed, 0xd6, 0xfe, 0xaa, 0xaa, 0xf7, 0xed, 0x50, 0x00, 0x02,
  0xaa, 0xaa, 0xb5, 0xeb, 0xbb, 0xfa, 0xbf, 0x7b, 0x6b, 0xda, 0xb7, 0x5a, 0xa2, 0xaa, 0x80, 0x00,
  0x55, 0x55, 0xdb, 0x7f, 0xfe, 0xd7, 0xeb, 0xad, 0xbe, 0xad, 0xdb, 0xed, 0x13, 0x20, 0x2a, 0x82,
  0x54, 0xaa, 0xaf, 0xaa, 0xab, 0xfb, 0x7e, 0xf7, 0xeb, 0xf5, 0x56, 0xb6, 0xa9, 0xaa, 0x84, 0x00,
  0xa5, 0x56, 0xb5, 0x7f, 0xff, 0x57, 0xb7, 0xbd, 0x7e, 0xab, 0x6b, 0x5a, 0x45, 0x29, 0x51, 0x02,
  0x54, 0xab, 0x5b, 0xd6, 0xdd, 0xed, 0xfd, 0xd7, 0xab, 0xdd, 0xed, 0xed, 0x12, 0xa2, 0x84, 0x40,
  0x52, 0xad, 0x6d, 0x7f, 0xf7, 0xbf, 0x5e, 0xfd, 0x7d, 0x76, 0xb5, 0x5a, 0xab, 0x2a, 0x4a, 0x02,
  0x95, 0x55, 0xab, 0xaa, 0xbe, 0xdb, 0xf7, 0x56, 0xcb, 0x5d, 0xd6, 0xec, 0x4d, 0xaa, 0x85, 0x00,
  0x55, 0x55, 0x5d, 0xff, 0xef, 0xfe, 0xfb, 0x7b, 0x75, 0x6b, 0x7b, 0x56, 0xaa, 0x52, 0x50, 0x82,
  0x52, 0xaa, 0xea, 0xaa, 0xbb, 0x57, 0xdd, 0xd5, 0xaf, 0xaa, 0xa9, 0x74, 0x8b, 0x2a, 0x8a, 0x00,
  0xa9, 0x56, 0xaf, 0x7f, 0xee, 0xde, 0xeb, 0x5e, 0xf4, 0xd5, 0x7a, 0xaa, 0x55, 0x91, 0x52, 0x92,
  0x4a, 0xaa, 0xb2, 0xd5, 0x7b, 0xbb, 0xbe, 0xf7, 0xbb, 0x5b, 0x55, 0xdd, 0x2d, 0x52, 0x80, 0x00,
  0x55, 0x55, 0xad, 0xbb, 0xaf, 0x5f, 0xeb, 0xbd, 0xde, 0xd5, 0x2a, 0xb5, 0x55, 0x29, 0x24, 0x92,
  0x52, 0xad, 0x56, 0xd6, 0xfd, 0xf7, 0x7f, 0xee, 0xeb, 0x6a, 0x9a, 0xd5, 0x55, 0xa0, 0x80, 0x00,
  0xa9, 0x55, 0x6b, 0x7d, 0xaf, 0x3e, 0xad, 0x7b, 0xbd, 0xbb, 0x49, 0x6d, 0x22, 0x54, 0x00, 0x02,
  0x4a, 0xab, 0x5d, 0xab, 0xf5, 0xdb, 0xff, 0xde, 0xeb, 0x6d, 0xa5, 0xb4, 0x95, 0x21, 0x04, 0x88,
  0x55, 0x55, 0x66, 0xdd, 0x5f, 0x7e, 0xea, 0xb7, 0x7d, 0xaa, 0xd5, 0x5a, 0x42, 0xa8, 0x90, 0x01,
  0xa4, 0xaa, 0xb5, 0x6b, 0xeb, 0x5f, 0xbe, 0xdb, 0xab, 0x56, 0xa2, 0xed, 0x29, 0x51, 0x00, 0x40,
  0x52, 0xaa, 0xab, 0xb6, 0xbe, 0xfd, 0xf7, 0x6d, 0xfd, 0xb5, 0x75, 0x2a, 0x15, 0x20, 0x01, 0x04,
  0x4a, 0xab, 0x5a, 0xad, 0xd7, 0x5f, 0xba, 0xde, 0xaa, 0xd7, 0x52, 0xda, 0xa2, 0xa8, 0x44, 0x11,
  0xaa, 0xaa, 0xad, 0xb6, 0xbb, 0x7d, 0xff, 0x77, 0x6f, 0x55, 0x59, 0x6a, 0x15, 0x50, 0x01, 0x00,
  0x5a, 0xaa, 0xb6, 0xdb, 0xdd, 0xb7, 0xb5, 0xdb, 0xb5, 0x55, 0xaa, 0xaa, 0x8a, 0x92, 0x08, 0x42,
  0xaf, 0x6a, 0xd5, 0x6d, 0x6b, 0x7f, 0xff, 0x6d, 0x5b, 0x6d, 0x55, 0x6c, 0x55, 0x49, 0x02, 0x00,
  0x7b, 0xaa, 0xab, 0x56, 0xbe, 0xde, 0xdb, 0xbb, 0xed, 0xab, 0x55, 0x55, 0x05, 0x21, 0x20, 0x82,
  0xb6, 0xd5, 0x55, 0xbb, 0xd5, 0xbf, 0xfe, 0xec, 0x96, 0xd5, 0x55, 0x5a, 0x55, 0x54, 0x04, 0x00,
  0xeb, 0x55, 0x5a, 0xaa, 0xb6, 0xff, 0x6b, 0xbb, 0x6d, 0x5e, 0xa9, 0x69, 0x15, 0x21, 0x01, 0x04,
  0xb5, 0x55, 0x55, 0x56, 0xdb, 0x5f, 0xfe, 0xef, 0xb7, 0x6b, 0x54, 0xac, 0x5a, 0x94, 0x04, 0x41,
  0xd2, 0xaa, 0xaa, 0xda, 0xad, 0xbe, 0xab, 0xb5, 0xaa, 0xfd, 0xa5, 0x52, 0x2a, 0xa0, 0x02, 0x00,
  0x4b, 0x4a, 0xab, 0x55, 0x76, 0xff, 0xfe, 0xde, 0xdd, 0x56, 0x91, 0x55, 0x4d, 0x28, 0x88, 0x02,
  0xa9, 0xa9, 0x55, 0x56, 0xab, 0x5f, 0xad, 0xa5, 0x65, 0xea, 0xea, 0xaa, 0x55, 0x22, 0x21, 0x20,
  0xa5, 0x55, 0x6a, 0xab, 0x5d, 0x77, 0xff, 0x7a, 0x94, 0xbb, 0x51, 0x54, 0x0a, 0x90, 0x04, 0x04,
  0x92, 0xab, 0x5d, 0x5a, 0xe5, 0x5f, 0xb5, 0xad, 0x52, 0xd5, 0x55, 0x55, 0x29, 0x48, 0x00, 0x00,
  0x42, 0xad, 0x6b, 0x6b, 0x5f, 0xbb, 0xfe, 0xd4, 0xa9, 0x6e, 0xd1, 0x54, 0x0a, 0x20, 0x00, 0x02,
  0x92, 0xb5, 0xb6, 0xad, 0xb5, 0x5d, 0x5b, 0x6b, 0x54, 0xb5, 0x6a, 0xa9, 0x25, 0x50, 0x40, 0x00,
  0x8a, 0xae, 0xdb, 0xde, 0xda, 0xef, 0xf6, 0xdd, 0xa2, 0xd5, 0x28, 0xaa, 0x09, 0x10, 0x00, 0x01,
  0x51, 0xb5, 0xb6, 0xbb, 0x6d, 0x55, 0x5d, 0xbe, 0xfa, 0xaa, 0xca, 0x50, 0x54, 0xa0, 0x00, 0x84,
  0x8a, 0xae, 0xdb, 0x6d, 0xb5, 0xa4, 0xf7, 0x7b, 0xaa, 0xad, 0x21, 0x4a, 0x12, 0x00, 0x24, 0x20,
  0xb5, 0x5b, 0x76, 0xf6, 0xaa, 0x92, 0xbb, 0xfd, 0x75, 0x54, 0x94, 0xa9, 0x14, 0x48, 0x81, 0x40,
  0xd6, 0xed, 0xbb, 0x5a, 0x95, 0x4a, 0xad, 0xf7, 0x5a, 0xaa, 0x41, 0x54, 0xa8, 0x00, 0x24, 0x01,
  0x7b, 0x55, 0xd5, 0xea, 0x55, 0x42, 0xf7, 0xdd, 0xad, 0x90, 0x14, 0x55, 0x4a, 0xa8, 0x00, 0x40,
  0xde, 0xad, 0x7e, 0xbd, 0x4a, 0xaa, 0x5f, 0xfe, 0xb6, 0xa5, 0x42, 0xa5, 0x2a, 0x25, 0x55, 0x10,
  0xea, 0x95, 0xaa, 0xea, 0xaa, 0x92, 0xb7, 0x75, 0xd5, 0x55, 0x5a, 0xa9, 0x55, 0x48, 0x80, 0x44,
  0xb6, 0xaa, 0xed, 0xb5, 0x55, 0x4a, 0xdf, 0xfe, 0xab, 0xaa, 0xaa, 0x54, 0xa2, 0x22, 0x2a, 0x11,
  0xdd, 0xd6, 0xaa, 0xfd, 0x6a, 0x4a, 0xb6, 0xf6, 0xdc, 0xd5, 0x55, 0x4a, 0x95, 0x14, 0x80, 0x80,
  0xb6, 0xad, 0xab, 0x56, 0xaa, 0x92, 0xdb, 0xfb, 0x6b, 0x56, 0xaa, 0xa2, 0x48, 0xa1, 0x28, 0x24,
  0xdb, 0xf7, 0x55, 0x6a, 0xa9, 0x4a, 0xb7, 0xbd, 0xad, 0x52, 0xaa, 0xaa, 0xaa, 0x8a, 0x02, 0x80,
  0x6d, 0x2d, 0xaa, 0xba, 0xaa, 0x49, 0xda, 0xee, 0xb5, 0xaa, 0xaa, 0x51, 0x24, 0xa4, 0xa0, 0x12,
  0xb5, 0xda, 0xd4, 0x8a, 0xa9, 0x26, 0xb7, 0xbb, 0x4a, 0xaa, 0xa9, 0x4a, 0x92, 0x92, 0x14, 0x80,
  0xaa, 0xaf, 0x6a, 0xaa, 0xaa, 0x93, 0x6a, 0xea, 0xa5, 0x55, 0x55, 0x50, 0x49, 0x6d, 0x42, 0x24
};
// Author :- Ashish ( ashish_y_794 )
// Website : https://www.oledanimationmaker.com/

const uint8_t PROGMEM frame19[1024] = {
  0xa5, 0xbd, 0xff, 0xff, 0xff, 0xff, 0xff, 0xff, 0xff, 0xff, 0xff, 0xff, 0xff, 0xef, 0xfd, 0xdb,
  0x52, 0x46, 0xaa, 0xb6, 0xdb, 0x6d, 0xb6, 0xdb, 0x5a, 0xaa, 0xaa, 0xaa, 0xaa, 0xbd, 0x56, 0xd5,
  0xa9, 0x5a, 0xad, 0xdf, 0xff, 0xff, 0xff, 0xfe, 0xff, 0xff, 0xff, 0xff, 0xff, 0x6f, 0xed, 0xba,
  0x4a, 0x55, 0xb7, 0x75, 0x5b, 0x6d, 0xb6, 0xdb, 0xd5, 0x55, 0x6d, 0xaa, 0xaa, 0xd5, 0x56, 0xd7,
  0xa9, 0x2a, 0xdd, 0xdf, 0xff, 0xff, 0xff, 0xfe, 0xff, 0xff, 0xde, 0xff, 0xfd, 0xfb, 0x6a, 0x5a,
  0x55, 0x56, 0xb7, 0x7b, 0xb6, 0xb6, 0xdb, 0x6b, 0xb6, 0xdb, 0x77, 0xb5, 0x57, 0x56, 0xb5, 0xab,
  0xaa, 0xab, 0x5a, 0xee, 0xff, 0xff, 0xff, 0xfe, 0xef, 0xef, 0xdd, 0xef, 0xfb, 0xbb, 0x56, 0xda,
  0x54, 0xaa, 0xef, 0xbf, 0xdb, 0x6d, 0x6b, 0x55, 0x5a, 0xba, 0xf7, 0x7d, 0xad, 0xd5, 0xb4, 0x44,
  0xaa, 0x56, 0xb5, 0xeb, 0x7f, 0xff, 0xfe, 0xff, 0xaf, 0xd7, 0xbd, 0xd7, 0x7e, 0xba, 0x92, 0x21,
  0x55, 0x5a, 0xdb, 0x7f, 0xed, 0xb6, 0xd7, 0xbb, 0x5a, 0xda, 0xef, 0x7d, 0xd5, 0xd5, 0x49, 0x14,
  0xa9, 0x55, 0x57, 0xb6, 0xff, 0xff, 0xf5, 0xef, 0xaf, 0x6b, 0x75, 0xd7, 0x7b, 0x54, 0xa2, 0x40,
  0x55, 0x56, 0xdd, 0xdf, 0xb6, 0xb6, 0xaf, 0x7d, 0x55, 0xb5, 0xbf, 0x7d, 0xd5, 0x55, 0x10, 0x92,
  0xa4, 0xab, 0x6a, 0xf5, 0xff, 0xff, 0xad, 0xae, 0xef, 0xda, 0xd7, 0xd7, 0x6e, 0xaa, 0xaa, 0x08,
  0x55, 0x55, 0x5f, 0x5f, 0x55, 0xb5, 0x5b, 0xd5, 0xbd, 0x6d, 0xbd, 0x7d, 0xb5, 0xa9, 0x01, 0x42,
  0xaa, 0xaa, 0xeb, 0xfd, 0xff, 0xfe, 0xf7, 0x76, 0xfb, 0xaa, 0xef, 0xd6, 0xdb, 0x2a, 0x48, 0x00,
  0x54, 0xad, 0x5d, 0x57, 0xee, 0xdb, 0x5e, 0xdb, 0x6e, 0xdb, 0x35, 0x7b, 0x6d, 0x50, 0x00, 0x02,
  0x4a, 0xab, 0x6b, 0xfe, 0xbf, 0xf5, 0xfb, 0xad, 0xbf, 0x6d, 0xaf, 0xad, 0xa2, 0xaa, 0x80, 0x00,
  0xa9, 0x55, 0xad, 0x5b, 0xf5, 0xbb, 0xae, 0xf6, 0xf5, 0xb5, 0x5a, 0xf6, 0x4a, 0xa0, 0x2a, 0x82,
  0x55, 0x56, 0xb7, 0xef, 0x7f, 0xee, 0xff, 0xbb, 0xbe, 0xea, 0xed, 0xad, 0x22, 0x95, 0x44, 0x00,
  0x54, 0xaa, 0xad, 0x7b, 0xd6, 0xb5, 0xda, 0xee, 0xeb, 0xb6, 0xab, 0x75, 0x55, 0x51, 0x11, 0x02,
  0xa5, 0x55, 0xb6, 0xdd, 0x7f, 0xef, 0xbf, 0xbb, 0xbe, 0xdb, 0x76, 0xdc, 0x89, 0x55, 0x44, 0x40,
  0x55, 0x5a, 0xdb, 0xb7, 0xed, 0xbd, 0xf6, 0xee, 0xd5, 0xed, 0xd5, 0xaa, 0x55, 0x92, 0x92, 0x02,
  0x52, 0xab, 0x56, 0xee, 0xdf, 0xd7, 0xbd, 0xb5, 0x6a, 0xbe, 0xf6, 0xf6, 0x96, 0xaa, 0x45, 0x00,
  0x95, 0x55, 0x6b, 0x5b, 0xfb, 0x7e, 0xf7, 0x7b, 0xbe, 0xa5, 0xba, 0xaa, 0x4a, 0x92, 0x92, 0x42,
  0x54, 0xaa, 0xb5, 0xfe, 0xaf, 0xaf, 0xdd, 0xd6, 0xd3, 0xaa, 0xd3, 0x5a, 0xab, 0x55, 0x49, 0x00,
  0x52, 0xad, 0xae, 0xab, 0xfa, 0xdb, 0xeb, 0x5d, 0xbd, 0x75, 0x7a, 0xed, 0x15, 0x22, 0x84, 0x02,
  0xaa, 0xaa, 0xb5, 0xdd, 0x5f, 0xbe, 0xbe, 0xf7, 0xeb, 0x56, 0x95, 0x54, 0xaa, 0xa9, 0x29, 0x50,
  0x49, 0x55, 0x56, 0xb7, 0xf6, 0xdb, 0xf7, 0xbd, 0x5d, 0xaa, 0xaa, 0xda, 0xab, 0x52, 0x80, 0x02,
  0x55, 0x56, 0xdb, 0x6d, 0x5f, 0x7f, 0xbd, 0xef, 0xf7, 0x75, 0x55, 0x6d, 0x55, 0x28, 0x00, 0x00,
  0xa9, 0x55, 0x55, 0xbb, 0xf5, 0xae, 0xd7, 0x7a, 0xbb, 0xad, 0x8a, 0xb5, 0x22, 0xa1, 0x24, 0x89,
  0x4a, 0xaa, 0xb6, 0xd6, 0xbf, 0x7b, 0x7f, 0xdf, 0xdd, 0x76, 0xa9, 0xda, 0x95, 0x52, 0x00, 0x00,
  0x52, 0xab, 0x5b, 0x7b, 0xd5, 0xbf, 0xf5, 0x6a, 0xee, 0xaa, 0xd5, 0x6c, 0x22, 0x90, 0x80, 0x22,
  0xaa, 0xaa, 0xaa, 0xad, 0x7f, 0x6e, 0xde, 0xbf, 0x75, 0xad, 0x52, 0xaa, 0x89, 0x52, 0x09, 0x00,
  0x49, 0x55, 0x6d, 0xd7, 0xab, 0xbf, 0xfb, 0xd5, 0xbb, 0x6b, 0x69, 0x6c, 0x55, 0x28, 0x40, 0x04,
  0x55, 0x56, 0xaa, 0xba, 0xfd, 0x7d, 0xb6, 0xbe, 0xd6, 0xad, 0xaa, 0xb5, 0x05, 0x40, 0x02, 0x41,
  0xaa, 0xaa, 0xb7, 0x6d, 0x57, 0x5f, 0xfd, 0xd7, 0xbb, 0x55, 0x55, 0x54, 0xaa, 0xb0, 0x08, 0x02,
  0x55, 0x55, 0x55, 0xab, 0xdb, 0xbd, 0xb7, 0x7a, 0xd6, 0xd6, 0xa9, 0x6a, 0x25, 0x09, 0x02, 0x90,
  0xbf, 0x55, 0x5a, 0xbd, 0x6d, 0x7f, 0xfd, 0xaf, 0x7b, 0x5a, 0xd5, 0xb5, 0x4a, 0xa4, 0x88, 0x01,
  0x55, 0xaa, 0xd6, 0xd6, 0xdf, 0xb7, 0x6f, 0xf5, 0xad, 0xab, 0x54, 0xac, 0x15, 0x52, 0x00, 0x40,
  0xfb, 0x6a, 0xaa, 0xab, 0x6a, 0xdf, 0xfa, 0xba, 0xaa, 0xd5, 0x55, 0x55, 0x45, 0x28, 0x82, 0x02,
  0x6b, 0xaa, 0xab, 0x75, 0xb6, 0xbf, 0x6f, 0xd6, 0xaf, 0x6e, 0xaa, 0xb4, 0x35, 0x42, 0x08, 0x00,
  0xd5, 0x55, 0x55, 0x56, 0xdb, 0x7f, 0xfd, 0x7f, 0xda, 0xbb, 0x51, 0x55, 0x15, 0x28, 0x02, 0x82,
  0xaa, 0xaa, 0xaa, 0xaa, 0xad, 0xbf, 0x57, 0xaa, 0xb5, 0xad, 0x4d, 0x54, 0xad, 0x50, 0x00, 0x00,
  0xa9, 0x95, 0x55, 0x5b, 0x76, 0xff, 0xfd, 0xef, 0x6d, 0x76, 0xa1, 0x6a, 0x2a, 0x88, 0x8a, 0x42,
  0xa5, 0x52, 0xab, 0x6a, 0xab, 0x5f, 0x56, 0xaa, 0xaa, 0xdb, 0xda, 0xaa, 0xad, 0x22, 0x20, 0x08,
  0x92, 0xca, 0xb5, 0x55, 0xad, 0x77, 0xff, 0xad, 0x52, 0xed, 0x51, 0x54, 0x0a, 0x90, 0x01, 0x20,
  0xa5, 0x55, 0xae, 0xad, 0x6b, 0x5f, 0xda, 0xda, 0x94, 0xb5, 0x54, 0xaa, 0x49, 0x28, 0x00, 0x01,
  0x89, 0xae, 0xda, 0xb5, 0xb6, 0xbb, 0x7f, 0x6a, 0x52, 0xdb, 0x69, 0x54, 0x0a, 0x90, 0x00, 0x00,
  0x42, 0xb5, 0x6d, 0xd7, 0x5d, 0xdd, 0xea, 0xba, 0xa9, 0x6d, 0x52, 0xa9, 0x29, 0x20, 0x20, 0x02,
  0x95, 0x5b, 0xb6, 0xbd, 0xea, 0xaf, 0x7f, 0xd7, 0xd5, 0x55, 0x54, 0xa4, 0x04, 0x90, 0x00, 0x00,
  0x92, 0xad, 0x6b, 0xd6, 0xb6, 0xd5, 0xb5, 0x7d, 0x75, 0x55, 0x51, 0x52, 0x52, 0x40, 0x81, 0x00,
  0x4a, 0xb7, 0xbd, 0x7b, 0x55, 0x52, 0xde, 0xf7, 0xaa, 0xaa, 0x89, 0x28, 0x19, 0x28, 0x08, 0x42,
  0xaa, 0xad, 0x6b, 0x6d, 0xab, 0x49, 0x75, 0xfd, 0x75, 0x55, 0x24, 0xaa, 0x88, 0x00, 0x22, 0x20,
  0xb5, 0xb6, 0xdd, 0xb4, 0xaa, 0xa5, 0x5f, 0xde, 0xad, 0x54, 0x41, 0x54, 0x2a, 0x40, 0x00, 0x80,
  0xde, 0xdb, 0x76, 0xda, 0x95, 0x49, 0x6b, 0xf5, 0xb6, 0xa4, 0x94, 0xa5, 0xa9, 0x28, 0xa8, 0x21,
  0xf7, 0x2a, 0xeb, 0x6d, 0x55, 0x25, 0x5f, 0x7e, 0xd5, 0x92, 0x02, 0x55, 0x55, 0x12, 0x02, 0x00,
  0xaa, 0x95, 0xbd, 0xba, 0xaa, 0x92, 0xb7, 0xf7, 0x5a, 0xd5, 0xfa, 0xa4, 0xa4, 0xa4, 0xa9, 0x54,
  0xfd, 0x56, 0xd5, 0x76, 0xaa, 0xa5, 0x6f, 0xdd, 0x6d, 0x55, 0x0a, 0x92, 0x52, 0x11, 0x04, 0x01,
  0xab, 0xd5, 0x56, 0xea, 0xaa, 0x4a, 0xbd, 0xfd, 0xb5, 0xaa, 0xea, 0xaa, 0x8a, 0xa4, 0x50, 0x90,
  0xde, 0xb7, 0xaa, 0xdd, 0x55, 0x25, 0x6f, 0x76, 0xd6, 0xaa, 0x95, 0x52, 0x52, 0x49, 0x02, 0x04,
  0x6b, 0x6d, 0x55, 0x76, 0xa9, 0x52, 0xd5, 0xfd, 0xaa, 0xd5, 0x54, 0xa9, 0x55, 0x10, 0xa8, 0x40,
  0xb5, 0xb7, 0xaa, 0x9a, 0xd5, 0x0a, 0xfb, 0xb6, 0xdb, 0x55, 0x55, 0x45, 0x24, 0xa5, 0x01, 0x12,
  0xda, 0xda, 0xd5, 0x4a, 0xa9, 0x55, 0xad, 0xfb, 0x4a, 0xaa, 0xaa, 0xa8, 0x92, 0x94, 0x48, 0x00,
  0x56, 0xad, 0x6a, 0xaa, 0xaa, 0x22, 0xd6, 0xad, 0x55, 0x55, 0x55, 0x22, 0x49, 0x55, 0x22, 0xa9
};
// Author :- Ashish ( ashish_y_794 )
// Website : https://www.oledanimationmaker.com/

const uint8_t PROGMEM frame20[1024] = {
  0xa5, 0xbd, 0xff, 0xff, 0xff, 0xff, 0xff, 0xff, 0xff, 0xff, 0xff, 0xff, 0xff, 0xef, 0xfd, 0xdb,
  0x52, 0x46, 0xaa, 0xb6, 0xdb, 0x6d, 0xb6, 0xdb, 0x5a, 0xaa, 0xaa, 0xaa, 0xaa, 0xbd, 0x56, 0xd5,
  0xa9, 0x5a, 0xad, 0xdf, 0xff, 0xff, 0xff, 0xfe, 0xff, 0xff, 0xff, 0xff, 0xff, 0x6f, 0xed, 0xba,
  0x4a, 0x55, 0xb7, 0x75, 0x5b, 0x6d, 0xb6, 0xdb, 0xd6, 0xaa, 0xd6, 0xd5, 0x55, 0xb5, 0x56, 0xd7,
  0xa9, 0x2a, 0xdd, 0xdf, 0xff, 0xff, 0xff, 0xfe, 0xff, 0xff, 0xbf, 0x7f, 0xfb, 0xdb, 0x6a, 0x5a,
  0x55, 0x56, 0xb7, 0x7b, 0xb6, 0xb6, 0xdb, 0x6b, 0xb5, 0xb6, 0xf5, 0xd6, 0xae, 0xb5, 0xb5, 0xab,
  0xaa, 0xab, 0x5a, 0xee, 0xff, 0xff, 0xff, 0xfe, 0xff, 0x7b, 0xdf, 0x7d, 0xfb, 0xde, 0xaa, 0xda,
  0x54, 0xaa, 0xef, 0xbf, 0xdb, 0x6d, 0x6b, 0x55, 0x4b, 0xd7, 0x77, 0xef, 0x5d, 0x6b, 0x55, 0x24,
  0xaa, 0x56, 0xb5, 0xeb, 0x7f, 0xff, 0xfe, 0xff, 0x76, 0xdd, 0xdd, 0x75, 0xef, 0xb5, 0x52, 0x41,
  0x55, 0x5a, 0xdb, 0x7f, 0xed, 0xb6, 0xd7, 0xab, 0x9f, 0x6b, 0x7b, 0xdf, 0x75, 0x5a, 0x88, 0x14,
  0xa9, 0x55, 0x57, 0xb6, 0xff, 0xff, 0xf5, 0xdd, 0x65, 0xda, 0xef, 0x76, 0xdd, 0xa4, 0x52, 0x80,
  0x55, 0x56, 0xdd, 0xdf, 0xb6, 0xb6, 0xaf, 0x6b, 0x9f, 0x6b, 0x7b, 0xdd, 0xea, 0xb5, 0x48, 0x54,
  0xa4, 0xab, 0x6a, 0xf5, 0xff, 0xff, 0xad, 0xb6, 0xf6, 0xda, 0xdd, 0x77, 0x57, 0x55, 0x25, 0x02,
  0x55, 0x55, 0x5f, 0x5f, 0x55, 0xb5, 0x5b, 0xdb, 0x5f, 0xad, 0xb7, 0xdd, 0xba, 0xaa, 0x90, 0xa0,
  0xaa, 0xaa, 0xeb, 0xfd, 0xff, 0xfe, 0xf7, 0x6d, 0xfa, 0xf5, 0x6d, 0x76, 0xd6, 0xa8, 0x00, 0x02,
  0x54, 0xad, 0x5d, 0x57, 0xee, 0xdb, 0x5e, 0xd6, 0xbf, 0x56, 0xb7, 0xdb, 0x7b, 0x22, 0x82, 0x00,
  0x4a, 0xab, 0x6b, 0xfe, 0xbf, 0xf5, 0xfb, 0xbb, 0x75, 0xab, 0x5d, 0x76, 0xa1, 0xa8, 0x08, 0x02,
  0xa9, 0x55, 0xad, 0x5b, 0xf5, 0xbb, 0xae, 0xed, 0xde, 0xf5, 0xab, 0xdd, 0x4a, 0x92, 0xa2, 0x00,
  0x55, 0x56, 0xb7, 0xef, 0x7f, 0xee, 0xff, 0xb7, 0x77, 0xad, 0x6e, 0xb5, 0x12, 0xa8, 0x89, 0x02,
  0x54, 0xaa, 0xad, 0x7b, 0xd6, 0xb5, 0xda, 0xfd, 0xdd, 0x75, 0xd5, 0xda, 0xa9, 0x52, 0xa4, 0x40,
  0xa5, 0x55, 0xb6, 0xdd, 0x7f, 0xef, 0xbf, 0xaf, 0x77, 0xae, 0xb6, 0xb5, 0x05, 0x29, 0x01, 0x02,
  0x55, 0x5a, 0xdb, 0xb7, 0xed, 0xbd, 0xf6, 0xf5, 0xad, 0xfb, 0x75, 0xdc, 0xb5, 0xa5, 0x54, 0x00,
  0x52, 0xab, 0x56, 0xee, 0xdf, 0xd7, 0xbd, 0xae, 0xd5, 0x56, 0xda, 0xb6, 0x4a, 0x92, 0x85, 0x42,
  0x95, 0x55, 0x6b, 0x5b, 0xfb, 0x7e, 0xf7, 0x7b, 0x7b, 0x5b, 0x75, 0xd5, 0x2d, 0x55, 0x24, 0x00,
  0x54, 0xaa, 0xb5, 0xfe, 0xaf, 0xaf, 0xdd, 0xd5, 0xad, 0xa5, 0xb5, 0x6a, 0x96, 0xaa, 0x92, 0x82,
  0x52, 0xad, 0xae, 0xab, 0xfa, 0xdb, 0xeb, 0x6e, 0xd6, 0xda, 0xba, 0xba, 0x4b, 0x21, 0x49, 0x00,
  0xaa, 0xaa, 0xb5, 0xdd, 0x5f, 0xbe, 0xbe, 0xbf, 0xfb, 0x56, 0xab, 0x55, 0x2a, 0xaa, 0x84, 0x52,
  0x49, 0x55, 0x56, 0xb7, 0xf6, 0xdb, 0xf7, 0xf5, 0x5d, 0xb5, 0x55, 0xdd, 0x55, 0x51, 0x20, 0x00,
  0x55, 0x56, 0xdb, 0x6d, 0x5f, 0x7f, 0xbd, 0xbf, 0xee, 0xd5, 0x29, 0x6a, 0xaa, 0x90, 0x81, 0x02,
  0xa9, 0x55, 0x55, 0xbb, 0xf5, 0xae, 0xd7, 0xea, 0xb5, 0xbb, 0x95, 0x55, 0x52, 0xaa, 0x04, 0x08,
  0x4a, 0xaa, 0xb6, 0xd6, 0xbf, 0x7b, 0x7e, 0xbf, 0xfe, 0xd5, 0x4a, 0xdc, 0x09, 0x50, 0x80, 0x20,
  0x52, 0xab, 0x5b, 0x7b, 0xd5, 0xbf, 0xf7, 0x6d, 0x55, 0x6d, 0xa5, 0x6a, 0xa5, 0x22, 0x00, 0x02,
  0xaa, 0xaa, 0xaa, 0xad, 0x7f, 0x6e, 0xda, 0xf7, 0xfb, 0xaa, 0xd2, 0xb5, 0x12, 0xa8, 0x91, 0x00,
  0x49, 0x55, 0x6d, 0xd7, 0xab, 0xbf, 0xff, 0x5d, 0x56, 0xae, 0xb5, 0x5a, 0x4a, 0x90, 0x00, 0x44,
  0x55, 0x56, 0xaa, 0xba, 0xfd, 0x7d, 0xb5, 0xb7, 0xbd, 0x6b, 0x52, 0xd5, 0x25, 0x50, 0x05, 0x01,
  0xaa, 0xaa, 0xb7, 0x6d, 0x57, 0x5f, 0xfe, 0xda, 0xd7, 0xaa, 0xa9, 0x6c, 0x92, 0xa1, 0x00, 0x00,
  0x55, 0x55, 0x55, 0xab, 0xdb, 0xbd, 0xb7, 0x77, 0xba, 0xab, 0x6d, 0x55, 0x0a, 0x94, 0x14, 0xa4,
  0xbf, 0x55, 0x5a, 0xbd, 0x6d, 0x7f, 0xfd, 0xdd, 0x6d, 0x55, 0xaa, 0xb4, 0x55, 0x21, 0x00, 0x01,
  0x55, 0xaa, 0xd6, 0xd6, 0xdf, 0xb7, 0x6f, 0x77, 0xab, 0xba, 0xa9, 0x55, 0x0a, 0xaa, 0x84, 0x80,
  0xfb, 0x6a, 0xaa, 0xab, 0x6a, 0xdf, 0xfb, 0xb8, 0xdd, 0x56, 0xaa, 0xda, 0x55, 0x20, 0x00, 0x02,
  0x6b, 0xaa, 0xab, 0x75, 0xb6, 0xbf, 0x6e, 0xd7, 0x56, 0xda, 0xa9, 0x54, 0x94, 0x94, 0x0a, 0x00,
  0xd5, 0x55, 0x55, 0x56, 0xdb, 0x7f, 0xfb, 0xff, 0xb5, 0x6f, 0x55, 0x55, 0x2b, 0x50, 0x00, 0x82,
  0xaa, 0xaa, 0xaa, 0xaa, 0xad, 0xbf, 0x5e, 0xaa, 0xdb, 0xb5, 0x49, 0x54, 0x14, 0x92, 0x44, 0x20,
  0xa9, 0x95, 0x55, 0x5b, 0x76, 0xff, 0xeb, 0xb7, 0x6d, 0x7b, 0xa4, 0xaa, 0xad, 0x48, 0x01, 0x01,
  0xa5, 0x52, 0xab, 0x6a, 0xab, 0x5f, 0x7e, 0xda, 0xaa, 0xd5, 0x52, 0xb4, 0xaa, 0xa1, 0x24, 0x04,
  0x92, 0xca, 0xb5, 0x55, 0xad, 0x77, 0xdb, 0x6d, 0x51, 0x6e, 0xd9, 0x54, 0x0d, 0x10, 0x00, 0x90,
  0xa5, 0x55, 0xae, 0xad, 0x6b, 0x5f, 0xfe, 0xd4, 0x8a, 0xb5, 0x64, 0xaa, 0xa4, 0xa0, 0x00, 0x01,
  0x89, 0xae, 0xda, 0xb5, 0xb6, 0xbb, 0x57, 0x5a, 0xb4, 0xdb, 0x52, 0xa8, 0x0a, 0x90, 0x00, 0x00,
  0x42, 0xb5, 0x6d, 0xd7, 0x5d, 0xdd, 0xfd, 0xea, 0xa2, 0xad, 0x59, 0x55, 0x09, 0x28, 0x80, 0x00,
  0x95, 0x5b, 0xb6, 0xbd, 0xea, 0xaf, 0x76, 0xbf, 0x69, 0x75, 0x51, 0x52, 0x24, 0x80, 0x08, 0x02,
  0x92, 0xad, 0x6b, 0xd6, 0xb6, 0xd5, 0xbb, 0x6a, 0xf5, 0xaa, 0xa9, 0x28, 0x12, 0x50, 0x00, 0x80,
  0x4a, 0xb7, 0xbd, 0x7b, 0x55, 0x52, 0xdd, 0xff, 0xaa, 0xaa, 0x84, 0xa5, 0x29, 0x00, 0x22, 0x01,
  0xaa, 0xad, 0x6b, 0x6d, 0xab, 0x49, 0x6f, 0x7a, 0xba, 0xaa, 0x51, 0x54, 0x14, 0x48, 0x88, 0xa0,
  0xb5, 0xb6, 0xdd, 0xb4, 0xaa, 0xa5, 0x75, 0xef, 0x56, 0x94, 0x88, 0xaa, 0xa8, 0x00, 0x20, 0x02,
  0xde, 0xdb, 0x76, 0xda, 0x95, 0x49, 0x5f, 0xfa, 0xea, 0xa2, 0x22, 0x52, 0x95, 0x50, 0x02, 0x40,
  0xf7, 0x2a, 0xeb, 0x6d, 0x55, 0x25, 0x6b, 0xbf, 0x37, 0x54, 0x89, 0x4a, 0xaa, 0x95, 0x50, 0x20,
  0xaa, 0x95, 0xbd, 0xba, 0xaa, 0x92, 0xbf, 0xfa, 0xd9, 0xaa, 0xaa, 0xa9, 0x52, 0x22, 0x0a, 0x8a,
  0xfd, 0x56, 0xd5, 0x76, 0xaa, 0xa5, 0x57, 0xfd, 0xae, 0xaa, 0xaa, 0xaa, 0x29, 0x14, 0xa0, 0x20,
  0xab, 0xd5, 0x56, 0xea, 0xaa, 0x4a, 0xee, 0xee, 0xd5, 0x55, 0x55, 0x49, 0x44, 0xa0, 0x12, 0x04,
  0xde, 0xb7, 0xaa, 0xdd, 0x55, 0x25, 0x5b, 0xfb, 0x6b, 0x55, 0x55, 0x25, 0x2a, 0x95, 0x40, 0x90,
  0x6b, 0x6d, 0x55, 0x76, 0xa9, 0x52, 0xbf, 0x6d, 0xb5, 0xaa, 0xaa, 0xaa, 0xa4, 0x40, 0x94, 0x42,
  0xb5, 0xb7, 0xaa, 0x9a, 0xd5, 0x0a, 0xeb, 0xfe, 0xad, 0x55, 0x55, 0x51, 0x2a, 0x95, 0x01, 0x00,
  0xda, 0xda, 0xd5, 0x4a, 0xa9, 0x55, 0xb5, 0x55, 0xa5, 0x55, 0x55, 0x4a, 0x49, 0x54, 0x52, 0x12,
  0x56, 0xad, 0x6a, 0xaa, 0xaa, 0x22, 0xd7, 0xfa, 0x95, 0x55, 0x54, 0xa1, 0x24, 0xab, 0x08, 0x40
};
// Author :- Ashish ( ashish_y_794 )
// Website : https://www.oledanimationmaker.com/

const uint8_t PROGMEM frame21[1024] = {
  0xa5, 0xbd, 0xff, 0xff, 0xff, 0xff, 0xff, 0xff, 0xff, 0xff, 0xff, 0xff, 0xff, 0xef, 0xfd, 0xdb,
  0x52, 0x46, 0xaa, 0xb6, 0xdb, 0x6d, 0xb6, 0xdb, 0x5a, 0xaa, 0xaa, 0xaa, 0xaa, 0xbd, 0x56, 0xd5,
  0xa9, 0x5a, 0xad, 0xdf, 0xff, 0xff, 0xff, 0xfe, 0xff, 0xff, 0xff, 0xff, 0xff, 0x6f, 0xed, 0xba,
  0x4a, 0x55, 0xb7, 0x75, 0x5b, 0x6d, 0xb6, 0xdb, 0xd6, 0xaa, 0xd6, 0xd5, 0x55, 0xb5, 0x56, 0xd7,
  0xa9, 0x2a, 0xdd, 0xdf, 0xff, 0xff, 0xff, 0xfe, 0xff, 0xff, 0xbf, 0x7f, 0xfb, 0xdb, 0x6a, 0x5a,
  0x55, 0x56, 0xb7, 0x7b, 0xb6, 0xb6, 0xdb, 0x6b, 0xb5, 0xb6, 0xf5, 0xd6, 0xae, 0xb5, 0xb5, 0xab,
  0xaa, 0xab, 0x5a, 0xee, 0xff, 0xff, 0xff, 0xfe, 0xff, 0x7b, 0xdf, 0x7d, 0xfb, 0xde, 0xaa, 0xda,
  0x54, 0xaa, 0xef, 0xbf, 0xdb, 0x6d, 0x6b, 0x55, 0x55, 0xd7, 0x77, 0xef, 0x5d, 0x6b, 0x55, 0x24,
  0xaa, 0x56, 0xb5, 0xeb, 0x7f, 0xff, 0xfe, 0xff, 0x57, 0x6d, 0xdd, 0x75, 0xef, 0xb5, 0x52, 0x41,
  0x55, 0x5a, 0xdb, 0x7f, 0xed, 0xb6, 0xd7, 0xab, 0xbb, 0xdb, 0x7b, 0xdf, 0x75, 0x5a, 0x88, 0x14,
  0xa9, 0x55, 0x57, 0xb6, 0xff, 0xff, 0xf5, 0xdd, 0x4f, 0x6d, 0xde, 0xf6, 0xdd, 0xa4, 0x52, 0x80,
  0x55, 0x56, 0xdd, 0xdf, 0xb6, 0xb6, 0xaf, 0x6b, 0xb5, 0xb5, 0x77, 0xbb, 0xea, 0xb5, 0x48, 0x54,
  0xa4, 0xab, 0x6a, 0xf5, 0xff, 0xff, 0xad, 0xb6, 0xdf, 0xd6, 0xdd, 0xde, 0xad, 0xaa, 0xa5, 0x02,
  0x55, 0x55, 0x5f, 0x5f, 0x55, 0xb5, 0x5b, 0xdb, 0x7a, 0xb5, 0x76, 0xeb, 0x76, 0xaa, 0x10, 0x90,
  0xaa, 0xaa, 0xeb, 0xfd, 0xff, 0xfe, 0xf7, 0x6d, 0xbf, 0xdb, 0xaf, 0x7d, 0xab, 0x28, 0x80, 0x02,
  0x54, 0xad, 0x5d, 0x57, 0xee, 0xdb, 0x5e, 0xd6, 0xf5, 0x6a, 0xbb, 0xaa, 0xdd, 0xa2, 0x00, 0x00,
  0x4a, 0xab, 0x6b, 0xfe, 0xbf, 0xf5, 0xfb, 0xbb, 0x5f, 0xad, 0x56, 0xff, 0x62, 0x98, 0x8a, 0x02,
  0xa9, 0x55, 0xad, 0x5b, 0xf5, 0xbb, 0xae, 0xed, 0xf5, 0x6a, 0xdb, 0x55, 0x12, 0xa2, 0x21, 0x00,
  0x55, 0x56, 0xb7, 0xef, 0x7f, 0xee, 0xff, 0xb7, 0x5f, 0xb7, 0x6d, 0xec, 0xa9, 0x29, 0x4a, 0x12,
  0x54, 0xaa, 0xad, 0x7b, 0xd6, 0xb5, 0xda, 0xfd, 0xfa, 0xd9, 0xab, 0x5a, 0x85, 0xa9, 0x20, 0x80,
  0xa5, 0x55, 0xb6, 0xdd, 0x7f, 0xef, 0xbf, 0xaf, 0x57, 0xee, 0xf6, 0xed, 0x2a, 0x92, 0x8a, 0x01,
  0x55, 0x5a, 0xdb, 0xb7, 0xed, 0xbd, 0xf6, 0xf5, 0xbd, 0x5b, 0x55, 0xb4, 0x95, 0x52, 0x84, 0x80,
  0x52, 0xab, 0x56, 0xee, 0xdf, 0xd7, 0xbd, 0xae, 0xd5, 0xbd, 0xf6, 0xda, 0xaa, 0xaa, 0x52, 0x02,
  0x95, 0x55, 0x6b, 0x5b, 0xfb, 0x7e, 0xf7, 0x7b, 0x6d, 0x56, 0xb3, 0x6d, 0x16, 0x92, 0x89, 0x00,
  0x54, 0xaa, 0xb5, 0xfe, 0xaf, 0xaf, 0xdd, 0xd5, 0xb6, 0xd3, 0x6d, 0x54, 0xaa, 0xaa, 0xa4, 0x82,
  0x52, 0xad, 0xae, 0xab, 0xfa, 0xdb, 0xeb, 0x6e, 0xdb, 0x6c, 0xba, 0xda, 0x96, 0xa2, 0x8a, 0x10,
  0xaa, 0xaa, 0xb5, 0xdd, 0x5f, 0xbe, 0xbe, 0xbf, 0xed, 0xab, 0x55, 0x6d, 0x2a, 0x91, 0x40, 0x82,
  0x49, 0x55, 0x56, 0xb7, 0xf6, 0xdb, 0xf7, 0xf5, 0x76, 0xd5, 0x59, 0xb4, 0xab, 0x54, 0x92, 0x20,
  0x55, 0x56, 0xdb, 0x6d, 0x5f, 0x7f, 0xbd, 0xbf, 0xbd, 0xb5, 0x25, 0x56, 0xa9, 0x29, 0x00, 0x04,
  0xa9, 0x55, 0x55, 0xbb, 0xf5, 0xae, 0xd7, 0xea, 0xeb, 0x6e, 0xca, 0xed, 0x55, 0xa0, 0x00, 0x01,
  0x4a, 0xaa, 0xb6, 0xd6, 0xbf, 0x7b, 0x7e, 0xbf, 0xbe, 0xda, 0xaa, 0xb4, 0x02, 0x29, 0x40, 0x80,
  0x52, 0xab, 0x5b, 0x7b, 0xd5, 0xbf, 0xf5, 0xed, 0xd5, 0xab, 0x45, 0x5a, 0xa9, 0xa2, 0x04, 0x12,
  0xaa, 0xaa, 0xaa, 0xad, 0x7f, 0x6e, 0xde, 0xb6, 0xfe, 0xb5, 0xb2, 0xed, 0x15, 0x28, 0x80, 0x40,
  0x49, 0x55, 0x6d, 0xd7, 0xab, 0xbf, 0xfb, 0xbb, 0x55, 0xae, 0xd5, 0x54, 0xa2, 0xa0, 0x02, 0x02,
  0x55, 0x56, 0xaa, 0xba, 0xfd, 0x7d, 0xbd, 0x6f, 0xee, 0xaa, 0xa9, 0x6a, 0x0a, 0x90, 0x10, 0x80,
  0xaa, 0xaa, 0xb7, 0x6d, 0x57, 0x5f, 0xee, 0xda, 0xb5, 0xab, 0x55, 0x5a, 0xa5, 0x52, 0x44, 0x04,
  0x55, 0x55, 0x55, 0xab, 0xdb, 0xbd, 0xbb, 0xb7, 0xae, 0xb5, 0x6a, 0xaa, 0x15, 0x28, 0x01, 0x21,
  0xbf, 0x55, 0x5a, 0xbd, 0x6d, 0x7f, 0xfe, 0xfd, 0x75, 0xd6, 0xa9, 0x6c, 0xa5, 0x41, 0x04, 0x00,
  0x55, 0xaa, 0xd6, 0xd6, 0xdf, 0xb7, 0x6d, 0xab, 0xae, 0xab, 0x55, 0xb5, 0x15, 0x35, 0x00, 0x84,
  0xfb, 0x6a, 0xaa, 0xab, 0x6a, 0xdf, 0xff, 0xfc, 0xd5, 0xb5, 0x54, 0xaa, 0x45, 0x40, 0x04, 0x01,
  0x6b, 0xaa, 0xab, 0x75, 0xb6, 0xbf, 0x6a, 0xab, 0x36, 0xda, 0xaa, 0xa9, 0x2a, 0xaa, 0x42, 0x20,
  0xd5, 0x55, 0x55, 0x56, 0xdb, 0x7f, 0xff, 0xf7, 0xdb, 0x57, 0x52, 0xb4, 0x1a, 0x90, 0x04, 0x82,
  0xaa, 0xaa, 0xaa, 0xaa, 0xad, 0xbf, 0x55, 0x5d, 0x6d, 0x7d, 0xa9, 0x55, 0x55, 0x20, 0x00, 0x00,
  0xa9, 0x95, 0x55, 0x5b, 0x76, 0xff, 0xff, 0xab, 0xb5, 0xaa, 0xa5, 0x54, 0x95, 0x52, 0x0a, 0x00,
  0xa5, 0x52, 0xab, 0x6a, 0xab, 0x5f, 0x56, 0xee, 0xaa, 0xf7, 0x51, 0x55, 0x5d, 0x11, 0x40, 0x89,
  0x92, 0xca, 0xb5, 0x55, 0xad, 0x77, 0xff, 0x55, 0x49, 0x5a, 0xd5, 0x54, 0x05, 0x48, 0x10, 0x20,
  0xa5, 0x55, 0xae, 0xad, 0x6b, 0x5f, 0xda, 0xda, 0x54, 0xed, 0x69, 0x54, 0x94, 0xa0, 0x00, 0x01,
  0x89, 0xae, 0xda, 0xb5, 0xb6, 0xbb, 0x7f, 0x6d, 0x52, 0xb5, 0xa9, 0x54, 0x0a, 0x10, 0x00, 0x00,
  0x42, 0xb5, 0x6d, 0xd7, 0x5d, 0xdd, 0xea, 0xb5, 0x49, 0x56, 0xb2, 0x52, 0x49, 0xa0, 0x00, 0x02,
  0x95, 0x5b, 0xb6, 0xbd, 0xea, 0xaf, 0x7f, 0xdb, 0x75, 0x6a, 0x91, 0x54, 0x14, 0x28, 0x80, 0x00,
  0x92, 0xad, 0x6b, 0xd6, 0xb6, 0xd5, 0xb5, 0x7d, 0xd5, 0x5a, 0xca, 0xa9, 0x09, 0x40, 0x09, 0x00,
  0x4a, 0xb7, 0xbd, 0x7b, 0x55, 0x52, 0xde, 0xf7, 0x6a, 0xaa, 0x20, 0xa4, 0x54, 0x20, 0x20, 0x42,
  0xaa, 0xad, 0x6b, 0x6d, 0xab, 0x49, 0x75, 0xfd, 0xba, 0xaa, 0x95, 0x54, 0x11, 0x08, 0x02, 0x20,
  0xb5, 0xb6, 0xdd, 0xb4, 0xaa, 0xa5, 0x5f, 0xde, 0xad, 0x54, 0x40, 0x93, 0x54, 0x40, 0x48, 0x80,
  0xde, 0xdb, 0x76, 0xda, 0x95, 0x49, 0x6b, 0xf5, 0xb5, 0x49, 0x15, 0x54, 0x95, 0x21, 0x20, 0x22,
  0xf7, 0x2a, 0xeb, 0x6d, 0x55, 0x25, 0x5f, 0x7e, 0xd6, 0xa4, 0xa1, 0x2a, 0xaa, 0x94, 0x09, 0x00,
  0xaa, 0x95, 0xbd, 0xba, 0xaa, 0x92, 0xb7, 0xf6, 0xab, 0xaa, 0x9a, 0xa5, 0x52, 0x22, 0xa2, 0x52,
  0xfd, 0x56, 0xd5, 0x76, 0xaa, 0xa5, 0x6f, 0xdd, 0xda, 0xaa, 0xd5, 0x54, 0x89, 0x14, 0x48, 0x00,
  0xab, 0xd5, 0x56, 0xea, 0xaa, 0x4a, 0xbd, 0xfe, 0xad, 0x55, 0x55, 0x52, 0x54, 0xa1, 0x02, 0x49,
  0xde, 0xb7, 0xaa, 0xdd, 0x55, 0x25, 0x6f, 0x75, 0xb6, 0xd5, 0x55, 0x29, 0x4a, 0x4a, 0x50, 0x00,
  0x6b, 0x6d, 0x55, 0x76, 0xa9, 0x52, 0xd5, 0xfe, 0xda, 0xaa, 0xaa, 0xa5, 0x29, 0x20, 0x05, 0x54,
  0xb5, 0xb7, 0xaa, 0x9a, 0xd5, 0x0a, 0xfb, 0xb5, 0x55, 0xaa, 0xa9, 0x52, 0xa5, 0x4a, 0xa0, 0x00,
  0xda, 0xda, 0xd5, 0x4a, 0xa9, 0x55, 0xad, 0xff, 0xaa, 0xaa, 0xaa, 0x88, 0x92, 0xaa, 0x14, 0x42,
  0x56, 0xad, 0x6a, 0xaa, 0xaa, 0x22, 0xd6, 0xa8, 0x95, 0x55, 0x55, 0x52, 0x48, 0xaa, 0xa1, 0x10
};
// Author :- Ashish ( ashish_y_794 )
// Website : https://www.oledanimationmaker.com/

const uint8_t PROGMEM frame22[1024] = {
  0x24, 0xee, 0xd6, 0xec, 0x16, 0xff, 0xfe, 0xda, 0x56, 0xff, 0xda, 0x80, 0x00, 0x07, 0x74, 0xc0,
  0x92, 0x92, 0x48, 0x10, 0xab, 0x55, 0x55, 0xaa, 0x9b, 0xaa, 0xb6, 0xa0, 0x00, 0x07, 0x16, 0x80,
  0x48, 0x44, 0x01, 0x02, 0x15, 0x7f, 0xfb, 0x6a, 0x56, 0xff, 0xea, 0x88, 0x00, 0x05, 0xa5, 0x80,
  0x25, 0x21, 0x50, 0x00, 0x15, 0xa5, 0x4d, 0xaa, 0x2b, 0x55, 0x5a, 0xa0, 0x00, 0x00, 0x00, 0x02,
  0x94, 0x94, 0x04, 0xa4, 0x4a, 0xba, 0xb5, 0x55, 0x15, 0xbb, 0x6a, 0x40, 0x00, 0x00, 0x00, 0x08,
  0x4a, 0x4a, 0xa8, 0x00, 0x05, 0x4a, 0xaa, 0xa8, 0x0a, 0xad, 0xaa, 0x90, 0x00, 0x00, 0x00, 0x00,
  0x21, 0x21, 0x02, 0x12, 0x42, 0xaa, 0xa9, 0x10, 0x01, 0x55, 0x55, 0x00, 0x00, 0x00, 0x00, 0x00,
  0x95, 0x54, 0xa8, 0x80, 0x10, 0x24, 0x84, 0x41, 0x00, 0x04, 0xa8, 0x40, 0x80, 0x00, 0x00, 0x00,
  0x54, 0x8a, 0x22, 0x11, 0x04, 0x80, 0x21, 0x04, 0x10, 0x20, 0x01, 0x02, 0x00, 0x00, 0x00, 0x02,
  0x22, 0x51, 0x48, 0x44, 0x20, 0x12, 0x08, 0x10, 0x01, 0x00, 0x00, 0x00, 0x08, 0x80, 0x00, 0x00,
  0x95, 0x4a, 0x25, 0x00, 0x82, 0x40, 0xa1, 0x00, 0x84, 0x02, 0x08, 0x10, 0x00, 0x00, 0x00, 0x08,
  0x52, 0x29, 0x48, 0x22, 0x10, 0x08, 0x04, 0x44, 0x20, 0x48, 0x41, 0x02, 0x42, 0x08, 0x00, 0x00,
  0x49, 0x55, 0x22, 0x08, 0x04, 0x82, 0x40, 0x10, 0x84, 0x00, 0x04, 0x20, 0x08, 0x20, 0x80, 0x82,
  0x25, 0x42, 0x94, 0x80, 0x90, 0x20, 0x12, 0x42, 0x01, 0x22, 0x40, 0x00, 0x00, 0x00, 0x12, 0x08,
  0x94, 0xa9, 0x48, 0x48, 0x02, 0x0a, 0x80, 0x08, 0x28, 0x08, 0x11, 0x09, 0x20, 0x02, 0x00, 0x00,
  0x52, 0x2a, 0x22, 0x02, 0xa0, 0x80, 0x12, 0x80, 0x81, 0x21, 0x04, 0x20, 0x02, 0x40, 0x00, 0x00,
  0x4a, 0x92, 0xa9, 0x50, 0x08, 0x28, 0x80, 0x24, 0x04, 0x00, 0x40, 0x00, 0x80, 0x08, 0x40, 0x4a,
  0x55, 0x4a, 0x44, 0x04, 0x42, 0x82, 0x29, 0x01, 0x20, 0x89, 0x09, 0x12, 0x10, 0x00, 0x09, 0x00,
  0x48, 0xa9, 0x29, 0x41, 0x08, 0x10, 0x00, 0x48, 0x08, 0x20, 0x00, 0x40, 0x02, 0x41, 0x00, 0x00,
  0x25, 0x25, 0x52, 0x14, 0x21, 0x04, 0xa5, 0x02, 0x42, 0x04, 0xa4, 0x00, 0x88, 0x08, 0x00, 0x2a,
  0xaa, 0x94, 0x89, 0x40, 0x84, 0x40, 0x00, 0x20, 0x10, 0x90, 0x00, 0x88, 0x00, 0x00, 0x24, 0x80,
  0x49, 0x52, 0xa4, 0x12, 0x10, 0x15, 0x29, 0x0a, 0x84, 0x02, 0x12, 0x02, 0x21, 0x21, 0x00, 0x04,
  0x24, 0xaa, 0x52, 0x80, 0x42, 0x80, 0x00, 0x40, 0x21, 0x48, 0x80, 0x20, 0x04, 0x04, 0x00, 0x41,
  0xaa, 0x49, 0x49, 0x2a, 0x10, 0x24, 0xa5, 0x12, 0x04, 0x00, 0x24, 0x84, 0x90, 0x00, 0x25, 0x14,
  0x55, 0x2a, 0xaa, 0x40, 0x84, 0x81, 0x00, 0x00, 0x90, 0x24, 0x80, 0x00, 0x00, 0x90, 0x00, 0x00,
  0x49, 0x54, 0x91, 0x12, 0x20, 0x28, 0x29, 0x48, 0x02, 0x80, 0x08, 0x49, 0x02, 0x01, 0x00, 0x49,
  0x55, 0x4a, 0x4a, 0x40, 0x8a, 0x82, 0x00, 0x02, 0xa8, 0x12, 0x42, 0x00, 0x20, 0x04, 0x25, 0x02,
  0x44, 0xa5, 0x54, 0x94, 0x00, 0x10, 0xa5, 0x28, 0x00, 0x40, 0x08, 0x48, 0x88, 0x40, 0x00, 0x28,
  0x55, 0x29, 0x22, 0x41, 0x52, 0x44, 0x00, 0x01, 0x12, 0x09, 0x20, 0x02, 0x01, 0x08, 0x88, 0x82,
  0x52, 0xa5, 0x55, 0x28, 0x04, 0x11, 0x29, 0x48, 0x40, 0x80, 0x02, 0x40, 0x04, 0x00, 0x00, 0x10,
  0x4a, 0x54, 0x92, 0x42, 0x41, 0x40, 0x02, 0x02, 0x08, 0x2a, 0x48, 0x11, 0x20, 0x22, 0x24, 0x85,
  0x55, 0x2a, 0xa9, 0x11, 0x14, 0x0a, 0xa0, 0x50, 0x82, 0x80, 0x01, 0x04, 0x01, 0x00, 0x00, 0x20,
  0x49, 0x52, 0x4a, 0xa4, 0x40, 0x80, 0x09, 0x04, 0x28, 0x09, 0x24, 0x20, 0x48, 0x11, 0x12, 0x14,
  0x55, 0x4a, 0xa4, 0x48, 0x12, 0x29, 0x22, 0x11, 0x01, 0x20, 0x00, 0x02, 0x01, 0x04, 0x00, 0x81,
  0x52, 0x55, 0x2a, 0x92, 0x80, 0x80, 0x08, 0x40, 0x48, 0x04, 0x92, 0x48, 0x24, 0x20, 0x44, 0x24,
  0x95, 0x52, 0xa4, 0x40, 0x2a, 0x15, 0x41, 0x0a, 0x02, 0x40, 0x00, 0x00, 0x80, 0x00, 0x10, 0x88,
  0x55, 0x2a, 0x52, 0xaa, 0x80, 0x80, 0x10, 0x20, 0x90, 0x12, 0x49, 0x22, 0x01, 0x12, 0x02, 0x12,
  0x49, 0x49, 0x4a, 0x40, 0x24, 0x24, 0x85, 0x04, 0x04, 0x80, 0x00, 0x08, 0x24, 0x40, 0x88, 0x40,
  0xaa, 0xaa, 0xa9, 0x2a, 0x01, 0x10, 0x20, 0x51, 0x50, 0x25, 0x24, 0x80, 0x80, 0x00, 0x00, 0x0a,
  0x55, 0x2a, 0x55, 0x44, 0xa8, 0x85, 0x09, 0x00, 0x02, 0x80, 0x00, 0x22, 0x08, 0x89, 0x22, 0xa0,
  0x49, 0x55, 0x49, 0x28, 0x02, 0x20, 0x40, 0x24, 0x88, 0x12, 0x52, 0x08, 0x20, 0x00, 0x08, 0x04,
  0x55, 0x49, 0x54, 0x92, 0x90, 0x89, 0x15, 0x00, 0x20, 0x80, 0x00, 0x80, 0x82, 0x24, 0x00, 0x49,
  0xaa, 0xaa, 0xa5, 0x48, 0x24, 0x20, 0x40, 0x55, 0x04, 0x12, 0x48, 0x22, 0x00, 0x80, 0x92, 0x00,
  0x4a, 0x55, 0x2a, 0x52, 0x82, 0x05, 0x09, 0x00, 0x41, 0x00, 0x02, 0x08, 0x12, 0x02, 0x00, 0x94,
  0x55, 0x4a, 0xa5, 0x24, 0x10, 0xa0, 0x20, 0x11, 0x14, 0x55, 0x20, 0x80, 0x80, 0x10, 0x22, 0x01,
  0xa9, 0x54, 0x94, 0x91, 0x44, 0x09, 0x0a, 0x44, 0x00, 0x00, 0x08, 0x22, 0x10, 0x80, 0x80, 0x48,
  0x55, 0x52, 0xaa, 0x48, 0x11, 0x22, 0x40, 0x00, 0xa2, 0x41, 0x22, 0x08, 0x04, 0x08, 0x08, 0x02,
  0xa5, 0x2a, 0xa5, 0x52, 0x84, 0x44, 0x12, 0xa8, 0x08, 0x14, 0x00, 0x80, 0x90, 0x42, 0x21, 0x20,
  0x55, 0x55, 0x52, 0x24, 0x21, 0x00, 0x80, 0x02, 0x41, 0x00, 0x48, 0x22, 0x01, 0x00, 0x00, 0x08,
  0xaa, 0xaa, 0x95, 0x49, 0x14, 0x28, 0x29, 0x10, 0x08, 0x44, 0x02, 0x00, 0x20, 0x11, 0x09, 0x02,
  0x52, 0xa9, 0x52, 0x22, 0x41, 0x02, 0x80, 0x42, 0x81, 0x11, 0x20, 0x49, 0x04, 0x40, 0x40, 0x48,
  0x95, 0x55, 0x29, 0x54, 0x10, 0xa4, 0x0a, 0x08, 0x24, 0x00, 0x09, 0x00, 0x10, 0x04, 0x04, 0x00,
  0x54, 0x95, 0x4a, 0x81, 0x44, 0x00, 0xa0, 0x40, 0x80, 0x44, 0x80, 0x08, 0x81, 0x10, 0x20, 0x22,
  0xaa, 0xa9, 0x52, 0x54, 0x11, 0x52, 0x02, 0x12, 0x12, 0x10, 0x22, 0x20, 0x04, 0x01, 0x01, 0x00,
  0x55, 0x55, 0x29, 0x12, 0x84, 0x04, 0x28, 0x80, 0x00, 0x41, 0x08, 0x02, 0x40, 0x44, 0x10, 0x08,
  0xaa, 0xaa, 0xa4, 0xa4, 0x21, 0x20, 0x80, 0x12, 0x49, 0x04, 0x00, 0x88, 0x11, 0x00, 0x42, 0x40,
  0x55, 0x52, 0x52, 0x49, 0x14, 0x09, 0x09, 0x00, 0x00, 0x10, 0x42, 0x00, 0x80, 0x11, 0x00, 0x04,
  0xaa, 0xaa, 0x89, 0x22, 0x41, 0x42, 0x20, 0x49, 0x24, 0x41, 0x08, 0x22, 0x08, 0x40, 0x08, 0x20,
  0x55, 0x55, 0x54, 0x94, 0x88, 0x10, 0x04, 0x00, 0x01, 0x00, 0x00, 0x80, 0x21, 0x04, 0x21, 0x02,
  0xaa, 0xa4, 0xa5, 0x41, 0x22, 0x44, 0x91, 0x24, 0x90, 0x12, 0x22, 0x08, 0x80, 0x00, 0x80, 0x08,
  0x55, 0x55, 0x28, 0x94, 0x08, 0x10, 0x00, 0x00, 0x04, 0x80, 0x08, 0x00, 0x04, 0x20, 0x04, 0x80,
  0xaa, 0xaa, 0x92, 0x49, 0x42, 0x84, 0xa4, 0x92, 0x40, 0x09, 0x20, 0x44, 0x10, 0x84, 0x10, 0x10,
  0xaa, 0x92, 0x4a, 0x92, 0x28, 0x20, 0x00, 0x00, 0x12, 0x40, 0x01, 0x00, 0x80, 0x01, 0x00, 0x42,
  0x55, 0x55, 0x52, 0x48, 0x82, 0x4a, 0x4a, 0x49, 0x00, 0x04, 0x04, 0x10, 0x02, 0x10, 0x22, 0x00
};
// Author :- Ashish ( ashish_y_794 )
// Website : https://www.oledanimationmaker.com/

const uint8_t PROGMEM frame23[1024] = {
  0x48, 0xee, 0xd6, 0xec, 0x1a, 0xaa, 0xaa, 0xaa, 0x2a, 0xb5, 0x54, 0x00, 0x00, 0x07, 0x55, 0xc0,
  0x25, 0x12, 0x21, 0x12, 0x4e, 0xd5, 0xb5, 0x52, 0x2d, 0xd6, 0xd2, 0xa0, 0x00, 0x07, 0x5c, 0x84,
  0xa9, 0x40, 0x88, 0x00, 0x2b, 0x56, 0xd6, 0x95, 0x2a, 0x5b, 0x5a, 0x08, 0x00, 0x05, 0x25, 0x90,
  0x4a, 0x2a, 0x21, 0x25, 0x1a, 0xaa, 0xaa, 0xa8, 0x55, 0xaa, 0xa9, 0x40, 0x00, 0x00, 0x00, 0x01,
  0x25, 0x41, 0x04, 0x00, 0x4d, 0xb5, 0xba, 0xa6, 0x2a, 0xdd, 0xd6, 0x24, 0x00, 0x00, 0x00, 0x44,
  0xa8, 0x94, 0x50, 0xa9, 0x16, 0xdb, 0x6d, 0x51, 0x2d, 0x6b, 0x6a, 0x80, 0x00, 0x00, 0x01, 0x00,
  0x4a, 0x49, 0x02, 0x00, 0x2d, 0x6d, 0xdb, 0xac, 0xab, 0xbe, 0xda, 0x90, 0x40, 0x00, 0x44, 0x10,
  0x25, 0x24, 0xa8, 0x4a, 0x57, 0xb7, 0x7e, 0xd2, 0x2a, 0xd7, 0xb5, 0x24, 0x04, 0x88, 0x00, 0x04,
  0xa9, 0x52, 0x01, 0x00, 0x1a, 0xed, 0xef, 0x6d, 0x2d, 0xbd, 0x6d, 0x40, 0x00, 0x00, 0x00, 0x20,
  0x4a, 0x08, 0xa4, 0x25, 0x4f, 0x7f, 0xbb, 0xb4, 0xab, 0x77, 0xda, 0x88, 0x80, 0x01, 0x00, 0x82,
  0x29, 0x65, 0x11, 0x10, 0x15, 0xd6, 0xfd, 0xd6, 0x5d, 0xfd, 0xf6, 0x90, 0x08, 0x20, 0x08, 0x08,
  0xa5, 0x10, 0x88, 0x42, 0x56, 0xff, 0xd6, 0xb9, 0x2b, 0x57, 0x5a, 0x80, 0x00, 0x80, 0x00, 0x00,
  0x54, 0xaa, 0x52, 0x08, 0x1b, 0x55, 0xff, 0xd6, 0xae, 0xff, 0xed, 0x49, 0x00, 0x00, 0x20, 0x22,
  0x4a, 0x92, 0x81, 0x42, 0xa5, 0xff, 0x55, 0x6a, 0x5b, 0xda, 0xb5, 0x40, 0x22, 0x02, 0x00, 0x80,
  0x52, 0x49, 0x28, 0x10, 0x16, 0xab, 0xfe, 0xb5, 0x2d, 0x7f, 0xda, 0xa8, 0x00, 0x00, 0x00, 0x04,
  0x4a, 0xaa, 0x95, 0x44, 0x8a, 0xdd, 0x53, 0x54, 0x57, 0xaa, 0xb6, 0x80, 0x00, 0x08, 0x00, 0x10,
  0x54, 0xa4, 0x40, 0x11, 0x2b, 0x6b, 0x5a, 0xaa, 0x15, 0x7e, 0xd9, 0x51, 0x08, 0x20, 0x04, 0x00,
  0x4a, 0x92, 0xaa, 0x84, 0x04, 0xaa, 0xaa, 0xa4, 0x45, 0x55, 0xaa, 0x80, 0x20, 0x80, 0x40, 0x42,
  0x52, 0x55, 0x24, 0x50, 0xa2, 0x95, 0x52, 0x40, 0x01, 0x55, 0x55, 0x20, 0x00, 0x00, 0x00, 0x00,
  0x55, 0x54, 0x92, 0x04, 0x10, 0x40, 0x08, 0x11, 0x00, 0x00, 0x90, 0x04, 0x00, 0x00, 0x01, 0x08,
  0x4a, 0x92, 0xa9, 0x51, 0x45, 0x15, 0x42, 0x84, 0x10, 0x08, 0x04, 0x80, 0x82, 0x01, 0x08, 0x02,
  0x52, 0x55, 0x44, 0x04, 0x10, 0x40, 0x28, 0x20, 0x44, 0xa1, 0x00, 0x12, 0x10, 0x04, 0x00, 0x20,
  0xaa, 0xaa, 0x52, 0xa1, 0x45, 0x15, 0x02, 0x49, 0x00, 0x00, 0x52, 0x40, 0x40, 0x40, 0x00, 0x04,
  0x49, 0x49, 0x54, 0x14, 0x10, 0x40, 0x51, 0x02, 0x2a, 0x94, 0x00, 0x09, 0x04, 0x10, 0x49, 0x11,
  0x55, 0x2a, 0x92, 0x81, 0x45, 0x12, 0x08, 0x50, 0x80, 0x01, 0x4a, 0xa0, 0x11, 0x02, 0x00, 0x40,
  0x4a, 0xaa, 0x49, 0x54, 0x10, 0x44, 0xa2, 0x04, 0x25, 0x54, 0x00, 0x04, 0x80, 0x48, 0x22, 0x0a,
  0xa9, 0x52, 0xaa, 0x01, 0x45, 0x10, 0x09, 0x51, 0x10, 0x01, 0x29, 0x20, 0x24, 0x00, 0x80, 0x20,
  0x55, 0x2a, 0xa4, 0xa8, 0x10, 0x45, 0x44, 0x04, 0x84, 0x90, 0x40, 0x0a, 0x81, 0x48, 0x12, 0x84,
  0x4a, 0xa9, 0x52, 0x05, 0x45, 0x10, 0x21, 0x50, 0x21, 0x0a, 0x0a, 0xa0, 0x14, 0x02, 0x40, 0x11,
  0x52, 0x95, 0x29, 0x50, 0x20, 0x45, 0x14, 0x05, 0x14, 0x40, 0xa0, 0x04, 0x40, 0x48, 0x09, 0x24,
  0xaa, 0x55, 0x4a, 0x4a, 0x8a, 0x90, 0x81, 0x20, 0x81, 0x14, 0x09, 0x21, 0x05, 0x01, 0x20, 0x01,
  0x4a, 0xa9, 0x55, 0x00, 0x20, 0x04, 0x54, 0x4a, 0x28, 0x41, 0x40, 0x08, 0x20, 0x24, 0x04, 0xa8,
  0x55, 0x55, 0x20, 0xaa, 0x8a, 0xa2, 0x01, 0x00, 0x85, 0x14, 0x15, 0x42, 0x88, 0x80, 0x90, 0x05,
  0x52, 0xa5, 0x5a, 0x80, 0x40, 0x11, 0x54, 0x54, 0x20, 0x41, 0x00, 0x10, 0x02, 0x12, 0x02, 0xa0,
  0xaa, 0x55, 0x4a, 0x55, 0x2a, 0x88, 0x01, 0x02, 0x89, 0x08, 0x52, 0x44, 0xa8, 0x40, 0x48, 0x15,
  0x4a, 0xaa, 0x52, 0x88, 0x80, 0x52, 0xa8, 0x50, 0x22, 0x22, 0x00, 0x00, 0x01, 0x09, 0x02, 0x40,
  0x55, 0x49, 0x54, 0x52, 0x2a, 0x84, 0x05, 0x05, 0x08, 0x88, 0xaa, 0xaa, 0x44, 0x20, 0x28, 0x95,
  0xaa, 0xaa, 0xaa, 0x80, 0x80, 0x21, 0x50, 0x50, 0xa2, 0x22, 0x00, 0x00, 0x10, 0x84, 0x80, 0x02,
  0x52, 0x55, 0x49, 0x55, 0x2a, 0x94, 0x05, 0x04, 0x08, 0x00, 0x92, 0x49, 0x42, 0x10, 0x12, 0xa8,
  0x4a, 0xaa, 0xaa, 0x20, 0x00, 0x41, 0x50, 0x51, 0x42, 0xaa, 0x04, 0x00, 0x08, 0x42, 0x40, 0x05,
  0xaa, 0xaa, 0x55, 0x4a, 0xaa, 0x14, 0x05, 0x04, 0x10, 0x00, 0xa1, 0x55, 0x21, 0x08, 0x0a, 0xa8,
  0x55, 0x52, 0xa4, 0xa4, 0x01, 0x41, 0x50, 0x51, 0x45, 0x48, 0x08, 0x00, 0x04, 0x21, 0x20, 0x02,
  0xaa, 0xaa, 0xaa, 0x51, 0x54, 0x28, 0x05, 0x04, 0x10, 0x12, 0x92, 0x49, 0x40, 0x80, 0x05, 0x54,
  0x55, 0x55, 0x55, 0x0a, 0x09, 0x05, 0x50, 0x49, 0x45, 0x20, 0x20, 0x00, 0x14, 0x0a, 0x90, 0x02,
  0xaa, 0x95, 0x24, 0xd0, 0xa0, 0xa0, 0x05, 0x00, 0x10, 0x05, 0x05, 0x54, 0x81, 0x20, 0x04, 0xa8,
  0x54, 0xaa, 0xaa, 0x4a, 0x15, 0x15, 0x50, 0x55, 0x42, 0xa0, 0x40, 0x00, 0x24, 0x04, 0x50, 0x05,
  0xa5, 0x55, 0x55, 0x21, 0x40, 0x40, 0x05, 0x00, 0x08, 0x0a, 0x14, 0x92, 0x80, 0x91, 0x02, 0xa8,
  0x55, 0x54, 0xa9, 0x54, 0x2a, 0x15, 0x50, 0x52, 0x42, 0x40, 0x80, 0x00, 0x12, 0x00, 0x10, 0x02,
  0xaa, 0xaa, 0xa5, 0x49, 0x01, 0x40, 0x05, 0x04, 0x28, 0x2a, 0x2a, 0xaa, 0x40, 0x49, 0x45, 0x54,
  0x55, 0x55, 0x54, 0xa4, 0xaa, 0x15, 0x50, 0x49, 0x02, 0x80, 0x80, 0x00, 0x14, 0x00, 0x00, 0x02,
  0xaa, 0xaa, 0xaa, 0x92, 0x00, 0x80, 0x04, 0x10, 0x50, 0x12, 0x12, 0x45, 0x41, 0x54, 0x94, 0xa8,
  0x55, 0x55, 0x4a, 0x48, 0xaa, 0x55, 0x51, 0x42, 0x04, 0x80, 0x40, 0x10, 0x04, 0x00, 0x01, 0x05,
  0xaa, 0xaa, 0x52, 0xa5, 0x04, 0x00, 0x04, 0x10, 0xa1, 0x2a, 0x15, 0x02, 0x20, 0x89, 0x24, 0x20,
  0x55, 0x55, 0x55, 0x28, 0x51, 0x55, 0x51, 0x44, 0x08, 0x00, 0x80, 0x50, 0x88, 0x20, 0x00, 0x8a,
  0xaa, 0xaa, 0xaa, 0x92, 0x88, 0x80, 0x04, 0x11, 0x42, 0x48, 0x22, 0x04, 0x02, 0x04, 0xa9, 0x20,
  0x55, 0x52, 0xa4, 0xa4, 0x22, 0x2a, 0xa1, 0x04, 0x11, 0x02, 0x88, 0x91, 0x20, 0x90, 0x00, 0x0a,
  0xaa, 0xaa, 0x95, 0x29, 0x49, 0x00, 0x08, 0x50, 0x88, 0x28, 0x00, 0x00, 0x0a, 0x02, 0x49, 0x20,
  0x55, 0x55, 0x54, 0x92, 0x04, 0x55, 0x45, 0x02, 0x22, 0x41, 0x25, 0x24, 0xa0, 0x48, 0x00, 0x04,
  0xaa, 0xaa, 0xaa, 0xa4, 0xa1, 0x00, 0x20, 0x48, 0x80, 0x08, 0x08, 0x00, 0x04, 0x01, 0x24, 0x91,
  0x55, 0x55, 0x52, 0x92, 0x14, 0x55, 0x09, 0x02, 0x15, 0x42, 0xa0, 0x95, 0x21, 0x24, 0x00, 0x04,
  0xaa, 0xaa, 0xaa, 0x49, 0x42, 0x00, 0x44, 0x28, 0x40, 0x10, 0x02, 0x00, 0x08, 0x00, 0x92, 0xa0,
  0xb6, 0xaa, 0x95, 0x24, 0x29, 0x55, 0x21, 0x01, 0x09, 0x04, 0x48, 0x48, 0x81, 0x28, 0x00, 0x04,
  0xaa, 0xaa, 0xa4, 0xa9, 0x44, 0x00, 0x14, 0x52, 0x20, 0x51, 0x01, 0x02, 0x24, 0x02, 0xa9, 0x10,
  0xaa, 0xaa, 0xaa, 0x94, 0x11, 0x55, 0x40, 0x00, 0x05, 0x00, 0x24, 0x20, 0x00, 0x90, 0x00, 0x42
};
// Author :- Ashish ( ashish_y_794 )
// Website : https://www.oledanimationmaker.com/

const uint8_t PROGMEM frame24[1024] = {
  0x48, 0xee, 0xd6, 0xec, 0x1a, 0xaa, 0xaa, 0xaa, 0x2a, 0xb5, 0x54, 0x00, 0x00, 0x07, 0x55, 0xc0,
  0x25, 0x12, 0x21, 0x12, 0x4e, 0xd5, 0xb5, 0x52, 0x2d, 0xd6, 0xd2, 0xa0, 0x00, 0x07, 0x5c, 0x84,
  0xa9, 0x40, 0x88, 0x00, 0x2b, 0x56, 0xd6, 0x95, 0x2a, 0x5b, 0x5a, 0x08, 0x00, 0x05, 0x25, 0x90,
  0x4a, 0x2a, 0x21, 0x25, 0x1a, 0xaa, 0xaa, 0xa8, 0x55, 0xaa, 0xa9, 0x40, 0x00, 0x00, 0x00, 0x01,
  0x25, 0x41, 0x04, 0x00, 0x4d, 0xb5, 0xba, 0xa6, 0x2a, 0xdd, 0xd6, 0x24, 0x00, 0x00, 0x00, 0x44,
  0xa8, 0x94, 0x50, 0xa9, 0x16, 0xdb, 0x6d, 0x51, 0x2d, 0x6b, 0x6a, 0x80, 0x00, 0x00, 0x01, 0x00,
  0x4a, 0x49, 0x02, 0x00, 0x2d, 0x6d, 0xdb, 0xac, 0xab, 0xbe, 0xda, 0x90, 0x40, 0x00, 0x44, 0x10,
  0x25, 0x24, 0xa8, 0x4a, 0x57, 0xb7, 0x7e, 0xd2, 0x2a, 0xd7, 0xb5, 0x24, 0x04, 0x88, 0x00, 0x04,
  0xa9, 0x52, 0x01, 0x00, 0x1a, 0xed, 0xef, 0x6d, 0x2d, 0xbd, 0x6d, 0x40, 0x00, 0x00, 0x00, 0x20,
  0x4a, 0x08, 0xa4, 0x25, 0x4f, 0x7f, 0xbb, 0xb4, 0xab, 0x77, 0xda, 0x88, 0x80, 0x01, 0x00, 0x82,
  0x29, 0x65, 0x11, 0x10, 0x15, 0xd6, 0xfd, 0xd6, 0x5d, 0xfd, 0xf6, 0x90, 0x08, 0x20, 0x08, 0x08,
  0xa5, 0x10, 0x88, 0x42, 0x56, 0xff, 0xd6, 0xb9, 0x2b, 0x57, 0x5a, 0x80, 0x00, 0x80, 0x00, 0x00,
  0x54, 0xaa, 0x52, 0x08, 0x1b, 0x55, 0xff, 0xd6, 0xae, 0xff, 0xed, 0x49, 0x00, 0x00, 0x20, 0x22,
  0x4a, 0x92, 0x81, 0x42, 0xa5, 0xff, 0x55, 0x6a, 0x5b, 0xda, 0xb5, 0x40, 0x22, 0x02, 0x00, 0x80,
  0x52, 0x49, 0x28, 0x10, 0x16, 0xab, 0xfe, 0xb5, 0x2d, 0x7f, 0xda, 0xa8, 0x00, 0x00, 0x00, 0x04,
  0x4a, 0xaa, 0x95, 0x44, 0x8a, 0xdd, 0x53, 0x54, 0x57, 0xaa, 0xb6, 0x80, 0x00, 0x08, 0x00, 0x10,
  0x54, 0xa4, 0x40, 0x11, 0x2b, 0x6b, 0x5a, 0xaa, 0x15, 0x7e, 0xd9, 0x51, 0x08, 0x20, 0x04, 0x00,
  0x4a, 0x92, 0xaa, 0x84, 0x04, 0xaa, 0xaa, 0xa4, 0x45, 0x55, 0xaa, 0x80, 0x20, 0x80, 0x40, 0x42,
  0x52, 0x55, 0x24, 0x50, 0xa2, 0x95, 0x52, 0x40, 0x01, 0x55, 0x55, 0x20, 0x00, 0x00, 0x00, 0x00,
  0x55, 0x54, 0x92, 0x04, 0x10, 0x40, 0x08, 0x11, 0x00, 0x00, 0x90, 0x04, 0x00, 0x00, 0x01, 0x08,
  0x4a, 0x92, 0xa9, 0x51, 0x45, 0x15, 0x42, 0x84, 0x10, 0x08, 0x04, 0x80, 0x82, 0x01, 0x08, 0x02,
  0x52, 0x55, 0x44, 0x04, 0x10, 0x40, 0x28, 0x20, 0x44, 0xa1, 0x00, 0x12, 0x10, 0x04, 0x00, 0x20,
  0xaa, 0xaa, 0x52, 0xa1, 0x45, 0x15, 0x02, 0x49, 0x00, 0x00, 0x52, 0x40, 0x40, 0x40, 0x00, 0x04,
  0x49, 0x49, 0x54, 0x14, 0x10, 0x40, 0x51, 0x02, 0x2a, 0x94, 0x00, 0x09, 0x04, 0x10, 0x49, 0x11,
  0x55, 0x2a, 0x92, 0x81, 0x45, 0x12, 0x08, 0x50, 0x80, 0x01, 0x4a, 0xa0, 0x11, 0x02, 0x00, 0x40,
  0x4a, 0xaa, 0x49, 0x54, 0x10, 0x44, 0xa2, 0x04, 0x25, 0x54, 0x00, 0x04, 0x80, 0x48, 0x22, 0x0a,
  0xa9, 0x52, 0xaa, 0x01, 0x45, 0x10, 0x09, 0x51, 0x10, 0x01, 0x29, 0x20, 0x24, 0x00, 0x80, 0x20,
  0x55, 0x2a, 0xa4, 0xa8, 0x10, 0x45, 0x44, 0x04, 0x84, 0x90, 0x40, 0x0a, 0x81, 0x48, 0x12, 0x84,
  0x4a, 0xa9, 0x52, 0x05, 0x45, 0x10, 0x21, 0x50, 0x21, 0x0a, 0x0a, 0xa0, 0x14, 0x02, 0x40, 0x11,
  0x52, 0x95, 0x29, 0x50, 0x20, 0x45, 0x14, 0x05, 0x14, 0x40, 0xa0, 0x04, 0x40, 0x48, 0x09, 0x24,
  0xaa, 0x55, 0x4a, 0x4a, 0x8a, 0x90, 0x81, 0x20, 0x81, 0x14, 0x09, 0x21, 0x05, 0x01, 0x20, 0x01,
  0x4a, 0xa9, 0x55, 0x00, 0x20, 0x04, 0x54, 0x4a, 0x28, 0x41, 0x40, 0x08, 0x20, 0x24, 0x04, 0xa8,
  0x55, 0x55, 0x20, 0xaa, 0x8a, 0xa2, 0x01, 0x00, 0x85, 0x14, 0x15, 0x42, 0x88, 0x80, 0x90, 0x05,
  0x52, 0xa5, 0x5a, 0x80, 0x40, 0x11, 0x54, 0x54, 0x20, 0x41, 0x00, 0x10, 0x02, 0x12, 0x02, 0xa0,
  0xaa, 0x55, 0x4a, 0x55, 0x2a, 0x88, 0x01, 0x02, 0x89, 0x08, 0x52, 0x44, 0xa8, 0x40, 0x48, 0x15,
  0x4a, 0xaa, 0x52, 0x88, 0x80, 0x52, 0xa8, 0x50, 0x22, 0x22, 0x00, 0x00, 0x01, 0x09, 0x02, 0x40,
  0x55, 0x49, 0x54, 0x52, 0x2a, 0x84, 0x05, 0x05, 0x08, 0x88, 0xaa, 0xaa, 0x44, 0x20, 0x28, 0x95,
  0xaa, 0xaa, 0xaa, 0x80, 0x80, 0x21, 0x50, 0x50, 0xa2, 0x22, 0x00, 0x00, 0x10, 0x84, 0x80, 0x02,
  0x52, 0x55, 0x49, 0x55, 0x2a, 0x94, 0x05, 0x04, 0x08, 0x00, 0x92, 0x49, 0x42, 0x10, 0x12, 0xa8,
  0x4a, 0xaa, 0xaa, 0x20, 0x00, 0x41, 0x50, 0x51, 0x42, 0xaa, 0x04, 0x00, 0x08, 0x42, 0x40, 0x05,
  0xaa, 0xaa, 0x55, 0x4a, 0xaa, 0x14, 0x05, 0x04, 0x10, 0x00, 0xa1, 0x55, 0x21, 0x08, 0x0a, 0xa8,
  0x55, 0x52, 0xa4, 0xa4, 0x01, 0x41, 0x50, 0x51, 0x45, 0x48, 0x08, 0x00, 0x04, 0x21, 0x20, 0x02,
  0xaa, 0xaa, 0xaa, 0x51, 0x54, 0x28, 0x05, 0x04, 0x10, 0x12, 0x92, 0x49, 0x40, 0x80, 0x05, 0x54,
  0x55, 0x55, 0x55, 0x0a, 0x09, 0x05, 0x50, 0x49, 0x45, 0x20, 0x20, 0x00, 0x14, 0x0a, 0x90, 0x02,
  0xaa, 0x95, 0x24, 0xd0, 0xa0, 0xa0, 0x05, 0x00, 0x10, 0x05, 0x05, 0x54, 0x81, 0x20, 0x04, 0xa8,
  0x54, 0xaa, 0xaa, 0x4a, 0x15, 0x15, 0x50, 0x55, 0x42, 0xa0, 0x40, 0x00, 0x24, 0x04, 0x50, 0x05,
  0xa5, 0x55, 0x55, 0x21, 0x40, 0x40, 0x05, 0x00, 0x08, 0x0a, 0x14, 0x92, 0x80, 0x91, 0x02, 0xa8,
  0x55, 0x54, 0xa9, 0x54, 0x2a, 0x15, 0x50, 0x52, 0x42, 0x40, 0x80, 0x00, 0x12, 0x00, 0x10, 0x02,
  0xaa, 0xaa, 0xa5, 0x49, 0x01, 0x40, 0x05, 0x04, 0x28, 0x2a, 0x2a, 0xaa, 0x40, 0x49, 0x45, 0x54,
  0x55, 0x55, 0x54, 0xa4, 0xaa, 0x15, 0x50, 0x49, 0x02, 0x80, 0x80, 0x00, 0x14, 0x00, 0x00, 0x02,
  0xaa, 0xaa, 0xaa, 0x92, 0x00, 0x80, 0x04, 0x10, 0x50, 0x12, 0x12, 0x45, 0x41, 0x54, 0x94, 0xa8,
  0x55, 0x55, 0x4a, 0x48, 0xaa, 0x55, 0x51, 0x42, 0x04, 0x80, 0x40, 0x10, 0x04, 0x00, 0x01, 0x05,
  0xaa, 0xaa, 0x52, 0xa5, 0x04, 0x00, 0x04, 0x10, 0xa1, 0x2a, 0x15, 0x02, 0x20, 0x89, 0x24, 0x20,
  0x55, 0x55, 0x55, 0x28, 0x51, 0x55, 0x51, 0x44, 0x08, 0x00, 0x80, 0x50, 0x88, 0x20, 0x00, 0x8a,
  0xaa, 0xaa, 0xaa, 0x92, 0x88, 0x80, 0x04, 0x11, 0x42, 0x48, 0x22, 0x04, 0x02, 0x04, 0xa9, 0x20,
  0x55, 0x52, 0xa4, 0xa4, 0x22, 0x2a, 0xa1, 0x04, 0x11, 0x02, 0x88, 0x91, 0x20, 0x90, 0x00, 0x0a,
  0xaa, 0xaa, 0x95, 0x29, 0x49, 0x00, 0x08, 0x50, 0x88, 0x28, 0x00, 0x00, 0x0a, 0x02, 0x49, 0x20,
  0x55, 0x55, 0x54, 0x92, 0x04, 0x55, 0x45, 0x02, 0x22, 0x41, 0x25, 0x24, 0xa0, 0x48, 0x00, 0x04,
  0xaa, 0xaa, 0xaa, 0xa4, 0xa1, 0x00, 0x20, 0x48, 0x80, 0x08, 0x08, 0x00, 0x04, 0x01, 0x24, 0x91,
  0x55, 0x55, 0x52, 0x92, 0x14, 0x55, 0x09, 0x02, 0x15, 0x42, 0xa0, 0x95, 0x21, 0x24, 0x00, 0x04,
  0xaa, 0xaa, 0xaa, 0x49, 0x42, 0x00, 0x44, 0x28, 0x40, 0x10, 0x02, 0x00, 0x08, 0x00, 0x92, 0xa0,
  0xb6, 0xaa, 0x95, 0x24, 0x29, 0x55, 0x21, 0x01, 0x09, 0x04, 0x48, 0x48, 0x81, 0x28, 0x00, 0x04,
  0xaa, 0xaa, 0xa4, 0xa9, 0x44, 0x00, 0x14, 0x52, 0x20, 0x51, 0x01, 0x02, 0x24, 0x02, 0xa9, 0x10,
  0xaa, 0xaa, 0xaa, 0x94, 0x11, 0x55, 0x40, 0x00, 0x05, 0x00, 0x24, 0x20, 0x00, 0x90, 0x00, 0x42
};
// Author :- Ashish ( ashish_y_794 )
// Website : https://www.oledanimationmaker.com/

const uint8_t PROGMEM frame25[1024] = {
  0x48, 0xdd, 0x6b, 0x6c, 0x0a, 0xab, 0x6d, 0xb6, 0xdb, 0x55, 0x54, 0x80, 0x00, 0x07, 0x76, 0xc0,
  0x25, 0x42, 0x88, 0x92, 0xad, 0x5a, 0xb6, 0xdb, 0x6d, 0xbb, 0x55, 0x28, 0x00, 0x07, 0x9a, 0xaa,
  0xa9, 0x28, 0x22, 0x04, 0x0a, 0xd5, 0xab, 0x6d, 0xb6, 0xcd, 0xaa, 0x40, 0x00, 0x05, 0x26, 0xc1,
  0x4a, 0x02, 0x80, 0xa1, 0x4a, 0xaa, 0xad, 0x5b, 0x5a, 0xb5, 0x55, 0x10, 0x00, 0x00, 0x11, 0x14,
  0x24, 0xa8, 0x14, 0x14, 0x16, 0xad, 0x6a, 0xad, 0xaa, 0xd5, 0x54, 0xa0, 0x00, 0x00, 0x00, 0x41,
  0xa9, 0x22, 0x82, 0x81, 0x2a, 0xaa, 0xb6, 0xd5, 0x77, 0x5a, 0xaa, 0x40, 0x00, 0x00, 0x44, 0x14,
  0x4a, 0x88, 0x28, 0x24, 0x0b, 0x6b, 0x55, 0x55, 0x55, 0x6b, 0x55, 0x10, 0x00, 0x00, 0x01, 0x00,
  0x24, 0x52, 0x81, 0x08, 0xaa, 0xaa, 0xd5, 0x6a, 0x9b, 0x55, 0x52, 0x40, 0x00, 0x00, 0x04, 0x49,
  0xa9, 0x04, 0x24, 0x42, 0x15, 0x55, 0x55, 0xaa, 0x55, 0xb6, 0xa9, 0x10, 0x00, 0x00, 0x10, 0x00,
  0x4a, 0xa9, 0x11, 0x10, 0x8b, 0x6d, 0x6d, 0x54, 0x2e, 0xda, 0xd4, 0xa4, 0x00, 0x00, 0x00, 0x94,
  0x24, 0x40, 0x84, 0x44, 0x2d, 0xab, 0x55, 0x55, 0x55, 0x55, 0x55, 0x00, 0x00, 0x00, 0x00, 0x01,
  0xaa, 0x95, 0x21, 0x11, 0x15, 0x55, 0x55, 0x54, 0x2b, 0x6e, 0xaa, 0x50, 0x00, 0x01, 0x02, 0x48,
  0x52, 0x48, 0x48, 0x04, 0x4a, 0xda, 0xda, 0xaa, 0xad, 0xb5, 0xd5, 0x04, 0x00, 0x08, 0x08, 0x02,
  0x49, 0x25, 0x04, 0xa1, 0x17, 0x57, 0x6b, 0x55, 0x35, 0x56, 0xa8, 0xa0, 0x22, 0x20, 0x00, 0x20,
  0x55, 0x50, 0xa1, 0x08, 0x55, 0x69, 0xb5, 0x4a, 0x2b, 0x6a, 0xb6, 0x48, 0x00, 0x00, 0x01, 0x09,
  0x4a, 0x4a, 0x14, 0x45, 0x15, 0xae, 0xda, 0xa9, 0x2d, 0xbf, 0xd5, 0x00, 0x00, 0x00, 0x40, 0x20,
  0x52, 0x92, 0xa1, 0x10, 0x4e, 0xb5, 0x6f, 0x54, 0x55, 0x55, 0x55, 0x51, 0x00, 0x00, 0x08, 0x84,
  0x54, 0xa8, 0x44, 0x44, 0x95, 0xdb, 0xba, 0xd5, 0x2e, 0xfb, 0xba, 0x04, 0x24, 0x84, 0x00, 0x01,
  0x4a, 0x45, 0x11, 0x11, 0x1a, 0xb7, 0xef, 0x6a, 0x55, 0xae, 0xeb, 0x50, 0x00, 0x10, 0x40, 0x28,
  0xa9, 0x52, 0xa4, 0x44, 0x4f, 0xed, 0x7b, 0xb5, 0x5b, 0x7b, 0x5a, 0x80, 0x00, 0x00, 0x02, 0x02,
  0x25, 0x29, 0x11, 0x11, 0x2a, 0xbf, 0xdd, 0x55, 0x2d, 0xdf, 0xed, 0x54, 0x91, 0x00, 0x08, 0x40,
  0xaa, 0x94, 0xa4, 0x44, 0x15, 0xed, 0xf7, 0xea, 0x57, 0x75, 0x75, 0x00, 0x00, 0x04, 0x80, 0x12,
  0x55, 0x4a, 0x49, 0x11, 0x56, 0xbf, 0x6e, 0xba, 0xbb, 0xdf, 0xda, 0xa8, 0x00, 0x40, 0x00, 0x40,
  0x49, 0x29, 0x24, 0x44, 0x2b, 0xeb, 0xfb, 0xd5, 0x56, 0xfb, 0x6d, 0x41, 0x24, 0x00, 0x02, 0x04,
  0x54, 0xa5, 0x51, 0x11, 0x15, 0x7e, 0xae, 0xb5, 0x2d, 0xaf, 0xb6, 0x90, 0x00, 0x10, 0x20, 0x10,
  0xa5, 0x54, 0x8a, 0x44, 0x56, 0xd7, 0xf5, 0xaa, 0x5b, 0x7a, 0xea, 0xa4, 0x00, 0x82, 0x00, 0x82,
  0x55, 0x52, 0x51, 0x11, 0x0b, 0x6a, 0xae, 0xaa, 0x2d, 0xdf, 0x5a, 0x90, 0x22, 0x00, 0x04, 0x08,
  0x4a, 0x95, 0x4a, 0x44, 0xaa, 0xb6, 0xa9, 0x54, 0x06, 0xb5, 0xea, 0xa0, 0x80, 0x00, 0x40, 0x20,
  0x54, 0xaa, 0xa8, 0x90, 0x05, 0x55, 0x55, 0x48, 0x49, 0x6d, 0x35, 0x00, 0x00, 0x11, 0x00, 0x82,
  0xaa, 0xa4, 0x92, 0x25, 0x50, 0x89, 0x22, 0x20, 0x01, 0x25, 0xaa, 0x84, 0x08, 0x40, 0x04, 0x08,
  0x49, 0x55, 0x49, 0x40, 0x8a, 0x44, 0x48, 0x81, 0x04, 0x08, 0x00, 0x10, 0x20, 0x00, 0x00, 0x01,
  0x55, 0x2a, 0xaa, 0x15, 0x21, 0x21, 0x04, 0x10, 0x20, 0x20, 0x24, 0x41, 0x01, 0x02, 0x10, 0x92,
  0x55, 0x54, 0xa4, 0x80, 0x08, 0x14, 0x51, 0x44, 0x81, 0x01, 0x01, 0x04, 0x00, 0x08, 0x00, 0x00,
  0xa4, 0xa5, 0x52, 0x55, 0x52, 0x82, 0x08, 0x11, 0x14, 0x24, 0x48, 0x20, 0x94, 0x20, 0x04, 0x94,
  0x55, 0x55, 0x29, 0x08, 0x04, 0x54, 0xa5, 0x44, 0x41, 0x01, 0x02, 0x8a, 0x01, 0x00, 0xa0, 0x01,
  0x55, 0x54, 0xa4, 0xa2, 0xa9, 0x01, 0x00, 0x21, 0x14, 0x54, 0x50, 0x20, 0x50, 0x44, 0x04, 0xa8,
  0x92, 0x93, 0x55, 0x14, 0x40, 0xa8, 0x55, 0x14, 0x41, 0x01, 0x0a, 0x05, 0x05, 0x11, 0x10, 0x05,
  0x55, 0x54, 0xa4, 0xa1, 0x15, 0x05, 0x00, 0x82, 0x14, 0x54, 0x40, 0xa0, 0x40, 0x04, 0x42, 0xa0,
  0xaa, 0xaa, 0x92, 0x08, 0x80, 0x50, 0xaa, 0x51, 0x41, 0x01, 0x14, 0x14, 0x14, 0xa0, 0x08, 0x15,
  0x55, 0x2a, 0xaa, 0xa5, 0x2a, 0x8a, 0x01, 0x08, 0x14, 0x54, 0x41, 0x41, 0x40, 0x09, 0x22, 0x80,
  0x52, 0xaa, 0xa9, 0x20, 0x40, 0x21, 0x54, 0x45, 0x41, 0x01, 0x14, 0x08, 0x12, 0xa0, 0x88, 0x2a,
  0xaa, 0xaa, 0xa4, 0x95, 0x15, 0x48, 0x09, 0x20, 0x28, 0x54, 0x41, 0x42, 0x84, 0x04, 0x01, 0x04,
  0x55, 0x52, 0x55, 0x42, 0x42, 0x12, 0xa0, 0x8a, 0x85, 0x01, 0x08, 0x10, 0x20, 0x91, 0x54, 0x52,
  0xaa, 0xaa, 0xaa, 0x28, 0x94, 0x84, 0x14, 0x20, 0x40, 0x48, 0x42, 0x4a, 0x89, 0x04, 0x01, 0x24,
  0x4a, 0x55, 0x49, 0x44, 0x40, 0x51, 0x42, 0x8a, 0x2a, 0x22, 0x11, 0x00, 0x20, 0x40, 0x92, 0x11,
  0xa9, 0x55, 0x54, 0x92, 0x95, 0x08, 0x28, 0x21, 0x01, 0x09, 0x48, 0x52, 0x0a, 0x14, 0x04, 0x8a,
  0x56, 0xaa, 0xaa, 0x48, 0x20, 0xa5, 0x02, 0x88, 0xa8, 0xa0, 0x02, 0x04, 0xa0, 0x81, 0x50, 0x40,
  0xa9, 0x55, 0x25, 0x25, 0x0a, 0x00, 0xa8, 0x24, 0x04, 0x0a, 0xa8, 0xa0, 0x04, 0x24, 0x02, 0x2a,
  0x55, 0x52, 0xa9, 0x50, 0xa4, 0xaa, 0x05, 0x11, 0x51, 0x40, 0x02, 0x0a, 0x91, 0x00, 0x91, 0x12,
  0xaa, 0xaa, 0xaa, 0x8a, 0x11, 0x04, 0xa0, 0x84, 0x04, 0x15, 0x28, 0x90, 0x04, 0x54, 0x04, 0xa4,
  0x55, 0x55, 0x4a, 0x51, 0x48, 0xa1, 0x14, 0x51, 0x51, 0x40, 0x40, 0x02, 0x50, 0x01, 0x50, 0x09,
  0xaa, 0xaa, 0xa9, 0x48, 0x24, 0x14, 0x42, 0x04, 0x04, 0x12, 0x0a, 0xa8, 0x02, 0x90, 0x05, 0x52,
  0x55, 0x55, 0x55, 0x25, 0x42, 0xa1, 0x11, 0x51, 0x50, 0x84, 0xa0, 0x01, 0x48, 0x05, 0x20, 0x04,
  0xaa, 0xaa, 0x4a, 0x90, 0x91, 0x08, 0x88, 0x04, 0x04, 0x20, 0x04, 0x94, 0x11, 0x50, 0x0a, 0xa9,
  0x55, 0x52, 0xa9, 0x4a, 0x0a, 0x44, 0x45, 0x51, 0x21, 0x15, 0x21, 0x01, 0x20, 0x02, 0x90, 0x10,
  0xaa, 0xaa, 0xaa, 0x51, 0x50, 0x29, 0x20, 0x04, 0x48, 0x80, 0x14, 0x48, 0x05, 0x24, 0x02, 0xa5,
  0x55, 0x55, 0x55, 0x4a, 0x05, 0x42, 0x15, 0x51, 0x04, 0x24, 0x80, 0x11, 0x48, 0x00, 0x48, 0x02,
  0xaa, 0xaa, 0xa9, 0x24, 0xa8, 0x10, 0x80, 0x04, 0x21, 0x11, 0x25, 0x42, 0x01, 0x29, 0x12, 0xa8,
  0x55, 0x55, 0x4a, 0xa8, 0x42, 0xa5, 0x2a, 0x90, 0x88, 0x84, 0x00, 0x08, 0x50, 0x00, 0x40, 0x05,
  0xaa, 0xaa, 0xaa, 0x92, 0x91, 0x08, 0x00, 0x22, 0x22, 0x20, 0xa9, 0x21, 0x05, 0x49, 0x09, 0x50,
  0x55, 0x55, 0x54, 0xa4, 0x24, 0x42, 0xaa, 0x88, 0x88, 0x8a, 0x00, 0x04, 0x10, 0x00, 0x20, 0x0a,
  0xad, 0x55, 0x52, 0x92, 0x89, 0x28, 0x00, 0x02, 0x22, 0x20, 0x4a, 0x90, 0x82, 0x4a, 0x05, 0x41,
  0xb5, 0x55, 0x2a, 0x48, 0x44, 0x85, 0x55, 0x50, 0x80, 0x84, 0x80, 0x02, 0x20, 0x00, 0xa0, 0x14,
  0xaa, 0xaa, 0xaa, 0xaa, 0x22, 0x20, 0x00, 0x04, 0x14, 0x10, 0x12, 0x50, 0x0a, 0x52, 0x09, 0x21
};
// Author :- Ashish ( ashish_y_794 )
// Website : https://www.oledanimationmaker.com/

const uint8_t PROGMEM frame26[1024] = {
  0x20, 0xdd, 0x6e, 0xec, 0x05, 0x55, 0x5b, 0x5a, 0xaa, 0xaa, 0x90, 0x00, 0x00, 0x07, 0xbd, 0xc4,
  0x8a, 0x82, 0x91, 0x12, 0xaa, 0xaa, 0xea, 0xeb, 0x6a, 0xa9, 0x4a, 0xa0, 0x00, 0x2f, 0x76, 0xa9,
  0x24, 0x50, 0x04, 0x44, 0x03, 0x56, 0xad, 0x5d, 0xad, 0xaa, 0xa9, 0x00, 0x00, 0x05, 0x95, 0xc2,
  0x52, 0x0a, 0xa1, 0x11, 0x55, 0x5b, 0x57, 0xaa, 0xb6, 0xaa, 0x54, 0x50, 0x00, 0x22, 0x42, 0x14,
  0x49, 0x50, 0x14, 0x44, 0x02, 0xaa, 0xfa, 0xf6, 0xd5, 0x6a, 0x92, 0x80, 0x00, 0x08, 0x28, 0xa2,
  0x24, 0x05, 0x41, 0x11, 0x55, 0xab, 0x4d, 0x5b, 0x5a, 0xaa, 0xa8, 0x20, 0x00, 0x02, 0x84, 0x11,
  0x92, 0xa8, 0x28, 0x88, 0x05, 0x5d, 0x77, 0xad, 0xad, 0xb5, 0x55, 0x40, 0x00, 0x20, 0x52, 0xa4,
  0x49, 0x22, 0x84, 0x52, 0xa2, 0xd5, 0xad, 0x76, 0xf6, 0xd5, 0x49, 0x10, 0x00, 0x04, 0x88, 0x8a,
  0x54, 0x88, 0x22, 0x84, 0x4b, 0x5b, 0x76, 0xdb, 0x55, 0x5b, 0x6a, 0x40, 0x00, 0x00, 0x22, 0x21,
  0x4a, 0x52, 0x94, 0x21, 0x04, 0xad, 0xab, 0x6d, 0xb6, 0xaa, 0xa9, 0x10, 0x00, 0x02, 0x89, 0x4a,
  0x21, 0x04, 0x41, 0x14, 0x55, 0xb6, 0xdd, 0xb6, 0xdb, 0x6d, 0x54, 0x80, 0x00, 0x08, 0x24, 0x24,
  0xac, 0xa9, 0x14, 0x82, 0x05, 0x5b, 0x76, 0xdd, 0xad, 0xb5, 0xaa, 0xa8, 0x00, 0x00, 0x01, 0x11,
  0x52, 0x40, 0x40, 0x54, 0xaa, 0xed, 0xad, 0xeb, 0x75, 0x56, 0xd4, 0x80, 0x00, 0x01, 0x28, 0xa4,
  0x49, 0x2a, 0x95, 0x01, 0x05, 0x36, 0xf6, 0xbd, 0xae, 0xdb, 0x55, 0x28, 0x00, 0x00, 0x04, 0x09,
  0x54, 0x84, 0x00, 0xa8, 0x52, 0xdb, 0x5b, 0xab, 0x75, 0x6a, 0xaa, 0x90, 0x00, 0x00, 0x42, 0xa2,
  0x4a, 0x51, 0x54, 0x05, 0x0a, 0xad, 0xad, 0x76, 0xdb, 0xb6, 0xd4, 0x40, 0x00, 0x11, 0x08, 0x08,
  0x52, 0x8a, 0x02, 0xa0, 0x4a, 0xd6, 0xf7, 0xaf, 0x6d, 0x5b, 0x55, 0x48, 0x00, 0x00, 0x01, 0x44,
  0x49, 0x50, 0xa8, 0x15, 0x15, 0x5a, 0x9a, 0xda, 0xd6, 0xed, 0x6a, 0x90, 0x00, 0x00, 0x10, 0x11,
  0xaa, 0x25, 0x02, 0x80, 0x4a, 0xab, 0x6a, 0xb7, 0x7b, 0x55, 0xaa, 0x40, 0x00, 0x80, 0x04, 0x84,
  0x55, 0x48, 0x50, 0x55, 0x15, 0xb5, 0xb7, 0x59, 0x4d, 0xb6, 0xaa, 0x90, 0x00, 0x00, 0x00, 0x21,
  0x48, 0x92, 0x85, 0x00, 0x4a, 0xda, 0xda, 0xd6, 0xb6, 0xda, 0xaa, 0x40, 0x00, 0x00, 0x82, 0x14,
  0x55, 0x48, 0x20, 0x55, 0x15, 0x57, 0x55, 0x55, 0x5b, 0x6d, 0xaa, 0x90, 0x00, 0x02, 0x08, 0x80,
  0x4a, 0x25, 0x4a, 0x00, 0x4b, 0x6a, 0xb6, 0xaa, 0x2d, 0xb6, 0xaa, 0x40, 0x00, 0x00, 0x00, 0x24,
  0xa9, 0x51, 0x01, 0x55, 0x2d, 0xbb, 0x5a, 0xd4, 0xb6, 0xda, 0xd5, 0x28, 0x00, 0x00, 0x01, 0x01,
  0x55, 0x24, 0xaa, 0x00, 0x15, 0x55, 0xd5, 0x5a, 0x5b, 0x6b, 0x54, 0x80, 0x04, 0x20, 0x04, 0x28,
  0x49, 0x52, 0x00, 0xaa, 0xab, 0x6d, 0x6d, 0x54, 0x2d, 0xb6, 0xaa, 0x50, 0x00, 0x00, 0x00, 0x02,
  0x55, 0x09, 0x54, 0x00, 0x15, 0xab, 0x56, 0xaa, 0xb6, 0xdb, 0x6a, 0x80, 0x00, 0x00, 0x41, 0x20,
  0xaa, 0xaa, 0x42, 0xaa, 0xae, 0xdd, 0xb5, 0x55, 0x55, 0x6d, 0xaa, 0x54, 0x00, 0x02, 0x04, 0x0a,
  0x49, 0x52, 0x94, 0x00, 0x13, 0x66, 0xdb, 0x54, 0x37, 0xb6, 0xb5, 0x00, 0x20, 0x88, 0x00, 0x40,
  0x54, 0x94, 0x49, 0x55, 0x5d, 0x5b, 0x6d, 0x6a, 0xac, 0xdb, 0x55, 0x50, 0x02, 0x00, 0x01, 0x12,
  0x52, 0xa5, 0x20, 0x22, 0x26, 0xed, 0xb6, 0xaa, 0x5b, 0x6d, 0xed, 0x04, 0x00, 0x00, 0x24, 0x04,
  0xaa, 0x92, 0x95, 0x48, 0x9b, 0x5b, 0xfb, 0xaa, 0x6d, 0xb7, 0x5a, 0xa0, 0x88, 0x00, 0x80, 0x40,
  0x4a, 0x54, 0xa4, 0x12, 0x56, 0xf6, 0xae, 0xd5, 0x36, 0xfd, 0xea, 0x48, 0x00, 0x48, 0x00, 0x14,
  0x55, 0x52, 0x52, 0x84, 0x2b, 0xbf, 0xfb, 0x6a, 0xab, 0xaf, 0x5d, 0x20, 0x20, 0x00, 0x09, 0x01,
  0xa9, 0x4a, 0x88, 0x51, 0x5d, 0xd5, 0xbf, 0xb5, 0x5d, 0xfb, 0xf5, 0x92, 0x02, 0x01, 0x00, 0x48,
  0x55, 0x2a, 0x52, 0x8a, 0x16, 0xff, 0xea, 0xda, 0x57, 0x5e, 0xad, 0x40, 0x00, 0x20, 0x00, 0x02,
  0x4a, 0xa9, 0x49, 0x20, 0xab, 0x5b, 0x7f, 0x6a, 0xbb, 0xf7, 0xf6, 0x90, 0x90, 0x80, 0x24, 0x90,
  0xa9, 0x55, 0x54, 0x4a, 0x2d, 0xff, 0xdb, 0xb5, 0x56, 0xbd, 0x5a, 0x48, 0x00, 0x04, 0x00, 0x05,
  0x55, 0x55, 0x49, 0x11, 0x56, 0xad, 0xed, 0x6c, 0x5d, 0xef, 0xed, 0x90, 0x02, 0x00, 0x00, 0x40,
  0x55, 0x4a, 0xa4, 0xa4, 0x15, 0xf7, 0x77, 0xaa, 0x2b, 0x7a, 0xb5, 0x42, 0x40, 0x00, 0x89, 0x14,
  0xaa, 0xaa, 0x52, 0x09, 0x4a, 0xba, 0xac, 0xa9, 0x2f, 0xaf, 0xda, 0xa0, 0x08, 0x22, 0x00, 0x01,
  0x54, 0xa9, 0x55, 0x52, 0x2b, 0x57, 0x55, 0x54, 0x09, 0x7a, 0xb5, 0x10, 0x00, 0x00, 0x00, 0x48,
  0xa5, 0x55, 0x48, 0x84, 0x84, 0xa9, 0x52, 0x80, 0x25, 0xad, 0xd5, 0x40, 0x80, 0x80, 0x12, 0x02,
  0x55, 0x55, 0x55, 0x28, 0x52, 0x44, 0x24, 0x20, 0x80, 0x25, 0x2a, 0x02, 0x02, 0x00, 0x00, 0x28,
  0xaa, 0xaa, 0xa4, 0x82, 0x84, 0x91, 0x41, 0x04, 0x00, 0x00, 0x00, 0x00, 0x08, 0x08, 0x80, 0x82,
  0x55, 0x4a, 0x92, 0x54, 0x28, 0x24, 0x14, 0x40, 0x02, 0x44, 0x41, 0x24, 0x00, 0x00, 0x04, 0x10,
  0xaa, 0x55, 0x55, 0x09, 0x42, 0x89, 0x42, 0x12, 0x48, 0x00, 0x08, 0x00, 0x40, 0x00, 0x10, 0x45,
  0x55, 0x55, 0x54, 0xa2, 0x14, 0x42, 0x29, 0x44, 0x00, 0x92, 0x42, 0xa9, 0x08, 0x20, 0x01, 0x10,
  0xaa, 0xaa, 0x92, 0x48, 0xa1, 0x28, 0x84, 0x11, 0x54, 0x08, 0x90, 0x00, 0x21, 0x04, 0x84, 0x25,
  0x52, 0xaa, 0x55, 0x25, 0x0a, 0x04, 0x51, 0x44, 0x01, 0x42, 0x0a, 0x4a, 0x84, 0x20, 0x20, 0x80,
  0xaa, 0xaa, 0xa8, 0x90, 0xa1, 0x52, 0x84, 0x11, 0x54, 0x28, 0xa0, 0x80, 0x20, 0x84, 0x89, 0x2a,
  0x55, 0x55, 0x55, 0x44, 0x14, 0x48, 0x22, 0x88, 0x01, 0x02, 0x0a, 0x2a, 0x8a, 0x10, 0x02, 0x09,
  0xaa, 0xaa, 0xa4, 0x92, 0xa2, 0x82, 0x90, 0x45, 0x54, 0xa8, 0x80, 0x80, 0x20, 0x45, 0x50, 0xa4,
  0x55, 0x55, 0x55, 0x24, 0x48, 0x28, 0x4a, 0x20, 0x00, 0x02, 0x28, 0x24, 0x84, 0x80, 0x0a, 0x12,
  0xaa, 0xa9, 0x29, 0x49, 0x12, 0x85, 0x01, 0x15, 0x55, 0x50, 0x85, 0x08, 0x20, 0x29, 0x20, 0xa1,
  0x55, 0x55, 0x54, 0x90, 0x84, 0x50, 0x54, 0x80, 0x00, 0x04, 0x20, 0x42, 0x8a, 0x80, 0x09, 0x0a,
  0xaa, 0xaa, 0xaa, 0x45, 0x29, 0x0a, 0x80, 0x55, 0x55, 0x51, 0x0a, 0x28, 0x20, 0x15, 0x42, 0x50,
  0x55, 0x55, 0x52, 0xa8, 0x82, 0x50, 0x2a, 0x00, 0x00, 0x04, 0x40, 0x82, 0x09, 0x00, 0x10, 0x0a,
  0xaa, 0xaa, 0xaa, 0x24, 0x54, 0x25, 0x01, 0x55, 0x55, 0x21, 0x2a, 0x20, 0xa0, 0x52, 0x45, 0x51,
  0x55, 0x55, 0x49, 0x92, 0x81, 0x40, 0xa8, 0x00, 0x00, 0x48, 0x00, 0x8a, 0x05, 0x00, 0x10, 0x0a,
  0xaa, 0xaa, 0xaa, 0x48, 0x54, 0x14, 0x05, 0x55, 0x4a, 0x05, 0x48, 0x00, 0x90, 0x29, 0x45, 0x50,
  0xb5, 0x55, 0x55, 0x45, 0x09, 0x42, 0xa8, 0x00, 0x10, 0xa0, 0x12, 0xa8, 0x22, 0x00, 0x00, 0x25,
  0x56, 0xaa, 0xa4, 0xa8, 0xa2, 0x28, 0x02, 0xaa, 0x82, 0x14, 0x80, 0x02, 0x80, 0xa5, 0x2a, 0x88,
  0xaa, 0xaa, 0x95, 0x24, 0x11, 0x05, 0x50, 0x00, 0x28, 0x81, 0x24, 0x90, 0x14, 0x00, 0x00, 0x45
};
// Author :- Ashish ( ashish_y_794 )
// Website : https://www.oledanimationmaker.com/

const uint8_t PROGMEM frame27[1024] = {
  0x55, 0xfe, 0xf7, 0x7d, 0x5a, 0xa8, 0x05, 0x55, 0x55, 0x00, 0x05, 0x55, 0x55, 0x57, 0xfd, 0xc9,
  0xaa, 0x45, 0x4a, 0xca, 0xaa, 0xab, 0xb5, 0x6e, 0xd5, 0x50, 0x0b, 0x4a, 0xaa, 0xaf, 0x56, 0xaa,
  0x52, 0xaa, 0xaa, 0x55, 0x55, 0x55, 0x5b, 0x55, 0x6a, 0xa4, 0x05, 0x55, 0x55, 0x57, 0xb6, 0xd2,
  0xaa, 0x95, 0x55, 0x55, 0x49, 0xb6, 0xad, 0xb7, 0x5a, 0xaa, 0xa5, 0x42, 0x49, 0x20, 0x49, 0x49,
  0x4a, 0x54, 0xaa, 0xaa, 0x55, 0x5a, 0xd5, 0x5a, 0xd5, 0x54, 0x95, 0x50, 0x94, 0x96, 0xa5, 0x2a,
  0x55, 0x55, 0x55, 0x52, 0xa2, 0xab, 0x6d, 0xad, 0x6d, 0xaa, 0xa5, 0x24, 0x22, 0xa9, 0x14, 0xa4,
  0xaa, 0xaa, 0xa4, 0xaa, 0x95, 0xd5, 0x5a, 0xf6, 0xb5, 0x55, 0x28, 0x81, 0x14, 0x94, 0xaa, 0x92,
  0x52, 0x55, 0x55, 0x55, 0x52, 0xb6, 0xd7, 0x55, 0xd6, 0xaa, 0x92, 0x88, 0x42, 0x4a, 0xa4, 0xaa,
  0x4a, 0xa4, 0xaa, 0xaa, 0x4a, 0xd5, 0x7a, 0xdb, 0x5a, 0xd5, 0x4a, 0x40, 0x15, 0x24, 0x92, 0x55,
  0xaa, 0x95, 0x55, 0x55, 0x25, 0x5b, 0x57, 0x6d, 0xab, 0x5a, 0xa9, 0x44, 0x80, 0xaa, 0x55, 0x49,
  0x54, 0xaa, 0x95, 0x49, 0x55, 0xaa, 0xda, 0xb6, 0xda, 0xaa, 0x54, 0x90, 0x2a, 0x49, 0x4a, 0xa4,
  0x4a, 0x55, 0x55, 0x55, 0x25, 0x6d, 0xad, 0xdb, 0x6a, 0xd5, 0x92, 0x41, 0x01, 0x25, 0x29, 0x2b,
  0xa9, 0x49, 0x52, 0xaa, 0x95, 0x56, 0xf7, 0x6d, 0xad, 0x5a, 0xa9, 0x24, 0x14, 0x94, 0xa4, 0xa8,
  0x55, 0x2a, 0x4a, 0x54, 0xa5, 0xb5, 0x5a, 0xda, 0xb6, 0xd5, 0x55, 0x40, 0x40, 0x52, 0x95, 0x4b,
  0x49, 0x55, 0x55, 0x4a, 0x55, 0x5b, 0xb7, 0x6f, 0x6b, 0x5a, 0xa9, 0x21, 0x02, 0x8a, 0x52, 0xa8,
  0xa5, 0x49, 0x2a, 0xa9, 0x25, 0x6d, 0x6d, 0xda, 0xda, 0xab, 0x54, 0x90, 0x10, 0x51, 0x4a, 0x56,
  0x54, 0xa4, 0xa4, 0xa5, 0x55, 0xb7, 0xbe, 0xed, 0xad, 0xda, 0xaa, 0x44, 0x42, 0x0a, 0xa9, 0x49,
  0x4a, 0x55, 0x52, 0x94, 0x8a, 0xaa, 0xd7, 0x5b, 0x76, 0xaa, 0xaa, 0xa0, 0x00, 0xa4, 0x4a, 0xa5,
  0xa9, 0x24, 0x95, 0x52, 0xa5, 0x6d, 0xba, 0xf6, 0xda, 0xdb, 0x55, 0x11, 0x12, 0x12, 0xa5, 0x2a,
  0x55, 0x52, 0xaa, 0x4a, 0x55, 0xb6, 0xef, 0xbd, 0xad, 0xad, 0x54, 0xa4, 0x00, 0x49, 0x29, 0x55,
  0x4a, 0x95, 0x25, 0x29, 0x2a, 0xdb, 0xba, 0xd7, 0x76, 0xea, 0xaa, 0x90, 0x48, 0x04, 0x95, 0x29,
  0xa9, 0x52, 0x91, 0x55, 0x4b, 0x5d, 0xdf, 0x7b, 0xdb, 0x5b, 0x55, 0x40, 0x01, 0x2a, 0x52, 0xa5,
  0x54, 0x94, 0xac, 0x92, 0x55, 0x6b, 0x6b, 0xdd, 0x6d, 0xea, 0xb5, 0x32, 0x20, 0x01, 0x4a, 0x54,
  0xaa, 0xaa, 0x42, 0xa9, 0x25, 0xbe, 0xfd, 0x6f, 0xbb, 0x5b, 0x55, 0x40, 0x04, 0xaa, 0x29, 0x55,
  0x4a, 0x92, 0xaa, 0x4a, 0x96, 0xd5, 0xaf, 0xf5, 0xd6, 0xed, 0xaa, 0xa8, 0x80, 0x01, 0x55, 0x25,
  0xaa, 0x54, 0x95, 0x24, 0xaa, 0xff, 0xf5, 0x5e, 0xfd, 0xb6, 0xda, 0x42, 0x11, 0x08, 0x89, 0x54,
  0x55, 0x52, 0xa9, 0x55, 0x2b, 0x55, 0x5f, 0xf7, 0x57, 0x5a, 0xaa, 0xa8, 0x04, 0x22, 0x55, 0x55,
  0xaa, 0xaa, 0x4a, 0xa4, 0x95, 0xbf, 0xea, 0xbb, 0xed, 0xed, 0xd5, 0x50, 0x40, 0x04, 0x92, 0x4a,
  0x55, 0x49, 0x52, 0x52, 0xab, 0x6a, 0xbf, 0xdd, 0x5b, 0x56, 0xb5, 0x41, 0x01, 0x10, 0x49, 0x55,
  0xaa, 0xaa, 0x95, 0x2a, 0x55, 0xff, 0xea, 0xef, 0xf6, 0xfb, 0xd5, 0x28, 0x10, 0x42, 0x25, 0x29,
  0x55, 0x25, 0x49, 0x49, 0x16, 0xaa, 0xbf, 0x75, 0x5d, 0xad, 0x6d, 0x50, 0x44, 0x01, 0x4a, 0xa5,
  0xaa, 0xaa, 0x2a, 0x55, 0x55, 0xdf, 0xdb, 0xbf, 0xee, 0xd7, 0xb5, 0x44, 0x00, 0x88, 0x24, 0x94,
  0x55, 0x55, 0x52, 0x92, 0x56, 0xb5, 0x6d, 0xd5, 0x5b, 0x7a, 0xd5, 0x51, 0x08, 0x02, 0x92, 0x55,
  0xaa, 0xa9, 0x49, 0x49, 0x2b, 0xde, 0xf7, 0x7f, 0xf7, 0xaf, 0x6d, 0x50, 0x21, 0x20, 0x09, 0x52,
  0x55, 0x54, 0xa4, 0xaa, 0x95, 0x6b, 0xad, 0xaa, 0xad, 0x7a, 0xb5, 0x44, 0x00, 0x08, 0xa4, 0x8a,
  0xb5, 0x4a, 0x55, 0x24, 0xae, 0xbd, 0x7e, 0xdd, 0xbb, 0xdd, 0xd5, 0x28, 0x88, 0x82, 0x09, 0x55,
  0x55, 0x55, 0x24, 0x92, 0x55, 0xd7, 0xab, 0x6a, 0xde, 0xeb, 0x5a, 0xa0, 0x22, 0x10, 0x44, 0x48,
  0xaa, 0xa9, 0x52, 0xaa, 0x96, 0xed, 0x75, 0xb6, 0xab, 0x76, 0xd5, 0x51, 0x00, 0x01, 0x12, 0xa5,
  0xad, 0x55, 0x4a, 0x49, 0x55, 0x5b, 0xde, 0xda, 0x7d, 0xaf, 0x6a, 0x90, 0x08, 0x88, 0x08, 0x14,
  0x55, 0x55, 0x29, 0x54, 0x2f, 0xed, 0x6b, 0x6a, 0x97, 0xfa, 0xad, 0x49, 0x20, 0x20, 0xa2, 0xca,
  0xb5, 0x54, 0xa5, 0x22, 0xaa, 0xb7, 0xbd, 0xac, 0x7a, 0xad, 0xd5, 0x24, 0x02, 0x02, 0x08, 0x22,
  0xaa, 0xaa, 0xaa, 0x95, 0x56, 0xdd, 0x6a, 0xb6, 0x97, 0xf7, 0x6a, 0xa8, 0x10, 0x88, 0x02, 0x94,
  0x56, 0xd5, 0x51, 0x52, 0x2b, 0x6b, 0xb7, 0x5a, 0x7d, 0x5a, 0xaa, 0x90, 0x80, 0x00, 0xa8, 0x4a,
  0xb5, 0x55, 0x2a, 0x49, 0x5d, 0xde, 0xda, 0xea, 0xab, 0xef, 0x6a, 0xa2, 0x09, 0x24, 0x02, 0xa2,
  0xaa, 0xaa, 0xa5, 0x2a, 0x96, 0xb5, 0xb7, 0x56, 0x5e, 0xb5, 0xad, 0x28, 0x20, 0x00, 0x88, 0x14,
  0x55, 0x55, 0x54, 0xa4, 0x57, 0xde, 0xed, 0x5a, 0xb5, 0xde, 0xd5, 0x40, 0x82, 0x48, 0x22, 0xa2,
  0xb6, 0xaa, 0x92, 0x92, 0xaa, 0xb7, 0xbb, 0x6a, 0x5e, 0xeb, 0x75, 0x5a, 0x08, 0x02, 0x08, 0x15,
  0xaa, 0xd5, 0x55, 0x4a, 0x9f, 0x7a, 0xed, 0xb5, 0x6b, 0x7d, 0xda, 0xa0, 0x20, 0x88, 0x82, 0xa2,
  0xab, 0x55, 0x52, 0x29, 0x55, 0xdf, 0xbf, 0x5a, 0xbd, 0xaf, 0x6d, 0x49, 0x02, 0x20, 0x28, 0x14,
  0x6d, 0x55, 0x4a, 0xa4, 0x9b, 0x76, 0xf5, 0xed, 0x57, 0xfb, 0xf6, 0xa4, 0x20, 0x02, 0x02, 0xa2,
  0xaa, 0xaa, 0xaa, 0x95, 0x57, 0xff, 0xff, 0x56, 0xba, 0xbe, 0xba, 0x90, 0x89, 0x20, 0x90, 0x14,
  0xb5, 0x55, 0x54, 0xa9, 0x2d, 0xab, 0xb7, 0xf5, 0x57, 0xef, 0xed, 0x54, 0x00, 0x08, 0x05, 0x49,
  0xab, 0x6a, 0xaa, 0x94, 0xaf, 0xff, 0xfd, 0x5a, 0x5d, 0xbb, 0xb6, 0xa2, 0x49, 0x22, 0x40, 0x24,
  0xad, 0x56, 0xaa, 0x4a, 0x9a, 0xde, 0xdf, 0xed, 0x6e, 0xfe, 0xfb, 0x50, 0x00, 0x00, 0x15, 0x12,
  0x6a, 0xaa, 0xa9, 0x52, 0x57, 0x7b, 0xf5, 0x55, 0x37, 0xdb, 0xda, 0xaa, 0x4a, 0x49, 0x00, 0xa4,
  0xab, 0x6a, 0xaa, 0xa9, 0x5b, 0xef, 0x7f, 0xba, 0x5a, 0xef, 0x6d, 0xa0, 0x00, 0x00, 0x24, 0x09,
  0xb5, 0xad, 0x55, 0x25, 0x2d, 0x7d, 0xd5, 0x54, 0x0b, 0x7a, 0xd6, 0x92, 0x49, 0x22, 0x01, 0x52,
  0xad, 0x55, 0xaa, 0x94, 0x96, 0xd7, 0x55, 0x52, 0xa5, 0x4d, 0xba, 0x40, 0x00, 0x08, 0x48, 0x04,
  0xb5, 0x6a, 0xb5, 0x52, 0xa3, 0x54, 0xaa, 0x88, 0x09, 0x24, 0x85, 0x12, 0x48, 0x80, 0x02, 0xa9,
  0xab, 0xad, 0x55, 0x4a, 0x54, 0xaa, 0xa4, 0x40, 0x80, 0x10, 0x20, 0x40, 0x02, 0x11, 0x24, 0x04,
  0xb5, 0x56, 0xd5, 0x29, 0x2a, 0x49, 0x12, 0x2a, 0x24, 0x82, 0x08, 0x09, 0x20, 0x00, 0x01, 0x52,
  0xad, 0x6a, 0xaa, 0xa5, 0x45, 0x24, 0xa9, 0x40, 0x00, 0x20, 0xa2, 0x80, 0x08, 0x92, 0x48, 0x09,
  0xd6, 0xad, 0x55, 0x54, 0xa8, 0xaa, 0x4a, 0x12, 0x4a, 0x8a, 0x04, 0x2a, 0x82, 0x00, 0x05, 0x52,
  0x6b, 0x55, 0xaa, 0x92, 0x95, 0x49, 0x24, 0xa4, 0x10, 0x00, 0x91, 0x40, 0x50, 0x49, 0x20, 0x24
};
// Author :- Ashish ( ashish_y_794 )
// Website : https://www.oledanimationmaker.com/

const uint8_t PROGMEM frame28[1024] = {
  0x54, 0xff, 0xff, 0xfc, 0x0a, 0xb6, 0xdb, 0x6a, 0xab, 0x6b, 0x55, 0x55, 0x00, 0x2f, 0xff, 0xea,
  0x4a, 0xaa, 0xaa, 0xaa, 0x4b, 0x55, 0x6d, 0xb5, 0x55, 0xad, 0x6a, 0xaa, 0x89, 0x17, 0x76, 0xd5,
  0xa5, 0x56, 0xab, 0x74, 0x04, 0xdb, 0x55, 0x54, 0x16, 0xb5, 0xad, 0x54, 0x20, 0xad, 0xbf, 0xda,
  0x54, 0xba, 0xdd, 0xaa, 0xa2, 0xad, 0xb6, 0xda, 0xca, 0xd6, 0xaa, 0xaa, 0x05, 0x55, 0xa5, 0x55,
  0x4a, 0xab, 0x6a, 0xda, 0x08, 0x55, 0x5b, 0x6a, 0x55, 0x5a, 0xaa, 0xa8, 0x00, 0xaa, 0xb5, 0x6a,
  0x55, 0x55, 0x56, 0xb5, 0x40, 0x55, 0x6a, 0xaa, 0x96, 0xd5, 0x55, 0x40, 0x2a, 0xab, 0x5b, 0x54,
  0x52, 0x56, 0xdb, 0x6a, 0xa9, 0x0a, 0xab, 0x6a, 0xaa, 0xaa, 0xaa, 0x00, 0x4a, 0xad, 0x55, 0xaa,
  0x95, 0x5b, 0x6a, 0xaa, 0xa4, 0x00, 0xaa, 0xad, 0x6b, 0x55, 0x40, 0x81, 0x2a, 0xb5, 0xad, 0x55,
  0x52, 0xa5, 0x57, 0x6d, 0x50, 0x00, 0x0a, 0xaa, 0x94, 0xa8, 0x12, 0x00, 0x95, 0x55, 0x6a, 0xa8,
  0x4a, 0x55, 0xba, 0xb6, 0xd6, 0x80, 0x00, 0x00, 0x00, 0x01, 0x00, 0x05, 0x55, 0x56, 0xad, 0xaa,
  0xaa, 0x95, 0x4b, 0x5b, 0x59, 0x00, 0x00, 0x00, 0x02, 0x00, 0x00, 0x02, 0x55, 0xb5, 0x56, 0xaa,
  0x55, 0x55, 0x6a, 0xea, 0xd5, 0x40, 0x00, 0x24, 0x20, 0x00, 0x00, 0x15, 0x56, 0xaa, 0xea, 0xa4,
  0x49, 0x52, 0x95, 0x56, 0xad, 0x40, 0x40, 0x80, 0x80, 0x20, 0x00, 0x0a, 0xaa, 0xad, 0x55, 0x52,
  0xaa, 0x4a, 0x55, 0x5b, 0x75, 0xa8, 0x04, 0x00, 0x04, 0x00, 0x00, 0x25, 0x6a, 0xd5, 0xaa, 0x95,
  0x55, 0x55, 0x55, 0x55, 0xaa, 0xa0, 0x00, 0x15, 0xa0, 0x00, 0x05, 0x95, 0x56, 0xaa, 0xaa, 0x48,
  0x4a, 0xaa, 0xaa, 0xaa, 0xab, 0x52, 0x10, 0xaa, 0xb4, 0x80, 0x05, 0x55, 0x5a, 0xad, 0x49, 0x25,
  0xa9, 0x25, 0x49, 0x55, 0x55, 0x50, 0x42, 0x55, 0x4a, 0x04, 0x15, 0x55, 0x55, 0x52, 0x24, 0xa8,
  0x55, 0x54, 0xaa, 0x92, 0x55, 0x55, 0x15, 0xaa, 0xb5, 0x40, 0x4b, 0x55, 0x52, 0xaa, 0xaa, 0x45,
  0x4a, 0xaa, 0xaa, 0x55, 0x55, 0x55, 0x6a, 0xb7, 0x55, 0x29, 0x0a, 0xa5, 0x4a, 0x49, 0x22, 0xaa,
  0xa9, 0x25, 0x25, 0x55, 0x25, 0x56, 0xad, 0x5a, 0xd5, 0xa4, 0x0a, 0x90, 0x91, 0x24, 0x94, 0x49,
  0x55, 0x55, 0x55, 0x54, 0xa9, 0x5a, 0xab, 0x6b, 0x5a, 0xaa, 0xa5, 0x44, 0x4a, 0x92, 0x52, 0xa4,
  0x49, 0x54, 0xaa, 0xa5, 0x45, 0x6a, 0xda, 0xad, 0x6a, 0xa9, 0x15, 0x21, 0x11, 0x4a, 0x8a, 0x12,
  0xa5, 0x25, 0x54, 0x95, 0x2a, 0xab, 0x6d, 0xd5, 0xad, 0x54, 0xc9, 0x44, 0x4a, 0x29, 0x51, 0x55,
  0x54, 0xaa, 0xa5, 0x54, 0xa5, 0x55, 0x56, 0xba, 0xb5, 0x55, 0x24, 0x80, 0x01, 0x44, 0x4a, 0xa2,
  0x4a, 0x95, 0x2a, 0xaa, 0x92, 0xad, 0xb5, 0x57, 0x55, 0xaa, 0xaa, 0x11, 0x2a, 0x2a, 0xa9, 0x14,
  0x55, 0x52, 0xaa, 0xaa, 0x4a, 0xd5, 0x5b, 0xda, 0xed, 0x55, 0x49, 0x40, 0x04, 0xa4, 0x84, 0xaa,
  0x48, 0xaa, 0x52, 0x52, 0xaa, 0xad, 0xad, 0x6d, 0x55, 0x55, 0x25, 0x24, 0x91, 0x12, 0x55, 0x45,
  0xaa, 0x92, 0xaa, 0xaa, 0x4a, 0xb5, 0x76, 0xb7, 0x6a, 0xda, 0xa8, 0x80, 0x04, 0xa9, 0x29, 0x32,
  0x4a, 0x4a, 0x49, 0x49, 0x25, 0x56, 0xdb, 0x59, 0xad, 0x55, 0x55, 0x42, 0x41, 0x14, 0x94, 0x89,
  0x52, 0xa9, 0x55, 0x2a, 0x95, 0x6b, 0x55, 0xee, 0xb5, 0x55, 0x4a, 0x28, 0x14, 0x42, 0xa2, 0xaa,
  0x49, 0x25, 0x2a, 0xa4, 0xaa, 0xad, 0xbe, 0xaa, 0xd6, 0xd5, 0x51, 0x40, 0x01, 0x2a, 0x55, 0x55,
  0x55, 0x54, 0xa4, 0x95, 0x25, 0x56, 0xd5, 0xbb, 0x5a, 0xaa, 0xaa, 0x21, 0x20, 0x49, 0x08, 0x92,
  0xa9, 0x25, 0x52, 0xa8, 0x95, 0xba, 0xb6, 0xd6, 0xd5, 0x6d, 0x55, 0x44, 0x04, 0x84, 0xaa, 0x49,
  0x44, 0x92, 0x2a, 0x4a, 0xa5, 0x57, 0x6d, 0xbb, 0x6d, 0xaa, 0xa9, 0x20, 0x10, 0x2a, 0x52, 0xaa,
  0x55, 0x55, 0x49, 0x25, 0x15, 0x6a, 0xdb, 0x6d, 0x56, 0xaa, 0xa4, 0x90, 0x81, 0x01, 0x25, 0x55,
  0x55, 0x24, 0xa5, 0x52, 0x55, 0xb7, 0x6d, 0xb5, 0xba, 0xd5, 0x55, 0x42, 0x04, 0x54, 0x92, 0x22,
  0x92, 0x92, 0x54, 0x95, 0x4a, 0xad, 0xb6, 0xdb, 0x6b, 0x5a, 0xaa, 0xa0, 0x20, 0x02, 0x49, 0x55,
  0x54, 0xaa, 0x92, 0x52, 0x2b, 0x75, 0x6d, 0xb6, 0xd5, 0xab, 0x55, 0x10, 0x82, 0x55, 0x2a, 0x94,
  0xaa, 0x94, 0xa9, 0x49, 0x4a, 0xae, 0xdb, 0xdb, 0x6e, 0xda, 0xaa, 0xa2, 0x08, 0x00, 0xa4, 0xaa,
  0x4a, 0x52, 0x45, 0x2a, 0xaa, 0xd5, 0xb6, 0xb6, 0xda, 0xaa, 0xa9, 0x10, 0x00, 0x95, 0x12, 0x92,
  0x55, 0x4a, 0xaa, 0xa4, 0x15, 0xbb, 0x6f, 0x6d, 0xb6, 0xed, 0x55, 0x40, 0x92, 0x00, 0xaa, 0x4a,
  0xa9, 0x29, 0x24, 0x52, 0xd6, 0xd6, 0xfa, 0xde, 0xdb, 0x56, 0xd5, 0x54, 0x00, 0x12, 0x11, 0x55,
  0x55, 0x55, 0x52, 0x8a, 0x2a, 0xbb, 0xad, 0xeb, 0x6d, 0x6b, 0x55, 0x20, 0x40, 0x81, 0x4a, 0xa8,
  0xaa, 0xa4, 0x95, 0x52, 0x95, 0xdd, 0x6e, 0xbd, 0xb5, 0xb5, 0x6a, 0x91, 0x0a, 0x14, 0x24, 0x95,
  0x55, 0x55, 0x49, 0x29, 0x56, 0xb7, 0xb5, 0xd6, 0xdb, 0x5b, 0x55, 0x44, 0x00, 0x01, 0x52, 0x4a,
  0xaa, 0x49, 0x24, 0x94, 0x2b, 0x6a, 0xde, 0xbb, 0x6d, 0xad, 0xaa, 0xa0, 0x20, 0x90, 0x0a, 0xa5,
  0x52, 0xaa, 0xaa, 0xa5, 0x95, 0xbf, 0x6b, 0xd6, 0xd6, 0xea, 0xd5, 0x28, 0x84, 0x04, 0xa4, 0x94,
  0xaa, 0xa4, 0x92, 0x52, 0x56, 0xd5, 0xbd, 0x7b, 0x7b, 0x5e, 0xb5, 0x40, 0x00, 0x40, 0x12, 0x52,
  0x55, 0x55, 0x49, 0x29, 0x2b, 0x6d, 0x6b, 0x56, 0xad, 0x6b, 0x55, 0x29, 0x12, 0x09, 0x49, 0x4a,
  0xaa, 0x92, 0x2a, 0x84, 0x95, 0xb7, 0xb6, 0xed, 0xd5, 0xb5, 0xda, 0xa0, 0x00, 0x20, 0x04, 0xa9,
  0x55, 0x55, 0x52, 0x55, 0x5a, 0xda, 0xdb, 0x5b, 0x76, 0xde, 0xaa, 0x90, 0x89, 0x02, 0x52, 0x14,
  0xaa, 0xaa, 0x89, 0x52, 0x2b, 0x56, 0xb5, 0xad, 0x5b, 0x6a, 0xd5, 0x44, 0x20, 0x10, 0x09, 0x45,
  0x55, 0x52, 0x55, 0x29, 0x55, 0xbb, 0xde, 0xd5, 0xad, 0xb6, 0xaa, 0xa0, 0x00, 0x82, 0x44, 0xa9,
  0xaa, 0x95, 0x48, 0x84, 0x96, 0xd5, 0x6a, 0xb6, 0x6b, 0x6b, 0x6a, 0x51, 0x08, 0x08, 0x11, 0x14,
  0x55, 0x52, 0x55, 0x55, 0x2b, 0x6e, 0xb6, 0xd9, 0x3d, 0xbd, 0xaa, 0x84, 0x21, 0x20, 0x84, 0x42,
  0xaa, 0xaa, 0xa4, 0x92, 0x5a, 0xb5, 0xdb, 0x54, 0xab, 0x6a, 0xaa, 0xb0, 0x00, 0x02, 0x11, 0x2a,
  0x55, 0x55, 0x12, 0x49, 0x2d, 0xdb, 0x6a, 0xb4, 0x6d, 0xdb, 0x6a, 0x80, 0x88, 0x88, 0x04, 0x91,
  0xaa, 0xa9, 0x55, 0x2a, 0x96, 0xad, 0xad, 0xd6, 0xb6, 0xad, 0xaa, 0x54, 0x02, 0x00, 0x90, 0x4a,
  0xb5, 0x55, 0x49, 0x44, 0x55, 0xf6, 0xb6, 0x5a, 0x5b, 0xf6, 0xaa, 0xa0, 0x20, 0x20, 0x05, 0x24,
  0x55, 0x4a, 0x54, 0xa9, 0x2e, 0x9b, 0x6b, 0xaa, 0x6d, 0x5a, 0xd5, 0x48, 0x80, 0x04, 0x40, 0x92,
  0xaa, 0xa9, 0x4a, 0x45, 0x55, 0x6d, 0xb5, 0x55, 0x56, 0xab, 0x55, 0x20, 0x09, 0x11, 0x0a, 0x09,
  0xad, 0x55, 0x52, 0x94, 0x9b, 0xb6, 0xda, 0xda, 0x5b, 0xed, 0x6a, 0x94, 0x00, 0x40, 0x00, 0xa4,
  0x55, 0x55, 0x54, 0xa9, 0x2d, 0x6b, 0x6e, 0xaa, 0x6d, 0x5b, 0xaa, 0xa0, 0x90, 0x00, 0x48, 0x12,
  0xb5, 0x55, 0x4a, 0x44, 0xab, 0xbd, 0xb5, 0xb5, 0x5b, 0x6d, 0x6d, 0x28, 0x02, 0x09, 0x02, 0xa4
};
// Author :- Ashish ( ashish_y_794 )
// Website : https://www.oledanimationmaker.com/

const uint8_t PROGMEM frame29[1024] = {
  0x55, 0xfe, 0xd5, 0x6e, 0xec, 0x00, 0xbf, 0xff, 0x7f, 0xbb, 0x00, 0x0a, 0xa8, 0x07, 0x7d, 0xc9,
  0xaa, 0x45, 0x44, 0x85, 0xb4, 0xaa, 0x6a, 0xaa, 0xd5, 0x6d, 0xa9, 0x25, 0xa8, 0x05, 0xb6, 0xd4,
  0x55, 0x55, 0x40, 0x12, 0xdd, 0x01, 0x5f, 0x77, 0x6e, 0xf6, 0x80, 0x16, 0xa0, 0x16, 0xab, 0xa5,
  0xaa, 0xaa, 0xa9, 0x07, 0x6a, 0x54, 0xf5, 0xda, 0xb7, 0xab, 0x55, 0x4a, 0xb4, 0x80, 0x94, 0x52,
  0x55, 0x55, 0x50, 0x51, 0xbd, 0x02, 0xae, 0xee, 0xad, 0x7d, 0x80, 0x15, 0x50, 0x02, 0x52, 0x89,
  0xaa, 0xab, 0xfe, 0x05, 0x6b, 0x51, 0xbb, 0x5a, 0xab, 0xd6, 0xd2, 0x5b, 0x61, 0x21, 0x4a, 0x6a,
  0x55, 0x57, 0xb5, 0x22, 0xde, 0xce, 0xef, 0xed, 0x56, 0xbb, 0x68, 0xaa, 0xa4, 0x0a, 0xb5, 0x12,
  0xaa, 0xae, 0xff, 0x09, 0x6b, 0xb5, 0xba, 0xb5, 0xab, 0xd6, 0xab, 0x6d, 0xa0, 0x45, 0x6f, 0xd4,
  0x55, 0x5f, 0xdb, 0xa0, 0xbd, 0x7f, 0x6f, 0xdd, 0x55, 0x7b, 0xdd, 0xb5, 0x41, 0x0b, 0xfd, 0xd2,
  0xaa, 0xbb, 0x7e, 0xc2, 0x57, 0xd5, 0xfa, 0xea, 0xdf, 0xad, 0x6a, 0xd6, 0x90, 0x2e, 0xb7, 0x6a,
  0x55, 0x7e, 0xeb, 0xa8, 0x5a, 0xbe, 0xaf, 0x77, 0x55, 0x77, 0xb7, 0x5a, 0x84, 0x97, 0xdf, 0xda,
  0xaa, 0xd7, 0xbf, 0xd1, 0x2e, 0xeb, 0xfb, 0xad, 0x6d, 0xdd, 0x5a, 0xaa, 0x90, 0x55, 0x7a, 0xf5,
  0x55, 0x7d, 0xed, 0x68, 0x15, 0xbd, 0x5d, 0xfa, 0xab, 0x76, 0xed, 0xda, 0x02, 0x5e, 0xdf, 0x5a,
  0xaa, 0xd6, 0xbf, 0xf5, 0x4b, 0x6b, 0xee, 0xad, 0x2e, 0xdb, 0x56, 0xad, 0x48, 0xa5, 0xb5, 0xed,
  0x55, 0x7b, 0xeb, 0x54, 0x0a, 0xde, 0xbb, 0xf4, 0x95, 0xed, 0xba, 0xb0, 0x02, 0xbb, 0x6f, 0x75,
  0xaa, 0xae, 0xbd, 0xf5, 0x42, 0xb5, 0xee, 0xbb, 0x6f, 0x5a, 0xd5, 0x48, 0x11, 0x57, 0xbb, 0xaa,
  0x55, 0xf7, 0xd7, 0x55, 0x28, 0xd7, 0x5b, 0xd5, 0x55, 0xb7, 0x55, 0x42, 0x4a, 0xba, 0xdd, 0x75,
  0xaa, 0x5a, 0xbb, 0xed, 0x40, 0x2a, 0xed, 0x7a, 0xad, 0x6a, 0xaa, 0x10, 0x15, 0x6f, 0x6b, 0xaa,
  0x55, 0xaf, 0xee, 0xb6, 0xa9, 0x15, 0x36, 0xd7, 0x76, 0xaa, 0xa0, 0x80, 0xab, 0xb5, 0xbe, 0xda,
  0xaa, 0xba, 0xbb, 0xdb, 0xa4, 0x00, 0x95, 0x54, 0x89, 0x50, 0x04, 0x01, 0x55, 0x5a, 0xd5, 0xaa,
  0x55, 0x57, 0x6e, 0xbd, 0x68, 0x00, 0x00, 0x00, 0x00, 0x00, 0x00, 0x04, 0xad, 0xef, 0x7e, 0xea,
  0xaa, 0xba, 0xf5, 0xeb, 0xb7, 0x40, 0x01, 0x20, 0x00, 0x00, 0x00, 0x05, 0x76, 0xb5, 0xab, 0x55,
  0x55, 0x4b, 0x5f, 0x7e, 0xdb, 0xa0, 0x04, 0x05, 0x20, 0x01, 0x0f, 0x95, 0xab, 0x5a, 0xf5, 0xa9,
  0xaa, 0xb5, 0xaa, 0xd7, 0x6d, 0xa0, 0x20, 0x10, 0x44, 0x44, 0x15, 0x6a, 0xbd, 0xef, 0x5e, 0xd4,
  0x55, 0x55, 0x6d, 0xbb, 0xda, 0xd0, 0x80, 0x8b, 0x50, 0x00, 0x17, 0xab, 0x56, 0xb5, 0xaa, 0xa5,
  0xaa, 0xaa, 0xab, 0x6d, 0x77, 0x64, 0x04, 0x55, 0x55, 0x00, 0x1a, 0xaa, 0xea, 0xda, 0xd5, 0x2a,
  0x55, 0x55, 0x55, 0xb7, 0xaa, 0xa0, 0x11, 0x6d, 0xaa, 0x50, 0x16, 0xad, 0xad, 0x57, 0x55, 0x52,
  0xaa, 0xaa, 0xaa, 0xaa, 0xfb, 0x5a, 0xab, 0x5b, 0x75, 0x42, 0x55, 0x56, 0xb5, 0xb5, 0x54, 0x95,
  0x55, 0x55, 0x55, 0x5b, 0x55, 0xaa, 0xad, 0xb6, 0xd6, 0xa8, 0x0d, 0xaa, 0xaa, 0xd5, 0x52, 0xa8,
  0xaa, 0xaa, 0xad, 0x55, 0x5a, 0xda, 0xd6, 0xdd, 0xbb, 0x55, 0x56, 0xaa, 0xd6, 0xaa, 0x4a, 0x95,
  0x55, 0x55, 0x55, 0x55, 0x4b, 0x6d, 0x7b, 0x6b, 0x6a, 0xd5, 0x49, 0x2a, 0xa9, 0x52, 0xaa, 0x52,
  0xa4, 0xaa, 0xaa, 0xaa, 0xaa, 0xb7, 0xad, 0xbe, 0xdd, 0x6a, 0xaa, 0x84, 0x95, 0x2a, 0x49, 0x4a,
  0x55, 0x55, 0x55, 0x55, 0x2a, 0xda, 0xf6, 0xeb, 0xb7, 0xaa, 0xa4, 0xa2, 0x22, 0x92, 0xaa, 0xa9,
  0xaa, 0xaa, 0xaa, 0xb5, 0x53, 0x6d, 0x5f, 0xbe, 0xea, 0xb5, 0x55, 0x48, 0x48, 0xa9, 0x24, 0x95,
  0x55, 0x4a, 0xaa, 0xaa, 0xaa, 0xb7, 0xea, 0xeb, 0x5d, 0xda, 0xa5, 0x20, 0x05, 0x25, 0x55, 0x52,
  0x92, 0x54, 0xaa, 0xaa, 0x4b, 0x5a, 0xbf, 0x7d, 0xeb, 0x6d, 0x54, 0x82, 0x50, 0x94, 0x92, 0x4a,
  0x55, 0x52, 0xaa, 0xa9, 0x55, 0xed, 0xd5, 0xd7, 0x76, 0xaa, 0xaa, 0xa0, 0x05, 0x52, 0xaa, 0xaa,
  0xaa, 0xaa, 0x95, 0x55, 0x4a, 0xb7, 0x7f, 0x7b, 0xad, 0xb6, 0xa5, 0x09, 0x10, 0x95, 0x25, 0x55,
  0x55, 0x2a, 0xa9, 0x25, 0x2b, 0x5b, 0xb5, 0xdd, 0x76, 0xda, 0xb4, 0xc0, 0x44, 0x49, 0x54, 0xaa,
  0xaa, 0xa5, 0x55, 0x54, 0xa5, 0xb6, 0xef, 0x6f, 0xbb, 0x6d, 0xaa, 0x24, 0x01, 0x24, 0x92, 0x95,
  0x55, 0x55, 0x4a, 0xaa, 0x96, 0xdd, 0xbd, 0xf5, 0x6d, 0xb6, 0xa9, 0x91, 0x12, 0x55, 0x4a, 0xa9,
  0xaa, 0xaa, 0x54, 0x95, 0x55, 0x6f, 0xef, 0xbf, 0xdb, 0x6a, 0xd4, 0xa0, 0x40, 0x09, 0x2a, 0x55,
  0x55, 0x55, 0x52, 0xa9, 0x4b, 0xb5, 0x7b, 0x6d, 0x76, 0xdb, 0x56, 0x42, 0x09, 0x54, 0xa5, 0x4a,
  0xaa, 0xa5, 0x55, 0x55, 0x2a, 0xdf, 0xdf, 0xff, 0xdf, 0xb5, 0x55, 0x20, 0x00, 0x02, 0x94, 0xaa,
  0xaa, 0x94, 0xaa, 0xa4, 0xa5, 0x75, 0x76, 0xdb, 0x75, 0x6e, 0xda, 0xa4, 0xa4, 0xa9, 0x52, 0xa9,
  0x6a, 0xaa, 0x95, 0x2a, 0x97, 0xaf, 0xff, 0xff, 0xff, 0xdb, 0x6a, 0x90, 0x00, 0x04, 0x2a, 0x4a,
  0xaa, 0xaa, 0xa9, 0x55, 0x55, 0x7d, 0xb6, 0xda, 0xaa, 0xed, 0x55, 0x40, 0x12, 0x52, 0x85, 0x2a,
  0xaa, 0xaa, 0xa5, 0x49, 0x25, 0xaf, 0xff, 0xff, 0xff, 0xb6, 0xaa, 0x52, 0x80, 0x04, 0x51, 0x52,
  0x5a, 0xa9, 0x2a, 0xaa, 0x96, 0xfa, 0xb6, 0xdb, 0xda, 0xed, 0xda, 0xa0, 0x12, 0x49, 0x2a, 0x4a,
  0xd5, 0x55, 0x55, 0x2a, 0x55, 0xaf, 0xff, 0xff, 0x7f, 0xbb, 0x6a, 0x80, 0x40, 0x00, 0x85, 0x29,
  0x55, 0x55, 0x49, 0x52, 0xab, 0xfb, 0x6d, 0xb7, 0xd6, 0xee, 0xb5, 0x54, 0x04, 0x92, 0x28, 0xa5,
  0xb6, 0xaa, 0xaa, 0x94, 0x8d, 0x6f, 0xff, 0xfd, 0x7f, 0xbb, 0xd5, 0x51, 0x10, 0x00, 0x85, 0x14,
  0xd5, 0x54, 0x95, 0x52, 0x57, 0xba, 0xab, 0x6f, 0xf5, 0xed, 0x5a, 0xa0, 0x01, 0x2a, 0x20, 0xa2,
  0x55, 0x52, 0xa9, 0x2a, 0xaa, 0xef, 0xff, 0xfd, 0xdf, 0x5b, 0x6a, 0x90, 0x90, 0x00, 0x15, 0x15,
  0xb6, 0xaa, 0xa5, 0x4a, 0x97, 0x5a, 0xaa, 0xb7, 0x7b, 0xed, 0xaa, 0xa8, 0x04, 0x82, 0x80, 0xa4,
  0xaa, 0xaa, 0x54, 0xa9, 0x5a, 0xef, 0xff, 0xef, 0xee, 0xb7, 0xda, 0xa2, 0x40, 0x28, 0x2a, 0x12,
  0xb5, 0x55, 0x52, 0x94, 0x97, 0x5d, 0xb5, 0x5d, 0xbb, 0xdd, 0x6a, 0x50, 0x08, 0x80, 0x01, 0x49,
  0xd6, 0xd5, 0x4a, 0x52, 0x5a, 0xff, 0xff, 0xbf, 0x7e, 0xff, 0xf5, 0x49, 0x00, 0x02, 0x94, 0x24,
  0x5a, 0xaa, 0xaa, 0xaa, 0xaf, 0xdb, 0xdd, 0xea, 0xeb, 0x6d, 0xbd, 0x24, 0x24, 0x48, 0x01, 0x12,
  0xaa, 0xaa, 0xa9, 0x49, 0x5a, 0xff, 0x7f, 0x6b, 0xb7, 0xff, 0xee, 0xa8, 0x01, 0x00, 0x48, 0x49,
  0xed, 0xaa, 0x95, 0x2a, 0x5f, 0xff, 0xfb, 0xfa, 0xbe, 0xff, 0x7b, 0xa8, 0x40, 0x04, 0x02, 0x22,
  0x56, 0xb5, 0x55, 0x52, 0xb5, 0xb7, 0xff, 0xbd, 0x57, 0xed, 0xfd, 0x51, 0x08, 0x41, 0x28, 0x88,
  0xba, 0xd5, 0x52, 0xaa, 0x5f, 0xff, 0x6e, 0xed, 0x3f, 0xff, 0xef, 0xe8, 0x02, 0x10, 0x00, 0x25,
  0xd5, 0x55, 0x55, 0x25, 0x77, 0xfd, 0xfb, 0xfe, 0xbd, 0xff, 0xfd, 0x5a, 0x20, 0x04, 0x8a, 0x88
};
// Author :- Ashish ( ashish_y_794 )
// Website : https://www.oledanimationmaker.com/

const uint8_t PROGMEM frame30[1024] = {
  0x55, 0xfe, 0xd5, 0x6e, 0xec, 0x00, 0xbf, 0xff, 0xff, 0xbb, 0x00, 0x0a, 0xa8, 0x07, 0x7d, 0xc9,
  0xaa, 0x45, 0x44, 0x85, 0xb5, 0x54, 0xaa, 0xaa, 0xaa, 0xed, 0xa9, 0x25, 0xa8, 0x05, 0xb6, 0xd4,
  0x55, 0x55, 0x40, 0x15, 0x6c, 0x02, 0x7f, 0x76, 0xdb, 0x5a, 0x80, 0x16, 0xa0, 0x16, 0xab, 0xa5,
  0xaa, 0xaa, 0xa9, 0x03, 0xba, 0xa9, 0x6a, 0xdb, 0x6e, 0xef, 0x55, 0x4a, 0xd9, 0x00, 0x94, 0x52,
  0x55, 0x55, 0x50, 0x4a, 0xd6, 0x04, 0xdf, 0xed, 0x2b, 0xb5, 0x80, 0x15, 0x50, 0x42, 0x52, 0x94,
  0xaa, 0xab, 0xfe, 0x12, 0xfd, 0xa2, 0xf5, 0x5d, 0xad, 0xfa, 0xe9, 0x5b, 0x50, 0x11, 0x4a, 0x4a,
  0x55, 0x57, 0xdb, 0x02, 0xab, 0xab, 0x5f, 0xea, 0xab, 0x57, 0x50, 0xaa, 0xa2, 0x45, 0x55, 0xa5,
  0xaa, 0xaf, 0x7e, 0xa1, 0x6e, 0xfd, 0xf5, 0x5d, 0x56, 0xed, 0xae, 0xb5, 0xa0, 0x05, 0xbf, 0x52,
  0x55, 0x5d, 0xed, 0x88, 0xbb, 0xab, 0x5f, 0xf5, 0xab, 0xbb, 0x75, 0xda, 0xa2, 0x16, 0xf7, 0xd4,
  0xaa, 0xbf, 0xbf, 0x52, 0x56, 0xff, 0xf5, 0x5a, 0xb6, 0xdd, 0xae, 0xad, 0x80, 0x97, 0xbd, 0x75,
  0x55, 0x76, 0xeb, 0xc0, 0xbb, 0x55, 0x5f, 0xef, 0x5b, 0x6b, 0x75, 0x6a, 0x94, 0x55, 0xef, 0xda,
  0xaa, 0xdf, 0xbe, 0xf4, 0x16, 0xef, 0xf5, 0x75, 0x6d, 0xfe, 0xd6, 0xb6, 0x80, 0x2e, 0xbd, 0xb5,
  0x55, 0x75, 0x77, 0xa8, 0xab, 0xba, 0xbf, 0xad, 0x57, 0x55, 0xbb, 0xd5, 0x12, 0xab, 0xd7, 0xec,
  0xaa, 0xdf, 0xdd, 0xea, 0x0d, 0x6f, 0xd5, 0xfa, 0x2d, 0xee, 0xd5, 0x5a, 0x00, 0xae, 0xbd, 0x5a,
  0x55, 0x75, 0x77, 0xb4, 0x93, 0xb5, 0x7e, 0xaa, 0xd6, 0xb5, 0xb6, 0xa8, 0x4a, 0x5b, 0x6f, 0xed,
  0xaa, 0xdf, 0xdd, 0xea, 0x04, 0xde, 0xd7, 0xfa, 0xab, 0xde, 0xd5, 0x51, 0x01, 0xb5, 0xba, 0xb5,
  0x55, 0x6a, 0xb7, 0x5a, 0xa0, 0x55, 0xba, 0xaa, 0xad, 0x6a, 0xaa, 0xa0, 0x15, 0x5e, 0xef, 0xd4,
  0xab, 0x7f, 0xfb, 0xea, 0x92, 0x56, 0xdd, 0xfd, 0x56, 0xb5, 0x55, 0x00, 0x4a, 0xeb, 0x5a, 0xb6,
  0x55, 0x55, 0x5d, 0x5d, 0xc8, 0x12, 0xab, 0x57, 0xbb, 0x55, 0x48, 0x01, 0x2b, 0x5d, 0xed, 0xd5,
  0xaa, 0xb7, 0xb7, 0xeb, 0x50, 0x00, 0x55, 0x50, 0x44, 0xa4, 0x00, 0x04, 0xad, 0xb6, 0xb7, 0x5a,
  0x5a, 0xad, 0x6d, 0x7e, 0xd6, 0x80, 0x00, 0x09, 0x00, 0x00, 0x00, 0x02, 0xb6, 0xdb, 0x6d, 0xa9,
  0xaa, 0xb6, 0xfb, 0xab, 0x6a, 0x04, 0x01, 0x20, 0x00, 0x00, 0x02, 0x15, 0x5b, 0x6d, 0xbe, 0xd5,
  0x55, 0x55, 0xae, 0xfd, 0xbb, 0xd0, 0x04, 0x00, 0x20, 0x00, 0x0d, 0x92, 0xed, 0xb6, 0xeb, 0x6a,
  0xaa, 0xaa, 0xd5, 0xaf, 0xd7, 0x60, 0x10, 0x0a, 0x89, 0x20, 0x2b, 0xd5, 0x56, 0xdb, 0x5a, 0xa9,
  0x55, 0x56, 0xbb, 0xf5, 0x7a, 0xd0, 0x00, 0x45, 0x50, 0x01, 0x16, 0xab, 0xb5, 0x6d, 0xed, 0xa5,
  0xaa, 0xaa, 0xaa, 0xaf, 0xaf, 0x50, 0x42, 0x5a, 0xaa, 0x04, 0x1d, 0xad, 0x5b, 0xb6, 0xaa, 0x54,
  0x55, 0x55, 0x55, 0x75, 0x75, 0xa1, 0x09, 0x6d, 0xd5, 0x40, 0x16, 0xaa, 0xed, 0x5b, 0x55, 0x4a,
  0xaa, 0xaa, 0xab, 0x5b, 0xd5, 0x5a, 0x2a, 0xb6, 0xb5, 0x50, 0x4a, 0xab, 0x55, 0xaa, 0xaa, 0xa9,
  0x55, 0x55, 0x55, 0x55, 0x7a, 0xd5, 0xb7, 0x5b, 0x5b, 0x4a, 0x16, 0xad, 0x56, 0xb5, 0x52, 0x4a,
  0xaa, 0xaa, 0xad, 0x55, 0x4d, 0x6d, 0x5a, 0xed, 0xed, 0x69, 0x4a, 0xaa, 0xb5, 0x55, 0x29, 0x29,
  0x55, 0x55, 0x55, 0x55, 0x55, 0xb5, 0xb7, 0x77, 0x56, 0xaa, 0xaa, 0x95, 0x4a, 0xa4, 0x95, 0x55,
  0xa4, 0xaa, 0xaa, 0xaa, 0xaa, 0xda, 0xed, 0xba, 0xfb, 0x6a, 0xaa, 0xa2, 0xa9, 0x2a, 0xa5, 0x4a,
  0x55, 0x55, 0x55, 0x55, 0x4a, 0xaf, 0x5e, 0xdf, 0xad, 0xad, 0x49, 0x10, 0x04, 0xa4, 0xa9, 0x29,
  0xaa, 0xaa, 0xaa, 0xaa, 0xa5, 0xf5, 0xf5, 0xea, 0xda, 0xd5, 0x2a, 0xa4, 0xaa, 0x95, 0x25, 0x54,
  0x55, 0x4a, 0xaa, 0xb5, 0x2a, 0x9b, 0x5f, 0x7f, 0x6f, 0x75, 0xa5, 0x40, 0x01, 0x52, 0xaa, 0x92,
  0x92, 0x55, 0x55, 0x4a, 0xab, 0x6d, 0xeb, 0xab, 0xb5, 0xad, 0x54, 0x82, 0x54, 0x4a, 0x54, 0xaa,
  0x55, 0x52, 0xaa, 0xaa, 0x95, 0xb6, 0xbd, 0xfd, 0x6d, 0x6a, 0xaa, 0x50, 0x02, 0xa9, 0x4a, 0xaa,
  0xaa, 0xaa, 0x55, 0x54, 0xa5, 0x6f, 0xde, 0xab, 0xdb, 0xb6, 0xaa, 0x82, 0x24, 0x25, 0x24, 0x95,
  0x55, 0x55, 0x49, 0x52, 0xab, 0xb5, 0x77, 0xfe, 0xbd, 0x5a, 0xa9, 0x48, 0x81, 0x54, 0xaa, 0xaa,
  0xaa, 0x95, 0x55, 0x2a, 0x95, 0x5f, 0xdd, 0x57, 0xeb, 0xed, 0xaa, 0xa0, 0x12, 0x12, 0x95, 0x52,
  0x55, 0x52, 0xaa, 0xaa, 0x55, 0xea, 0xf7, 0xfa, 0xb6, 0xaa, 0xaa, 0x42, 0x00, 0xaa, 0x52, 0x4a,
  0xaa, 0xaa, 0x95, 0x55, 0x4a, 0xbf, 0x5e, 0xdf, 0xdd, 0xb6, 0xd5, 0x20, 0x92, 0x05, 0x4a, 0xaa,
  0x55, 0x55, 0x52, 0x92, 0xa7, 0x6b, 0xfb, 0xf5, 0x76, 0xdb, 0x6a, 0x92, 0x00, 0xa8, 0xa9, 0x55,
  0xaa, 0xaa, 0x55, 0x55, 0x2a, 0xdd, 0x6f, 0x5f, 0xdd, 0xed, 0x55, 0x40, 0x24, 0x12, 0x4a, 0xaa,
  0xb5, 0x49, 0x54, 0xaa, 0x95, 0xb7, 0xfd, 0xfd, 0xf7, 0x56, 0xaa, 0x50, 0x81, 0x49, 0x24, 0x95,
  0x55, 0x2a, 0xaa, 0x92, 0x56, 0xee, 0xb7, 0xef, 0x5d, 0xfb, 0x6d, 0x44, 0x08, 0x05, 0x52, 0x52,
  0xaa, 0xd5, 0x4a, 0x55, 0x4b, 0x5d, 0xff, 0x7d, 0xf7, 0x55, 0xb5, 0x20, 0x41, 0x20, 0x8a, 0xaa,
  0xb5, 0x55, 0x29, 0x54, 0xa5, 0xf7, 0xdb, 0xef, 0xdf, 0xee, 0xaa, 0xa2, 0x08, 0x15, 0x29, 0x49,
  0xaa, 0xaa, 0xaa, 0xaa, 0x96, 0xbe, 0xff, 0x7e, 0xfa, 0xbb, 0x6a, 0x90, 0x41, 0x00, 0x94, 0xa5,
  0xaa, 0xa9, 0x55, 0x49, 0x55, 0xd7, 0xb7, 0xf7, 0xbf, 0xed, 0xb5, 0x42, 0x08, 0x54, 0x42, 0x2a,
  0xb5, 0x55, 0x24, 0xaa, 0x4b, 0x7d, 0xfd, 0xbd, 0xea, 0xb6, 0xd5, 0x50, 0x20, 0x01, 0x29, 0x49,
  0xaa, 0xaa, 0xaa, 0x95, 0x2d, 0xdf, 0x5f, 0xef, 0xbf, 0xfd, 0xb5, 0x41, 0x02, 0x44, 0x04, 0xa4,
  0xb6, 0xaa, 0xaa, 0x52, 0xa7, 0x75, 0xf6, 0xfd, 0xf6, 0xd6, 0xd5, 0x34, 0x10, 0x11, 0x52, 0x15,
  0xaa, 0xa9, 0x49, 0x54, 0x9a, 0xde, 0xdf, 0xb7, 0xbf, 0x77, 0x6d, 0x40, 0x42, 0x40, 0x04, 0xa2,
  0xb5, 0x55, 0x2a, 0xa5, 0x4d, 0xeb, 0xb5, 0xfe, 0xeb, 0xda, 0xb5, 0x54, 0x00, 0x04, 0x91, 0x14,
  0xab, 0x55, 0x55, 0x2a, 0x57, 0x5e, 0xfe, 0xaf, 0xfe, 0xb7, 0xd5, 0x50, 0x92, 0x20, 0x04, 0x4a,
  0xb5, 0x55, 0x52, 0xa5, 0x2d, 0xbb, 0xd7, 0xfb, 0x5b, 0xde, 0xea, 0x92, 0x00, 0x84, 0xa1, 0x21,
  0xd6, 0xd4, 0xa9, 0x29, 0x56, 0xef, 0xfd, 0x57, 0xfe, 0xfb, 0xba, 0x50, 0x08, 0x00, 0x08, 0x94,
  0x5a, 0xaa, 0x95, 0x54, 0xaf, 0xbf, 0x7f, 0xdd, 0x55, 0xbf, 0xed, 0x48, 0x41, 0x24, 0x84, 0x45,
  0xaa, 0xaa, 0xaa, 0x92, 0xba, 0xfd, 0xee, 0xeb, 0xff, 0xf7, 0x7e, 0xa9, 0x04, 0x00, 0x21, 0x10,
  0xed, 0xaa, 0xa4, 0xaa, 0x57, 0xff, 0xff, 0xfa, 0x2b, 0xff, 0xeb, 0x50, 0x10, 0x12, 0x08, 0x4a,
  0x56, 0xb5, 0x55, 0x49, 0x5f, 0xbf, 0xfb, 0x6d, 0xbf, 0x7d, 0xff, 0xaa, 0x00, 0x80, 0x82, 0x22,
  0xba, 0xd5, 0x55, 0x2a, 0xbb, 0xf7, 0x6f, 0xfc, 0xaf, 0xf7, 0xdd, 0xd4, 0x44, 0x08, 0x28, 0x89,
  0xd5, 0x55, 0x52, 0xa5, 0x5e, 0xff, 0xfe, 0xdf, 0x5d, 0xff, 0xfe, 0xf0, 0x00, 0x41, 0x01, 0x24
};
// Author :- Ashish ( ashish_y_794 )
// Website : https://www.oledanimationmaker.com/

const uint8_t PROGMEM frame31[1024] = {
  0x55, 0xfe, 0xaa, 0xde, 0xf8, 0x01, 0x7f, 0xff, 0xff, 0xfb, 0x00, 0x15, 0x40, 0x07, 0x7d, 0xc9,
  0xaa, 0x45, 0x40, 0x03, 0xaa, 0xaa, 0xd6, 0xb5, 0x55, 0x56, 0xa9, 0x16, 0xa0, 0x05, 0x36, 0xd4,
  0x55, 0x55, 0x04, 0x2a, 0xf8, 0x04, 0x7d, 0xef, 0xff, 0xba, 0x00, 0x4b, 0x54, 0x05, 0xab, 0xa2,
  0xaa, 0xaa, 0x20, 0x85, 0xaa, 0xa9, 0x57, 0xbd, 0x55, 0x6f, 0x4a, 0x15, 0xa0, 0x00, 0x14, 0x55,
  0x55, 0x55, 0x00, 0x0b, 0x74, 0x00, 0xfd, 0xef, 0xff, 0xf5, 0x10, 0x8d, 0x58, 0x00, 0x4a, 0x88,
  0xaa, 0xaa, 0x92, 0x05, 0xb8, 0xaa, 0x57, 0x75, 0x55, 0x5a, 0x82, 0x15, 0x60, 0x01, 0x22, 0x55,
  0x54, 0xaa, 0x80, 0x2a, 0xd4, 0x00, 0xfd, 0xbf, 0xff, 0xb7, 0x20, 0x4b, 0x54, 0x20, 0x29, 0x4a,
  0xaa, 0xaa, 0x88, 0x07, 0x7a, 0xaa, 0xaf, 0xd5, 0x55, 0xdd, 0x49, 0x15, 0xa8, 0x00, 0xaa, 0x51,
  0x55, 0x55, 0x41, 0x15, 0xd4, 0x00, 0xda, 0xbb, 0x6e, 0xeb, 0x04, 0x2d, 0x50, 0x04, 0x45, 0x2a,
  0xaa, 0xaa, 0x90, 0x45, 0x7d, 0x55, 0x77, 0xed, 0x5b, 0x5d, 0xd0, 0xaa, 0xd0, 0x81, 0x29, 0x44,
  0x55, 0x55, 0x42, 0x0b, 0xaa, 0x02, 0xdd, 0x5a, 0xad, 0xf6, 0xa2, 0x5b, 0x50, 0x10, 0xa4, 0xaa,
  0xaa, 0xa9, 0x48, 0x05, 0x7f, 0x53, 0xbf, 0xed, 0xa7, 0x5b, 0x55, 0x6a, 0xa2, 0x02, 0x95, 0x25,
  0x55, 0x55, 0x50, 0x93, 0xaa, 0xcd, 0xea, 0xb6, 0xba, 0xed, 0xda, 0xad, 0xa0, 0x42, 0x52, 0x92,
  0xaa, 0xaa, 0xa2, 0x04, 0xff, 0x76, 0xbf, 0xda, 0xcb, 0xbb, 0x6d, 0xd6, 0xa1, 0x09, 0x49, 0x54,
  0x55, 0x55, 0x50, 0x43, 0x55, 0xdf, 0xea, 0xed, 0x5d, 0xdd, 0xb6, 0xba, 0x84, 0x05, 0x2a, 0x4a,
  0xaa, 0xaa, 0xaa, 0x10, 0xfb, 0x75, 0x7f, 0x76, 0xab, 0x6e, 0xdb, 0x6b, 0x40, 0x12, 0x92, 0xa5,
  0x55, 0x55, 0x54, 0x42, 0x57, 0xbf, 0xab, 0xad, 0xde, 0xf5, 0xad, 0xad, 0x10, 0x04, 0x54, 0x50,
  0xaa, 0xaa, 0xba, 0x88, 0xad, 0xd5, 0xfd, 0xfa, 0x6b, 0xae, 0xf6, 0xd5, 0x41, 0x2b, 0xaa, 0x8d,
  0x55, 0x55, 0xef, 0x00, 0x36, 0xfe, 0xae, 0xad, 0x1a, 0xfb, 0x5b, 0x6c, 0x00, 0xdd, 0xea, 0x62,
  0xaa, 0xab, 0x7d, 0xe2, 0x4f, 0x55, 0xf7, 0xf5, 0x57, 0xad, 0xd5, 0x55, 0x07, 0x77, 0x7d, 0x1a,
  0x55, 0x5f, 0xef, 0xd0, 0x12, 0xef, 0x5d, 0x5a, 0xad, 0x76, 0xb6, 0xa8, 0x12, 0xef, 0xde, 0xc5,
  0xaa, 0xad, 0xbd, 0xf8, 0x4b, 0x5a, 0xf7, 0xea, 0xab, 0xab, 0x5a, 0xc0, 0x07, 0xff, 0x77, 0x54,
  0x55, 0x77, 0xf7, 0xad, 0x01, 0x6f, 0x5d, 0x7d, 0x5d, 0xdd, 0x65, 0x10, 0x55, 0xad, 0xfd, 0xaa,
  0xaa, 0xbe, 0xbe, 0xfa, 0x08, 0x55, 0xeb, 0xab, 0xea, 0xaa, 0x94, 0x00, 0x17, 0xff, 0xee, 0xd2,
  0x55, 0x6f, 0xef, 0xfd, 0x22, 0x12, 0x36, 0xb5, 0x2a, 0xa9, 0x20, 0x01, 0x55, 0x56, 0xfb, 0x69,
  0xaa, 0xba, 0xbb, 0xde, 0x88, 0x04, 0x89, 0x48, 0x00, 0x00, 0x00, 0x05, 0x5b, 0xfb, 0xaf, 0xa5,
  0x55, 0x6f, 0xee, 0xf5, 0x20, 0x40, 0x00, 0x00, 0x00, 0x00, 0x00, 0x02, 0xad, 0x5f, 0xfa, 0xb4,
  0xaa, 0xda, 0xbf, 0xbe, 0x93, 0xa0, 0x00, 0x12, 0x91, 0x00, 0x00, 0x1a, 0xb7, 0xea, 0xaf, 0x55,
  0x4a, 0xbf, 0xea, 0xeb, 0x55, 0xd0, 0x09, 0x00, 0x00, 0x20, 0x0f, 0x25, 0x6d, 0x5f, 0xfa, 0xd2,
  0x55, 0x6a, 0xbf, 0xbd, 0xab, 0x68, 0x00, 0x4a, 0xd4, 0x02, 0x2d, 0x95, 0xb7, 0xf5, 0x5f, 0x55,
  0xa9, 0x5f, 0xea, 0xed, 0x6d, 0xb0, 0x20, 0x2b, 0x52, 0x00, 0x1b, 0x55, 0x5d, 0x5f, 0xea, 0xd2,
  0x55, 0x6a, 0xbf, 0xb7, 0xb6, 0xd0, 0x85, 0x55, 0x6c, 0x90, 0x36, 0xd6, 0xeb, 0xf5, 0xbd, 0x55,
  0x4a, 0xbf, 0xea, 0xed, 0x6b, 0x54, 0x02, 0xbe, 0xb5, 0x40, 0x5b, 0x2a, 0xbe, 0xbe, 0xeb, 0xa8,
  0xa9, 0x15, 0x7f, 0xbf, 0xba, 0xaa, 0x5a, 0xd5, 0xd6, 0xa5, 0x15, 0x56, 0xd5, 0xd7, 0xbd, 0x4a,
  0x55, 0x6b, 0xaa, 0xd5, 0x6d, 0xb5, 0xad, 0xbb, 0x7b, 0x50, 0x2d, 0x5b, 0x57, 0x7a, 0xd6, 0xa5,
  0x4a, 0x94, 0xdd, 0xbe, 0xf6, 0xdd, 0x76, 0xd7, 0xaa, 0xda, 0x96, 0xaa, 0xba, 0xd7, 0x6a, 0x94,
  0xaa, 0x55, 0x6b, 0x6b, 0xaf, 0x6b, 0xad, 0xbd, 0x77, 0x55, 0x52, 0xaa, 0xcd, 0xba, 0xb5, 0x52,
  0x55, 0x52, 0x95, 0xb5, 0x75, 0xbd, 0x7b, 0xeb, 0xad, 0xb5, 0x55, 0x55, 0x6b, 0x6a, 0xa9, 0x2a,
  0xa9, 0x4a, 0xaa, 0x5b, 0x56, 0xeb, 0xd6, 0xbe, 0xf6, 0xd6, 0xaa, 0x95, 0x2d, 0x55, 0x44, 0x95,
  0x55, 0x55, 0x55, 0x4a, 0x95, 0x5d, 0x7f, 0xd7, 0x5b, 0x6a, 0xaa, 0x42, 0x44, 0xa4, 0xaa, 0xa4,
  0xaa, 0xaa, 0xa5, 0x54, 0xa5, 0xef, 0xaa, 0xfb, 0xb5, 0xbb, 0x55, 0x50, 0x12, 0x52, 0x55, 0x52,
  0x55, 0x2a, 0x54, 0xaa, 0x95, 0x5a, 0xff, 0x5d, 0x6e, 0xd5, 0x55, 0x41, 0x01, 0x0a, 0x88, 0x95,
  0xaa, 0xa5, 0x52, 0x92, 0x56, 0xed, 0xab, 0xf7, 0xdb, 0x5b, 0x6a, 0x90, 0x24, 0x54, 0xa5, 0x48,
  0x55, 0x55, 0x2a, 0xaa, 0xa3, 0x77, 0xfe, 0xbd, 0x75, 0xb5, 0xaa, 0xa2, 0x01, 0x22, 0x55, 0x2b,
  0xaa, 0xaa, 0xaa, 0xaa, 0x95, 0xad, 0x57, 0xef, 0xbe, 0xdd, 0x55, 0x40, 0x48, 0x4a, 0x92, 0xa4,
  0xaa, 0x52, 0x94, 0x92, 0x56, 0xfb, 0xfd, 0xba, 0xeb, 0x6a, 0xda, 0x91, 0x01, 0x11, 0x49, 0x2a,
  0x55, 0x4a, 0x52, 0xaa, 0x93, 0x57, 0x5f, 0xff, 0xdf, 0xdd, 0x6a, 0x44, 0x10, 0x4a, 0x24, 0xaa,
  0xaa, 0xaa, 0xaa, 0xa9, 0x4d, 0xdd, 0xf5, 0x6e, 0xfa, 0xeb, 0xaa, 0xa0, 0x42, 0x01, 0x55, 0x49,
  0xb5, 0x55, 0x55, 0x25, 0x25, 0x77, 0x7f, 0xfb, 0xef, 0x76, 0xaa, 0xa8, 0x00, 0xaa, 0x09, 0x25,
  0xaa, 0xaa, 0x49, 0x54, 0xab, 0xbd, 0xdb, 0xef, 0xbd, 0xda, 0xda, 0xa1, 0x12, 0x00, 0xa4, 0x94,
  0xaa, 0xa5, 0x55, 0x2a, 0x95, 0x6f, 0xff, 0x7f, 0xf7, 0x6f, 0x6a, 0x90, 0x40, 0x14, 0x49, 0x52,
  0xaa, 0xaa, 0x92, 0xa5, 0x4b, 0xb5, 0x5b, 0xfd, 0xbf, 0xfa, 0xaa, 0xa9, 0x04, 0x41, 0x12, 0x2a,
  0xb5, 0x54, 0xaa, 0x52, 0x25, 0x6f, 0xff, 0xb7, 0xea, 0xad, 0xaa, 0xa0, 0x00, 0x04, 0x40, 0x84,
  0xaa, 0xaa, 0x95, 0x4a, 0xab, 0xba, 0xdb, 0xfe, 0xff, 0xf6, 0xb5, 0x52, 0x24, 0x91, 0x15, 0x29,
  0xaa, 0xa5, 0x52, 0x54, 0x95, 0xef, 0x7e, 0xdb, 0xb7, 0x6d, 0xd5, 0x48, 0x00, 0x00, 0x00, 0x92,
  0xb6, 0xaa, 0x49, 0x4a, 0x4a, 0xbb, 0xd7, 0x7f, 0xfd, 0xdb, 0x55, 0x20, 0x89, 0x24, 0xaa, 0x49,
  0xaa, 0xa9, 0x55, 0x29, 0x57, 0xef, 0x7d, 0xdb, 0x6f, 0x7f, 0xf5, 0x50, 0x00, 0x00, 0x00, 0x24,
  0xaa, 0xd5, 0x54, 0xa5, 0x2a, 0xbf, 0xff, 0xef, 0xfb, 0xef, 0xbd, 0x29, 0x22, 0x12, 0x49, 0x42,
  0xb6, 0xaa, 0x92, 0xaa, 0x97, 0xff, 0xf7, 0x7a, 0xde, 0xfe, 0xfe, 0xa0, 0x00, 0x40, 0x02, 0x14,
  0xda, 0xaa, 0xaa, 0x92, 0x4b, 0xfd, 0xdf, 0xd7, 0xf7, 0xff, 0xef, 0xa8, 0x11, 0x04, 0xa8, 0x92,
  0x55, 0x55, 0x55, 0x49, 0x5f, 0xf7, 0xfd, 0xfd, 0x5f, 0x6f, 0xfb, 0xd2, 0x40, 0x10, 0x00, 0x44,
  0xb6, 0xd5, 0x49, 0x2a, 0xae, 0xdf, 0x7f, 0xb7, 0xf7, 0xfd, 0xbe, 0xa8, 0x04, 0x40, 0x8a, 0x22,
  0xdb, 0x55, 0x2a, 0xaa, 0x5f, 0xff, 0xee, 0xfd, 0x5f, 0xff, 0xef, 0xf0, 0x10, 0x02, 0x00, 0x94,
  0x6a, 0xaa, 0xaa, 0xa5, 0x3b, 0xfb, 0xff, 0xee, 0xbe, 0xdb, 0x7b, 0x59, 0x01, 0x08, 0x24, 0x02
};
// Author :- Ashish ( ashish_y_794 )
// Website : https://www.oledanimationmaker.com/

const uint8_t PROGMEM frame32[1024] = {
  0x55, 0xfe, 0xd5, 0x6d, 0x74, 0x05, 0xff, 0xff, 0xff, 0xfd, 0x80, 0x15, 0x00, 0x07, 0x7d, 0xc9,
  0xaa, 0x45, 0x00, 0x81, 0xb9, 0x50, 0xab, 0x6b, 0x55, 0x56, 0xaa, 0x96, 0x80, 0x05, 0x36, 0xd4,
  0x55, 0x55, 0x48, 0x0a, 0xe8, 0x25, 0x7f, 0xdf, 0xff, 0xfb, 0x00, 0x2a, 0xa0, 0x05, 0x96, 0xca,
  0xaa, 0xaa, 0x80, 0x03, 0x7a, 0x88, 0xda, 0xfd, 0x6d, 0x56, 0x49, 0x15, 0x44, 0x00, 0x29, 0x25,
  0x55, 0x55, 0x12, 0x4a, 0xd4, 0x42, 0xbf, 0xb7, 0xbb, 0xfd, 0x10, 0x4d, 0xa0, 0x00, 0x14, 0xa8,
  0xaa, 0xaa, 0x80, 0x07, 0xb9, 0x14, 0xed, 0xfd, 0xee, 0xaa, 0x84, 0x16, 0xa0, 0x20, 0xa2, 0x95,
  0x55, 0x55, 0x00, 0x29, 0x68, 0x40, 0x5f, 0x57, 0x7b, 0xf6, 0x51, 0x2a, 0xa8, 0x02, 0x15, 0x4a,
  0xaa, 0xaa, 0xa9, 0x07, 0xfa, 0x95, 0x75, 0xfd, 0xae, 0xad, 0x00, 0x16, 0xd0, 0x00, 0x29, 0x24,
  0x55, 0x55, 0x00, 0x15, 0x58, 0x02, 0xbf, 0x57, 0xfb, 0xfb, 0x4a, 0x9b, 0x50, 0x80, 0x24, 0xaa,
  0xaa, 0xaa, 0xa0, 0x45, 0xb5, 0x54, 0xdb, 0xfd, 0x56, 0xad, 0x00, 0x2a, 0xa0, 0x00, 0x95, 0x25,
  0x55, 0x55, 0x04, 0x0a, 0xec, 0x00, 0xb6, 0xab, 0xbf, 0xdb, 0x54, 0x95, 0xa8, 0x08, 0x49, 0x52,
  0xaa, 0xaa, 0xc1, 0x0b, 0xba, 0xaa, 0xfd, 0xfd, 0x6a, 0xed, 0x00, 0x2d, 0x50, 0x20, 0x25, 0x29,
  0x55, 0x55, 0x28, 0x25, 0x6e, 0x01, 0xaf, 0x56, 0xbf, 0x5b, 0xaa, 0xb5, 0xa2, 0x01, 0x54, 0x94,
  0xaa, 0xaa, 0x80, 0x8b, 0xdb, 0x56, 0xf5, 0xea, 0xaa, 0xf6, 0xa0, 0xaa, 0xd0, 0x00, 0x92, 0xa5,
  0x55, 0x55, 0x64, 0x05, 0x76, 0xab, 0x5f, 0x5d, 0xad, 0xbb, 0x56, 0xdd, 0x40, 0x88, 0xaa, 0x52,
  0xaa, 0xaa, 0x90, 0x4a, 0xdd, 0xed, 0xf5, 0xf6, 0xab, 0xd6, 0xfb, 0x6b, 0x52, 0x02, 0x49, 0x29,
  0x55, 0x55, 0x52, 0x03, 0x6f, 0x77, 0x6f, 0x5a, 0xde, 0xfb, 0x55, 0xad, 0x80, 0x21, 0x25, 0x4a,
  0xa4, 0xaa, 0xa0, 0x92, 0xdb, 0xbd, 0xdd, 0xea, 0xab, 0x57, 0xba, 0xd5, 0x48, 0x0a, 0xaa, 0x54,
  0x55, 0x55, 0x58, 0x01, 0x76, 0xd7, 0x7b, 0x76, 0xb6, 0xfd, 0x6f, 0x7b, 0x21, 0x01, 0x25, 0x22,
  0x55, 0x55, 0x55, 0x24, 0xaf, 0x7d, 0xef, 0xad, 0xdb, 0xab, 0xb5, 0xad, 0x00, 0x4a, 0x92, 0x9a,
  0x92, 0xaa, 0xa8, 0x01, 0x5a, 0xd7, 0x7a, 0xfa, 0xae, 0xfd, 0x6d, 0x6a, 0x84, 0x0a, 0x54, 0xa5,
  0x55, 0x55, 0x55, 0x54, 0x5f, 0xfd, 0xdf, 0xad, 0x5b, 0xab, 0xb7, 0xb4, 0x20, 0x25, 0x4a, 0x52,
  0x55, 0x4a, 0xaa, 0x00, 0x25, 0x57, 0x6a, 0xf4, 0xad, 0xee, 0xda, 0xaa, 0x01, 0x29, 0x29, 0x49,
  0x92, 0x55, 0x55, 0xa5, 0x16, 0xfb, 0xff, 0xb5, 0x56, 0xb5, 0xad, 0xa8, 0x88, 0x54, 0xa5, 0x2a,
  0x55, 0x54, 0xaa, 0x80, 0x4b, 0x56, 0xaa, 0xda, 0x9b, 0xde, 0xf6, 0xa0, 0x01, 0x25, 0x54, 0xa4,
  0x52, 0xaa, 0x95, 0x69, 0x01, 0x6d, 0xdf, 0x75, 0x6d, 0x6a, 0x95, 0x00, 0x04, 0x92, 0x22, 0x92,
  0x95, 0x25, 0x55, 0x28, 0x10, 0xb6, 0xb5, 0xde, 0xd6, 0xaa, 0xa8, 0x48, 0xaa, 0xa9, 0x9a, 0x55,
  0x52, 0x94, 0xaa, 0xaa, 0x84, 0x15, 0xdb, 0x6b, 0x5a, 0xaa, 0x40, 0x01, 0x12, 0x4a, 0x45, 0x4a,
  0x4a, 0x52, 0x95, 0x55, 0x52, 0x02, 0x2a, 0x90, 0x00, 0x00, 0x00, 0x00, 0x25, 0x22, 0xa9, 0x29,
  0xa9, 0x55, 0x52, 0x05, 0x48, 0x00, 0x00, 0x00, 0x00, 0x40, 0x00, 0x00, 0x00, 0x89, 0x2a, 0xa4,
  0x55, 0x4a, 0x4a, 0xd1, 0x20, 0x20, 0x00, 0x49, 0x21, 0x00, 0x00, 0x00, 0x00, 0x25, 0x49, 0x15,
  0x4a, 0x52, 0xa9, 0x24, 0x00, 0x00, 0x44, 0x02, 0x44, 0x04, 0x02, 0x15, 0x00, 0x54, 0xa4, 0xaa,
  0xa9, 0x4a, 0x55, 0x50, 0x02, 0x81, 0x01, 0x29, 0x50, 0x00, 0x20, 0x02, 0x51, 0x12, 0x2a, 0xa5,
  0x55, 0x29, 0x4a, 0xa4, 0x90, 0x20, 0x08, 0x16, 0xa8, 0x20, 0x80, 0x59, 0x48, 0x4a, 0xa5, 0x28,
  0xaa, 0xaa, 0xa4, 0xa9, 0x25, 0x00, 0x00, 0xab, 0xad, 0x00, 0x00, 0x25, 0x76, 0x89, 0x52, 0x95,
  0x52, 0xa5, 0x2a, 0xae, 0x90, 0xa0, 0x49, 0x7d, 0x75, 0x08, 0x01, 0x15, 0xbd, 0x52, 0x49, 0x4a,
  0xaa, 0x54, 0xa9, 0x5b, 0xea, 0x49, 0x02, 0xab, 0xaa, 0xc0, 0x00, 0xab, 0xf7, 0x4a, 0xaa, 0x51,
  0x55, 0x2a, 0x95, 0x7e, 0xa9, 0x74, 0x15, 0xdd, 0x7b, 0x51, 0x6a, 0x5f, 0xdf, 0xa9, 0x15, 0x2a,
  0xaa, 0xa4, 0xa5, 0xdb, 0xf5, 0x5a, 0x4a, 0xb7, 0xad, 0xa5, 0xf1, 0x56, 0xfd, 0xd4, 0xa2, 0xa5,
  0x55, 0x52, 0x95, 0xff, 0xfd, 0xfd, 0x2f, 0xed, 0x76, 0xd2, 0xac, 0xbf, 0xff, 0x72, 0xaa, 0x52,
  0xaa, 0x4a, 0x57, 0x7e, 0xdd, 0x55, 0x55, 0x5f, 0xab, 0x6d, 0xda, 0xad, 0xf7, 0xda, 0x49, 0x29,
  0xaa, 0xaa, 0xad, 0xef, 0xf7, 0x6a, 0xaf, 0xf5, 0x7d, 0xb6, 0xb5, 0x5f, 0xbe, 0xf5, 0x25, 0x44,
  0x55, 0x52, 0x9f, 0xfa, 0xfd, 0xb5, 0x5a, 0xbf, 0xd6, 0xda, 0xd4, 0xbe, 0xff, 0xdd, 0x52, 0x2a,
  0xb5, 0x4a, 0x57, 0x7f, 0x6e, 0xda, 0xbf, 0xd5, 0x6b, 0x6b, 0x6a, 0xb7, 0xf7, 0xf6, 0x09, 0x49,
  0xaa, 0xa9, 0x5d, 0xeb, 0xff, 0x56, 0xd5, 0x7e, 0xbd, 0xad, 0xaa, 0xad, 0xde, 0xdb, 0x54, 0x92,
  0xaa, 0xaa, 0xbf, 0xfd, 0x55, 0x5b, 0x7f, 0xdb, 0xd6, 0xda, 0xaa, 0x57, 0x7f, 0xfd, 0x22, 0x48,
  0x55, 0x54, 0xb7, 0x57, 0x7e, 0xad, 0xdb, 0x7e, 0xfb, 0x6d, 0xb5, 0x4a, 0xf6, 0xae, 0x89, 0x22,
  0xb5, 0x4a, 0xbd, 0xfa, 0xd2, 0xdf, 0x7f, 0xeb, 0xad, 0xda, 0xd5, 0x41, 0xbf, 0xf5, 0x44, 0x09,
  0xaa, 0xa9, 0x6f, 0xad, 0x95, 0x6b, 0xea, 0xfe, 0xff, 0x77, 0x6d, 0x52, 0x6b, 0x6e, 0x91, 0x50,
  0xaa, 0xaa, 0xbb, 0xf6, 0xa5, 0xbe, 0xbf, 0xbb, 0xd5, 0xda, 0xb5, 0x48, 0x3d, 0xda, 0x04, 0x05,
  0xb5, 0x55, 0x5e, 0xaa, 0x55, 0x6b, 0xff, 0xef, 0xff, 0x77, 0xaa, 0xa0, 0x8b, 0x76, 0xa1, 0x50,
  0xab, 0x54, 0xab, 0xd9, 0x25, 0xfe, 0xdb, 0x7e, 0xb7, 0xdd, 0x6d, 0x52, 0x17, 0xba, 0x14, 0x0a,
  0xad, 0x55, 0x5d, 0x55, 0x56, 0xab, 0xff, 0xfb, 0xfd, 0x76, 0xaa, 0xa8, 0x04, 0xd4, 0x81, 0x51,
  0xb5, 0x55, 0x2e, 0xa9, 0x13, 0xff, 0x6d, 0xdf, 0xd7, 0xdd, 0xb5, 0x50, 0x42, 0xaa, 0x24, 0x44,
  0xaa, 0xaa, 0xa5, 0x54, 0xcd, 0x55, 0xff, 0x7e, 0xfe, 0xf6, 0xd6, 0xa2, 0x10, 0x10, 0x09, 0x12,
  0xb6, 0xd4, 0xaa, 0xa5, 0x27, 0xff, 0x5b, 0xf7, 0xbb, 0xdd, 0x5a, 0xa8, 0x01, 0x04, 0xa0, 0xa9,
  0xaa, 0xaa, 0x94, 0x92, 0x95, 0x55, 0xfe, 0xde, 0xef, 0x77, 0xaa, 0xa1, 0x24, 0x40, 0x05, 0x04,
  0xb6, 0xd5, 0x52, 0xaa, 0x56, 0xff, 0x6b, 0xfb, 0xfd, 0xda, 0xd5, 0x54, 0x00, 0x12, 0x90, 0x52,
  0xda, 0xb5, 0x55, 0x49, 0x4b, 0xb7, 0xff, 0x5f, 0x6f, 0xff, 0xf5, 0x50, 0x11, 0x00, 0x05, 0x09,
  0x55, 0xaa, 0xaa, 0x55, 0x2d, 0xff, 0xfd, 0xf7, 0xfd, 0x6f, 0x7d, 0x48, 0x80, 0x24, 0x50, 0x54,
  0xb6, 0xad, 0x49, 0x49, 0x56, 0xfd, 0xb7, 0xda, 0xdf, 0xff, 0xef, 0x50, 0x08, 0x81, 0x02, 0x22,
  0xda, 0xd5, 0x55, 0x2a, 0x97, 0xdf, 0xff, 0xef, 0xf6, 0xfd, 0xfd, 0xa9, 0x20, 0x04, 0x08, 0x89,
  0x6b, 0x55, 0x55, 0x54, 0x57, 0xff, 0xfe, 0xfa, 0xbf, 0xdf, 0xb7, 0xd0, 0x02, 0x20, 0x41, 0x24,
  0xad, 0x6d, 0x52, 0xa5, 0x5d, 0xf6, 0xdb, 0xbd, 0xeb, 0xfe, 0xfe, 0xd4, 0x08, 0x01, 0x10, 0x12
};
// Author :- Ashish ( ashish_y_794 )
// Website : https://www.oledanimationmaker.com/

const uint8_t PROGMEM frame33[1024] = {
  0x55, 0xfe, 0xd5, 0x6c, 0xb4, 0x25, 0xff, 0xff, 0xff, 0xfe, 0xc0, 0x2a, 0x00, 0x07, 0x7d, 0xc9,
  0xaa, 0x45, 0x20, 0x81, 0x75, 0x42, 0xaa, 0xd5, 0xb6, 0xab, 0x55, 0x4d, 0x80, 0x05, 0x36, 0xd4,
  0x55, 0x55, 0x02, 0x05, 0xd8, 0x95, 0xff, 0xff, 0xdf, 0xfd, 0x00, 0x15, 0x10, 0x05, 0x96, 0xca,
  0xaa, 0xaa, 0x90, 0x11, 0x75, 0x00, 0xb7, 0x5b, 0x7a, 0xaf, 0x54, 0x96, 0x80, 0x00, 0x29, 0x25,
  0x55, 0x55, 0x40, 0x05, 0xd8, 0x55, 0x7d, 0xff, 0xdf, 0xf5, 0x00, 0x2a, 0xc0, 0x00, 0x12, 0xa8,
  0xaa, 0xaa, 0x82, 0x13, 0x75, 0x00, 0xd7, 0xb5, 0x75, 0x5d, 0x52, 0x95, 0x52, 0x00, 0x8a, 0x4a,
  0x55, 0x55, 0x08, 0x45, 0xd8, 0x55, 0x7e, 0xff, 0xdf, 0xee, 0x08, 0x0b, 0x40, 0x22, 0x29, 0x2a,
  0xaa, 0xaa, 0x80, 0x0b, 0x75, 0x02, 0x5b, 0xd6, 0xf5, 0x75, 0x41, 0x2d, 0xa8, 0x00, 0x15, 0x51,
  0x55, 0x55, 0x41, 0x0a, 0xd8, 0xa8, 0xee, 0xfb, 0x5f, 0xbb, 0x24, 0x16, 0xa0, 0x00, 0x49, 0x2a,
  0xaa, 0x55, 0x14, 0x27, 0x74, 0x04, 0xbb, 0xaf, 0xf5, 0xd6, 0x08, 0x95, 0x50, 0x00, 0x24, 0x95,
  0x55, 0x54, 0x80, 0x0a, 0xda, 0xa2, 0xde, 0xfa, 0xbe, 0xed, 0xa0, 0x2b, 0x68, 0x84, 0x55, 0x48,
  0xaa, 0xab, 0x50, 0x25, 0xb8, 0x10, 0xb7, 0xaf, 0xd7, 0x5a, 0x05, 0x15, 0xa0, 0x00, 0x24, 0xa5,
  0x55, 0x54, 0x82, 0x0b, 0x6e, 0x8a, 0xed, 0xf5, 0x7b, 0xf7, 0xa0, 0x5a, 0xa8, 0x01, 0x52, 0xaa,
  0xaa, 0xaa, 0xc8, 0x85, 0xf4, 0x51, 0x7e, 0xbd, 0x56, 0xad, 0x49, 0x2d, 0xa2, 0x24, 0x2a, 0x52,
  0x55, 0x55, 0x20, 0x16, 0xaf, 0x05, 0xab, 0xd6, 0xaf, 0xfb, 0x44, 0xaa, 0xa8, 0x00, 0x92, 0x8a,
  0xaa, 0xaa, 0xd2, 0x45, 0xfb, 0xab, 0xfe, 0xba, 0xb5, 0x56, 0xa9, 0x5b, 0x50, 0x01, 0x4a, 0x55,
  0x55, 0x55, 0x20, 0x0a, 0xad, 0xed, 0x57, 0xeb, 0x57, 0xed, 0xeb, 0x6d, 0xa0, 0x92, 0x55, 0x52,
  0xaa, 0xaa, 0xd4, 0x83, 0x76, 0xb7, 0xfd, 0x5a, 0xda, 0xbb, 0x5d, 0xb5, 0x40, 0x01, 0x24, 0x94,
  0x55, 0x55, 0x28, 0x25, 0xbf, 0xdd, 0x57, 0xed, 0x57, 0xde, 0xea, 0xd6, 0xa2, 0x24, 0xaa, 0x4a,
  0xaa, 0xaa, 0xa9, 0x00, 0xd5, 0x77, 0xfd, 0x76, 0xad, 0x6b, 0x5f, 0x6b, 0x40, 0x02, 0x91, 0x52,
  0x55, 0x55, 0x54, 0x4a, 0x6f, 0xbd, 0x6f, 0xab, 0x77, 0xbd, 0xea, 0xba, 0x81, 0x2a, 0x55, 0x29,
  0xaa, 0xaa, 0xaa, 0x00, 0xb5, 0x6f, 0xda, 0xfd, 0x5d, 0xee, 0xb7, 0xad, 0x08, 0x09, 0x4a, 0xa5,
  0x52, 0xaa, 0xaa, 0xa4, 0x5e, 0xf5, 0x7f, 0xaa, 0xab, 0x5b, 0xda, 0xd5, 0x01, 0x25, 0x29, 0x2a,
  0x95, 0x55, 0x55, 0x01, 0x15, 0xbf, 0xd5, 0xfa, 0x5d, 0xf5, 0x6d, 0x74, 0x24, 0x54, 0xa4, 0x91,
  0x55, 0x55, 0x55, 0xa8, 0x4b, 0xd5, 0x7e, 0xaa, 0x97, 0x5e, 0xb6, 0xa9, 0x00, 0x25, 0x55, 0x4c,
  0xaa, 0xaa, 0xaa, 0xa2, 0x15, 0x6f, 0xd7, 0xf5, 0x5a, 0xeb, 0xd5, 0xa0, 0x02, 0xa9, 0x24, 0xa2,
  0x49, 0x2a, 0xaa, 0xa8, 0x82, 0xba, 0xba, 0xaa, 0xaf, 0x5a, 0x5a, 0x88, 0x29, 0x4a, 0x92, 0x5a,
  0x55, 0x55, 0x55, 0x56, 0x20, 0xab, 0x6f, 0x7d, 0xf5, 0xab, 0x54, 0x21, 0x14, 0xa4, 0x55, 0x45,
  0xaa, 0xa9, 0x55, 0x55, 0x4a, 0x15, 0xb5, 0xaa, 0x94, 0xa9, 0x21, 0x02, 0xa2, 0x52, 0xa4, 0xa8,
  0x49, 0x25, 0x55, 0x55, 0x54, 0x02, 0x12, 0x44, 0x00, 0x00, 0x00, 0x00, 0x55, 0x2a, 0x92, 0x4a,
  0x55, 0x55, 0x2a, 0xaa, 0xa0, 0x40, 0x00, 0x10, 0x01, 0x00, 0x00, 0x00, 0x0a, 0x92, 0x55, 0x2a,
  0xa4, 0xaa, 0xaa, 0xaa, 0x94, 0x00, 0x04, 0x01, 0x50, 0x10, 0x00, 0x00, 0x24, 0xa9, 0x4a, 0xa5,
  0x55, 0x49, 0x52, 0xaa, 0xa0, 0x80, 0x40, 0x8a, 0x04, 0x01, 0x00, 0x00, 0x02, 0x45, 0x24, 0x94,
  0x4a, 0xa5, 0x2a, 0x42, 0x00, 0x02, 0x08, 0x25, 0xe8, 0x40, 0x00, 0x14, 0x81, 0x29, 0x52, 0x52,
  0xa9, 0x2a, 0xa5, 0x54, 0x25, 0x48, 0x01, 0x3a, 0xaa, 0x04, 0x00, 0x42, 0x00, 0x84, 0x95, 0x4a,
  0x55, 0x54, 0x95, 0x28, 0x88, 0x40, 0x24, 0xaf, 0x6a, 0x10, 0x08, 0x29, 0x00, 0x52, 0x52, 0xaa,
  0xaa, 0x92, 0xa9, 0x52, 0x25, 0x20, 0x01, 0x6a, 0xd5, 0x40, 0x01, 0x2a, 0x51, 0x2a, 0xa9, 0x25,
  0x49, 0x55, 0x55, 0x54, 0xa8, 0x90, 0x95, 0xb7, 0x7b, 0x00, 0x40, 0x94, 0x88, 0x92, 0x44, 0x94,
  0xaa, 0x4a, 0x4a, 0x55, 0x52, 0x42, 0x05, 0x5d, 0xad, 0xd0, 0x02, 0x52, 0xa4, 0x55, 0x2a, 0xaa,
  0x55, 0x55, 0x29, 0x55, 0xaa, 0xbc, 0x2d, 0xf6, 0xea, 0xa2, 0x00, 0xad, 0xa9, 0x11, 0x55, 0x49,
  0xaa, 0xa9, 0x55, 0x56, 0xec, 0x5b, 0x56, 0xbb, 0x5e, 0xd1, 0x64, 0x57, 0xe8, 0x4a, 0x48, 0xa4,
  0x55, 0x4a, 0xa4, 0xad, 0xbb, 0x6e, 0x97, 0xdd, 0xeb, 0x6d, 0xd2, 0xbe, 0xb6, 0xa5, 0x25, 0x15,
  0xaa, 0xa9, 0x55, 0x2f, 0xfe, 0xda, 0xaa, 0xef, 0x5a, 0xb6, 0xf5, 0x7f, 0xf9, 0x12, 0xaa, 0xa9,
  0xaa, 0xa5, 0x24, 0xb5, 0xdf, 0x76, 0x9f, 0x75, 0xed, 0xd5, 0xa9, 0xef, 0xd6, 0x49, 0x24, 0x94,
  0x6a, 0x94, 0x95, 0x5f, 0xfb, 0xaa, 0xab, 0xbe, 0xb6, 0xb6, 0xd7, 0x7d, 0xfb, 0x14, 0x92, 0x4a,
  0xaa, 0xaa, 0xaa, 0xb7, 0x7f, 0x76, 0xbd, 0xd7, 0xdb, 0xdb, 0x6b, 0xff, 0x6d, 0x42, 0x49, 0x51,
  0xaa, 0xaa, 0xa4, 0xbd, 0xed, 0xda, 0xd7, 0x7d, 0x6d, 0x6d, 0xad, 0xdf, 0xfe, 0x95, 0x2a, 0x4a,
  0x55, 0x52, 0x52, 0xdf, 0xff, 0xaa, 0xbf, 0xef, 0xbb, 0xb5, 0x57, 0x77, 0xd5, 0xa0, 0x91, 0x24,
  0xda, 0xa9, 0x2a, 0x77, 0xd5, 0xf5, 0xf5, 0xba, 0xee, 0xdb, 0x6b, 0xfe, 0xff, 0x4a, 0x4a, 0x92,
  0x55, 0x55, 0x49, 0xdf, 0x7f, 0x5b, 0x6f, 0xef, 0xbb, 0xed, 0xaa, 0xdf, 0xf5, 0xa1, 0x20, 0x49,
  0xaa, 0xaa, 0xa4, 0xfd, 0xeb, 0xed, 0xfe, 0xfe, 0xf6, 0xb6, 0xdb, 0x7b, 0xbe, 0x84, 0x0a, 0x90,
  0xb5, 0x54, 0x95, 0x77, 0xfc, 0xb7, 0x6f, 0xbb, 0xdf, 0xdd, 0x6a, 0xaf, 0xf7, 0xd0, 0xa0, 0x25,
  0xaa, 0xaa, 0x55, 0xdf, 0xab, 0x5b, 0xfb, 0xff, 0xfa, 0xf7, 0xad, 0x5d, 0xdd, 0x42, 0x0a, 0x80,
  0xb6, 0xa9, 0x52, 0xfe, 0xf5, 0x56, 0xbf, 0x6e, 0xdf, 0xba, 0xb5, 0x6f, 0x76, 0xa0, 0xa0, 0x2a,
  0xaa, 0xaa, 0xaa, 0xb7, 0xaa, 0xbf, 0xed, 0xfb, 0xf6, 0xee, 0xd5, 0x57, 0xff, 0x88, 0x0a, 0x80,
  0xb5, 0x55, 0x49, 0xfe, 0xea, 0xd5, 0x7f, 0xdf, 0x7f, 0xf5, 0x5a, 0xaa, 0xd5, 0x42, 0x40, 0x2a,
  0xab, 0x6a, 0x55, 0x5b, 0xab, 0x6f, 0xd6, 0xfd, 0xd6, 0xbf, 0x6b, 0x55, 0xfd, 0x90, 0x12, 0x80,
  0xb5, 0xaa, 0xa5, 0xfe, 0xd5, 0x5a, 0xff, 0xb7, 0xff, 0xd5, 0xaa, 0xa3, 0x56, 0x82, 0x40, 0x2a,
  0xad, 0x55, 0x54, 0xab, 0x4a, 0xff, 0xb5, 0xef, 0x6d, 0xff, 0x6a, 0x90, 0xfb, 0x08, 0x0a, 0x81,
  0xd6, 0xaa, 0x92, 0xbd, 0xab, 0x7f, 0xff, 0x7d, 0xff, 0x6f, 0xfd, 0x54, 0x2c, 0x40, 0x90, 0x54,
  0x6a, 0xd5, 0x55, 0x56, 0x4b, 0xee, 0xff, 0xd7, 0xb5, 0xfd, 0xf6, 0xa0, 0x15, 0x04, 0x02, 0x09,
  0xbb, 0x5a, 0xaa, 0xa9, 0x2b, 0xff, 0xf7, 0xfb, 0xff, 0xbf, 0xdf, 0x54, 0x82, 0x10, 0x91, 0x52,
  0xcd, 0x55, 0x52, 0x55, 0x57, 0x7b, 0xde, 0xdd, 0x5b, 0xff, 0x7d, 0xd0, 0x08, 0x00, 0x04, 0x08,
  0x75, 0xaa, 0xaa, 0x95, 0x4f, 0xef, 0xff, 0xf7, 0xef, 0xf7, 0xf7, 0xa8, 0x20, 0x44, 0x91, 0x52
};
// Author :- Ashish ( ashish_y_794 )
// Website : https://www.oledanimationmaker.com/

const uint8_t PROGMEM frame34[1024] = {
  0x55, 0xfe, 0xd5, 0x6c, 0xf4, 0x0a, 0xff, 0xff, 0xff, 0xfe, 0x80, 0x2a, 0x80, 0x07, 0x7d, 0xc9,
  0xaa, 0x45, 0x20, 0x82, 0xaa, 0xa1, 0xb5, 0xb5, 0xad, 0x55, 0xaa, 0x95, 0x00, 0x05, 0x36, 0xd4,
  0x55, 0x55, 0x42, 0x09, 0xf8, 0x4a, 0xdf, 0xef, 0xff, 0xfe, 0x80, 0x16, 0xa0, 0x05, 0x97, 0xa5,
  0xaa, 0xaa, 0x80, 0x02, 0xad, 0x10, 0xfb, 0x7e, 0xb5, 0x55, 0x2a, 0x55, 0x40, 0x00, 0x28, 0x52,
  0x55, 0x55, 0x08, 0x25, 0xf4, 0x44, 0xaf, 0xdb, 0xef, 0xfe, 0x80, 0x15, 0x92, 0x00, 0x12, 0x95,
  0xaa, 0xaa, 0x80, 0x86, 0xb9, 0x12, 0xbd, 0x7e, 0xbd, 0x55, 0x29, 0x4a, 0xc0, 0x10, 0xaa, 0x48,
  0x55, 0x55, 0x22, 0x0b, 0xd4, 0x44, 0x77, 0xeb, 0xef, 0xfa, 0x80, 0x17, 0x50, 0x00, 0x09, 0x55,
  0xaa, 0xaa, 0x88, 0x05, 0x79, 0x11, 0x5d, 0xbe, 0xba, 0xae, 0x4a, 0x4a, 0xa0, 0x00, 0x55, 0x4a,
  0x55, 0x55, 0x20, 0x2b, 0xa8, 0x44, 0xf7, 0xd7, 0xef, 0xf5, 0x10, 0x1d, 0x54, 0x42, 0x24, 0xa4,
  0xaa, 0xaa, 0x80, 0x85, 0x7d, 0x22, 0x5d, 0x7d, 0x75, 0x5e, 0x82, 0x95, 0xa0, 0x00, 0x12, 0x52,
  0x55, 0x55, 0x44, 0x0d, 0xd4, 0x11, 0x77, 0xd7, 0xbf, 0xeb, 0x28, 0x2a, 0xd4, 0x00, 0xaa, 0x95,
  0xaa, 0xaa, 0x90, 0x26, 0xba, 0x89, 0x5d, 0x7a, 0xd5, 0x5a, 0x81, 0x16, 0xa8, 0x08, 0x49, 0x4a,
  0x55, 0x55, 0x41, 0x0b, 0xec, 0x45, 0xf7, 0xde, 0xbf, 0xee, 0xa4, 0x5b, 0x60, 0x41, 0x2a, 0x52,
  0xaa, 0xaa, 0xa4, 0x05, 0x5f, 0x29, 0x5d, 0x6a, 0xd5, 0x75, 0x91, 0x2a, 0xa0, 0x00, 0x52, 0xa9,
  0x55, 0x55, 0x40, 0x55, 0xb5, 0x45, 0xf7, 0xda, 0xaf, 0xae, 0xc4, 0xdb, 0x52, 0x09, 0x4a, 0x4a,
  0xaa, 0xaa, 0xa9, 0x05, 0x7f, 0xb6, 0xbd, 0x77, 0x55, 0x7b, 0x76, 0xad, 0x40, 0x40, 0xa5, 0x29,
  0x55, 0x55, 0x50, 0x05, 0xd5, 0x6f, 0xd7, 0xda, 0xdb, 0xd6, 0xab, 0x75, 0xa0, 0x05, 0x14, 0xa5,
  0xaa, 0xaa, 0xa4, 0x92, 0xbb, 0xda, 0xfd, 0x6a, 0xae, 0xfb, 0xdd, 0xaa, 0x92, 0x21, 0x52, 0x94,
  0x55, 0x55, 0x50, 0x02, 0xee, 0xff, 0x57, 0xdd, 0x55, 0xad, 0x76, 0xdd, 0x80, 0x84, 0xaa, 0x52,
  0xaa, 0xaa, 0xaa, 0xa1, 0x5b, 0x55, 0xfd, 0x77, 0x7f, 0x77, 0xab, 0x6a, 0x90, 0x0a, 0x92, 0xaa,
  0x52, 0xaa, 0xa8, 0x08, 0xb7, 0xff, 0x6f, 0xda, 0xab, 0xdd, 0x7d, 0xb6, 0x42, 0x25, 0x4a, 0x49,
  0xaa, 0xaa, 0xae, 0x82, 0x5d, 0x55, 0xda, 0xed, 0x5a, 0xb7, 0xaa, 0xda, 0x00, 0x92, 0x29, 0x54,
  0x4a, 0xaa, 0xa9, 0x28, 0x56, 0xff, 0x7f, 0x75, 0x57, 0xed, 0x6f, 0x6a, 0x48, 0x15, 0x55, 0x25,
  0x55, 0x55, 0x55, 0x01, 0x15, 0xaa, 0xd5, 0xda, 0x9d, 0x76, 0xda, 0xa8, 0x01, 0x48, 0x92, 0x92,
  0xa9, 0x2a, 0xaa, 0xd2, 0x17, 0x7f, 0xff, 0x6a, 0xab, 0xad, 0xb5, 0xa2, 0x04, 0x55, 0x49, 0x55,
  0x4a, 0xa9, 0x55, 0x48, 0x41, 0xaa, 0xab, 0xba, 0xae, 0xf6, 0xd6, 0x90, 0x41, 0x24, 0xaa, 0x48,
  0x55, 0x55, 0x55, 0x52, 0x14, 0xb7, 0x7d, 0x6d, 0x5b, 0x5a, 0xaa, 0x40, 0x15, 0x52, 0x95, 0x2a,
  0x49, 0x2a, 0xaa, 0xaa, 0x80, 0x55, 0xab, 0xdb, 0xb5, 0x55, 0x50, 0x05, 0x4a, 0x4a, 0x48, 0xa5,
  0xaa, 0xa5, 0x55, 0x55, 0x55, 0x0a, 0x55, 0x54, 0x44, 0x80, 0x04, 0x00, 0x29, 0x29, 0x55, 0x54,
  0x52, 0x54, 0x95, 0x55, 0x52, 0x00, 0x24, 0x00, 0x00, 0x12, 0x00, 0x01, 0x45, 0x55, 0x24, 0x92,
  0x4a, 0x92, 0xa9, 0x55, 0x48, 0x00, 0x80, 0x24, 0x80, 0x00, 0x00, 0x00, 0x29, 0x24, 0xaa, 0x4a,
  0xa9, 0x55, 0x55, 0x55, 0x20, 0x22, 0x00, 0x81, 0x29, 0x00, 0x00, 0x00, 0x14, 0x92, 0x92, 0xaa,
  0x55, 0x4a, 0x4a, 0x55, 0x49, 0x00, 0x04, 0x15, 0x40, 0x20, 0x00, 0x10, 0x02, 0xaa, 0x49, 0x52,
  0x4a, 0x55, 0x25, 0x49, 0x00, 0x80, 0x10, 0x4a, 0xb4, 0x02, 0x20, 0x02, 0x0a, 0x49, 0x55, 0x2a,
  0xa9, 0x49, 0x54, 0xa2, 0x24, 0x40, 0x01, 0x37, 0x55, 0x00, 0x00, 0x90, 0x41, 0x25, 0x24, 0x95,
  0x55, 0x2a, 0xaa, 0x94, 0x02, 0xa4, 0x44, 0xad, 0xd4, 0x48, 0x00, 0x2a, 0x00, 0x92, 0x92, 0xa4,
  0xaa, 0xa4, 0x92, 0x50, 0x54, 0x50, 0x11, 0x76, 0xbb, 0x00, 0x02, 0x44, 0x81, 0x24, 0x55, 0x2a,
  0x55, 0x55, 0x55, 0x56, 0x25, 0x20, 0x05, 0xad, 0xd5, 0xa0, 0x80, 0x95, 0x24, 0x92, 0xa4, 0xa5,
  0xa9, 0x2a, 0x49, 0x59, 0x52, 0x91, 0x25, 0x76, 0xbe, 0xa2, 0x04, 0x54, 0x81, 0x55, 0x12, 0x92,
  0x55, 0x49, 0x55, 0x54, 0xaa, 0x5c, 0x16, 0xdf, 0xd5, 0xa8, 0x01, 0x2a, 0x54, 0xa8, 0xd5, 0x54,
  0xaa, 0xaa, 0xa4, 0xaa, 0xaa, 0xaf, 0x95, 0xf5, 0x6d, 0x51, 0x50, 0xaa, 0x80, 0xa5, 0x24, 0x4a,
  0xaa, 0xa5, 0x2a, 0x92, 0xaa, 0xb5, 0x57, 0x5e, 0xdb, 0xab, 0xe5, 0x2a, 0x54, 0x54, 0x92, 0xa2,
  0x55, 0x54, 0xa5, 0x4a, 0xfd, 0x5e, 0x96, 0xf7, 0x6d, 0x76, 0xb0, 0xaa, 0xa9, 0x0a, 0x4a, 0x14,
  0xaa, 0x92, 0x94, 0xab, 0x56, 0xb5, 0x5b, 0xba, 0xf6, 0xdb, 0xd4, 0x55, 0x50, 0x51, 0x29, 0x52,
  0xb5, 0x55, 0x52, 0x55, 0xff, 0x5b, 0x57, 0xdf, 0xab, 0x55, 0x6a, 0x97, 0xad, 0x04, 0xa4, 0xa9,
  0xaa, 0xa9, 0x2a, 0x8b, 0x77, 0xed, 0x5d, 0x75, 0x7d, 0xee, 0xa9, 0x7d, 0x68, 0x22, 0x12, 0x04,
  0x55, 0x54, 0x92, 0x6f, 0xde, 0xb5, 0x6f, 0xdf, 0xd6, 0xb5, 0xaa, 0xdf, 0xd4, 0x89, 0x49, 0x52,
  0xaa, 0xa5, 0x49, 0x15, 0xff, 0xd5, 0x76, 0xf5, 0x7b, 0xda, 0xd5, 0xf5, 0x7a, 0x10, 0x24, 0x49,
  0xda, 0xaa, 0xaa, 0xd7, 0x7f, 0xfa, 0xbf, 0xbf, 0xd6, 0xad, 0x57, 0xbf, 0xd4, 0x45, 0x42, 0x24,
  0x55, 0x54, 0x94, 0x2d, 0xed, 0xaa, 0xeb, 0xfd, 0xff, 0xf7, 0x6e, 0xff, 0x6d, 0x00, 0x11, 0x11,
  0xaa, 0xaa, 0x53, 0x57, 0xbf, 0xfd, 0xbe, 0xd7, 0x6a, 0xba, 0xbb, 0xed, 0xf4, 0x25, 0x44, 0x84,
  0xb5, 0x55, 0x48, 0x9d, 0xfe, 0xd6, 0xff, 0xff, 0xff, 0xd7, 0x5f, 0xbf, 0xae, 0x80, 0x10, 0x50,
  0xab, 0x52, 0xaa, 0xaf, 0xfb, 0xfb, 0x57, 0x7e, 0xdb, 0x7a, 0xd6, 0xfe, 0xf4, 0x12, 0x45, 0x05,
  0xb5, 0x55, 0x25, 0x5b, 0x7e, 0xad, 0xfd, 0xef, 0xff, 0xef, 0x6f, 0xfb, 0xab, 0x00, 0x10, 0x20,
  0xad, 0x55, 0x54, 0x9f, 0xef, 0xb6, 0xbf, 0xfb, 0x6a, 0xba, 0xaa, 0xdf, 0xfd, 0x25, 0x42, 0x8a,
  0xb5, 0xaa, 0xaa, 0x56, 0xfa, 0xcb, 0x6b, 0x6f, 0xff, 0xed, 0xb7, 0x7e, 0xd5, 0x00, 0x08, 0x20,
  0xaa, 0xb5, 0x25, 0x5f, 0xff, 0x55, 0xdf, 0xfe, 0xdb, 0xb6, 0xd5, 0xfb, 0xed, 0x11, 0x21, 0x09,
  0xb6, 0xd4, 0xa9, 0x5b, 0xb5, 0xae, 0xfb, 0x5b, 0xfe, 0xfb, 0x54, 0xdf, 0x74, 0x04, 0x04, 0x42,
  0xda, 0xaa, 0xa5, 0x3e, 0xfe, 0xbb, 0xbf, 0xff, 0x6f, 0xbf, 0xf5, 0x7f, 0xae, 0x90, 0x51, 0x10,
  0x55, 0x55, 0x54, 0xaf, 0xeb, 0x7f, 0xfb, 0x57, 0xfa, 0xf7, 0xdd, 0xb5, 0xf4, 0x01, 0x00, 0x44,
  0xb6, 0xda, 0xaa, 0xb5, 0xbe, 0xff, 0xff, 0xfa, 0xaf, 0xff, 0x7e, 0xff, 0x55, 0x20, 0x14, 0x11,
  0xdb, 0x6a, 0xa5, 0x5f, 0xf7, 0xfb, 0xbe, 0xef, 0xfe, 0xff, 0xfb, 0x56, 0xec, 0x04, 0x81, 0x44,
  0x6d, 0x55, 0x54, 0x95, 0xbf, 0xef, 0xef, 0xfa, 0xdb, 0xdb, 0xef, 0xdf, 0xb4, 0x10, 0x24, 0x01,
  0xaa, 0xaa, 0xaa, 0xaf, 0x6b, 0xbf, 0x7d, 0xbd, 0xbf, 0xff, 0x7f, 0x6a, 0xd1, 0x01, 0x00, 0x94
};
// Author :- Ashish ( ashish_y_794 )
// Website : https://www.oledanimationmaker.com/

const uint8_t PROGMEM frame35[1024] = {
  0x55, 0xfe, 0xd5, 0x6c, 0xf4, 0x0a, 0xff, 0xff, 0xff, 0xfe, 0x80, 0x2a, 0x80, 0x07, 0x7d, 0xc9,
  0xaa, 0x45, 0x20, 0x82, 0xaa, 0xa1, 0xb5, 0xb5, 0xad, 0x55, 0xaa, 0x95, 0x00, 0x05, 0x36, 0xd4,
  0x55, 0x55, 0x42, 0x09, 0xf8, 0x4a, 0xdf, 0xef, 0xff, 0xfe, 0x80, 0x16, 0xa0, 0x05, 0x97, 0xa5,
  0xaa, 0xaa, 0x80, 0x02, 0xad, 0x10, 0xfb, 0x7e, 0xb5, 0x55, 0x2a, 0x55, 0x40, 0x00, 0x28, 0x52,
  0x55, 0x55, 0x08, 0x25, 0xf4, 0x44, 0xaf, 0xdb, 0xef, 0xfe, 0x80, 0x15, 0x92, 0x00, 0x12, 0x95,
  0xaa, 0xaa, 0x80, 0x86, 0xb9, 0x12, 0xbd, 0x7e, 0xbd, 0x55, 0x29, 0x4a, 0xc0, 0x10, 0xaa, 0x48,
  0x55, 0x55, 0x22, 0x0b, 0xd4, 0x44, 0x77, 0xeb, 0xef, 0xfa, 0x80, 0x17, 0x50, 0x00, 0x09, 0x55,
  0xaa, 0xaa, 0x88, 0x05, 0x79, 0x11, 0x5d, 0xbe, 0xba, 0xae, 0x4a, 0x4a, 0xa0, 0x00, 0x55, 0x4a,
  0x55, 0x55, 0x20, 0x2b, 0xa8, 0x44, 0xf7, 0xd7, 0xef, 0xf5, 0x10, 0x1d, 0x54, 0x42, 0x24, 0xa4,
  0xaa, 0xaa, 0x80, 0x85, 0x7d, 0x22, 0x5d, 0x7d, 0x75, 0x5e, 0x82, 0x95, 0xa0, 0x00, 0x12, 0x52,
  0x55, 0x55, 0x44, 0x0d, 0xd4, 0x11, 0x77, 0xd7, 0xbf, 0xeb, 0x28, 0x2a, 0xd4, 0x00, 0xaa, 0x95,
  0xaa, 0xaa, 0x90, 0x26, 0xba, 0x89, 0x5d, 0x7a, 0xd5, 0x5a, 0x81, 0x16, 0xa8, 0x08, 0x49, 0x4a,
  0x55, 0x55, 0x41, 0x0b, 0xec, 0x45, 0xf7, 0xde, 0xbf, 0xee, 0xa4, 0x5b, 0x60, 0x41, 0x2a, 0x52,
  0xaa, 0xaa, 0xa4, 0x05, 0x5f, 0x29, 0x5d, 0x6a, 0xd5, 0x75, 0x91, 0x2a, 0xa0, 0x00, 0x52, 0xa9,
  0x55, 0x55, 0x40, 0x55, 0xb5, 0x45, 0xf7, 0xda, 0xaf, 0xae, 0xc4, 0xdb, 0x52, 0x09, 0x4a, 0x4a,
  0xaa, 0xaa, 0xa9, 0x05, 0x7f, 0xb6, 0xbd, 0x77, 0x55, 0x7b, 0x76, 0xad, 0x40, 0x40, 0xa5, 0x29,
  0x55, 0x55, 0x50, 0x05, 0xd5, 0x6f, 0xd7, 0xda, 0xdb, 0xd6, 0xab, 0x75, 0xa0, 0x05, 0x14, 0xa5,
  0xaa, 0xaa, 0xa4, 0x92, 0xbb, 0xda, 0xfd, 0x6a, 0xae, 0xfb, 0xdd, 0xaa, 0x92, 0x21, 0x52, 0x94,
  0x55, 0x55, 0x50, 0x02, 0xee, 0xff, 0x57, 0xdd, 0x55, 0xad, 0x76, 0xdd, 0x80, 0x84, 0xaa, 0x52,
  0xaa, 0xaa, 0xaa, 0xa1, 0x5b, 0x55, 0xfd, 0x77, 0x7f, 0x77, 0xab, 0x6a, 0x90, 0x0a, 0x92, 0xaa,
  0x52, 0xaa, 0xa8, 0x08, 0xb7, 0xff, 0x6f, 0xda, 0xab, 0xdd, 0x7d, 0xb6, 0x42, 0x25, 0x4a, 0x49,
  0xaa, 0xaa, 0xae, 0x82, 0x5d, 0x55, 0xda, 0xed, 0x5a, 0xb7, 0xaa, 0xda, 0x00, 0x92, 0x29, 0x54,
  0x4a, 0xaa, 0xa9, 0x28, 0x56, 0xff, 0x7f, 0x75, 0x57, 0xed, 0x6f, 0x6a, 0x48, 0x15, 0x55, 0x25,
  0x55, 0x55, 0x55, 0x01, 0x15, 0xaa, 0xd5, 0xda, 0x9d, 0x76, 0xda, 0xa8, 0x01, 0x48, 0x92, 0x92,
  0xa9, 0x2a, 0xaa, 0xd2, 0x17, 0x7f, 0xff, 0x6a, 0xab, 0xad, 0xb5, 0xa2, 0x04, 0x55, 0x49, 0x55,
  0x4a, 0xa9, 0x55, 0x48, 0x41, 0xaa, 0xab, 0xba, 0xae, 0xf6, 0xd6, 0x90, 0x41, 0x24, 0xaa, 0x48,
  0x55, 0x55, 0x55, 0x52, 0x14, 0xb7, 0x7d, 0x6d, 0x5b, 0x5a, 0xaa, 0x40, 0x15, 0x52, 0x95, 0x2a,
  0x49, 0x2a, 0xaa, 0xaa, 0x80, 0x55, 0xab, 0xdb, 0xb5, 0x55, 0x50, 0x05, 0x4a, 0x4a, 0x48, 0xa5,
  0xaa, 0xa5, 0x55, 0x55, 0x55, 0x0a, 0x55, 0x54, 0x44, 0x80, 0x04, 0x00, 0x29, 0x29, 0x55, 0x54,
  0x52, 0x54, 0x95, 0x55, 0x52, 0x00, 0x24, 0x00, 0x00, 0x12, 0x00, 0x01, 0x45, 0x55, 0x24, 0x92,
  0x4a, 0x92, 0xa9, 0x55, 0x48, 0x00, 0x80, 0x24, 0x80, 0x00, 0x00, 0x00, 0x29, 0x24, 0xaa, 0x4a,
  0xa9, 0x55, 0x55, 0x55, 0x20, 0x22, 0x00, 0x81, 0x29, 0x00, 0x00, 0x00, 0x14, 0x92, 0x92, 0xaa,
  0x55, 0x4a, 0x4a, 0x55, 0x49, 0x00, 0x04, 0x15, 0x40, 0x20, 0x00, 0x10, 0x02, 0xaa, 0x49, 0x52,
  0x4a, 0x55, 0x25, 0x49, 0x00, 0x80, 0x10, 0x4a, 0xb4, 0x02, 0x20, 0x02, 0x0a, 0x49, 0x55, 0x2a,
  0xa9, 0x49, 0x54, 0xa2, 0x24, 0x40, 0x01, 0x37, 0x55, 0x00, 0x00, 0x90, 0x41, 0x25, 0x24, 0x95,
  0x55, 0x2a, 0xaa, 0x94, 0x02, 0xa4, 0x44, 0xad, 0xd4, 0x48, 0x00, 0x2a, 0x00, 0x92, 0x92, 0xa4,
  0xaa, 0xa4, 0x92, 0x50, 0x54, 0x50, 0x11, 0x76, 0xbb, 0x00, 0x02, 0x44, 0x81, 0x24, 0x55, 0x2a,
  0x55, 0x55, 0x55, 0x56, 0x25, 0x20, 0x05, 0xad, 0xd5, 0xa0, 0x80, 0x95, 0x24, 0x92, 0xa4, 0xa5,
  0xa9, 0x2a, 0x49, 0x59, 0x52, 0x91, 0x25, 0x76, 0xbe, 0xa2, 0x04, 0x54, 0x81, 0x55, 0x12, 0x92,
  0x55, 0x49, 0x55, 0x54, 0xaa, 0x5c, 0x16, 0xdf, 0xd5, 0xa8, 0x01, 0x2a, 0x54, 0xa8, 0xd5, 0x54,
  0xaa, 0xaa, 0xa4, 0xaa, 0xaa, 0xaf, 0x95, 0xf5, 0x6d, 0x51, 0x50, 0xaa, 0x80, 0xa5, 0x24, 0x4a,
  0xaa, 0xa5, 0x2a, 0x92, 0xaa, 0xb5, 0x57, 0x5e, 0xdb, 0xab, 0xe5, 0x2a, 0x54, 0x54, 0x92, 0xa2,
  0x55, 0x54, 0xa5, 0x4a, 0xfd, 0x5e, 0x96, 0xf7, 0x6d, 0x76, 0xb0, 0xaa, 0xa9, 0x0a, 0x4a, 0x14,
  0xaa, 0x92, 0x94, 0xab, 0x56, 0xb5, 0x5b, 0xba, 0xf6, 0xdb, 0xd4, 0x55, 0x50, 0x51, 0x29, 0x52,
  0xb5, 0x55, 0x52, 0x55, 0xff, 0x5b, 0x57, 0xdf, 0xab, 0x55, 0x6a, 0x97, 0xad, 0x04, 0xa4, 0xa9,
  0xaa, 0xa9, 0x2a, 0x8b, 0x77, 0xed, 0x5d, 0x75, 0x7d, 0xee, 0xa9, 0x7d, 0x68, 0x22, 0x12, 0x04,
  0x55, 0x54, 0x92, 0x6f, 0xde, 0xb5, 0x6f, 0xdf, 0xd6, 0xb5, 0xaa, 0xdf, 0xd4, 0x89, 0x49, 0x52,
  0xaa, 0xa5, 0x49, 0x15, 0xff, 0xd5, 0x76, 0xf5, 0x7b, 0xda, 0xd5, 0xf5, 0x7a, 0x10, 0x24, 0x49,
  0xda, 0xaa, 0xaa, 0xd7, 0x7f, 0xfa, 0xbf, 0xbf, 0xd6, 0xad, 0x57, 0xbf, 0xd4, 0x45, 0x42, 0x24,
  0x55, 0x54, 0x94, 0x2d, 0xed, 0xaa, 0xeb, 0xfd, 0xff, 0xf7, 0x6e, 0xff, 0x6d, 0x00, 0x11, 0x11,
  0xaa, 0xaa, 0x53, 0x57, 0xbf, 0xfd, 0xbe, 0xd7, 0x6a, 0xba, 0xbb, 0xed, 0xf4, 0x25, 0x44, 0x84,
  0xb5, 0x55, 0x48, 0x9d, 0xfe, 0xd6, 0xff, 0xff, 0xff, 0xd7, 0x5f, 0xbf, 0xae, 0x80, 0x10, 0x50,
  0xab, 0x52, 0xaa, 0xaf, 0xfb, 0xfb, 0x57, 0x7e, 0xdb, 0x7a, 0xd6, 0xfe, 0xf4, 0x12, 0x45, 0x05,
  0xb5, 0x55, 0x25, 0x5b, 0x7e, 0xad, 0xfd, 0xef, 0xff, 0xef, 0x6f, 0xfb, 0xab, 0x00, 0x10, 0x20,
  0xad, 0x55, 0x54, 0x9f, 0xef, 0xb6, 0xbf, 0xfb, 0x6a, 0xba, 0xaa, 0xdf, 0xfd, 0x25, 0x42, 0x8a,
  0xb5, 0xaa, 0xaa, 0x56, 0xfa, 0xcb, 0x6b, 0x6f, 0xff, 0xed, 0xb7, 0x7e, 0xd5, 0x00, 0x08, 0x20,
  0xaa, 0xb5, 0x25, 0x5f, 0xff, 0x55, 0xdf, 0xfe, 0xdb, 0xb6, 0xd5, 0xfb, 0xed, 0x11, 0x21, 0x09,
  0xb6, 0xd4, 0xa9, 0x5b, 0xb5, 0xae, 0xfb, 0x5b, 0xfe, 0xfb, 0x54, 0xdf, 0x74, 0x04, 0x04, 0x42,
  0xda, 0xaa, 0xa5, 0x3e, 0xfe, 0xbb, 0xbf, 0xff, 0x6f, 0xbf, 0xf5, 0x7f, 0xae, 0x90, 0x51, 0x10,
  0x55, 0x55, 0x54, 0xaf, 0xeb, 0x7f, 0xfb, 0x57, 0xfa, 0xf7, 0xdd, 0xb5, 0xf4, 0x01, 0x00, 0x44,
  0xb6, 0xda, 0xaa, 0xb5, 0xbe, 0xff, 0xff, 0xfa, 0xaf, 0xff, 0x7e, 0xff, 0x55, 0x20, 0x14, 0x11,
  0xdb, 0x6a, 0xa5, 0x5f, 0xf7, 0xfb, 0xbe, 0xef, 0xfe, 0xff, 0xfb, 0x56, 0xec, 0x04, 0x81, 0x44,
  0x6d, 0x55, 0x54, 0x95, 0xbf, 0xef, 0xef, 0xfa, 0xdb, 0xdb, 0xef, 0xdf, 0xb4, 0x10, 0x24, 0x01,
  0xaa, 0xaa, 0xaa, 0xaf, 0x6b, 0xbf, 0x7d, 0xbd, 0xbf, 0xff, 0x7f, 0x6a, 0xd1, 0x01, 0x00, 0x94
};
// Author :- Ashish ( ashish_y_794 )
// Website : https://www.oledanimationmaker.com/

const uint8_t PROGMEM frame36[1024] = {
  0x55, 0xfe, 0xd5, 0x6d, 0x74, 0x05, 0xff, 0xff, 0xff, 0xfd, 0x80, 0x15, 0x00, 0x07, 0x7d, 0xc9,
  0xaa, 0x45, 0x20, 0x81, 0xb9, 0x50, 0xad, 0xb6, 0xb5, 0x56, 0xaa, 0x96, 0x80, 0x05, 0x36, 0xd4,
  0x55, 0x55, 0x42, 0x0a, 0xea, 0x0a, 0xff, 0xef, 0xef, 0xfb, 0x00, 0x2a, 0xa0, 0x05, 0x97, 0xa5,
  0xaa, 0xaa, 0x80, 0x03, 0x78, 0xa0, 0xaa, 0xbd, 0x7d, 0x56, 0xa9, 0x15, 0x88, 0x00, 0x28, 0x52,
  0x55, 0x55, 0x08, 0x25, 0xaa, 0x15, 0x7f, 0xf7, 0xd7, 0xfd, 0x00, 0x4d, 0x60, 0x00, 0x12, 0x95,
  0xaa, 0xaa, 0x80, 0x8b, 0xf8, 0x80, 0xad, 0xbd, 0x7d, 0xaa, 0x95, 0x15, 0x90, 0x82, 0x4a, 0xa4,
  0x55, 0x55, 0x22, 0x05, 0x55, 0x2a, 0xff, 0xef, 0xd7, 0x7e, 0x40, 0x16, 0xc0, 0x08, 0x29, 0x2a,
  0xaa, 0xaa, 0x88, 0x16, 0xf8, 0x44, 0x55, 0x75, 0x7d, 0xd5, 0x12, 0x4b, 0x54, 0x00, 0x14, 0x92,
  0x55, 0x55, 0x40, 0x05, 0xad, 0x11, 0x7f, 0xbf, 0xd7, 0x7b, 0x40, 0x1d, 0x60, 0x00, 0x4a, 0xa9,
  0xaa, 0xaa, 0x81, 0x2a, 0xf4, 0x44, 0xaa, 0xd5, 0x7d, 0xd6, 0x15, 0x4a, 0xa8, 0x00, 0x24, 0x94,
  0x55, 0x55, 0x24, 0x07, 0x5a, 0x11, 0x7f, 0xff, 0xaf, 0x6d, 0x80, 0x2b, 0x50, 0x44, 0xaa, 0x52,
  0xaa, 0xaa, 0x80, 0x15, 0xec, 0xa4, 0xd5, 0x55, 0x75, 0xbb, 0x52, 0x2d, 0xa1, 0x00, 0x25, 0x4a,
  0x55, 0x55, 0x51, 0x05, 0x5e, 0x03, 0x7f, 0xfa, 0xae, 0xed, 0x40, 0xb5, 0x54, 0x00, 0x94, 0xaa,
  0xaa, 0xaa, 0xa4, 0x26, 0xf5, 0xa9, 0xda, 0xad, 0x5b, 0xb7, 0x55, 0x56, 0xd0, 0x08, 0xaa, 0x52,
  0x55, 0x55, 0x40, 0x0b, 0x5e, 0xd7, 0x77, 0xd6, 0xd6, 0xed, 0xaa, 0xaa, 0xa0, 0x22, 0x49, 0x49,
  0xaa, 0xaa, 0xa2, 0x45, 0xeb, 0x6d, 0xdd, 0x7b, 0x5b, 0xba, 0xeb, 0x7b, 0x40, 0x81, 0x25, 0x2a,
  0x55, 0x55, 0x50, 0x12, 0xbd, 0xde, 0xf7, 0xd5, 0x56, 0xef, 0x5d, 0xaa, 0xa2, 0x01, 0x54, 0xa5,
  0xa4, 0xaa, 0xa9, 0x02, 0xd7, 0x77, 0x5d, 0x7a, 0xdb, 0xb5, 0xea, 0xdb, 0x40, 0x14, 0xaa, 0x94,
  0x55, 0x55, 0x50, 0x49, 0x6d, 0xdb, 0xf7, 0xd7, 0x5d, 0xde, 0xb7, 0x6d, 0x08, 0x42, 0x92, 0x52,
  0x55, 0x55, 0x55, 0x01, 0x5e, 0xee, 0xbd, 0xba, 0xae, 0xeb, 0xad, 0xb5, 0x41, 0x09, 0x49, 0x4a,
  0x92, 0xaa, 0xa8, 0x48, 0xb5, 0xbb, 0xee, 0xed, 0x75, 0xbd, 0x76, 0xd6, 0x04, 0x05, 0x2a, 0xa9,
  0x55, 0x55, 0x56, 0x02, 0x5b, 0xde, 0xbb, 0xb5, 0x57, 0xd7, 0xbb, 0x5a, 0x40, 0x54, 0xa4, 0x94,
  0x54, 0xa5, 0x55, 0x50, 0x16, 0xb7, 0xee, 0xfa, 0x9a, 0xba, 0xd5, 0xa8, 0x11, 0x12, 0x92, 0x4a,
  0x92, 0x94, 0xaa, 0x84, 0x97, 0x7a, 0xbb, 0xaa, 0xaf, 0xef, 0x6e, 0xd4, 0x80, 0x4a, 0x55, 0x52,
  0x55, 0x55, 0x55, 0x48, 0x09, 0xd7, 0xee, 0xf5, 0x55, 0x5a, 0xb5, 0x40, 0x04, 0xa9, 0x4a, 0x95,
  0x4a, 0x55, 0x55, 0x51, 0x45, 0x6d, 0x5b, 0xba, 0xae, 0xeb, 0x55, 0x22, 0x11, 0x25, 0x28, 0xa8,
  0xa9, 0x4a, 0x92, 0xa4, 0x10, 0x5b, 0xb6, 0xd6, 0xdb, 0x5a, 0xaa, 0x08, 0x05, 0x54, 0xa5, 0x25,
  0x55, 0x29, 0x55, 0x55, 0x02, 0x25, 0x6d, 0x6b, 0x54, 0xa5, 0x20, 0x00, 0xb4, 0x92, 0x94, 0x95,
  0x49, 0x54, 0xaa, 0xaa, 0xa8, 0x88, 0x95, 0x28, 0x00, 0x00, 0x00, 0x02, 0x45, 0x4a, 0x52, 0xa8,
  0xa5, 0x4a, 0x92, 0x55, 0x54, 0x00, 0x00, 0x00, 0x01, 0x10, 0x00, 0x00, 0x29, 0x29, 0x4a, 0x55,
  0x54, 0xa5, 0x4a, 0xaa, 0xa0, 0x00, 0x00, 0x82, 0x48, 0x00, 0x00, 0x00, 0x8a, 0xa5, 0x29, 0x45,
  0x55, 0x29, 0x2a, 0x92, 0x41, 0x01, 0x12, 0x11, 0x00, 0x40, 0x00, 0x20, 0x11, 0x14, 0xa5, 0x34,
  0xa5, 0x54, 0xa9, 0x49, 0x08, 0x40, 0x00, 0x0a, 0xa9, 0x02, 0x00, 0x00, 0x04, 0xaa, 0x94, 0x92,
  0x54, 0x92, 0x94, 0x92, 0x21, 0x00, 0x21, 0x55, 0x68, 0x00, 0x22, 0x08, 0x02, 0x91, 0x52, 0xaa,
  0xaa, 0xaa, 0xa5, 0x48, 0x04, 0xa4, 0x04, 0x2e, 0xaa, 0x10, 0x00, 0x42, 0x20, 0x44, 0x8a, 0xa5,
  0x55, 0x49, 0x54, 0xa8, 0x91, 0x20, 0x41, 0x75, 0xeb, 0x40, 0x80, 0x29, 0x01, 0x2a, 0x54, 0x94,
  0xa4, 0xa5, 0x25, 0x54, 0x4a, 0x40, 0x12, 0xae, 0xb5, 0x02, 0x01, 0x14, 0x40, 0x92, 0xa5, 0x52,
  0x55, 0x2a, 0x95, 0x55, 0x29, 0x29, 0x05, 0xf5, 0xdd, 0xd0, 0x00, 0x49, 0x12, 0xa9, 0x28, 0x8a,
  0xaa, 0xa9, 0x52, 0x52, 0xa5, 0x54, 0x56, 0xaf, 0x6a, 0xa0, 0xa5, 0x2a, 0x81, 0x54, 0x95, 0x55,
  0x55, 0x4a, 0x4a, 0xa9, 0x54, 0xbf, 0x15, 0xba, 0xde, 0xb5, 0xd0, 0xa9, 0x28, 0xaa, 0xa2, 0x20,
  0xaa, 0xa5, 0x29, 0x55, 0x55, 0x6d, 0x4e, 0xef, 0x6b, 0x56, 0xf4, 0x25, 0x44, 0x51, 0x15, 0x56,
  0xb5, 0x29, 0x54, 0x92, 0xad, 0x5b, 0x2b, 0xbb, 0xb5, 0xd5, 0xa9, 0x55, 0x29, 0x0a, 0x52, 0x49,
  0x55, 0x55, 0x25, 0x4a, 0xf5, 0x75, 0xad, 0xed, 0x6e, 0xb6, 0xd4, 0x8a, 0xa0, 0x51, 0x24, 0x90,
  0xaa, 0xa9, 0x52, 0x55, 0xbe, 0xae, 0x57, 0x7f, 0xdb, 0x6b, 0x69, 0x2a, 0xac, 0x8a, 0x49, 0x25,
  0xaa, 0xa4, 0x95, 0x27, 0xef, 0xb5, 0x5d, 0xaa, 0xb5, 0xb5, 0xaa, 0x5f, 0xa8, 0x20, 0x92, 0x44,
  0xb5, 0x55, 0x49, 0x55, 0x7b, 0x6a, 0xb7, 0xff, 0x7e, 0xde, 0xb1, 0x75, 0xd5, 0x0a, 0x04, 0x11,
  0x55, 0x52, 0x54, 0x97, 0xff, 0xd5, 0x7d, 0xab, 0xd5, 0xaa, 0xd5, 0xdf, 0x74, 0x20, 0xa1, 0x48,
  0xaa, 0xaa, 0x92, 0x56, 0xdf, 0x6a, 0xd7, 0xfe, 0xef, 0x75, 0x57, 0x7d, 0xd4, 0x84, 0x14, 0x22,
  0xb5, 0x55, 0x4a, 0xaf, 0xf7, 0xdd, 0x7e, 0xdf, 0x7b, 0xde, 0xdb, 0xf7, 0x6d, 0x01, 0x41, 0x08,
  0xaa, 0xa9, 0x29, 0x2a, 0xde, 0xea, 0xdb, 0xfb, 0xdd, 0x6b, 0x5f, 0xdf, 0xb4, 0x24, 0x14, 0x42,
  0xad, 0x54, 0xa5, 0x5f, 0xff, 0xbd, 0xbf, 0xbe, 0xf7, 0xf5, 0x6b, 0x7e, 0xea, 0x01, 0x01, 0x10,
  0xb5, 0x55, 0x54, 0x95, 0xbe, 0xf6, 0xf6, 0xf7, 0xde, 0xbe, 0xbf, 0xff, 0xb6, 0x90, 0x50, 0x4a,
  0xaa, 0xaa, 0x92, 0xaf, 0xfb, 0xdb, 0x7f, 0xff, 0x7b, 0xeb, 0xab, 0x76, 0xda, 0x05, 0x05, 0x00,
  0xab, 0x55, 0x4a, 0x5b, 0x7f, 0x7d, 0xb7, 0xdd, 0xef, 0x7d, 0x5f, 0xdf, 0xea, 0x40, 0x20, 0x54,
  0xb5, 0x6a, 0x55, 0x2f, 0xee, 0xca, 0xfe, 0xf7, 0xfd, 0xd6, 0xea, 0xfe, 0xb6, 0x12, 0x4a, 0x02,
  0xad, 0xaa, 0xa9, 0x5d, 0xfd, 0xab, 0x5b, 0xbf, 0x5f, 0xfb, 0x55, 0xfb, 0xda, 0x80, 0x00, 0xa0,
  0xb5, 0x55, 0x25, 0x2f, 0x7f, 0x55, 0xf7, 0xfb, 0xf6, 0xad, 0x56, 0xbf, 0xea, 0x12, 0x48, 0x0a,
  0xd6, 0xaa, 0xaa, 0xbb, 0xeb, 0xae, 0xbe, 0xde, 0xff, 0xf7, 0xb3, 0xfd, 0x5d, 0x00, 0x02, 0xa0,
  0x5a, 0xd5, 0x54, 0x9f, 0xbe, 0xbb, 0xef, 0xb7, 0xab, 0x5e, 0xec, 0xb7, 0xea, 0x24, 0xa8, 0x0a,
  0xab, 0x5a, 0xa5, 0x55, 0xfb, 0x7f, 0xfd, 0xfd, 0xff, 0xff, 0xfa, 0xff, 0x5a, 0x00, 0x02, 0x40,
  0xed, 0x6a, 0x95, 0x5f, 0xef, 0xff, 0xff, 0xaf, 0x7a, 0xff, 0xff, 0x5b, 0xea, 0x22, 0x48, 0x15,
  0x56, 0xaa, 0xa9, 0x2d, 0x7b, 0xfb, 0x77, 0xf5, 0xdf, 0xed, 0xb7, 0xbe, 0xb4, 0x08, 0x01, 0x40,
  0xbb, 0x55, 0x55, 0x57, 0xde, 0xdf, 0xfe, 0xfe, 0xf7, 0xbf, 0xfe, 0xeb, 0xa8, 0x80, 0x90, 0x0a,
  0xd5, 0xb6, 0xaa, 0xad, 0xb7, 0xff, 0xdf, 0xd5, 0xbe, 0xff, 0xb7, 0xb6, 0xea, 0x12, 0x04, 0x90
};
// Author :- Ashish ( ashish_y_794 )
// Website : https://www.oledanimationmaker.com/

const uint8_t PROGMEM frame37[1024] = {
  0x55, 0xfe, 0xd5, 0x6d, 0x74, 0x05, 0xff, 0xff, 0xff, 0xfd, 0x80, 0x15, 0x00, 0x07, 0x7d, 0xc9,
  0xaa, 0x45, 0x20, 0x81, 0xb9, 0x50, 0xad, 0xb6, 0xb5, 0x56, 0xaa, 0x96, 0x80, 0x05, 0x36, 0xd4,
  0x55, 0x55, 0x42, 0x0a, 0xea, 0x0a, 0xff, 0xef, 0xef, 0xfb, 0x00, 0x2a, 0xa0, 0x05, 0x97, 0xa5,
  0xaa, 0xaa, 0x80, 0x03, 0x78, 0xa0, 0xaa, 0xbd, 0x7d, 0x56, 0xa4, 0x95, 0x88, 0x00, 0x28, 0x52,
  0x55, 0x55, 0x08, 0x25, 0xaa, 0x15, 0x7f, 0xf7, 0xd7, 0xfd, 0x08, 0x16, 0xa0, 0x00, 0x12, 0x95,
  0xaa, 0xaa, 0x80, 0x8b, 0xf8, 0x80, 0xb6, 0xdd, 0x7d, 0xaa, 0x91, 0x15, 0x50, 0x82, 0x4a, 0xa4,
  0x55, 0x55, 0x22, 0x05, 0x54, 0x55, 0x6f, 0xf7, 0xd7, 0x7e, 0x40, 0x56, 0xc0, 0x08, 0x29, 0x2a,
  0xaa, 0xaa, 0x88, 0x16, 0xfa, 0x08, 0xba, 0xbd, 0xbd, 0xd5, 0x0a, 0x15, 0x72, 0x00, 0x14, 0x92,
  0x55, 0x55, 0x40, 0x05, 0xa9, 0x52, 0xef, 0xd7, 0x77, 0x76, 0xa0, 0x97, 0x48, 0x00, 0x4a, 0xa9,
  0xaa, 0xaa, 0x81, 0x2a, 0xfc, 0x00, 0xbd, 0x7d, 0xdd, 0xdb, 0x08, 0x2a, 0xa0, 0x00, 0x24, 0x94,
  0x55, 0x55, 0x24, 0x07, 0x54, 0xaa, 0xd7, 0xd6, 0xef, 0x6d, 0x42, 0x95, 0xb0, 0x11, 0x52, 0xa5,
  0xaa, 0xaa, 0x80, 0x15, 0xed, 0x01, 0x7d, 0x7b, 0x5a, 0xdb, 0x24, 0x2e, 0xc8, 0x40, 0x2a, 0x54,
  0x55, 0x55, 0x51, 0x05, 0x5c, 0xaa, 0xd7, 0xdd, 0x6f, 0xf6, 0x90, 0xb5, 0x50, 0x00, 0x95, 0x25,
  0xaa, 0xaa, 0xa4, 0x2b, 0xb7, 0x05, 0xbd, 0x6a, 0xb5, 0x5d, 0xc4, 0xaa, 0xa1, 0x04, 0x52, 0x94,
  0x55, 0x55, 0x40, 0x05, 0x7b, 0xd6, 0xf7, 0xb6, 0xcf, 0xeb, 0x75, 0xb6, 0xc4, 0x11, 0x49, 0x52,
  0xaa, 0xaa, 0xa2, 0x4a, 0xdd, 0x7b, 0xbd, 0xdb, 0x6a, 0xbd, 0xaa, 0xdb, 0x50, 0x00, 0xaa, 0x4a,
  0x55, 0x55, 0x50, 0x03, 0x6f, 0xae, 0xee, 0xed, 0x5f, 0xd6, 0xdf, 0x6a, 0x80, 0x45, 0x25, 0x2a,
  0xa4, 0xaa, 0xa9, 0x25, 0xb5, 0x7b, 0xb7, 0x75, 0x55, 0x7b, 0x6a, 0xad, 0xa1, 0x01, 0x52, 0xa5,
  0x55, 0x55, 0x50, 0x00, 0xdf, 0xde, 0xfb, 0xae, 0xb7, 0xae, 0xdb, 0xb6, 0x84, 0x14, 0x94, 0x94,
  0x55, 0x55, 0x55, 0x52, 0xb5, 0x6b, 0xae, 0xf5, 0xda, 0xf7, 0x6d, 0x6a, 0x00, 0x42, 0xa5, 0x52,
  0x92, 0xaa, 0xa8, 0x00, 0xaf, 0xbe, 0xfb, 0xba, 0xaf, 0x5a, 0xdb, 0xba, 0xa1, 0x0a, 0x54, 0xaa,
  0x55, 0x55, 0x56, 0x94, 0x5a, 0xeb, 0xb6, 0xda, 0x5b, 0xef, 0x6d, 0x55, 0x08, 0x29, 0x25, 0x12,
  0x54, 0xa5, 0x55, 0x01, 0x2d, 0xbe, 0xef, 0xea, 0xad, 0x75, 0xb6, 0xe8, 0x00, 0x15, 0x52, 0xa9,
  0x92, 0x94, 0xaa, 0xa4, 0x16, 0xd7, 0xba, 0xba, 0x97, 0xae, 0xdb, 0x54, 0x44, 0xc9, 0x29, 0x4a,
  0x55, 0x55, 0x55, 0x10, 0x85, 0xba, 0xef, 0xea, 0xda, 0xf5, 0xad, 0xa0, 0x01, 0x24, 0x94, 0xa5,
  0x4a, 0x55, 0x55, 0x44, 0x22, 0xdd, 0xba, 0xba, 0xae, 0xae, 0xb5, 0x01, 0x12, 0x55, 0x4a, 0x52,
  0xa9, 0x4a, 0x92, 0xb1, 0x08, 0x56, 0xd7, 0xd6, 0xdb, 0x55, 0x54, 0x20, 0x09, 0x24, 0xa5, 0x29,
  0x55, 0x29, 0x55, 0x54, 0x81, 0x2a, 0xba, 0x6b, 0x54, 0xaa, 0x40, 0x04, 0xa5, 0x52, 0x94, 0x94,
  0x49, 0x54, 0xaa, 0xab, 0x54, 0x01, 0x4a, 0x94, 0x00, 0x00, 0x00, 0x00, 0x54, 0x95, 0x52, 0xa5,
  0xa5, 0x4a, 0x92, 0x54, 0xa2, 0x04, 0x00, 0x00, 0x01, 0x20, 0x00, 0x01, 0x12, 0x48, 0x95, 0x2a,
  0x54, 0xa5, 0x4a, 0xaa, 0x90, 0x00, 0x00, 0x40, 0x90, 0x00, 0x00, 0x00, 0x4a, 0xaa, 0x52, 0x92,
  0x55, 0x29, 0x2a, 0x85, 0x40, 0x40, 0x09, 0x0a, 0x00, 0x01, 0x00, 0x00, 0x09, 0x25, 0x49, 0x55,
  0xa5, 0x54, 0xa9, 0x28, 0x04, 0x80, 0x20, 0x12, 0xd4, 0x88, 0x00, 0x44, 0x04, 0x94, 0xaa, 0x49,
  0x54, 0x92, 0x94, 0xa0, 0x10, 0x00, 0x81, 0x2a, 0xa8, 0x00, 0x04, 0x00, 0x01, 0x4a, 0x49, 0x2a,
  0xaa, 0xaa, 0xa5, 0x55, 0x02, 0xd0, 0x04, 0x57, 0x6a, 0x80, 0x00, 0x28, 0x80, 0x22, 0xa5, 0x55,
  0x55, 0x49, 0x55, 0x50, 0x54, 0x20, 0x11, 0x6d, 0xaa, 0x48, 0x20, 0x84, 0x09, 0x54, 0x94, 0xa4,
  0xa4, 0xa5, 0x24, 0xad, 0x52, 0x82, 0x42, 0xb6, 0xf7, 0x20, 0x80, 0x2a, 0xa0, 0x92, 0x52, 0x92,
  0x55, 0x2a, 0x95, 0x51, 0x29, 0x78, 0x0a, 0xdb, 0x5a, 0xc0, 0x02, 0xa8, 0x02, 0x55, 0x4a, 0x55,
  0xaa, 0xa9, 0x52, 0xaa, 0xa5, 0x5e, 0x97, 0x76, 0xed, 0x55, 0xe8, 0x25, 0x51, 0x54, 0xa5, 0x24,
  0x55, 0x4a, 0x4a, 0x54, 0x94, 0xb6, 0x55, 0xbf, 0x57, 0x6a, 0xf1, 0x55, 0x08, 0xaa, 0x12, 0x92,
  0xaa, 0xa5, 0x29, 0x4a, 0xd5, 0x7b, 0x2b, 0x6a, 0xfa, 0xab, 0xac, 0x0a, 0xa2, 0x51, 0x54, 0x49,
  0xb5, 0x29, 0x55, 0x25, 0x5a, 0xd5, 0x56, 0xff, 0xab, 0xda, 0xd1, 0x64, 0xa8, 0x0a, 0x49, 0x54,
  0x55, 0x55, 0x24, 0xaa, 0xed, 0x5a, 0x9b, 0xaa, 0xdd, 0x6d, 0xb4, 0x95, 0x49, 0x44, 0x92, 0x22,
  0xaa, 0xa9, 0x52, 0x95, 0xbe, 0xed, 0x6e, 0xff, 0x6b, 0x56, 0xd5, 0x2b, 0x54, 0x29, 0x24, 0x94,
  0xaa, 0xa4, 0x95, 0x4b, 0xf7, 0x55, 0x5b, 0xaa, 0xdd, 0xb5, 0x50, 0xae, 0xd0, 0x80, 0x49, 0x42,
  0xb5, 0x55, 0x48, 0xaa, 0xdf, 0xaa, 0xb7, 0xff, 0x76, 0xdb, 0x6a, 0xbb, 0xac, 0x15, 0x02, 0x11,
  0x55, 0x52, 0x55, 0x2f, 0xfd, 0xd5, 0xde, 0xb5, 0xdb, 0x6d, 0xab, 0xfe, 0xf4, 0x80, 0x54, 0x48,
  0xaa, 0xaa, 0x92, 0x95, 0x77, 0x75, 0x7b, 0xff, 0x77, 0xb6, 0xab, 0x6f, 0xaa, 0x12, 0x01, 0x12,
  0xb5, 0x55, 0x49, 0x57, 0xdf, 0xda, 0xdf, 0x6d, 0xdd, 0xda, 0xaf, 0xfb, 0x74, 0x41, 0x54, 0x41,
  0xaa, 0xa9, 0x2a, 0x2d, 0xff, 0xad, 0x77, 0xff, 0xf7, 0x76, 0xdb, 0x7f, 0xda, 0x08, 0x01, 0x14,
  0xad, 0x54, 0xa5, 0x5f, 0x7d, 0xf6, 0xdd, 0xdb, 0x7d, 0xdb, 0x6f, 0xee, 0xea, 0x82, 0x50, 0x40,
  0xb5, 0x55, 0x54, 0x95, 0xf7, 0x7b, 0x7f, 0xff, 0xdf, 0x76, 0xbd, 0xbf, 0xad, 0x10, 0x05, 0x12,
  0xaa, 0xaa, 0x92, 0xaf, 0xdf, 0xdd, 0xde, 0xef, 0x75, 0xdd, 0xaf, 0xfd, 0xd4, 0x05, 0x48, 0x44,
  0xab, 0x55, 0x4a, 0x5b, 0x7e, 0xb6, 0xf7, 0xbd, 0xff, 0xf6, 0xd5, 0xf7, 0x76, 0x90, 0x01, 0x01,
  0xb5, 0x6a, 0x55, 0x5f, 0xff, 0xd5, 0x5e, 0xff, 0xdb, 0x5d, 0x6f, 0x5f, 0xda, 0x00, 0xa8, 0x54,
  0xad, 0xaa, 0xa9, 0x2b, 0xf5, 0x57, 0xfb, 0xed, 0xff, 0xf7, 0xaa, 0xfe, 0xea, 0x92, 0x02, 0x00,
  0xb5, 0x55, 0x25, 0x5e, 0xdf, 0xa9, 0x5f, 0xbf, 0x55, 0xba, 0xab, 0xff, 0xb6, 0x00, 0x48, 0x95,
  0xd6, 0xaa, 0xaa, 0x5b, 0xfd, 0x57, 0xed, 0xf7, 0xff, 0xdd, 0xb4, 0xb6, 0xda, 0x24, 0x02, 0x20,
  0x5a, 0xd5, 0x55, 0x5f, 0x77, 0x7e, 0xff, 0x5d, 0xbd, 0x77, 0xea, 0xff, 0xb5, 0x01, 0x28, 0x04,
  0xab, 0x5a, 0xa4, 0xab, 0xfd, 0xdf, 0xdd, 0xf7, 0xef, 0xff, 0xbd, 0xbb, 0x6c, 0x10, 0x01, 0x51,
  0xed, 0x6a, 0x95, 0x2f, 0xb7, 0x7f, 0xff, 0xde, 0xfb, 0x7e, 0xfe, 0xef, 0xd4, 0x82, 0x48, 0x04,
  0x56, 0xaa, 0xaa, 0xba, 0xfd, 0xfb, 0x7f, 0x75, 0xbf, 0xf7, 0xf7, 0x5d, 0x74, 0x08, 0x02, 0x41,
  0xbb, 0x55, 0x52, 0x8f, 0xd7, 0xff, 0xed, 0xff, 0xeb, 0xdf, 0xff, 0xf7, 0xaa, 0x40, 0x90, 0x14,
  0xd5, 0xb6, 0xaa, 0x6b, 0x7f, 0xef, 0xff, 0xea, 0xbf, 0xff, 0x6d, 0xad, 0x74, 0x04, 0x04, 0x81
};
// Author :- Ashish ( ashish_y_794 )
// Website : https://www.oledanimationmaker.com/

const uint8_t PROGMEM frame38[1024] = {
  0x55, 0xfe, 0xd5, 0x6d, 0x74, 0x05, 0xff, 0xff, 0xff, 0xfd, 0x80, 0x15, 0x00, 0x07, 0x7d, 0xc9,
  0xaa, 0x45, 0x20, 0x81, 0xb9, 0x50, 0xad, 0xb6, 0xb5, 0x56, 0xaa, 0x96, 0x80, 0x05, 0x36, 0xd4,
  0x55, 0x55, 0x42, 0x0a, 0xea, 0x0a, 0xff, 0xef, 0xef, 0xfb, 0x00, 0x2a, 0xa0, 0x05, 0x97, 0xa5,
  0xaa, 0xaa, 0x80, 0x03, 0x78, 0xa0, 0xaa, 0xbd, 0x7d, 0x56, 0xa4, 0x95, 0x88, 0x00, 0x28, 0x52,
  0x55, 0x55, 0x08, 0x25, 0xaa, 0x15, 0x7f, 0xf7, 0xd7, 0xfd, 0x08, 0x16, 0xa0, 0x00, 0x12, 0x95,
  0xaa, 0xaa, 0x80, 0x8b, 0xf8, 0x80, 0xb6, 0xdd, 0x7d, 0xaa, 0x91, 0x15, 0x50, 0x82, 0x4a, 0xa4,
  0x55, 0x55, 0x22, 0x05, 0x54, 0x55, 0x6f, 0xf7, 0xd7, 0x7e, 0x40, 0x56, 0xc0, 0x08, 0x29, 0x2a,
  0xaa, 0xaa, 0x88, 0x16, 0xfa, 0x08, 0xba, 0xbd, 0xbd, 0xd5, 0x0a, 0x15, 0x72, 0x00, 0x14, 0x92,
  0x55, 0x55, 0x40, 0x05, 0xa9, 0x52, 0xef, 0xd7, 0x77, 0x76, 0xa0, 0x97, 0x48, 0x00, 0x4a, 0xa9,
  0xaa, 0xaa, 0x81, 0x2a, 0xfc, 0x00, 0xbd, 0x7d, 0xdd, 0xdb, 0x08, 0x2a, 0xa0, 0x00, 0x24, 0x94,
  0x55, 0x55, 0x24, 0x07, 0x54, 0xaa, 0xd7, 0xd6, 0xef, 0x6d, 0x42, 0x95, 0xb0, 0x11, 0x52, 0xa5,
  0xaa, 0xaa, 0x80, 0x15, 0xed, 0x01, 0x7d, 0x7b, 0x5a, 0xdb, 0x24, 0x2e, 0xc8, 0x40, 0x2a, 0x54,
  0x55, 0x55, 0x51, 0x05, 0x5c, 0xaa, 0xd7, 0xdd, 0x6f, 0xf6, 0x90, 0xb5, 0x50, 0x00, 0x95, 0x25,
  0xaa, 0xaa, 0xa4, 0x2b, 0xb7, 0x05, 0xbd, 0x6a, 0xb5, 0x5d, 0xc4, 0xaa, 0xa1, 0x04, 0x52, 0x94,
  0x55, 0x55, 0x40, 0x05, 0x7b, 0xd6, 0xf7, 0xb6, 0xcf, 0xeb, 0x75, 0xb6, 0xc4, 0x11, 0x49, 0x52,
  0xaa, 0xaa, 0xa2, 0x45, 0xdd, 0x7b, 0xbd, 0xdb, 0x6a, 0xbd, 0xaa, 0xdb, 0x50, 0x00, 0xaa, 0x4a,
  0x55, 0x55, 0x50, 0x12, 0xaf, 0xae, 0xee, 0xed, 0x5f, 0xd6, 0xdf, 0x6a, 0x80, 0x45, 0x25, 0x2a,
  0xa4, 0xaa, 0xa9, 0x05, 0xf5, 0x7b, 0xb7, 0x75, 0x55, 0x7b, 0x6a, 0xad, 0xa1, 0x01, 0x52, 0xa5,
  0x55, 0x55, 0x50, 0x41, 0x3f, 0xde, 0xfb, 0xae, 0xb7, 0xae, 0xdb, 0xb6, 0x84, 0x14, 0x94, 0x94,
  0x55, 0x55, 0x55, 0x12, 0xd5, 0x6b, 0xae, 0xf5, 0xda, 0xf7, 0x6d, 0x6a, 0x00, 0x42, 0xa5, 0x52,
  0x92, 0xaa, 0xa8, 0x40, 0x5b, 0xbe, 0xfb, 0xba, 0xaf, 0x5a, 0xdb, 0xba, 0xa1, 0x0a, 0x54, 0xaa,
  0x55, 0x55, 0x56, 0x09, 0x2e, 0xeb, 0xb6, 0xda, 0x5b, 0xef, 0x6d, 0x55, 0x08, 0x29, 0x25, 0x12,
  0x54, 0xa5, 0x55, 0x40, 0x55, 0xbe, 0xef, 0xea, 0xad, 0x75, 0xb6, 0xe8, 0x00, 0x15, 0x52, 0xa9,
  0x92, 0x94, 0xaa, 0x95, 0x17, 0x6b, 0xba, 0xba, 0x97, 0xae, 0xdb, 0x54, 0x44, 0xc9, 0x29, 0x4a,
  0x55, 0x55, 0x55, 0x40, 0x09, 0xbd, 0xef, 0xea, 0xda, 0xf5, 0xad, 0xa0, 0x01, 0x24, 0x94, 0xa5,
  0x4a, 0x55, 0x55, 0x52, 0x45, 0x6b, 0x5a, 0xba, 0xae, 0xae, 0xb5, 0x01, 0x12, 0x55, 0x4a, 0x52,
  0xa9, 0x4a, 0x92, 0xa8, 0x10, 0xad, 0xbf, 0xd6, 0xdb, 0x55, 0x54, 0x20, 0x09, 0x24, 0xa5, 0x29,
  0x55, 0x29, 0x55, 0x55, 0x42, 0x16, 0xd2, 0x6b, 0x54, 0xaa, 0x40, 0x04, 0xa5, 0x52, 0x94, 0x94,
  0x49, 0x54, 0xaa, 0xaa, 0x90, 0x40, 0x2a, 0x94, 0x00, 0x00, 0x00, 0x00, 0x54, 0x95, 0x52, 0xa5,
  0xa5, 0x4a, 0x92, 0x4a, 0xaa, 0x02, 0x00, 0x00, 0x01, 0x20, 0x00, 0x01, 0x12, 0x48, 0x95, 0x2a,
  0x54, 0xa5, 0x4a, 0xaa, 0x90, 0x00, 0x01, 0x10, 0x90, 0x00, 0x00, 0x00, 0x4a, 0xaa, 0x52, 0x92,
  0x55, 0x29, 0x2a, 0x92, 0x40, 0x00, 0x24, 0x02, 0x00, 0x01, 0x00, 0x00, 0x11, 0x25, 0x49, 0x55,
  0xa5, 0x54, 0xa9, 0x45, 0x02, 0x90, 0x00, 0x4a, 0xd4, 0x88, 0x00, 0x44, 0x05, 0x52, 0xaa, 0x49,
  0x54, 0x92, 0x94, 0x90, 0x10, 0x40, 0x81, 0x2a, 0xa8, 0x00, 0x04, 0x00, 0x02, 0x29, 0x12, 0xaa,
  0xaa, 0xaa, 0xa5, 0x54, 0x45, 0x00, 0x14, 0x57, 0x6a, 0x80, 0x00, 0x28, 0x80, 0x84, 0xa9, 0x25,
  0x55, 0x49, 0x54, 0xa8, 0x10, 0xa2, 0x01, 0x5a, 0xd5, 0x22, 0x00, 0x84, 0x08, 0xaa, 0x94, 0xaa,
  0xa4, 0xa5, 0x25, 0x55, 0x4a, 0xa0, 0x45, 0x6f, 0x76, 0x80, 0x20, 0x2a, 0x81, 0x24, 0xa5, 0x49,
  0x55, 0x2a, 0x95, 0x51, 0x54, 0x58, 0x12, 0xda, 0xda, 0xd0, 0x82, 0xa8, 0x40, 0xaa, 0x52, 0x24,
  0xaa, 0xa9, 0x52, 0xaa, 0x53, 0x5e, 0x8d, 0xbd, 0xad, 0x49, 0x50, 0x25, 0x2a, 0xa9, 0x29, 0xaa,
  0x55, 0x4a, 0x4a, 0x55, 0x48, 0xea, 0x56, 0xeb, 0xf7, 0x6b, 0xe9, 0x55, 0x40, 0xa4, 0x8a, 0x25,
  0xaa, 0xa5, 0x29, 0x25, 0x5a, 0xbf, 0x2b, 0xbe, 0xaa, 0xb5, 0x54, 0x14, 0x94, 0x55, 0x51, 0x50,
  0xb5, 0x29, 0x55, 0x52, 0xad, 0x55, 0x56, 0xeb, 0x7b, 0xd6, 0xe9, 0x4a, 0x49, 0x22, 0x2a, 0x0a,
  0x55, 0x55, 0x24, 0x95, 0xf6, 0xea, 0x9b, 0xbd, 0xcd, 0x5b, 0x54, 0xaa, 0xa0, 0x14, 0x85, 0x65,
  0xaa, 0xa9, 0x52, 0x55, 0x5d, 0x5d, 0x5e, 0xef, 0x76, 0xea, 0xea, 0x4b, 0x5a, 0x82, 0x50, 0x90,
  0xaa, 0xa4, 0x95, 0x4b, 0xff, 0xaa, 0xab, 0xb5, 0xbb, 0x57, 0x51, 0x37, 0xa4, 0x28, 0x8a, 0x0a,
  0xb5, 0x55, 0x49, 0x2b, 0x6d, 0xd5, 0x7e, 0xfe, 0xd6, 0xea, 0xaa, 0xdd, 0x74, 0x02, 0x21, 0x51,
  0x55, 0x52, 0x54, 0xad, 0xff, 0x6a, 0xd7, 0xaf, 0x7b, 0x5d, 0xaa, 0xff, 0xd4, 0xa8, 0x94, 0x04,
  0xaa, 0xaa, 0x92, 0x97, 0xbf, 0xb5, 0x7d, 0xfb, 0xdd, 0xea, 0xab, 0xb6, 0xda, 0x02, 0x02, 0xa2,
  0xb5, 0x55, 0x4a, 0x56, 0xf6, 0xda, 0xd7, 0xbe, 0xef, 0x76, 0xdf, 0xff, 0x6a, 0x08, 0xa8, 0x10,
  0xaa, 0xa9, 0x29, 0x5b, 0xff, 0xed, 0x7e, 0xf7, 0xbb, 0xad, 0x6b, 0x7b, 0xda, 0x40, 0x02, 0x45,
  0xad, 0x54, 0xa5, 0x2e, 0xdf, 0x76, 0xef, 0xfe, 0xfd, 0xf7, 0xbf, 0xef, 0x6a, 0x12, 0x90, 0x90,
  0xb5, 0x55, 0x54, 0x9b, 0xfb, 0xdb, 0x7d, 0xdb, 0xef, 0x5d, 0x56, 0xff, 0xda, 0x40, 0x04, 0x04,
  0xaa, 0xaa, 0x92, 0xaf, 0x7e, 0xfd, 0xb7, 0xff, 0xbb, 0xf6, 0xbb, 0xdd, 0x6d, 0x04, 0xa2, 0xa2,
  0xab, 0x55, 0x4a, 0xad, 0xff, 0x56, 0xff, 0x6e, 0xfe, 0xbb, 0x57, 0x7f, 0xd5, 0x10, 0x08, 0x08,
  0xb5, 0x6a, 0x54, 0x9f, 0xdb, 0xb5, 0xb7, 0xff, 0xd7, 0xed, 0xdd, 0xfe, 0xf6, 0x02, 0x42, 0x42,
  0xad, 0xaa, 0xaa, 0x56, 0xfe, 0xca, 0xfd, 0xb7, 0x7d, 0xba, 0xa7, 0xbb, 0xaa, 0x48, 0x28, 0x10,
  0xb5, 0x55, 0x25, 0x5f, 0xfb, 0x57, 0x57, 0xfd, 0xf7, 0xef, 0x59, 0xff, 0xfa, 0x01, 0x01, 0x45,
  0xd6, 0xaa, 0xa9, 0x36, 0xdf, 0x5a, 0xfe, 0xdf, 0xbe, 0xba, 0xea, 0xbd, 0x55, 0x20, 0x48, 0x10,
  0x5a, 0xd5, 0x55, 0x5f, 0xfa, 0xef, 0xdb, 0xb6, 0xf7, 0xef, 0xb5, 0xef, 0xec, 0x09, 0x02, 0x84,
  0xab, 0x5a, 0xa4, 0xab, 0x77, 0x7f, 0xff, 0xff, 0xde, 0xff, 0xfc, 0xbd, 0xb6, 0x80, 0x20, 0x22,
  0xed, 0x6a, 0x95, 0x5f, 0xfd, 0xff, 0x7e, 0xd5, 0xfb, 0xfe, 0xf7, 0x77, 0x58, 0x12, 0x0a, 0x10,
  0x56, 0xaa, 0xaa, 0x95, 0xaf, 0xfb, 0xfb, 0xfb, 0x6f, 0x6f, 0xdf, 0xbe, 0xea, 0x00, 0x80, 0x85,
  0xbb, 0x55, 0x55, 0x5f, 0xfb, 0xdf, 0xef, 0xde, 0xfd, 0xff, 0xfe, 0xd7, 0xb4, 0x48, 0x28, 0x50,
  0xd5, 0xb6, 0xa9, 0x2a, 0xaf, 0xfe, 0xff, 0x75, 0xaf, 0xfb, 0x77, 0xed, 0x68, 0x01, 0x02, 0x04
};
// Author :- Ashish ( ashish_y_794 )
// Website : https://www.oledanimationmaker.com/

const uint8_t PROGMEM frame39[1024] = {
  0x55, 0xfe, 0xd5, 0x6d, 0x74, 0x05, 0xff, 0xff, 0xff, 0xfd, 0x80, 0x15, 0x00, 0x07, 0x7d, 0xc9,
  0xaa, 0x45, 0x20, 0x81, 0xb9, 0x50, 0xad, 0xb6, 0xb5, 0x56, 0xaa, 0x96, 0x80, 0x05, 0x36, 0xd4,
  0x55, 0x55, 0x42, 0x0a, 0xea, 0x0a, 0xff, 0xef, 0xef, 0xfb, 0x00, 0x2a, 0xa0, 0x05, 0x97, 0xa5,
  0xaa, 0xaa, 0x80, 0x03, 0x78, 0xa0, 0xaa, 0xbd, 0x7d, 0x56, 0xa4, 0x95, 0x88, 0x00, 0x28, 0x52,
  0x55, 0x55, 0x08, 0x25, 0xaa, 0x15, 0x7f, 0xf7, 0xd7, 0xfd, 0x08, 0x16, 0xa0, 0x00, 0x12, 0x95,
  0xaa, 0xaa, 0x80, 0x8b, 0xf8, 0x80, 0xb6, 0xdd, 0x7d, 0xaa, 0x91, 0x15, 0x50, 0x82, 0x4a, 0xa4,
  0x55, 0x55, 0x22, 0x05, 0x54, 0x55, 0x6f, 0xf7, 0xd7, 0x7e, 0x40, 0x56, 0xc0, 0x08, 0x29, 0x2a,
  0xaa, 0xaa, 0x88, 0x16, 0xfa, 0x08, 0xba, 0xbd, 0xbd, 0xd5, 0x0a, 0x15, 0x72, 0x00, 0x14, 0x92,
  0x55, 0x55, 0x40, 0x05, 0xa9, 0x52, 0xef, 0xd7, 0x77, 0x7b, 0x20, 0x97, 0x48, 0x00, 0x4a, 0xa9,
  0xaa, 0xaa, 0x81, 0x2a, 0xfc, 0x00, 0xbd, 0x7d, 0xdd, 0xd6, 0x88, 0x2a, 0xa0, 0x00, 0x24, 0x94,
  0x55, 0x55, 0x24, 0x07, 0x54, 0xaa, 0xd7, 0xd7, 0x77, 0x6d, 0x22, 0x95, 0xb0, 0x11, 0x52, 0xa5,
  0xaa, 0xaa, 0x80, 0x15, 0xed, 0x01, 0x7d, 0x7a, 0xdd, 0xbb, 0x88, 0x2e, 0xc8, 0x40, 0x2a, 0x54,
  0x55, 0x55, 0x51, 0x05, 0x5c, 0xaa, 0xd7, 0xdd, 0x6b, 0xed, 0x41, 0x55, 0x50, 0x00, 0x95, 0x25,
  0xaa, 0xaa, 0xa4, 0x2b, 0xb7, 0x05, 0xfd, 0x6a, 0xae, 0xb6, 0xa8, 0xb6, 0xa1, 0x04, 0x52, 0x94,
  0x55, 0x55, 0x40, 0x05, 0x7d, 0xeb, 0x57, 0xdb, 0x57, 0xdd, 0xd7, 0x5a, 0xc4, 0x11, 0x49, 0x52,
  0xaa, 0xaa, 0xa2, 0x4a, 0xd6, 0xbd, 0xfd, 0x75, 0xba, 0xeb, 0x6a, 0xeb, 0x50, 0x00, 0xaa, 0x4a,
  0x55, 0x55, 0x50, 0x03, 0x7b, 0xd7, 0x57, 0xdd, 0x4f, 0x7e, 0xbd, 0x5a, 0x80, 0x45, 0x25, 0x2a,
  0xa4, 0xaa, 0xa9, 0x25, 0xae, 0xfd, 0xfd, 0x6a, 0xea, 0xd5, 0xd7, 0xad, 0xa1, 0x01, 0x52, 0xa5,
  0x55, 0x55, 0x50, 0x00, 0xf7, 0x57, 0x6f, 0xf7, 0x3b, 0xbe, 0xea, 0xf6, 0x84, 0x14, 0x94, 0x94,
  0x55, 0x55, 0x55, 0x52, 0x9b, 0xfd, 0xda, 0xad, 0xd6, 0xeb, 0x5d, 0x55, 0x00, 0x42, 0xa5, 0x52,
  0x92, 0xaa, 0xa8, 0x00, 0x6d, 0x57, 0x7f, 0xfa, 0x5f, 0xbd, 0xeb, 0xb5, 0x21, 0x0a, 0x54, 0xaa,
  0x55, 0x55, 0x56, 0x94, 0xb7, 0xfb, 0xd5, 0x55, 0x55, 0x6b, 0x5d, 0x5a, 0x08, 0x29, 0x25, 0x12,
  0x54, 0xa5, 0x55, 0x00, 0x1a, 0xae, 0xff, 0xfa, 0xaf, 0xdd, 0xb6, 0xe8, 0x40, 0x15, 0x52, 0xa9,
  0x92, 0x94, 0xaa, 0xa5, 0x4b, 0xbb, 0x55, 0x55, 0x55, 0x76, 0xdb, 0x52, 0x02, 0xa4, 0x94, 0x94,
  0x55, 0x55, 0x55, 0x10, 0x0a, 0xdd, 0xff, 0xf5, 0x5b, 0xab, 0x6a, 0xa0, 0x08, 0x52, 0xa5, 0x4a,
  0x4a, 0x55, 0x55, 0x44, 0x42, 0xb6, 0xaa, 0xba, 0xad, 0x7d, 0x55, 0x44, 0x42, 0x95, 0x29, 0x25,
  0xa9, 0x4a, 0x92, 0xb1, 0x10, 0xab, 0xf7, 0xd6, 0xd6, 0xca, 0xaa, 0x00, 0x14, 0xa4, 0x94, 0xa8,
  0x55, 0x29, 0x55, 0x54, 0x44, 0x2a, 0x5a, 0x6b, 0x5a, 0xaa, 0x40, 0x01, 0x4a, 0x52, 0xa5, 0x55,
  0x49, 0x54, 0xaa, 0xab, 0x49, 0x04, 0x8a, 0x90, 0x00, 0x00, 0x08, 0x04, 0x22, 0x94, 0x92, 0x25,
  0xa5, 0x4a, 0x92, 0x55, 0x50, 0x00, 0x00, 0x04, 0x00, 0x00, 0x00, 0x00, 0x99, 0x4a, 0x55, 0x52,
  0x54, 0xa5, 0x4a, 0xaa, 0x92, 0x00, 0x20, 0x80, 0x91, 0x20, 0x00, 0x00, 0x44, 0xa5, 0x49, 0x4a,
  0x55, 0x29, 0x2a, 0x92, 0x40, 0x40, 0x04, 0x12, 0x00, 0x02, 0x00, 0x00, 0x12, 0x52, 0x55, 0x29,
  0xa5, 0x54, 0xa9, 0x44, 0x81, 0x02, 0x00, 0x4a, 0xe8, 0x00, 0x00, 0x10, 0x0a, 0x95, 0x24, 0xa5,
  0x54, 0x92, 0x94, 0x90, 0x08, 0x40, 0x49, 0x15, 0x55, 0x20, 0x00, 0x02, 0x01, 0x49, 0x52, 0x94,
  0xaa, 0xaa, 0xa5, 0x54, 0x22, 0x88, 0x00, 0x6e, 0xaa, 0x01, 0x10, 0xa8, 0x00, 0x24, 0x95, 0x55,
  0x55, 0x49, 0x54, 0xa9, 0x12, 0x40, 0x25, 0x5b, 0xd5, 0x24, 0x00, 0x02, 0x41, 0x4a, 0x48, 0x92,
  0xa4, 0xa5, 0x25, 0x54, 0xa9, 0x20, 0x81, 0xb5, 0x75, 0x80, 0x01, 0x54, 0x84, 0xa5, 0x55, 0x4a,
  0x55, 0x2a, 0x95, 0x52, 0x4a, 0xb4, 0x0d, 0x6e, 0xdd, 0x50, 0x00, 0x2a, 0x21, 0x28, 0x92, 0x55,
  0xaa, 0xa9, 0x52, 0xa9, 0x51, 0x5e, 0x55, 0xbb, 0x6b, 0x42, 0xe5, 0x49, 0x08, 0xaa, 0x49, 0x22,
  0x55, 0x4a, 0x4a, 0x55, 0x55, 0x75, 0x16, 0xee, 0xdd, 0xbb, 0xb0, 0x2a, 0xa2, 0xa9, 0x55, 0x54,
  0xaa, 0xa5, 0x29, 0x25, 0x55, 0x5e, 0xab, 0xbb, 0xb6, 0xd5, 0x6d, 0x49, 0x28, 0x54, 0x92, 0x49,
  0xb5, 0x29, 0x55, 0x55, 0x5a, 0xb5, 0x56, 0xee, 0xdb, 0x6b, 0xd0, 0x95, 0x41, 0x02, 0x49, 0x24,
  0x55, 0x55, 0x24, 0x92, 0xed, 0x6a, 0x9b, 0xbb, 0x6d, 0x56, 0xba, 0x4a, 0xa8, 0x55, 0x24, 0x92,
  0xaa, 0xa9, 0x52, 0x4b, 0xbe, 0xda, 0xae, 0xed, 0xdb, 0xba, 0xc9, 0x2b, 0x55, 0x08, 0x92, 0x49,
  0xaa, 0xa4, 0x95, 0x56, 0xf7, 0x6d, 0x77, 0xbf, 0x75, 0x6b, 0x69, 0x5d, 0xa8, 0x42, 0x24, 0x92,
  0xb5, 0x55, 0x49, 0x2b, 0xdf, 0xaa, 0xad, 0xea, 0xde, 0xda, 0xaa, 0xb7, 0x6a, 0x10, 0x88, 0x44,
  0x55, 0x52, 0x54, 0xad, 0x7d, 0xd5, 0x7f, 0x7f, 0xb5, 0xad, 0xaa, 0xfd, 0xd4, 0x45, 0x22, 0x11,
  0xaa, 0xaa, 0x92, 0x97, 0xff, 0x6a, 0xd7, 0xdb, 0x7f, 0xf6, 0xd7, 0xbf, 0x7a, 0x00, 0x09, 0x44,
  0xb5, 0x55, 0x4a, 0x56, 0xef, 0xda, 0xfd, 0x7f, 0xd5, 0x5a, 0xad, 0xf7, 0xd4, 0x94, 0xa0, 0x10,
  0xaa, 0xa9, 0x29, 0x5b, 0xfd, 0xed, 0x5f, 0xf6, 0xff, 0xed, 0xb7, 0xde, 0xb6, 0x01, 0x0a, 0x85,
  0xad, 0x54, 0xa5, 0x2e, 0xdf, 0x76, 0xf7, 0xdf, 0xda, 0xb6, 0xde, 0xff, 0xd8, 0x48, 0x20, 0x20,
  0xb5, 0x55, 0x54, 0x9b, 0xff, 0xdb, 0x7d, 0xfd, 0xff, 0xfb, 0x5b, 0xfb, 0x6e, 0x02, 0x44, 0x94,
  0xaa, 0xaa, 0x92, 0xaf, 0x7b, 0x7d, 0xb7, 0xbf, 0x6b, 0x5d, 0x6f, 0x6f, 0xd5, 0x20, 0x01, 0x02,
  0xab, 0x55, 0x4a, 0xad, 0xff, 0xaa, 0xff, 0xf7, 0xff, 0xeb, 0xb7, 0xfe, 0xea, 0x09, 0x28, 0x50,
  0xb5, 0x6a, 0x54, 0x9f, 0xdd, 0x6f, 0x6d, 0xde, 0xda, 0xfd, 0x5a, 0xff, 0xb6, 0x80, 0x42, 0x04,
  0xad, 0xaa, 0xaa, 0x57, 0x7f, 0xa9, 0xbf, 0x7b, 0xff, 0xae, 0xd7, 0x6d, 0xda, 0x25, 0x08, 0x92,
  0xb5, 0x55, 0x25, 0x5d, 0xf5, 0x56, 0xed, 0xff, 0x6d, 0xf5, 0x55, 0xff, 0x6d, 0x00, 0x22, 0x20,
  0xd6, 0xaa, 0xa9, 0x5f, 0xff, 0xab, 0xbf, 0xad, 0xff, 0x5f, 0xa9, 0x7b, 0xda, 0x10, 0x80, 0x8a,
  0x5a, 0xd5, 0x55, 0x2b, 0x76, 0xbe, 0xf6, 0xff, 0xb5, 0xfb, 0xf5, 0xbf, 0x6a, 0x44, 0x14, 0x00,
  0xab, 0x5a, 0xa4, 0xbf, 0xfd, 0xff, 0xff, 0xd6, 0xff, 0xbe, 0xfe, 0xed, 0xba, 0x00, 0x81, 0x54,
  0xed, 0x6a, 0x95, 0x56, 0xd7, 0x77, 0xff, 0x7b, 0xdb, 0xff, 0xdb, 0x7f, 0xd4, 0x12, 0x10, 0x01,
  0x56, 0xaa, 0xaa, 0x9b, 0xfd, 0xff, 0xb7, 0xee, 0xfe, 0xf7, 0xff, 0x55, 0x6a, 0x40, 0x44, 0x94,
  0xbb, 0x55, 0x55, 0x5f, 0x6f, 0xfd, 0xfe, 0xfb, 0xaf, 0xdf, 0x77, 0xdf, 0xb4, 0x01, 0x00, 0x01,
  0xd5, 0xb6, 0xa9, 0x25, 0xdf, 0xdf, 0xfb, 0xdd, 0x7b, 0xff, 0xdd, 0xea, 0xd8, 0x14, 0x12, 0xa8
};
// Author :- Ashish ( ashish_y_794 )
// Website : https://www.oledanimationmaker.com/

const uint8_t PROGMEM frame40[1024] = {
  0x55, 0xfe, 0xd5, 0x6c, 0xf4, 0x09, 0xff, 0xff, 0xff, 0xfd, 0x80, 0x55, 0x00, 0x07, 0x7d, 0xd2,
  0xaa, 0x45, 0x40, 0x81, 0x5a, 0xa2, 0xab, 0x6d, 0x6d, 0x56, 0x55, 0x16, 0x00, 0x05, 0xb6, 0xc9,
  0x55, 0x55, 0x12, 0x05, 0xb4, 0x11, 0x7f, 0xff, 0xfb, 0xfb, 0x00, 0x2a, 0xa0, 0x05, 0x56, 0xd4,
  0xaa, 0xaa, 0x80, 0x11, 0x79, 0x4a, 0xdd, 0xab, 0x5f, 0x5d, 0x52, 0x55, 0x80, 0x00, 0x22, 0x92,
  0x55, 0x55, 0x48, 0x05, 0xda, 0x20, 0x77, 0xfe, 0xf5, 0xea, 0x00, 0x1a, 0x88, 0x00, 0x94, 0xaa,
  0xaa, 0xaa, 0x80, 0x86, 0xe8, 0x8a, 0xbd, 0x6b, 0xdf, 0x7e, 0xaa, 0x96, 0xc0, 0x42, 0x2a, 0x45,
  0x55, 0x55, 0x48, 0x13, 0x7c, 0x20, 0xd7, 0xdf, 0x75, 0xaa, 0x00, 0x2b, 0x50, 0x00, 0x49, 0x54,
  0xaa, 0xaa, 0x81, 0x05, 0xaa, 0x8a, 0x7e, 0xfb, 0xbf, 0xf6, 0xa4, 0x9a, 0xa0, 0x00, 0x25, 0x2a,
  0x55, 0x55, 0x44, 0x16, 0xf8, 0x21, 0x5b, 0xae, 0xea, 0xad, 0x00, 0x2d, 0x41, 0x04, 0xaa, 0x91,
  0xaa, 0xaa, 0x90, 0x05, 0x5d, 0x14, 0xfe, 0xfb, 0xbf, 0xf6, 0x55, 0x15, 0xa8, 0x00, 0x49, 0x4a,
  0x55, 0x55, 0x40, 0x95, 0xe8, 0x82, 0xab, 0xad, 0x6a, 0xad, 0x00, 0x56, 0xa0, 0x00, 0x54, 0xaa,
  0xaa, 0xaa, 0x88, 0x06, 0xbe, 0x50, 0xfd, 0xf7, 0xbf, 0xdb, 0x49, 0x35, 0xa0, 0x24, 0x92, 0x52,
  0x55, 0x55, 0x42, 0x23, 0x6a, 0x0b, 0x57, 0x5d, 0x6a, 0xbd, 0x20, 0x56, 0xa4, 0x00, 0xaa, 0x95,
  0xaa, 0xaa, 0xa8, 0x0a, 0xff, 0x51, 0xfd, 0xea, 0xaf, 0xeb, 0x8a, 0xb5, 0x40, 0x82, 0x49, 0x48,
  0x55, 0x55, 0x40, 0x85, 0xaa, 0xa6, 0xae, 0xbb, 0x55, 0x76, 0xe5, 0x5b, 0x50, 0x09, 0x25, 0x2a,
  0xaa, 0xaa, 0xb2, 0x12, 0xef, 0xdf, 0xf7, 0xd5, 0xbf, 0xad, 0x5b, 0xd5, 0x82, 0x20, 0xaa, 0xa5,
  0x55, 0x55, 0x48, 0x45, 0xba, 0xf5, 0x5d, 0x7a, 0xa5, 0xfb, 0xb5, 0x6d, 0x40, 0x05, 0x52, 0x54,
  0xaa, 0xaa, 0xa1, 0x02, 0xd7, 0x5f, 0xf7, 0xd6, 0xbb, 0x56, 0xde, 0xb6, 0x90, 0x82, 0x49, 0x25,
  0x52, 0xaa, 0xb8, 0x11, 0x7d, 0xea, 0xbd, 0x7b, 0x57, 0xbf, 0x6b, 0xaa, 0x82, 0x15, 0x2a, 0xaa,
  0xaa, 0xaa, 0xa5, 0x04, 0xab, 0x7f, 0xef, 0xd5, 0xbd, 0x6a, 0xdd, 0x76, 0x08, 0x09, 0x55, 0x49,
  0x4a, 0x55, 0x54, 0x50, 0xb7, 0xaa, 0xba, 0xfe, 0xd7, 0xfd, 0xb6, 0xda, 0x40, 0xa5, 0x22, 0x24,
  0x55, 0x55, 0x55, 0x02, 0x2d, 0x7f, 0xef, 0x52, 0x5a, 0xab, 0xdb, 0x54, 0x02, 0x14, 0xaa, 0xaa,
  0xa5, 0x55, 0x55, 0x20, 0x97, 0xd5, 0x7b, 0xf9, 0x2f, 0xf6, 0xb5, 0xb4, 0x90, 0x4a, 0x94, 0xaa,
  0x54, 0x92, 0xaa, 0x8a, 0x15, 0x7f, 0xdd, 0x56, 0xaa, 0xae, 0xde, 0xd0, 0x01, 0x29, 0x4a, 0x92,
  0x4a, 0xaa, 0xaa, 0xa0, 0x4a, 0xd5, 0x6f, 0xf5, 0x5d, 0xdb, 0x6a, 0x80, 0x08, 0xa4, 0xa4, 0x49,
  0xa9, 0x55, 0x2a, 0xa9, 0x02, 0xbb, 0xb5, 0x5a, 0xab, 0x6d, 0x55, 0x49, 0x22, 0x95, 0x2a, 0xaa,
  0x55, 0x24, 0xaa, 0xa4, 0x28, 0xad, 0x7b, 0xb6, 0xf6, 0xb5, 0x54, 0x00, 0x0a, 0x52, 0x92, 0xa5,
  0x49, 0x55, 0x55, 0x55, 0x02, 0x26, 0xcd, 0x6b, 0x2a, 0xaa, 0x80, 0x01, 0x52, 0xa9, 0x49, 0x14,
  0xa5, 0x2a, 0x92, 0xaa, 0xa8, 0x09, 0x2a, 0x94, 0x00, 0x00, 0x10, 0x08, 0x94, 0x8a, 0x55, 0x52,
  0x54, 0xa4, 0x54, 0xaa, 0xa4, 0x00, 0x00, 0x00, 0x01, 0x00, 0x00, 0x02, 0x4a, 0x55, 0x29, 0x4a,
  0x55, 0x53, 0x4a, 0x95, 0x50, 0x80, 0x00, 0x41, 0x24, 0x00, 0x00, 0x00, 0x25, 0x51, 0x4a, 0x55,
  0xa5, 0x29, 0x2a, 0x49, 0x00, 0x00, 0x12, 0x12, 0x00, 0x20, 0x00, 0x00, 0x12, 0x4a, 0xa5, 0x29,
  0x54, 0xa4, 0xa9, 0x52, 0x44, 0x80, 0x40, 0x49, 0xd0, 0x04, 0x00, 0x20, 0x09, 0x29, 0x29, 0x54,
  0xaa, 0x95, 0x55, 0x20, 0x10, 0x48, 0x02, 0x16, 0x55, 0x00, 0x00, 0x00, 0x84, 0xa4, 0x95, 0x4b,
  0x55, 0x55, 0x24, 0xaa, 0x02, 0xa0, 0x10, 0xab, 0xaa, 0x20, 0x81, 0x2a, 0x01, 0x15, 0x52, 0x54,
  0xa9, 0x24, 0xaa, 0xa8, 0xa9, 0x01, 0x02, 0xbd, 0x75, 0x00, 0x00, 0x40, 0x00, 0xa2, 0x49, 0x25,
  0x55, 0x55, 0x52, 0xaa, 0x44, 0xa0, 0x49, 0x6b, 0xad, 0x92, 0x09, 0x2a, 0x8a, 0x95, 0x2a, 0xa9,
  0xaa, 0xa9, 0x29, 0x55, 0x35, 0x5c, 0x06, 0xdd, 0xda, 0xa0, 0x20, 0x54, 0x41, 0x52, 0xa4, 0x94,
  0x55, 0x25, 0x4a, 0xa8, 0x92, 0x6e, 0x55, 0xb6, 0xb6, 0xc9, 0xc2, 0x92, 0x92, 0xa9, 0x2a, 0x4a,
  0xaa, 0xaa, 0xa4, 0x95, 0x55, 0x5b, 0x16, 0xfb, 0xdb, 0x66, 0xe8, 0x4a, 0x20, 0xa4, 0x92, 0xa2,
  0xb5, 0x52, 0x55, 0x52, 0xaa, 0xfd, 0x5b, 0xae, 0xb5, 0xb5, 0xb2, 0xaa, 0x8a, 0x55, 0x49, 0x29,
  0x55, 0x49, 0x24, 0x95, 0x75, 0x2a, 0xad, 0xfb, 0xde, 0xae, 0xd4, 0x15, 0x50, 0x88, 0x24, 0x94,
  0xaa, 0xaa, 0x95, 0x4a, 0xde, 0xd5, 0x2b, 0x5d, 0x6b, 0x6b, 0x69, 0x54, 0xa4, 0x25, 0x52, 0x42,
  0xb5, 0x55, 0x52, 0x55, 0xf5, 0x7a, 0xdf, 0xef, 0xb5, 0xb5, 0xa4, 0xab, 0x51, 0x11, 0x09, 0x29,
  0xaa, 0xa9, 0x29, 0x27, 0x5f, 0xad, 0x55, 0x75, 0x6e, 0xda, 0xb2, 0x5f, 0x54, 0x44, 0xa4, 0x84,
  0xaa, 0xa4, 0x95, 0x55, 0xff, 0xaa, 0xbf, 0xdf, 0xdb, 0x6d, 0xa9, 0xf5, 0xd0, 0x10, 0x12, 0x52,
  0x55, 0x55, 0x49, 0x2b, 0xbb, 0xd5, 0xeb, 0x7a, 0xf6, 0xd6, 0xa7, 0x5f, 0x6d, 0x05, 0x44, 0x08,
  0xda, 0xaa, 0xa4, 0x96, 0xff, 0x6a, 0x7f, 0xef, 0x5f, 0xba, 0xdd, 0xfd, 0xd4, 0x50, 0x11, 0x45,
  0x6a, 0xaa, 0x55, 0x57, 0xef, 0xdd, 0xad, 0xbf, 0xf5, 0xed, 0x57, 0xff, 0x74, 0x02, 0x84, 0x20,
  0xab, 0x55, 0x4a, 0x5b, 0x7e, 0xea, 0xff, 0xfb, 0x7e, 0xb6, 0xdf, 0x6d, 0xd4, 0x88, 0x21, 0x15,
  0xad, 0x54, 0xa9, 0x4e, 0xff, 0xbd, 0x6d, 0xdf, 0xd7, 0xdb, 0x77, 0xff, 0x6a, 0x21, 0x14, 0x40,
  0xb5, 0x55, 0x25, 0x2b, 0xf6, 0xef, 0xbf, 0xfb, 0x7d, 0xf5, 0xae, 0xfb, 0xb4, 0x04, 0x41, 0x12,
  0xaa, 0xaa, 0xaa, 0xaf, 0xbf, 0xba, 0xf7, 0x7f, 0xf7, 0x5e, 0xbf, 0xbf, 0xda, 0x81, 0x08, 0x44,
  0xb5, 0xaa, 0x92, 0x5d, 0xfd, 0xed, 0x5f, 0xdd, 0xdf, 0xf5, 0xaa, 0xfa, 0xac, 0x24, 0x22, 0x10,
  0xad, 0x55, 0x55, 0x2f, 0xef, 0x55, 0xfd, 0xf7, 0xfa, 0xde, 0xd7, 0xef, 0xf5, 0x00, 0x88, 0x85,
  0xb5, 0xb5, 0x52, 0x95, 0xbd, 0xab, 0x6f, 0x7e, 0xbf, 0xeb, 0x5a, 0xff, 0x54, 0x12, 0x02, 0x20,
  0xd6, 0xaa, 0x94, 0xbf, 0xff, 0x55, 0xbb, 0xdb, 0xed, 0xbd, 0x55, 0xbd, 0xea, 0x40, 0x50, 0x8a,
  0x5a, 0xd5, 0x55, 0x4d, 0xf5, 0xae, 0xee, 0xff, 0xbf, 0x6f, 0xd5, 0xf7, 0x5c, 0x09, 0x04, 0x20,
  0xab, 0x5a, 0xa5, 0x37, 0x7e, 0xff, 0xff, 0xad, 0xf7, 0xfb, 0x7a, 0xdf, 0xea, 0x20, 0x21, 0x0a,
  0xed, 0x6a, 0x94, 0x9f, 0xdb, 0xbf, 0xfd, 0xf7, 0xbd, 0x7f, 0xfd, 0x7d, 0x58, 0x82, 0x08, 0x40,
  0x56, 0xaa, 0xaa, 0xab, 0x7e, 0xfb, 0xbf, 0xdd, 0xf7, 0xff, 0xdf, 0x77, 0xea, 0x08, 0x82, 0x2a,
  0xbb, 0x56, 0xaa, 0xaf, 0xeb, 0xff, 0xf7, 0x77, 0x5f, 0xee, 0xf7, 0xbd, 0x54, 0x00, 0x28, 0x80,
  0xd5, 0xba, 0xa9, 0x55, 0xbf, 0xfd, 0xff, 0xfd, 0xfb, 0xbf, 0xfd, 0xd7, 0xb0, 0x22, 0x00, 0x15,
  0x6e, 0xca, 0xaa, 0xae, 0xef, 0xdf, 0xbb, 0xda, 0xaf, 0xfd, 0xb7, 0x6d, 0x68, 0x80, 0x92, 0x80
};
// Author :- Ashish ( ashish_y_794 )
// Website : https://www.oledanimationmaker.com/

const uint8_t PROGMEM frame41[1024] = {
  0x55, 0xfe, 0xea, 0xda, 0x7a, 0x0a, 0xff, 0xff, 0xff, 0xfd, 0x80, 0x54, 0x00, 0x07, 0x7d, 0xd2,
  0xaa, 0x45, 0x40, 0x00, 0xaa, 0xa1, 0xaa, 0xd6, 0xb6, 0xab, 0x2a, 0x2d, 0x00, 0x05, 0xb6, 0xc9,
  0x55, 0x55, 0x12, 0x09, 0x78, 0x14, 0xff, 0xff, 0xfb, 0xfd, 0x00, 0xaa, 0x80, 0x06, 0xab, 0xaa,
  0xaa, 0xaa, 0xc0, 0x42, 0xdd, 0x42, 0x5d, 0xb5, 0xae, 0xae, 0xa9, 0x15, 0x20, 0x00, 0x54, 0x49,
  0x55, 0x55, 0x10, 0x02, 0xea, 0x11, 0x77, 0xff, 0x7f, 0xf4, 0x00, 0x5a, 0x80, 0x00, 0x4a, 0xa4,
  0xaa, 0xaa, 0xc2, 0x13, 0x78, 0xa4, 0xbe, 0xd7, 0xea, 0xbb, 0x54, 0x2d, 0x44, 0x41, 0x24, 0x95,
  0x55, 0x55, 0x08, 0x45, 0xad, 0x08, 0xd7, 0xbd, 0x7f, 0xd6, 0x01, 0x16, 0xa0, 0x00, 0x52, 0xaa,
  0xaa, 0xaa, 0xc0, 0x02, 0xfa, 0x22, 0x7d, 0xef, 0xaa, 0xfa, 0x90, 0x5b, 0x40, 0x04, 0x95, 0x24,
  0x55, 0x55, 0x21, 0x0b, 0x58, 0x89, 0x57, 0x7a, 0xff, 0x56, 0x05, 0x2a, 0xa0, 0x00, 0x52, 0x92,
  0xaa, 0xaa, 0x90, 0x25, 0xed, 0x24, 0xbd, 0xaf, 0xab, 0xfa, 0xa0, 0x2d, 0x40, 0x81, 0x49, 0x55,
  0x55, 0x55, 0x44, 0x05, 0x5c, 0x10, 0xef, 0xfa, 0xfd, 0x56, 0x09, 0x35, 0xa8, 0x04, 0x2a, 0x4a,
  0xaa, 0xaa, 0xa0, 0x85, 0xb6, 0x85, 0x5a, 0xaf, 0x57, 0xdb, 0x44, 0x56, 0xa0, 0x00, 0xa5, 0x29,
  0x55, 0x55, 0x52, 0x12, 0xfa, 0x50, 0xff, 0xf5, 0x7a, 0xed, 0x20, 0xaa, 0x80, 0x21, 0x54, 0xa4,
  0xaa, 0xaa, 0xa0, 0x05, 0xaf, 0x0b, 0x55, 0x5a, 0xaf, 0x76, 0x8a, 0xb6, 0xd1, 0x04, 0x92, 0xaa,
  0x55, 0x55, 0x51, 0x12, 0xda, 0xc5, 0xff, 0xed, 0xab, 0xad, 0xd1, 0x5b, 0x40, 0x02, 0x55, 0x2a,
  0xaa, 0xaa, 0xa4, 0x45, 0x77, 0x7b, 0x55, 0x5a, 0xdd, 0xfb, 0x6e, 0xd5, 0x02, 0x21, 0x49, 0x49,
  0x55, 0x55, 0x50, 0x02, 0xdd, 0xdd, 0xff, 0xed, 0x56, 0xae, 0xb5, 0xb6, 0xc8, 0x0a, 0xaa, 0xa4,
  0xaa, 0xaa, 0xaa, 0x22, 0xb7, 0x6f, 0x55, 0x76, 0xad, 0xf5, 0xdb, 0x5a, 0x80, 0x44, 0x92, 0x55,
  0x55, 0x55, 0x54, 0x89, 0x6d, 0xf5, 0xff, 0xab, 0x77, 0x5f, 0x6d, 0xea, 0x01, 0x0a, 0x55, 0x25,
  0xa4, 0xaa, 0xa8, 0x00, 0xbb, 0x5f, 0x6d, 0xfd, 0xad, 0xea, 0xb6, 0xad, 0x24, 0x12, 0xa4, 0x94,
  0x55, 0x55, 0x56, 0x48, 0xae, 0xeb, 0xbb, 0x56, 0xb7, 0x7f, 0xdb, 0x6a, 0x00, 0x49, 0x2a, 0xaa,
  0x95, 0x55, 0x55, 0x02, 0x37, 0xbd, 0xef, 0xfa, 0x5d, 0xaa, 0xb5, 0xb4, 0x88, 0x2a, 0x92, 0x52,
  0x52, 0x95, 0x55, 0x50, 0x8a, 0xee, 0xba, 0xa9, 0x57, 0xf6, 0xde, 0xd2, 0x01, 0x49, 0x55, 0x49,
  0xaa, 0x55, 0x55, 0x04, 0x2d, 0xb7, 0xef, 0xf5, 0x5a, 0xad, 0xb5, 0x50, 0x20, 0xa4, 0x92, 0x55,
  0x49, 0x52, 0xaa, 0xd1, 0x05, 0x6d, 0x7a, 0xb5, 0x57, 0x76, 0xd6, 0xa0, 0x05, 0x2a, 0xa9, 0x24,
  0x55, 0x4a, 0x55, 0x48, 0x45, 0xbb, 0xaf, 0xda, 0xad, 0xad, 0x6a, 0x84, 0x82, 0x92, 0x4a, 0xaa,
  0xaa, 0xaa, 0xaa, 0xaa, 0x10, 0x56, 0xf5, 0x6f, 0x76, 0xd5, 0xa8, 0x00, 0x2a, 0x4a, 0xa4, 0x92,
  0x49, 0x29, 0x49, 0x55, 0x02, 0x2a, 0xae, 0xb5, 0x9a, 0xaa, 0x04, 0x01, 0x29, 0x54, 0x95, 0x55,
  0xaa, 0xa5, 0x2a, 0xaa, 0xd0, 0x82, 0x52, 0xa8, 0x00, 0x00, 0x90, 0x14, 0x94, 0xa2, 0x52, 0x49,
  0x54, 0x94, 0xaa, 0x55, 0x2a, 0x00, 0x00, 0x00, 0x20, 0x40, 0x00, 0x00, 0x4a, 0x55, 0x4a, 0xa4,
  0xa5, 0x52, 0xa5, 0x4a, 0xa4, 0x00, 0x04, 0x42, 0x01, 0x04, 0x00, 0x01, 0x25, 0x2a, 0xa9, 0x2b,
  0x54, 0xaa, 0x94, 0xa4, 0x90, 0x04, 0x40, 0x08, 0x90, 0x00, 0x00, 0x00, 0x29, 0x44, 0x4a, 0xa8,
  0xaa, 0x95, 0x52, 0x92, 0x40, 0xa0, 0x02, 0x25, 0x44, 0x00, 0x00, 0x00, 0x04, 0xaa, 0xa9, 0x26,
  0x52, 0x52, 0x4a, 0x50, 0x00, 0x00, 0x10, 0x96, 0xb1, 0x20, 0x00, 0x20, 0x12, 0x25, 0x25, 0x55,
  0xaa, 0xa9, 0x2a, 0xaa, 0x12, 0xa0, 0x42, 0x5b, 0x5c, 0x04, 0x00, 0x8a, 0x01, 0x52, 0x94, 0xa9,
  0x55, 0x4a, 0xa9, 0x54, 0x49, 0x41, 0x01, 0x6d, 0xe5, 0x00, 0x00, 0x20, 0x84, 0x88, 0xaa, 0x94,
  0xaa, 0xa5, 0x55, 0x54, 0xa4, 0x28, 0x0a, 0xb6, 0xba, 0xc0, 0x85, 0x55, 0x02, 0x55, 0x22, 0x4a,
  0x55, 0x2a, 0x49, 0x55, 0x2a, 0xaa, 0x25, 0x5b, 0x57, 0x28, 0x10, 0x28, 0x42, 0xa4, 0x95, 0x52,
  0xaa, 0xa9, 0x25, 0x29, 0x52, 0xbd, 0x15, 0xed, 0xfa, 0xc3, 0xc2, 0xa5, 0x12, 0xaa, 0xa9, 0x29,
  0xb5, 0x4a, 0xaa, 0xa5, 0x2a, 0x6e, 0x96, 0xbe, 0xab, 0x75, 0x70, 0x94, 0xa2, 0xa2, 0x4a, 0x84,
  0x55, 0x55, 0x52, 0x54, 0xd5, 0x75, 0x57, 0xeb, 0xdd, 0x97, 0xd4, 0x55, 0x08, 0x95, 0x24, 0x55,
  0xaa, 0xa8, 0x95, 0x25, 0x5a, 0xad, 0x2a, 0xbe, 0xb6, 0xea, 0xa9, 0x4a, 0xa2, 0x48, 0x92, 0xa2,
  0xb5, 0x55, 0x49, 0x55, 0xbe, 0xda, 0xaf, 0xeb, 0xda, 0xaf, 0x64, 0xaa, 0xa8, 0x25, 0x49, 0x14,
  0xaa, 0xa5, 0x24, 0x92, 0xeb, 0x6d, 0x5a, 0xbd, 0x6d, 0xb5, 0xa9, 0x2d, 0x51, 0x10, 0x24, 0xa2,
  0xaa, 0xaa, 0xaa, 0xab, 0xbf, 0xb5, 0xb7, 0xef, 0xb6, 0xda, 0xaa, 0xbb, 0xa4, 0x45, 0x49, 0x09,
  0x6d, 0x54, 0x92, 0x45, 0xfe, 0xd5, 0x5e, 0xfa, 0xdb, 0x6b, 0x52, 0xee, 0xd0, 0x10, 0x22, 0x52,
  0xaa, 0xaa, 0x4a, 0xae, 0xef, 0xd5, 0x77, 0xaf, 0x7d, 0xb5, 0x6b, 0xbf, 0x6a, 0x85, 0x08, 0x04,
  0xb5, 0x55, 0x54, 0x93, 0xbf, 0x75, 0xbd, 0xfd, 0xd7, 0xdd, 0xae, 0xfb, 0xb4, 0x20, 0xa2, 0xa1,
  0xaa, 0xa9, 0x25, 0x4e, 0xfb, 0xda, 0xef, 0xb7, 0xfd, 0x6a, 0xb7, 0xfe, 0xd4, 0x0a, 0x08, 0x14,
  0xb5, 0x55, 0x52, 0x2b, 0xff, 0xee, 0xbd, 0xff, 0x6f, 0xdf, 0x5f, 0xdb, 0xb4, 0x40, 0x42, 0x81,
  0xad, 0xaa, 0xaa, 0xaf, 0x6e, 0xba, 0xef, 0xed, 0xfa, 0xf5, 0x76, 0xff, 0x69, 0x09, 0x10, 0x28,
  0xb5, 0x55, 0x25, 0x55, 0xff, 0xef, 0x7e, 0xff, 0xaf, 0xad, 0xbf, 0xfd, 0xac, 0x20, 0x45, 0x05,
  0xaa, 0xaa, 0xa9, 0x2f, 0xfd, 0xba, 0xb7, 0xbf, 0xfd, 0xfa, 0xd6, 0xdf, 0xd4, 0x05, 0x10, 0x50,
  0xb6, 0xd5, 0x54, 0x96, 0xb7, 0xd6, 0xff, 0xf5, 0xb7, 0x5f, 0x5b, 0xf6, 0xba, 0x40, 0x04, 0x84,
  0xab, 0x5a, 0x92, 0xaf, 0xfe, 0xab, 0x6d, 0xbf, 0xff, 0xea, 0xae, 0xff, 0xd4, 0x12, 0x50, 0x22,
  0xb5, 0x6a, 0xaa, 0x95, 0xff, 0xd5, 0xbf, 0xf6, 0xda, 0xfb, 0x6b, 0xba, 0xe9, 0x00, 0x02, 0x88,
  0xda, 0xaa, 0x94, 0xaf, 0xb5, 0x56, 0xea, 0xdf, 0xff, 0xad, 0xaa, 0xff, 0xb4, 0x25, 0x48, 0x22,
  0x57, 0x55, 0x52, 0xae, 0xff, 0x5b, 0xff, 0xbd, 0xad, 0xfe, 0xd5, 0xee, 0xd8, 0x80, 0x02, 0x08,
  0xb5, 0xb6, 0xaa, 0x57, 0xed, 0xff, 0xbe, 0xf7, 0xff, 0x6f, 0xfa, 0xfb, 0x6a, 0x08, 0x90, 0xa2,
  0xda, 0xd5, 0x55, 0x5b, 0x7e, 0xff, 0xfb, 0xdd, 0xb7, 0xff, 0xed, 0xbf, 0xa8, 0x20, 0x0a, 0x08,
  0x6d, 0x5a, 0xa9, 0x4f, 0xeb, 0xdd, 0xff, 0xf7, 0xfd, 0xfd, 0xbf, 0x6d, 0x68, 0x82, 0x40, 0xa2,
  0xb7, 0x6a, 0xa5, 0x2a, 0xff, 0xff, 0xb7, 0xba, 0xb7, 0xb7, 0xfd, 0xbb, 0xb2, 0x00, 0x12, 0x08,
  0xd5, 0xab, 0x55, 0x57, 0xad, 0xf7, 0xfe, 0xff, 0xdf, 0xff, 0xef, 0xde, 0xd0, 0x12, 0x40, 0x42,
  0x6d, 0x5a, 0xaa, 0xaa, 0xf7, 0xbe, 0xff, 0xea, 0xbf, 0xfe, 0xfd, 0xe5, 0xa0, 0x40, 0x09, 0x11
};
// Author :- Ashish ( ashish_y_794 )
// Website : https://www.oledanimationmaker.com/

const uint8_t PROGMEM frame42[1024] = {
  0x55, 0xff, 0x75, 0x6c, 0x2d, 0x55, 0xff, 0xff, 0xff, 0xfe, 0xa4, 0xb0, 0x00, 0x07, 0xfd, 0xd2,
  0xaa, 0x45, 0xa0, 0x80, 0xb6, 0x22, 0xab, 0x6b, 0x6d, 0x55, 0x82, 0xac, 0x00, 0x07, 0x36, 0xca,
  0x55, 0x54, 0x92, 0x02, 0x2d, 0x49, 0xff, 0xff, 0xdf, 0xfe, 0x50, 0x54, 0x80, 0x05, 0xd6, 0xd5,
  0xaa, 0xaa, 0xa0, 0x08, 0xba, 0x04, 0xb6, 0xad, 0x7b, 0x6a, 0x84, 0xaa, 0x00, 0x00, 0x29, 0x22,
  0x55, 0x55, 0x50, 0x20, 0xed, 0x52, 0x7f, 0xff, 0xef, 0xbd, 0x10, 0x55, 0x08, 0x02, 0xa5, 0x54,
  0xaa, 0xaa, 0xa4, 0x81, 0x5c, 0x08, 0xab, 0x76, 0xba, 0xea, 0x45, 0x36, 0x20, 0x49, 0x52, 0x95,
  0x55, 0x55, 0x40, 0x05, 0x76, 0xa2, 0x7f, 0xdf, 0xff, 0xbc, 0x10, 0x5a, 0x80, 0x00, 0x94, 0xa4,
  0xaa, 0xaa, 0xa9, 0x01, 0xbc, 0x11, 0x5a, 0xf5, 0x55, 0xd5, 0x42, 0x2a, 0x80, 0x02, 0x4a, 0x52,
  0x55, 0x55, 0x50, 0x12, 0xea, 0x8a, 0x6f, 0xbf, 0xfe, 0xfa, 0x10, 0xad, 0x00, 0x01, 0x52, 0x95,
  0xaa, 0xaa, 0xa0, 0x42, 0xbc, 0x40, 0xbb, 0x6a, 0xd7, 0x55, 0x44, 0x56, 0xc1, 0x04, 0xaa, 0x54,
  0x55, 0x55, 0x52, 0x02, 0xd6, 0x95, 0x5f, 0xff, 0x7b, 0xec, 0x11, 0x3a, 0x88, 0x11, 0x25, 0x4a,
  0xaa, 0xaa, 0xa0, 0x09, 0xbd, 0x08, 0x6a, 0xab, 0xdd, 0x5e, 0x80, 0x55, 0x40, 0x02, 0x94, 0xa9,
  0x55, 0x55, 0x54, 0x82, 0xee, 0x42, 0xbf, 0xfd, 0x6f, 0xf5, 0x24, 0xad, 0x80, 0x01, 0x52, 0xa5,
  0xaa, 0xaa, 0xa8, 0x25, 0x5b, 0x28, 0xea, 0xab, 0x75, 0x5a, 0x09, 0x6a, 0xa0, 0x44, 0xaa, 0x54,
  0x55, 0x55, 0x51, 0x01, 0xb6, 0x85, 0x7f, 0xfd, 0x5f, 0xed, 0xa1, 0x5b, 0x02, 0x05, 0x25, 0x2a,
  0xaa, 0xaa, 0xa8, 0x0a, 0xed, 0xd2, 0xd5, 0x55, 0x55, 0x5b, 0x4a, 0xad, 0x40, 0x12, 0x94, 0xa5,
  0x55, 0x55, 0x54, 0x81, 0x5f, 0x6f, 0xbf, 0xeb, 0xaf, 0xee, 0xed, 0xd5, 0x08, 0x84, 0xaa, 0x92,
  0xaa, 0xaa, 0xaa, 0x24, 0xf5, 0xba, 0xed, 0x7a, 0xb5, 0x75, 0xb6, 0xb6, 0x80, 0x15, 0x52, 0x55,
  0x55, 0x55, 0x54, 0x01, 0x2e, 0xef, 0xbb, 0xad, 0x5b, 0xae, 0xdb, 0x6a, 0x02, 0x49, 0x29, 0x54,
  0xaa, 0xaa, 0xaa, 0x90, 0xdb, 0xba, 0xef, 0xf6, 0xae, 0xfb, 0x6d, 0xb5, 0x20, 0x14, 0x95, 0x4a,
  0x55, 0x55, 0x6a, 0x04, 0x36, 0xef, 0xbd, 0x5b, 0x77, 0xad, 0xb6, 0xda, 0x09, 0x25, 0x52, 0xa9,
  0xaa, 0xaa, 0xaa, 0xa1, 0x5d, 0xba, 0xf7, 0xed, 0x5a, 0xf7, 0x6b, 0x54, 0x00, 0x52, 0xaa, 0x4a,
  0x52, 0x55, 0x55, 0x08, 0x0b, 0xdf, 0xbd, 0x75, 0x6f, 0x5d, 0xbd, 0xb0, 0x44, 0x94, 0x92, 0xa5,
  0xaa, 0xaa, 0xaa, 0xc2, 0x56, 0xb5, 0xd7, 0xb9, 0x1b, 0xeb, 0x6a, 0xd2, 0x11, 0x52, 0xa9, 0x28,
  0x55, 0x4a, 0xaa, 0xa8, 0x0a, 0xee, 0xfd, 0xd5, 0x6d, 0x5d, 0xad, 0x40, 0x02, 0x4a, 0x4a, 0xa6,
  0xa4, 0xaa, 0xaa, 0xa2, 0x82, 0xbb, 0x56, 0xf5, 0x97, 0xb6, 0xd6, 0x88, 0x89, 0x29, 0x24, 0x92,
  0x55, 0x25, 0x55, 0x58, 0x24, 0xd6, 0xfb, 0x5a, 0xba, 0xda, 0xb4, 0x00, 0x25, 0x55, 0x55, 0x55,
  0xaa, 0xa9, 0x25, 0x55, 0x00, 0x2b, 0x57, 0xb7, 0x6d, 0x6a, 0xa1, 0x20, 0x94, 0x92, 0xa9, 0x2a,
  0x52, 0x55, 0x55, 0x55, 0x52, 0x15, 0x5a, 0xd9, 0x52, 0x88, 0x08, 0x05, 0x4a, 0x49, 0x14, 0xa4,
  0xaa, 0x92, 0x94, 0xaa, 0xa9, 0x00, 0x44, 0x04, 0x00, 0x01, 0x00, 0x02, 0x29, 0x54, 0xca, 0x95,
  0x55, 0x54, 0xaa, 0x95, 0x54, 0x00, 0x00, 0x40, 0x00, 0x20, 0x00, 0x01, 0x55, 0x2a, 0x25, 0x52,
  0xa9, 0x2a, 0x92, 0x52, 0x90, 0x42, 0x01, 0x02, 0x44, 0x00, 0x00, 0x00, 0x44, 0xa5, 0xa9, 0x2a,
  0x55, 0x49, 0x55, 0x49, 0x40, 0x00, 0x10, 0x15, 0x10, 0x80, 0x00, 0x00, 0x2a, 0x92, 0x54, 0xaa,
  0xaa, 0xaa, 0x49, 0x52, 0x05, 0x50, 0x04, 0x4a, 0xd0, 0x04, 0x00, 0x11, 0x11, 0x55, 0x25, 0x55,
  0x55, 0x55, 0x55, 0x28, 0x10, 0x20, 0x40, 0x2b, 0x55, 0x00, 0x01, 0x40, 0x04, 0x24, 0x95, 0x4a,
  0xaa, 0x49, 0x2a, 0xaa, 0x82, 0x80, 0x09, 0xbd, 0xaa, 0x20, 0x04, 0x14, 0x02, 0x92, 0xa9, 0x29,
  0x55, 0x54, 0xa4, 0xaa, 0x29, 0x31, 0x02, 0xd6, 0xf5, 0x00, 0x80, 0xa0, 0x0a, 0x55, 0x25, 0x55,
  0xaa, 0xa5, 0x52, 0x95, 0x54, 0x94, 0x25, 0x6b, 0x5b, 0xa4, 0x04, 0x95, 0x45, 0x48, 0x94, 0xa4,
  0xb5, 0x55, 0x2a, 0x54, 0x95, 0x5e, 0x8a, 0xbd, 0xd5, 0x42, 0xa2, 0x52, 0x12, 0xa5, 0x52, 0x52,
  0x55, 0x52, 0xa5, 0x55, 0x52, 0x6d, 0x2b, 0xd7, 0x7e, 0xb7, 0xc9, 0x54, 0x8a, 0x95, 0x2a, 0x8a,
  0xad, 0x54, 0x94, 0xa4, 0xad, 0x5b, 0x96, 0xfd, 0xab, 0x55, 0x60, 0x95, 0x22, 0x52, 0x91, 0x29,
  0xb5, 0x55, 0x52, 0x95, 0x55, 0x6d, 0x57, 0x56, 0xd5, 0xd7, 0xb5, 0x52, 0x81, 0x48, 0x4a, 0x92,
  0xaa, 0xaa, 0x4a, 0x52, 0xff, 0x5a, 0xab, 0xff, 0x7a, 0xba, 0xa2, 0x2a, 0x54, 0x25, 0x24, 0x49,
  0xb5, 0x55, 0x55, 0x4a, 0xab, 0x6d, 0x5d, 0x55, 0xaf, 0x55, 0xa9, 0x5d, 0x41, 0x48, 0x92, 0xa4,
  0xad, 0xaa, 0x49, 0x29, 0xff, 0xb6, 0xaf, 0xfe, 0xf5, 0xee, 0xa5, 0x77, 0x50, 0x12, 0x48, 0x12,
  0x55, 0x55, 0x54, 0xa5, 0x6d, 0xd5, 0x75, 0xab, 0xae, 0xb2, 0xd5, 0xdd, 0xa5, 0x41, 0x25, 0x49,
  0xda, 0xaa, 0x4a, 0x97, 0xff, 0xea, 0xbf, 0x7e, 0xf5, 0xdd, 0x57, 0x7b, 0x68, 0x14, 0x40, 0x24,
  0x6a, 0xa9, 0x51, 0x49, 0x6f, 0xb5, 0x6b, 0xfb, 0xbf, 0x6b, 0x5d, 0xfe, 0xd0, 0x41, 0x15, 0x02,
  0xad, 0xad, 0x4c, 0xab, 0xfe, 0xee, 0xbf, 0xbf, 0xeb, 0xb5, 0xb7, 0xef, 0x52, 0x08, 0x40, 0xa9,
  0xb5, 0x55, 0x22, 0x4b, 0x77, 0xf5, 0xed, 0xed, 0xbe, 0xde, 0xbf, 0xbb, 0xb0, 0x82, 0x14, 0x04,
  0xaa, 0xaa, 0xad, 0x2b, 0xdf, 0xbe, 0xbf, 0xff, 0xed, 0xea, 0xdd, 0xfe, 0xd4, 0x28, 0x81, 0x52,
  0xb6, 0xd5, 0x52, 0xa6, 0xfe, 0xeb, 0x77, 0x76, 0xff, 0x7b, 0x77, 0xf7, 0x50, 0x82, 0x28, 0x04,
  0xdb, 0x5a, 0xa9, 0x57, 0xff, 0xbd, 0xbf, 0xdf, 0xb5, 0xd6, 0xae, 0xdd, 0xba, 0x08, 0x82, 0xa1,
  0x55, 0x6a, 0x95, 0x2b, 0x5b, 0xd6, 0xed, 0xff, 0xff, 0xfb, 0x7b, 0xfe, 0xd0, 0x20, 0x24, 0x14,
  0xb6, 0xaa, 0xaa, 0x97, 0xfe, 0xd5, 0x7f, 0x75, 0xad, 0x5d, 0x4f, 0xf7, 0x69, 0x05, 0x08, 0x82,
  0xda, 0xd5, 0x52, 0x55, 0xff, 0x55, 0xab, 0xdf, 0xff, 0xeb, 0x6a, 0xdf, 0xa8, 0x20, 0x42, 0x28,
  0x6b, 0x5a, 0xaa, 0xab, 0x5b, 0xd6, 0xfe, 0xfe, 0xdb, 0x76, 0xab, 0xfd, 0x68, 0x84, 0x10, 0x82,
  0xad, 0x6b, 0x55, 0x2f, 0xfe, 0xbf, 0xdf, 0xb7, 0xff, 0xdf, 0xd5, 0xbb, 0xb2, 0x01, 0x44, 0x29,
  0xb6, 0xad, 0x52, 0xa5, 0xef, 0x77, 0xfb, 0xdd, 0x6d, 0x7f, 0xfa, 0xfe, 0xd0, 0x24, 0x11, 0x04,
  0xdb, 0xb5, 0x55, 0x57, 0x7b, 0xfe, 0xff, 0x77, 0xff, 0xfd, 0xef, 0xd7, 0x50, 0x80, 0x80, 0xa2,
  0x6d, 0x56, 0xaa, 0x4b, 0xdd, 0xdf, 0xef, 0xfb, 0x6b, 0xff, 0xbd, 0x7d, 0xa4, 0x08, 0x24, 0x11,
  0xb5, 0xea, 0xd5, 0x55, 0x77, 0xff, 0xbd, 0xdd, 0xdf, 0xde, 0xff, 0xae, 0xd0, 0x22, 0x02, 0x8a,
  0xda, 0xb6, 0xaa, 0xab, 0xdf, 0x7b, 0xff, 0xf6, 0xff, 0x7b, 0xed, 0xdb, 0x41, 0x00, 0x90, 0x40,
  0x6f, 0x5a, 0xaa, 0x49, 0x75, 0xfe, 0xf7, 0x7e, 0xaf, 0xff, 0xbf, 0x6d, 0xa4, 0x10, 0x05, 0x15
};
// Author :- Ashish ( ashish_y_794 )
// Website : https://www.oledanimationmaker.com/

const uint8_t PROGMEM frame43[1024] = {
  0x55, 0xff, 0x7a, 0xda, 0x05, 0xff, 0xff, 0xff, 0xff, 0xff, 0x6d, 0x40, 0x00, 0x07, 0xfd, 0xd2,
  0xaa, 0x45, 0xa4, 0x00, 0x16, 0x2a, 0xb6, 0xb6, 0xdb, 0x55, 0xaa, 0xd0, 0x00, 0x07, 0x56, 0xca,
  0x55, 0x54, 0x94, 0x80, 0x4b, 0x53, 0xdf, 0xff, 0xff, 0xfe, 0x91, 0x64, 0x00, 0x0f, 0xb7, 0xa9,
  0xaa, 0xaa, 0xa8, 0x12, 0x1d, 0x88, 0xba, 0xd5, 0x55, 0x6a, 0x85, 0x30, 0x40, 0x00, 0x48, 0x54,
  0x55, 0x55, 0x54, 0x40, 0x56, 0x44, 0xf7, 0xff, 0xff, 0xfd, 0x20, 0xd4, 0x00, 0x45, 0x55, 0x45,
  0xaa, 0xaa, 0xa9, 0x01, 0x3d, 0x22, 0x5f, 0x6e, 0xee, 0xaa, 0x14, 0x52, 0x02, 0x05, 0x25, 0x32,
  0x55, 0x55, 0x54, 0x04, 0x57, 0x14, 0xbb, 0xfb, 0xbb, 0xfc, 0x81, 0x6c, 0x08, 0x04, 0x92, 0x8a,
  0xaa, 0xaa, 0xa8, 0x10, 0x7a, 0x81, 0x2f, 0x6f, 0xfe, 0xaa, 0x50, 0xaa, 0x40, 0x12, 0xaa, 0x69,
  0x55, 0x55, 0x51, 0x01, 0x5e, 0x54, 0x7d, 0xfd, 0x57, 0xf4, 0x04, 0xb4, 0x00, 0x05, 0x55, 0x25,
  0xaa, 0xaa, 0xa8, 0x40, 0xb7, 0x02, 0x97, 0xaf, 0xfa, 0xba, 0xa0, 0xad, 0x00, 0x02, 0x49, 0x54,
  0x55, 0x55, 0x54, 0x09, 0x6d, 0x28, 0x7e, 0xfa, 0xaf, 0xd4, 0x0a, 0x75, 0x00, 0x15, 0x24, 0x92,
  0xaa, 0xaa, 0xa9, 0x00, 0xbb, 0x05, 0x2b, 0xb7, 0xfd, 0x7a, 0xa0, 0xaa, 0x80, 0x42, 0xaa, 0xaa,
  0x55, 0x55, 0x54, 0x45, 0x6e, 0xa0, 0xbe, 0xee, 0xb7, 0xd4, 0x04, 0xb6, 0x11, 0x09, 0x2a, 0x4a,
  0xaa, 0xaa, 0xa9, 0x00, 0xb7, 0x14, 0x57, 0xbb, 0xdd, 0x7a, 0x91, 0x5b, 0x40, 0x05, 0x49, 0x55,
  0x55, 0x55, 0x54, 0x11, 0x6d, 0x82, 0xbd, 0xee, 0xb7, 0xad, 0x01, 0x6a, 0x00, 0x14, 0xa5, 0x24,
  0xaa, 0xaa, 0xaa, 0x40, 0xbb, 0x54, 0xee, 0xba, 0xdd, 0xf6, 0x55, 0xad, 0x00, 0x0a, 0x95, 0x52,
  0x55, 0x55, 0x54, 0x05, 0x6e, 0xc1, 0x77, 0xed, 0x57, 0x5b, 0x05, 0x55, 0x12, 0x52, 0x54, 0xaa,
  0xaa, 0xaa, 0xb5, 0x20, 0xb7, 0xbe, 0xdd, 0x75, 0xbd, 0xed, 0xf6, 0xec, 0x00, 0x0a, 0xaa, 0x95,
  0x55, 0x55, 0xaa, 0x04, 0x5a, 0xf7, 0xbb, 0xae, 0xab, 0x76, 0xad, 0x56, 0x41, 0x29, 0x49, 0x49,
  0xaa, 0xaa, 0xab, 0x41, 0x5f, 0xba, 0xef, 0xf5, 0x5f, 0xbb, 0xb7, 0x74, 0x08, 0x55, 0x25, 0x2a,
  0x55, 0x55, 0x55, 0x10, 0x2a, 0xdf, 0xbd, 0x5b, 0x6a, 0xdd, 0x6a, 0xa8, 0x01, 0x24, 0xaa, 0xa5,
  0xaa, 0xaa, 0xaa, 0x84, 0xaf, 0x75, 0xf7, 0xf6, 0xbf, 0x6b, 0xbd, 0xd5, 0x24, 0x52, 0xa9, 0x54,
  0x55, 0x55, 0x55, 0x50, 0x15, 0xde, 0xbd, 0x5d, 0xab, 0xfe, 0xd6, 0xb0, 0x01, 0x2a, 0x4a, 0x2a,
  0xaa, 0xaa, 0xaa, 0xa2, 0x4b, 0x77, 0xef, 0xf4, 0x6d, 0x55, 0xbb, 0xc8, 0x91, 0x49, 0x55, 0x49,
  0x55, 0x2a, 0xaa, 0xa8, 0x05, 0xad, 0x75, 0x5b, 0x37, 0xee, 0xd5, 0x50, 0x05, 0x2a, 0xa2, 0xa5,
  0xaa, 0xa5, 0x55, 0x52, 0x92, 0xfb, 0xbf, 0xf5, 0x5a, 0xb5, 0xbd, 0x01, 0x12, 0xa5, 0x19, 0x2a,
  0x55, 0x54, 0xaa, 0xa8, 0x01, 0x56, 0xea, 0xba, 0xaf, 0xde, 0xd5, 0x40, 0x0a, 0x54, 0xc5, 0x55,
  0xaa, 0x4a, 0xaa, 0xad, 0x54, 0x2f, 0x5f, 0xd5, 0x75, 0x6a, 0xa8, 0x04, 0x69, 0x25, 0x34, 0xa4,
  0x55, 0x55, 0x25, 0x55, 0x00, 0x92, 0xea, 0xbe, 0xd5, 0x55, 0x40, 0x01, 0x15, 0x52, 0x92, 0x95,
  0xaa, 0xa4, 0xaa, 0xaa, 0xd4, 0x09, 0x2a, 0xc2, 0x09, 0x00, 0x00, 0x2a, 0xc9, 0x2a, 0x4a, 0x52,
  0xaa, 0x55, 0x54, 0xa5, 0x52, 0x80, 0x00, 0x10, 0x20, 0x10, 0x00, 0x02, 0x25, 0x49, 0x55, 0x55,
  0x55, 0x4a, 0x92, 0x95, 0x54, 0x00, 0x09, 0x02, 0x00, 0x40, 0x00, 0x04, 0xaa, 0x55, 0x2a, 0xaa,
  0xaa, 0xa9, 0x55, 0x54, 0xa8, 0x41, 0x20, 0x21, 0x42, 0x00, 0x01, 0x01, 0x55, 0x4a, 0xa4, 0x95,
  0x55, 0x54, 0x94, 0xa9, 0x01, 0x10, 0x00, 0x8a, 0xa8, 0x00, 0x00, 0x00, 0x11, 0x29, 0x2a, 0xaa,
  0xaa, 0xa5, 0x52, 0x94, 0x40, 0x20, 0x04, 0x2d, 0x50, 0x02, 0x04, 0x20, 0x4a, 0xa4, 0xaa, 0xa9,
  0xb5, 0x55, 0x4a, 0x53, 0x09, 0x10, 0x10, 0xab, 0xad, 0x20, 0x10, 0x88, 0x04, 0x55, 0x49, 0x55,
  0x55, 0x52, 0x55, 0x4c, 0x94, 0xa9, 0x02, 0x5d, 0x6a, 0x00, 0x01, 0x40, 0x12, 0x92, 0x54, 0x95,
  0xaa, 0xaa, 0xaa, 0xaa, 0x92, 0x94, 0x21, 0xee, 0xdb, 0x44, 0x04, 0x55, 0x15, 0x49, 0x4a, 0xa4,
  0xb6, 0xaa, 0x49, 0x2a, 0xaa, 0x56, 0x8d, 0x5b, 0xb5, 0x41, 0x42, 0xa0, 0x4a, 0x2a, 0xa4, 0x95,
  0xaa, 0xa9, 0x54, 0xaa, 0x49, 0x5f, 0x26, 0xf6, 0xee, 0xaf, 0x92, 0x9a, 0x15, 0xa4, 0x52, 0x52,
  0x55, 0x55, 0x4a, 0x92, 0xaa, 0xaa, 0xcb, 0xbd, 0xb5, 0xd5, 0xc8, 0x52, 0x8a, 0x13, 0x15, 0x29,
  0xdb, 0x55, 0x29, 0x4a, 0xad, 0x5d, 0x55, 0xd7, 0x6e, 0xae, 0xa5, 0x54, 0x44, 0xc8, 0xa2, 0x84,
  0x6d, 0x55, 0x55, 0x29, 0x5b, 0xab, 0x56, 0xfd, 0xb5, 0xb5, 0xa2, 0xaa, 0x91, 0x25, 0x54, 0x55,
  0xaa, 0xd5, 0x48, 0xaa, 0x7f, 0x76, 0xaf, 0x57, 0x6e, 0xdb, 0x54, 0xb5, 0x44, 0x12, 0x09, 0x22,
  0xab, 0x55, 0x26, 0x92, 0xd7, 0xda, 0xab, 0xfd, 0xf5, 0xad, 0x4a, 0xdd, 0x01, 0x49, 0x52, 0x49,
  0xb5, 0x55, 0x51, 0x4a, 0xbe, 0xea, 0xbe, 0xdb, 0x5e, 0xf6, 0xab, 0xf7, 0xd2, 0x24, 0x04, 0x94,
  0xad, 0x55, 0x55, 0x29, 0xfb, 0xf5, 0x6b, 0xff, 0xeb, 0x55, 0xae, 0xdd, 0x20, 0x81, 0x50, 0x45,
  0xb5, 0xaa, 0xaa, 0xa5, 0x5f, 0xdd, 0x7f, 0x6d, 0x7f, 0xda, 0xbb, 0xfb, 0xa4, 0x28, 0x0a, 0x29,
  0xd6, 0xb5, 0x49, 0x2a, 0xff, 0xf7, 0x5b, 0xff, 0xd5, 0x6e, 0xef, 0xee, 0xa0, 0x82, 0xa1, 0x12,
  0x5a, 0xd5, 0x54, 0xa5, 0xdb, 0x6d, 0xbf, 0xb7, 0x7f, 0xdb, 0x7f, 0x7d, 0xa2, 0x10, 0x08, 0x89,
  0xad, 0x56, 0xaa, 0x95, 0xff, 0xfa, 0xdb, 0xfd, 0xf6, 0xf5, 0x5d, 0xf6, 0xa0, 0x45, 0x44, 0x52,
  0xd6, 0xaa, 0xa5, 0x53, 0x6f, 0xbf, 0x7f, 0x7f, 0xdf, 0xbd, 0xf7, 0xfe, 0xd2, 0x10, 0x21, 0x09,
  0x75, 0xda, 0xaa, 0x55, 0xfe, 0xeb, 0xb7, 0xef, 0x7b, 0x6a, 0xbf, 0xdb, 0x50, 0x42, 0x88, 0x44,
  0xad, 0x55, 0x55, 0x4a, 0xbb, 0xd5, 0x7d, 0xfb, 0xff, 0xf7, 0x56, 0xfd, 0xa1, 0x08, 0x12, 0x2a,
  0xb6, 0xb6, 0xa9, 0x2b, 0xff, 0xea, 0xd7, 0x6f, 0xad, 0x5a, 0xaf, 0xee, 0xd0, 0x21, 0x21, 0x01,
  0xdb, 0x5a, 0xd5, 0x52, 0xef, 0x55, 0x7f, 0xfe, 0xff, 0xed, 0xab, 0xfb, 0x44, 0x84, 0x08, 0xaa,
  0x6a, 0xeb, 0x55, 0x4b, 0xbd, 0xef, 0xdb, 0x5b, 0xf6, 0xfe, 0xd6, 0xde, 0xe0, 0x01, 0x42, 0x09,
  0xad, 0x55, 0x54, 0xab, 0xff, 0x5f, 0xff, 0xff, 0x5f, 0xb7, 0xeb, 0xfb, 0x49, 0x28, 0x10, 0xa4,
  0xd7, 0xb6, 0xaa, 0xaa, 0xdb, 0xfb, 0x7e, 0xd5, 0xfb, 0xff, 0xbb, 0x6d, 0xa0, 0x02, 0x44, 0x12,
  0x7a, 0xda, 0xd5, 0x25, 0xfe, 0xff, 0xf7, 0xff, 0xee, 0xff, 0xfd, 0xfe, 0x82, 0x20, 0x12, 0x89,
  0xad, 0x6b, 0x55, 0x55, 0x6f, 0xdf, 0xff, 0xea, 0xbf, 0xfb, 0x77, 0x55, 0xc8, 0x09, 0x40, 0x52,
  0xd7, 0x5a, 0xb5, 0x55, 0xba, 0xfd, 0xbd, 0xbf, 0xf7, 0xdf, 0xfe, 0xfe, 0x20, 0x80, 0x0a, 0x04,
  0x75, 0xad, 0xaa, 0xaa, 0xef, 0xf7, 0xf7, 0xfa, 0xbf, 0xff, 0xb7, 0xab, 0x80, 0x24, 0x81, 0x52,
  0xad, 0x76, 0xaa, 0x92, 0x2b, 0xdf, 0xff, 0xee, 0xdf, 0x75, 0xfe, 0xaa, 0x04, 0x80, 0x28, 0x24
};
// Author :- Ashish ( ashish_y_794 )
// Website : https://www.oledanimationmaker.com/

const uint8_t PROGMEM frame44[1024] = {
  0xaa, 0xff, 0x7e, 0xda, 0x01, 0xff, 0xff, 0xfd, 0xff, 0xff, 0x6d, 0x00, 0x00, 0x0f, 0xfd, 0xd5,
  0x55, 0x45, 0xa2, 0x00, 0x0a, 0xaa, 0xb6, 0xaf, 0xad, 0x55, 0xb5, 0xa0, 0x00, 0x07, 0x56, 0xc8,
  0xaa, 0xb4, 0x98, 0x80, 0x25, 0x5f, 0xff, 0xfb, 0xff, 0xfe, 0xd5, 0x40, 0x00, 0x17, 0xb7, 0xa5,
  0x55, 0x4a, 0xaa, 0x12, 0x0b, 0xa1, 0x55, 0xbe, 0xb6, 0xdb, 0x09, 0xa9, 0x00, 0x08, 0x48, 0x54,
  0xaa, 0xaa, 0xa8, 0x40, 0x56, 0x94, 0xff, 0xef, 0xff, 0xf6, 0xa4, 0xd0, 0x10, 0x8b, 0x25, 0x4a,
  0x55, 0x55, 0x56, 0x01, 0x1e, 0x82, 0x5b, 0x7b, 0x6a, 0xba, 0x02, 0x68, 0x00, 0x08, 0xaa, 0xa9,
  0xaa, 0xaa, 0xa8, 0x88, 0x2b, 0x54, 0xbf, 0xdf, 0xff, 0xda, 0x51, 0xa8, 0x80, 0x0a, 0xa9, 0x25,
  0x55, 0x55, 0x54, 0x00, 0x5d, 0x02, 0x56, 0xfa, 0xb6, 0xec, 0x84, 0xaa, 0x00, 0x25, 0x25, 0x54,
  0xaa, 0xaa, 0xaa, 0x42, 0x37, 0x51, 0x3f, 0xbf, 0xff, 0x74, 0x10, 0xb4, 0x02, 0x09, 0x54, 0x92,
  0x55, 0x55, 0x54, 0x08, 0xbd, 0x0a, 0x5a, 0xeb, 0x55, 0xda, 0x82, 0xa8, 0x00, 0x0a, 0x92, 0xaa,
  0xaa, 0xaa, 0xaa, 0x20, 0x57, 0x50, 0xaf, 0xff, 0xff, 0x68, 0x28, 0xdd, 0x00, 0x24, 0xaa, 0x49,
  0x55, 0x55, 0x54, 0x81, 0x7b, 0x04, 0x3b, 0x5a, 0xab, 0xfa, 0x81, 0x6a, 0x10, 0x0a, 0x49, 0x55,
  0xaa, 0xaa, 0xaa, 0x00, 0x57, 0x52, 0xaf, 0xf7, 0xfe, 0xaa, 0x24, 0xaa, 0x40, 0x92, 0xaa, 0xa4,
  0x55, 0x55, 0x54, 0x12, 0xbd, 0x88, 0x5d, 0x5d, 0x5b, 0xd8, 0x81, 0x6d, 0x00, 0x0a, 0x94, 0x95,
  0xaa, 0xaa, 0xaa, 0x80, 0x56, 0x82, 0x77, 0xf7, 0xee, 0xb6, 0x12, 0xb4, 0x00, 0x29, 0x52, 0xaa,
  0x55, 0x55, 0x54, 0x08, 0xbb, 0xa9, 0x5d, 0xbd, 0x7b, 0xec, 0x89, 0xaa, 0x82, 0x14, 0x95, 0x52,
  0xaa, 0xab, 0x6b, 0x20, 0xae, 0xc4, 0x77, 0x6a, 0x9e, 0xba, 0x45, 0x6c, 0x00, 0x4a, 0xa9, 0x2a,
  0x55, 0x5a, 0xac, 0x02, 0x77, 0x72, 0xdd, 0xf6, 0xd5, 0xef, 0x2a, 0xb5, 0x10, 0x25, 0x25, 0x49,
  0xab, 0x6a, 0xab, 0x48, 0x9b, 0xdd, 0xf7, 0x5b, 0x5f, 0x75, 0xdd, 0xd4, 0x02, 0x54, 0xaa, 0xaa,
  0x5a, 0x95, 0x55, 0x00, 0x6d, 0x77, 0x5f, 0xed, 0x6b, 0xae, 0xb6, 0xb4, 0x40, 0x4a, 0x94, 0x49,
  0xaa, 0xaa, 0xaa, 0xa4, 0x1b, 0xdd, 0xfa, 0xba, 0xb6, 0xfb, 0xdb, 0x59, 0x09, 0x29, 0x53, 0x55,
  0x55, 0x55, 0x55, 0x41, 0x56, 0xef, 0x6f, 0xed, 0xaf, 0xad, 0x6d, 0xd0, 0x00, 0xa5, 0x29, 0x2a,
  0xaa, 0xaa, 0xaa, 0xa8, 0x17, 0x75, 0xfa, 0xdb, 0x7a, 0xf7, 0xb6, 0xa8, 0x4a, 0x94, 0xa5, 0x49,
  0xaa, 0xaa, 0xaa, 0xa2, 0x0a, 0xdf, 0x5f, 0xbd, 0x57, 0xba, 0xdb, 0x62, 0x01, 0x55, 0x54, 0xa4,
  0x55, 0x25, 0x55, 0x50, 0xa5, 0xb5, 0xea, 0xea, 0x5d, 0xd7, 0x6d, 0x90, 0x4a, 0x4a, 0x4a, 0x95,
  0xaa, 0xaa, 0xaa, 0xaa, 0x02, 0xff, 0x7f, 0xf9, 0x57, 0x7d, 0xb6, 0x81, 0x05, 0x52, 0xa9, 0x55,
  0x6a, 0xa9, 0x55, 0x54, 0x49, 0x55, 0xd6, 0xab, 0x5d, 0xaa, 0xda, 0x24, 0x14, 0xa9, 0x25, 0x2a,
  0xaa, 0x95, 0x2a, 0xaa, 0x00, 0xae, 0xfb, 0xfd, 0x6b, 0x6d, 0x54, 0x00, 0x52, 0x4a, 0xaa, 0xa5,
  0x55, 0x54, 0xaa, 0xab, 0x54, 0x15, 0x56, 0xab, 0x5d, 0xb5, 0xa0, 0x81, 0x2a, 0xa5, 0x29, 0x54,
  0xaa, 0xa5, 0x52, 0xa9, 0x41, 0x25, 0xad, 0xac, 0xa4, 0x88, 0x00, 0x14, 0xa5, 0x29, 0x4a, 0x4a,
  0x55, 0x2a, 0x95, 0x56, 0xb4, 0x80, 0x12, 0x20, 0x00, 0x20, 0x00, 0x05, 0x52, 0x95, 0x29, 0x55,
  0xaa, 0xa9, 0x54, 0x92, 0xaa, 0x00, 0x00, 0x02, 0x10, 0x00, 0x00, 0x12, 0x4a, 0x52, 0xa5, 0x52,
  0xb5, 0x55, 0x25, 0x55, 0x54, 0x00, 0x00, 0x48, 0x82, 0x00, 0x00, 0x01, 0x29, 0x4a, 0x55, 0x2a,
  0x55, 0x4a, 0xaa, 0xa8, 0x20, 0xa8, 0x89, 0x02, 0xa0, 0x40, 0x40, 0x00, 0xa5, 0x29, 0x55, 0x55,
  0xaa, 0xa9, 0x52, 0x4a, 0x82, 0x00, 0x00, 0x2d, 0x54, 0x02, 0x02, 0x40, 0x54, 0xaa, 0x92, 0xaa,
  0xaa, 0xaa, 0x4a, 0xaa, 0x88, 0x50, 0x10, 0xab, 0x69, 0x08, 0x00, 0x84, 0x02, 0xa5, 0x55, 0x55,
  0x6d, 0x55, 0x55, 0x25, 0x42, 0x2a, 0x04, 0xbd, 0xac, 0x00, 0x05, 0x20, 0x29, 0x28, 0x94, 0xaa,
  0xaa, 0xaa, 0xa9, 0x55, 0x29, 0x48, 0x42, 0xab, 0x77, 0x40, 0x00, 0x91, 0x14, 0x95, 0x52, 0x95,
  0xab, 0x54, 0x95, 0x56, 0x95, 0x2f, 0x0a, 0xf7, 0xd9, 0x22, 0x15, 0x48, 0x2a, 0xa5, 0x2a, 0x52,
  0x6d, 0x55, 0x49, 0x22, 0xaa, 0xaa, 0xa5, 0xad, 0x6e, 0xcf, 0xa2, 0xa5, 0x2a, 0x52, 0x91, 0x49,
  0xaa, 0xaa, 0xaa, 0x9a, 0x55, 0x5f, 0x96, 0xff, 0xb5, 0xaa, 0xc9, 0x54, 0x15, 0x29, 0x4a, 0xa5,
  0xb5, 0xb5, 0x54, 0xa5, 0x55, 0x55, 0x55, 0xaa, 0xdb, 0x5f, 0x44, 0xa9, 0x44, 0x8a, 0x24, 0x14,
  0xad, 0x55, 0x22, 0x94, 0xaf, 0xad, 0xab, 0xff, 0x6d, 0xaa, 0xaa, 0x55, 0x12, 0x51, 0x52, 0xca,
  0xb5, 0xaa, 0xaa, 0x52, 0xba, 0xf6, 0xae, 0xab, 0xb6, 0xed, 0xa1, 0x6a, 0x81, 0x24, 0x89, 0x25,
  0xaa, 0xaa, 0xa9, 0x4a, 0x6f, 0xaa, 0xaf, 0xfd, 0x7b, 0x56, 0x96, 0xda, 0x48, 0x92, 0x52, 0x12,
  0xb6, 0xd5, 0x4a, 0xa9, 0x7f, 0xfa, 0xb5, 0xb7, 0xd6, 0xf5, 0x55, 0xfd, 0x84, 0x44, 0x84, 0xa9,
  0xab, 0x5a, 0xaa, 0x55, 0x5b, 0xed, 0x7f, 0xfe, 0xfb, 0xad, 0xaf, 0xd6, 0xa1, 0x11, 0x22, 0x44,
  0xb5, 0x6a, 0xa9, 0x25, 0xff, 0x76, 0xad, 0x6f, 0xae, 0xd6, 0xbf, 0x7d, 0x84, 0x44, 0x11, 0x2a,
  0xdb, 0x55, 0x55, 0x52, 0x6f, 0xfb, 0x77, 0xfb, 0xfb, 0xba, 0xfb, 0xf6, 0xa0, 0x11, 0x44, 0x12,
  0x55, 0xaa, 0xaa, 0x95, 0xdd, 0xdd, 0xbf, 0xde, 0xde, 0xed, 0x5f, 0xfd, 0x89, 0x44, 0x11, 0x49,
  0xde, 0xb6, 0xa4, 0xa9, 0x7f, 0xf6, 0xdb, 0x7f, 0xf7, 0xb7, 0xfe, 0xdb, 0x60, 0x10, 0x84, 0x25,
  0x6a, 0xd5, 0x55, 0x4a, 0xf7, 0xbf, 0x6f, 0xfb, 0xbd, 0xfa, 0x6b, 0xfd, 0x84, 0x82, 0x21, 0x48,
  0xb5, 0x5a, 0xd5, 0x2a, 0xdf, 0xea, 0xbf, 0xef, 0xef, 0xad, 0xbf, 0xee, 0xd0, 0x28, 0x88, 0x26,
  0xd7, 0x6b, 0x54, 0xa5, 0xfe, 0xd5, 0xf6, 0xfe, 0xfd, 0xf6, 0xdf, 0xbb, 0x42, 0x02, 0x25, 0x11,
  0x5a, 0xad, 0x55, 0x55, 0x7b, 0xf5, 0x5f, 0xbb, 0xb7, 0x5a, 0xab, 0xfd, 0x48, 0x90, 0x80, 0xa4,
  0xed, 0xd5, 0x55, 0x53, 0xdf, 0xaa, 0xed, 0xef, 0xff, 0xed, 0x57, 0xee, 0xc0, 0x04, 0x2a, 0x12,
  0x56, 0xbb, 0x6a, 0x95, 0x7e, 0xef, 0xff, 0x7e, 0xda, 0xff, 0xad, 0xbb, 0x44, 0xa1, 0x00, 0x8a,
  0xdb, 0x55, 0xaa, 0x55, 0xef, 0xbf, 0xbd, 0xdb, 0xff, 0xbf, 0xeb, 0xfd, 0xa0, 0x08, 0x54, 0x51,
  0xb5, 0xdd, 0x55, 0x52, 0xbd, 0xfb, 0xff, 0xf7, 0x6d, 0xfb, 0xbe, 0xd6, 0x84, 0x22, 0x02, 0x8a,
  0xdd, 0x6b, 0x6a, 0xaa, 0xff, 0x6f, 0xf7, 0xfd, 0xff, 0xff, 0xfb, 0xfb, 0x41, 0x00, 0x90, 0x24,
  0x6b, 0xb5, 0xad, 0x55, 0xb5, 0xff, 0x7f, 0x6f, 0x6f, 0xfe, 0xee, 0xad, 0x10, 0x24, 0x25, 0x4a,
  0xb6, 0xdd, 0x55, 0x4a, 0xdf, 0xff, 0xfd, 0xfa, 0xdf, 0xb7, 0xfd, 0xf6, 0x82, 0x01, 0x00, 0x21,
  0xdb, 0x56, 0xd5, 0x54, 0x6a, 0xfb, 0xdf, 0xef, 0x7e, 0xff, 0x77, 0x2d, 0x08, 0x48, 0x55, 0x14,
  0xb5, 0xb5, 0x6a, 0xaa, 0x97, 0xdf, 0x7b, 0xfd, 0x7f, 0xf7, 0xdf, 0xaa, 0x20, 0x02, 0x00, 0xa5
};
// Author :- Ashish ( ashish_y_794 )
// Website : https://www.oledanimationmaker.com/

const uint8_t PROGMEM frame45[1024] = {
  0x55, 0xfe, 0xf7, 0x6c, 0x00, 0x2f, 0xfd, 0x40, 0x17, 0xff, 0x68, 0x00, 0x00, 0x2f, 0xfd, 0xd5,
  0xaa, 0x45, 0x55, 0x80, 0x02, 0xba, 0xaf, 0xb5, 0x6d, 0x55, 0xb4, 0x00, 0x00, 0x17, 0x56, 0xc9,
  0x55, 0x55, 0x54, 0x10, 0x90, 0xef, 0xfa, 0xff, 0xff, 0xfe, 0xdb, 0x40, 0x00, 0x4b, 0x57, 0xaa,
  0xaa, 0xaa, 0xab, 0x42, 0x02, 0xba, 0xdf, 0xd5, 0x55, 0xb5, 0xad, 0x08, 0x00, 0x29, 0x50, 0x52,
  0x55, 0x55, 0x54, 0x80, 0x0a, 0xad, 0xf6, 0xff, 0xff, 0xde, 0xb2, 0xc1, 0x04, 0x95, 0x2b, 0x49,
  0xaa, 0xaa, 0xaa, 0x00, 0x45, 0xc2, 0xaf, 0xb7, 0x76, 0xf5, 0x4a, 0xa0, 0x10, 0x24, 0x94, 0xa5,
  0x55, 0x55, 0x55, 0x49, 0x0b, 0x54, 0x7b, 0xfd, 0xdf, 0xba, 0x02, 0xa0, 0x00, 0x12, 0xa5, 0x14,
  0xaa, 0xaa, 0xaa, 0x00, 0x0d, 0x82, 0xae, 0xb7, 0xfa, 0xec, 0x92, 0xc8, 0x00, 0x4a, 0x52, 0xaa,
  0x55, 0x55, 0x55, 0x40, 0x2b, 0x54, 0x3f, 0xfe, 0xbf, 0xb4, 0x42, 0xa1, 0x00, 0x29, 0x4a, 0x52,
  0xaa, 0xaa, 0xaa, 0x09, 0x17, 0x81, 0x55, 0xb7, 0xeb, 0x75, 0x11, 0x74, 0x00, 0x15, 0x29, 0x49,
  0x55, 0x55, 0x55, 0x20, 0x2e, 0xd4, 0x2f, 0xfd, 0xbe, 0xd8, 0x45, 0x90, 0x02, 0x4a, 0xa5, 0x2a,
  0xaa, 0xaa, 0xaa, 0x80, 0xbb, 0x42, 0x9d, 0xaf, 0x77, 0xea, 0x01, 0x68, 0x10, 0x24, 0x94, 0xa5,
  0x55, 0x55, 0x55, 0x04, 0x17, 0x90, 0x5f, 0xfb, 0xdd, 0x68, 0x95, 0x5a, 0x00, 0x2a, 0x52, 0x94,
  0xaa, 0xaa, 0xaa, 0x20, 0x5a, 0x8a, 0xaa, 0xad, 0x77, 0xb4, 0x21, 0xa8, 0x00, 0x25, 0x4a, 0xaa,
  0x55, 0x55, 0x55, 0x81, 0x2f, 0xc0, 0x2f, 0xff, 0xdd, 0xda, 0x82, 0xec, 0x80, 0x94, 0xaa, 0x52,
  0xaa, 0xaa, 0xaa, 0x08, 0x35, 0x55, 0x3b, 0x55, 0x76, 0xb4, 0x12, 0xb4, 0x02, 0x2a, 0x52, 0xaa,
  0x55, 0x55, 0x55, 0xa0, 0x9f, 0xa0, 0xae, 0xfe, 0xdf, 0xea, 0x45, 0x54, 0x08, 0x52, 0x95, 0x25,
  0xaa, 0xaa, 0xaa, 0x02, 0x2a, 0xd4, 0x7b, 0xab, 0x6a, 0xba, 0x13, 0x68, 0x40, 0x4a, 0x52, 0x94,
  0x55, 0x55, 0x55, 0xa0, 0x5d, 0xe9, 0x5e, 0xfa, 0xbf, 0xd5, 0x4d, 0xaa, 0x01, 0x29, 0x4a, 0x52,
  0xaa, 0xaa, 0xaa, 0x88, 0x2b, 0x5f, 0xeb, 0xad, 0x4a, 0xff, 0x76, 0xb0, 0x08, 0xa5, 0x55, 0x55,
  0x55, 0x55, 0x55, 0x42, 0x17, 0xea, 0xbe, 0xf6, 0xdf, 0x55, 0xaa, 0xd4, 0x41, 0x55, 0x29, 0x4a,
  0xaa, 0xaa, 0xaa, 0xa8, 0x9a, 0xbf, 0xed, 0xda, 0xb5, 0xed, 0x77, 0x50, 0x04, 0x92, 0xa5, 0x29,
  0x56, 0xaa, 0xaa, 0xd0, 0x0b, 0xd5, 0x77, 0x76, 0xde, 0xbb, 0xad, 0x62, 0x22, 0x4a, 0x54, 0xa5,
  0xb5, 0x55, 0x55, 0x44, 0xa5, 0x7f, 0xbf, 0xdb, 0x6b, 0xee, 0xf6, 0xa0, 0x89, 0x55, 0x25, 0x54,
  0x55, 0x52, 0xaa, 0xb0, 0x05, 0xd5, 0xd5, 0x7d, 0x5e, 0xb5, 0xab, 0x92, 0x05, 0x29, 0x54, 0x92,
  0xaa, 0xaa, 0xaa, 0xad, 0x22, 0xbe, 0xff, 0xd4, 0xab, 0xde, 0xdd, 0x40, 0x2a, 0xa5, 0x25, 0x55,
  0x55, 0x4a, 0x55, 0x52, 0x09, 0x6b, 0x55, 0x7a, 0xb6, 0xeb, 0x6a, 0x00, 0x89, 0x2a, 0x94, 0xaa,
  0xaa, 0xa9, 0x55, 0x55, 0x40, 0xb7, 0xff, 0xd5, 0x5d, 0xb5, 0xb4, 0x92, 0x24, 0xa4, 0xaa, 0x92,
  0xb5, 0x55, 0x4a, 0xaa, 0x92, 0x1a, 0xaa, 0xfa, 0xab, 0x5a, 0xa8, 0x00, 0xaa, 0x92, 0xa5, 0x4a,
  0x55, 0x4a, 0xa9, 0x55, 0x40, 0x45, 0x77, 0x57, 0x6d, 0x6a, 0x80, 0x0a, 0x52, 0x55, 0x29, 0x2a,
  0xaa, 0xa9, 0x25, 0x55, 0x5a, 0x02, 0x95, 0x54, 0x91, 0x00, 0x00, 0xa5, 0x2a, 0xa9, 0x54, 0xaa,
  0xaa, 0xa5, 0x55, 0x2a, 0xaa, 0xc0, 0x00, 0x00, 0x00, 0x00, 0x00, 0x12, 0x92, 0x4a, 0x4a, 0xa9,
  0x55, 0x54, 0x94, 0xa5, 0x55, 0x08, 0x00, 0x82, 0x00, 0x20, 0x00, 0x09, 0x49, 0x52, 0xa5, 0x55,
  0xb6, 0xaa, 0xaa, 0x94, 0x48, 0x00, 0x08, 0x10, 0xa4, 0x80, 0x00, 0x02, 0x55, 0x2a, 0x55, 0x2a,
  0xaa, 0xaa, 0x52, 0x52, 0x90, 0x20, 0x21, 0x0e, 0x90, 0x02, 0x02, 0x01, 0x2a, 0x92, 0xaa, 0xaa,
  0x55, 0x55, 0x4a, 0xaa, 0x42, 0x14, 0x00, 0x53, 0x68, 0x00, 0x08, 0x40, 0x84, 0xaa, 0x92, 0xaa,
  0xb5, 0x52, 0xa9, 0x55, 0xa0, 0xa4, 0x04, 0x5d, 0xaa, 0x20, 0x02, 0x80, 0x29, 0x49, 0x55, 0x55,
  0xaa, 0xaa, 0x55, 0x25, 0x4a, 0x90, 0x91, 0x6e, 0xda, 0x80, 0x21, 0x28, 0x54, 0xa4, 0x94, 0xa4,
  0xad, 0xaa, 0x92, 0xaa, 0xa5, 0x4e, 0x02, 0xb5, 0xb6, 0x84, 0x0a, 0x82, 0x4a, 0x55, 0x4a, 0x55,
  0x6a, 0xb5, 0x54, 0x92, 0x94, 0xa7, 0xcb, 0xde, 0xeb, 0x4b, 0x45, 0x50, 0x55, 0x24, 0xa5, 0x2a,
  0xaa, 0xd5, 0x52, 0xaa, 0x52, 0x9b, 0x55, 0x77, 0x5d, 0x5f, 0x52, 0x4a, 0x28, 0x92, 0x51, 0x45,
  0xb6, 0xaa, 0xaa, 0x95, 0x4d, 0x6d, 0xa5, 0xba, 0xeb, 0x6a, 0x89, 0x51, 0x25, 0x4a, 0x8a, 0x2a,
  0xaa, 0xaa, 0x94, 0xa2, 0x57, 0xaa, 0xab, 0xdf, 0xbd, 0xaf, 0x54, 0xac, 0x49, 0x29, 0x29, 0x52,
  0xb6, 0xda, 0xaa, 0x59, 0x5d, 0xd7, 0x56, 0xea, 0xd6, 0xd5, 0x42, 0xd2, 0x04, 0x84, 0x92, 0x4a,
  0xab, 0x6a, 0xa5, 0x45, 0x2f, 0x7a, 0xdb, 0xbf, 0x75, 0x75, 0x57, 0x7a, 0xa2, 0x52, 0x44, 0x95,
  0xb5, 0x55, 0x54, 0xaa, 0xbb, 0xf5, 0x57, 0xed, 0xdf, 0xae, 0x9b, 0xd6, 0x08, 0x08, 0x92, 0x49,
  0xad, 0x56, 0xaa, 0x49, 0x5f, 0xde, 0xbd, 0x7f, 0x6a, 0xd5, 0x6e, 0xfa, 0x82, 0xa2, 0x09, 0x24,
  0xb6, 0xda, 0xaa, 0xa4, 0xb6, 0xfa, 0xaf, 0xdb, 0xff, 0x76, 0xbf, 0xdb, 0x28, 0x11, 0x42, 0x55,
  0xdb, 0x6a, 0xa9, 0x2a, 0xbf, 0xf7, 0x77, 0x7e, 0xab, 0xaa, 0xfb, 0xed, 0x01, 0x44, 0x28, 0x92,
  0x55, 0x55, 0x55, 0x55, 0x6f, 0xdd, 0xaf, 0xfb, 0xfe, 0xfb, 0xbf, 0x7a, 0x90, 0x11, 0x02, 0x4a,
  0xb6, 0xdb, 0x6a, 0x92, 0xbb, 0x7e, 0xdd, 0xef, 0xed, 0xad, 0x77, 0xed, 0x85, 0x04, 0x51, 0x29,
  0xdb, 0x6a, 0xaa, 0x54, 0xef, 0xeb, 0xbf, 0xbf, 0x7f, 0xf5, 0xff, 0xb6, 0x90, 0x51, 0x04, 0x45,
  0x6d, 0x55, 0x55, 0x4a, 0x7f, 0xfd, 0x6d, 0xfd, 0xd6, 0xae, 0xad, 0xfb, 0x41, 0x04, 0x22, 0x94,
  0xaa, 0xdb, 0x6a, 0xa9, 0x6e, 0xd5, 0xbf, 0xdf, 0xff, 0xf5, 0x5f, 0xdd, 0x04, 0x20, 0x88, 0x52,
  0xdb, 0x6d, 0xaa, 0x55, 0x7f, 0xf4, 0xd6, 0xf6, 0xdb, 0x5a, 0xdb, 0xf6, 0xa0, 0x8a, 0x22, 0x0a,
  0xb5, 0xaa, 0xaa, 0xa5, 0x6d, 0xab, 0x7d, 0xbf, 0xff, 0xef, 0x5f, 0x6b, 0x02, 0x00, 0x89, 0x55,
  0xde, 0xb6, 0xda, 0xaa, 0xff, 0xf7, 0xf7, 0xed, 0xb5, 0x7d, 0xa7, 0xfd, 0x90, 0x24, 0x20, 0x48,
  0xb3, 0x5b, 0x55, 0x54, 0xb7, 0x5f, 0xff, 0xf7, 0xff, 0xff, 0xed, 0xaa, 0x01, 0x08, 0x8a, 0x95,
  0xdd, 0xed, 0x6a, 0xa5, 0x7d, 0xff, 0xbf, 0x7d, 0xb7, 0xff, 0xbb, 0xfd, 0x48, 0x41, 0x00, 0x4a,
  0xb6, 0xb5, 0xad, 0x55, 0x57, 0xbe, 0xfb, 0xd6, 0xff, 0xb6, 0xfd, 0x56, 0x01, 0x08, 0x2a, 0x91,
  0xda, 0xd6, 0xb5, 0x54, 0xbe, 0xfb, 0xff, 0xff, 0x5d, 0xff, 0xef, 0xf5, 0x10, 0x22, 0x41, 0x2a,
  0x6d, 0x6d, 0xd5, 0x52, 0xab, 0xff, 0xde, 0xfa, 0xf7, 0xfb, 0xba, 0x5a, 0x02, 0x00, 0x14, 0x45,
  0xb7, 0xb6, 0xaa, 0xaa, 0xaa, 0xdf, 0x7b, 0xdf, 0x5f, 0xdf, 0xff, 0x54, 0x20, 0x49, 0x02, 0x28,
  0xda, 0xaa, 0xdb, 0x55, 0x2b, 0x7b, 0xff, 0xfa, 0xff, 0x76, 0xed, 0x90, 0x04, 0x00, 0x51, 0x45
};
// Author :- Ashish ( ashish_y_794 )
// Website : https://www.oledanimationmaker.com/

const uint8_t PROGMEM frame46[1024] = {
  0x4a, 0xfe, 0xf7, 0x6c, 0x00, 0x05, 0x50, 0x00, 0x00, 0xb6, 0x80, 0x00, 0x00, 0x97, 0xfd, 0xd0,
  0x2a, 0x93, 0x55, 0xa0, 0x00, 0x57, 0xef, 0x49, 0x2b, 0xdd, 0xe8, 0x00, 0x00, 0x57, 0x56, 0xc9,
  0xaa, 0xa9, 0x4a, 0x42, 0x49, 0x1a, 0xba, 0xa4, 0x56, 0xf7, 0x52, 0x20, 0x01, 0x4d, 0xb7, 0xaa,
  0x55, 0x55, 0x35, 0x48, 0x00, 0x6f, 0xef, 0xfb, 0x6f, 0xbd, 0xb8, 0x80, 0x00, 0x52, 0x88, 0x50,
  0xaa, 0xaa, 0xca, 0x80, 0x04, 0xba, 0xfd, 0xad, 0xfd, 0xeb, 0x6e, 0x02, 0x22, 0x4a, 0x55, 0x4d,
  0x55, 0x55, 0x2a, 0xa1, 0x21, 0x57, 0xaf, 0xff, 0xaf, 0x7d, 0xa9, 0x08, 0x00, 0x55, 0x49, 0x25,
  0xaa, 0xaa, 0xd5, 0x44, 0x05, 0xda, 0xfa, 0xdb, 0xfb, 0xaa, 0x56, 0xa0, 0x00, 0x91, 0x2a, 0xaa,
  0x55, 0x55, 0x2a, 0x80, 0x02, 0xa0, 0x2f, 0xfe, 0xbe, 0xfd, 0x03, 0x40, 0x00, 0x4a, 0xa4, 0x91,
  0xaa, 0xaa, 0xd5, 0x50, 0x95, 0xca, 0xbd, 0x6b, 0xeb, 0xd4, 0x49, 0x40, 0x04, 0xaa, 0x52, 0xaa,
  0x55, 0x55, 0x2a, 0x82, 0x07, 0x50, 0x57, 0xff, 0x7f, 0x75, 0x05, 0xa0, 0x80, 0x25, 0x2a, 0x4a,
  0xaa, 0xaa, 0xaa, 0x88, 0x15, 0xc5, 0x1f, 0x6d, 0xdb, 0xb0, 0x52, 0xa4, 0x00, 0xa9, 0x49, 0x52,
  0x55, 0x55, 0x55, 0x40, 0x0e, 0xd0, 0xab, 0xff, 0x7d, 0xda, 0x05, 0x50, 0x00, 0x4a, 0x55, 0x29,
  0xaa, 0xaa, 0xaa, 0x80, 0xab, 0x85, 0x1e, 0xab, 0xee, 0xe8, 0x92, 0xd0, 0x09, 0x29, 0x4a, 0x94,
  0x55, 0x55, 0x55, 0x52, 0x16, 0xe0, 0x57, 0xfe, 0xb7, 0x54, 0x43, 0x68, 0x00, 0xa5, 0x29, 0x52,
  0xaa, 0xaa, 0xaa, 0x80, 0x1b, 0x95, 0x1b, 0x6b, 0xfb, 0xf2, 0x09, 0xa8, 0x20, 0x54, 0xa4, 0xaa,
  0x55, 0x55, 0x55, 0x48, 0x4d, 0xc0, 0xae, 0xfe, 0xae, 0xa8, 0x85, 0x52, 0x01, 0x25, 0x55, 0x25,
  0xaa, 0xaa, 0xaa, 0xa1, 0x16, 0xea, 0x1b, 0xab, 0xfb, 0xda, 0x22, 0xd8, 0x00, 0x95, 0x2a, 0x94,
  0x55, 0x55, 0x55, 0x40, 0x1b, 0x41, 0x5e, 0xfd, 0x5d, 0x68, 0x8b, 0x60, 0x04, 0xa9, 0x49, 0x52,
  0xaa, 0xaa, 0xaa, 0xa4, 0x4d, 0xf4, 0x37, 0xad, 0x6f, 0xbc, 0x2a, 0xb4, 0x41, 0x54, 0xa5, 0x2a,
  0x55, 0x55, 0x56, 0xa0, 0x17, 0x59, 0x6d, 0xf6, 0xb5, 0xd6, 0x96, 0xd0, 0x04, 0x8a, 0x94, 0xaa,
  0xaa, 0xaa, 0xaa, 0xa4, 0x95, 0xee, 0xfe, 0xbb, 0x5e, 0xf5, 0xdb, 0x51, 0x11, 0x52, 0x55, 0x49,
  0x55, 0x55, 0x55, 0x50, 0x0e, 0xbb, 0xab, 0xd5, 0xab, 0x5e, 0xad, 0x60, 0x02, 0x55, 0x52, 0xa5,
  0xad, 0xaa, 0xaa, 0xa9, 0x23, 0xee, 0xfe, 0xfa, 0xbd, 0xeb, 0x76, 0xa4, 0x49, 0x49, 0x2a, 0x54,
  0x55, 0x55, 0x55, 0x50, 0x0a, 0xbb, 0xab, 0xae, 0xd7, 0x7d, 0xdb, 0x40, 0x05, 0x2a, 0xa5, 0x2a,
  0xaa, 0xaa, 0xaa, 0xad, 0x45, 0xdd, 0xfe, 0xf5, 0x6d, 0xab, 0x6d, 0xa2, 0x54, 0xa5, 0x54, 0xa5,
  0x6a, 0xaa, 0xab, 0x54, 0x11, 0x6e, 0xaf, 0xbd, 0x5f, 0xed, 0xb5, 0x08, 0x0a, 0x94, 0x92, 0x94,
  0xaa, 0xa9, 0x54, 0xaa, 0x40, 0xb7, 0xfa, 0xea, 0xaa, 0xbb, 0x5a, 0x80, 0xa5, 0x52, 0x4a, 0xaa,
  0x55, 0x55, 0x2a, 0xaa, 0x8a, 0x5a, 0xaf, 0xba, 0xbf, 0x6d, 0xea, 0x22, 0x29, 0x2a, 0xa9, 0x52,
  0xad, 0x54, 0xaa, 0xaa, 0x80, 0x57, 0xfa, 0xea, 0xaa, 0xd6, 0xa8, 0x00, 0xa4, 0xa5, 0x55, 0x2a,
  0x55, 0x52, 0xa5, 0x55, 0x69, 0x0a, 0xaf, 0x5d, 0x5b, 0x6a, 0x80, 0x8a, 0x95, 0x54, 0x92, 0xaa,
  0xaa, 0xaa, 0x94, 0xaa, 0xa4, 0x22, 0xaa, 0xeb, 0x6a, 0x94, 0x22, 0x12, 0x55, 0x25, 0x4a, 0x4a,
  0xb5, 0x55, 0x52, 0x95, 0x55, 0x40, 0x12, 0x10, 0x00, 0x00, 0x00, 0x49, 0x48, 0x94, 0xa9, 0x55,
  0x56, 0xaa, 0x4a, 0xaa, 0xaa, 0x80, 0x40, 0x40, 0x00, 0x00, 0x00, 0x15, 0x26, 0xaa, 0x55, 0x52,
  0xaa, 0xa9, 0x55, 0x52, 0x54, 0x10, 0x00, 0x05, 0x42, 0x40, 0x00, 0x04, 0xa9, 0x49, 0x4a, 0xaa,
  0xb5, 0x55, 0x52, 0x49, 0x02, 0x44, 0x02, 0x12, 0x90, 0x00, 0x00, 0x02, 0x94, 0xa5, 0x55, 0x55,
  0x55, 0xaa, 0x95, 0x2a, 0xa8, 0x08, 0x00, 0x8d, 0x68, 0x08, 0x04, 0x11, 0x4a, 0x55, 0x2a, 0xaa,
  0xaa, 0xaa, 0xa9, 0x55, 0x50, 0x92, 0x12, 0x36, 0xaa, 0x20, 0x11, 0x40, 0x25, 0x29, 0x55, 0x55,
  0xb6, 0xaa, 0xa5, 0x49, 0x42, 0x48, 0x40, 0xab, 0xd5, 0x00, 0x44, 0x00, 0x92, 0x95, 0x49, 0x2a,
  0xaa, 0xb5, 0x55, 0x2a, 0xb5, 0x26, 0x85, 0x7d, 0x75, 0x00, 0x05, 0xa2, 0x54, 0xa4, 0xaa, 0xaa,
  0x5a, 0xd5, 0x4a, 0xa5, 0x49, 0x55, 0xa2, 0xaf, 0xae, 0xae, 0x2a, 0x11, 0x52, 0x52, 0x49, 0x52,
  0xab, 0x55, 0x54, 0x94, 0xaa, 0xab, 0xcb, 0xf5, 0x75, 0x97, 0x85, 0x48, 0xaa, 0x95, 0x24, 0x95,
  0xda, 0xad, 0x52, 0xaa, 0xa5, 0x56, 0xaa, 0xbe, 0xda, 0xda, 0x92, 0xa4, 0x51, 0x48, 0x92, 0x55,
  0x6a, 0xd5, 0x55, 0x52, 0x57, 0xd7, 0x55, 0xd7, 0x6f, 0x6e, 0xa9, 0x52, 0x0a, 0x25, 0x4a, 0xaa,
  0xad, 0x6a, 0xaa, 0x29, 0x2a, 0xea, 0xd7, 0x7b, 0xb5, 0xb5, 0x0a, 0xa9, 0x51, 0x48, 0x24, 0x49,
  0xb6, 0xad, 0xa9, 0x45, 0x57, 0xbd, 0x55, 0xdd, 0x6d, 0x5a, 0xd7, 0xf4, 0x04, 0x25, 0x52, 0xa5,
  0xab, 0x56, 0xaa, 0xaa, 0x9f, 0xf6, 0xaf, 0x77, 0xdb, 0xad, 0x2d, 0x5a, 0x49, 0x10, 0x89, 0x15,
  0xb5, 0xba, 0xaa, 0x52, 0x5a, 0xfb, 0x5b, 0xfd, 0x7e, 0xea, 0xdf, 0xed, 0x00, 0x8a, 0x24, 0xaa,
  0xda, 0xd5, 0x55, 0x49, 0x5f, 0xfd, 0x6e, 0xdf, 0xd5, 0xb6, 0xfb, 0xb4, 0x24, 0x40, 0x82, 0x55,
  0x56, 0xaa, 0xaa, 0xaa, 0xb7, 0xb7, 0xbb, 0xf7, 0x7f, 0xdb, 0x7f, 0xfb, 0x02, 0x2a, 0x29, 0x4a,
  0xb5, 0xb6, 0xd5, 0x25, 0x3b, 0xfd, 0x5f, 0xbd, 0xf6, 0xad, 0xde, 0xd5, 0x11, 0x00, 0x84, 0xa9,
  0xda, 0xda, 0xaa, 0x94, 0xaf, 0xdf, 0xd6, 0xff, 0xdf, 0xf5, 0x77, 0xf6, 0x04, 0x52, 0x22, 0x25,
  0x6f, 0x55, 0x55, 0x52, 0xbd, 0xf5, 0x7f, 0xf7, 0x7a, 0xb6, 0xff, 0x5a, 0xa0, 0x04, 0x11, 0x55,
  0xb2, 0xdb, 0xb5, 0x55, 0x5f, 0xbb, 0xad, 0xdf, 0xef, 0xdb, 0x5d, 0xf6, 0x05, 0x51, 0x4a, 0x4a,
  0xdd, 0x6d, 0x55, 0x54, 0xb7, 0xec, 0xb7, 0xfd, 0xbd, 0xed, 0x77, 0xdb, 0x10, 0x00, 0x01, 0x29,
  0x6b, 0xaa, 0xda, 0x92, 0xbd, 0xf5, 0x5e, 0xb7, 0xf7, 0x55, 0x5f, 0xf5, 0x01, 0x25, 0x54, 0x95,
  0xbd, 0x6d, 0x6a, 0xaa, 0x6f, 0xbb, 0xfb, 0xfe, 0xdf, 0xff, 0x5e, 0xdd, 0x24, 0x08, 0x02, 0x4a,
  0xd6, 0xb7, 0x55, 0x55, 0x5e, 0xef, 0xff, 0xd7, 0xfd, 0xfd, 0xd7, 0xea, 0x00, 0xa1, 0x54, 0xa5,
  0xbb, 0xaa, 0xdb, 0x52, 0xbb, 0xde, 0xef, 0x7b, 0x6f, 0x77, 0xed, 0xba, 0x12, 0x04, 0x02, 0x29,
  0xed, 0x7d, 0xad, 0x55, 0x5f, 0x7f, 0xff, 0xfd, 0xfb, 0xff, 0xbb, 0xd4, 0x80, 0x21, 0x29, 0x55,
  0xb6, 0xaa, 0xd5, 0x54, 0xb7, 0xfb, 0xbd, 0xd7, 0x5f, 0xfe, 0xf6, 0xf4, 0x08, 0x88, 0x44, 0x4a,
  0xdb, 0xd7, 0x6a, 0xaa, 0x9a, 0xbf, 0xf7, 0xfd, 0xff, 0xb7, 0xfd, 0x5a, 0x40, 0x02, 0x11, 0x25,
  0xb5, 0x7a, 0xb6, 0xaa, 0xab, 0x7e, 0xff, 0x7e, 0xbd, 0xff, 0x6e, 0xd0, 0x04, 0x90, 0x8a, 0x94,
  0xde, 0xad, 0xab, 0x54, 0xa5, 0xef, 0xdf, 0xee, 0xef, 0xdb, 0xfb, 0x24, 0x20, 0x04, 0x40, 0x52,
  0x6b, 0x56, 0xdd, 0x52, 0x94, 0xfd, 0xfb, 0xfb, 0x7f, 0x7e, 0xdd, 0x00, 0x82, 0x41, 0x2a, 0x8a
};
// Author :- Ashish ( ashish_y_794 )
// Website : https://www.oledanimationmaker.com/

const uint8_t PROGMEM frame47[1024] = {
  0x52, 0xff, 0x7f, 0x7c, 0x00, 0x01, 0x40, 0x00, 0x00, 0x2a, 0x00, 0x00, 0x01, 0x2f, 0xfe, 0xc2,
  0x8a, 0x92, 0xc4, 0xc0, 0x00, 0x2a, 0xba, 0x95, 0x25, 0xdd, 0xc8, 0x00, 0x00, 0x97, 0x55, 0xc9,
  0x55, 0x55, 0x35, 0x50, 0x92, 0x8f, 0xd6, 0x80, 0x15, 0x77, 0x60, 0x80, 0x02, 0xa7, 0x57, 0xa0,
  0x2a, 0xaa, 0xaa, 0xa2, 0x00, 0x2a, 0xfd, 0xe9, 0x5f, 0xdd, 0xb4, 0x08, 0x08, 0x51, 0x54, 0x5a,
  0xaa, 0xaa, 0xa5, 0x40, 0x00, 0xbf, 0xb7, 0x76, 0xeb, 0x76, 0xd4, 0x20, 0x81, 0x2c, 0x92, 0xa4,
  0x55, 0x55, 0x55, 0x20, 0x4a, 0x55, 0xff, 0xdf, 0xbf, 0xdd, 0x6a, 0x80, 0x00, 0xa2, 0x4a, 0x92,
  0xaa, 0xaa, 0xaa, 0xa4, 0x01, 0x6e, 0xaa, 0xfb, 0xfa, 0xf7, 0x56, 0x00, 0x01, 0x55, 0x54, 0xaa,
  0x55, 0x55, 0x55, 0x40, 0x82, 0xa9, 0x7f, 0xbe, 0xdf, 0xba, 0x25, 0x80, 0x04, 0x25, 0x52, 0x4a,
  0xaa, 0xaa, 0xaa, 0xa2, 0x12, 0xd0, 0xad, 0xef, 0xf6, 0xea, 0x8a, 0x92, 0x10, 0x94, 0x95, 0x29,
  0x55, 0x55, 0x55, 0x48, 0x05, 0xca, 0x37, 0xba, 0xbf, 0xb8, 0x25, 0x40, 0x00, 0xaa, 0x49, 0x55,
  0xaa, 0xaa, 0xaa, 0x80, 0x13, 0x61, 0x1e, 0xff, 0xed, 0xea, 0x85, 0xa0, 0x00, 0xa5, 0x55, 0x48,
  0x55, 0x55, 0x55, 0x50, 0x87, 0xc8, 0xab, 0xed, 0xbe, 0xb0, 0x12, 0xa0, 0x01, 0x29, 0x24, 0xa6,
  0xaa, 0xaa, 0xaa, 0xa2, 0x15, 0x64, 0x1f, 0xbf, 0xf7, 0xda, 0x85, 0xa4, 0x40, 0x94, 0xaa, 0x51,
  0x55, 0x55, 0x55, 0x40, 0x0f, 0xc2, 0xaa, 0xf5, 0x5a, 0xe0, 0x22, 0xd0, 0x04, 0xa5, 0x52, 0x95,
  0xaa, 0xaa, 0xaa, 0x90, 0x55, 0x68, 0x4f, 0xdf, 0xff, 0x5a, 0x8b, 0x50, 0x00, 0xaa, 0x4a, 0xaa,
  0x55, 0x55, 0x55, 0x42, 0x0f, 0xa2, 0x9b, 0x75, 0x55, 0xf0, 0x05, 0xa8, 0x01, 0x25, 0x29, 0x49,
  0xaa, 0xaa, 0xaa, 0xa0, 0x2a, 0xd0, 0x2f, 0xdf, 0xff, 0x5a, 0x52, 0xd0, 0x84, 0xa9, 0x55, 0x2a,
  0x55, 0x55, 0x55, 0x52, 0x0b, 0x65, 0x2d, 0x75, 0x55, 0xe8, 0x86, 0xb4, 0x01, 0x4a, 0xa4, 0xa5,
  0xaa, 0xaa, 0xaa, 0xa0, 0x57, 0xd0, 0xb7, 0xde, 0xff, 0x54, 0x15, 0xa0, 0x11, 0x29, 0x2a, 0xaa,
  0x55, 0x55, 0x55, 0x52, 0x0a, 0xba, 0x2e, 0xea, 0x95, 0xfa, 0x96, 0xb0, 0x02, 0xa5, 0x52, 0x94,
  0xaa, 0xaa, 0xaa, 0xa0, 0x2f, 0xed, 0xfb, 0xbd, 0xbf, 0x56, 0xb5, 0xa4, 0x89, 0x2a, 0x95, 0x52,
  0x56, 0xd5, 0x55, 0x54, 0x85, 0x76, 0xae, 0xea, 0xd5, 0xed, 0xda, 0xd0, 0x22, 0xa9, 0x49, 0x2a,
  0xb5, 0x55, 0x5a, 0xd0, 0x15, 0xbd, 0xfb, 0xbd, 0x5e, 0xbb, 0x6e, 0xa0, 0x04, 0x94, 0xaa, 0xa5,
  0x55, 0x55, 0x55, 0x5a, 0x43, 0x6f, 0x5e, 0xeb, 0x6b, 0xee, 0xb5, 0x82, 0x4a, 0xa5, 0x29, 0x54,
  0xaa, 0xaa, 0xaa, 0xa9, 0x09, 0xdb, 0xf7, 0xbd, 0xbe, 0xb5, 0xda, 0xc8, 0x12, 0x55, 0x55, 0x2a,
  0x55, 0x55, 0x55, 0x54, 0x22, 0xb6, 0xbd, 0xea, 0xab, 0xde, 0xef, 0x00, 0x95, 0x49, 0x24, 0x92,
  0xaa, 0xaa, 0xaa, 0xaa, 0x80, 0xdd, 0xee, 0xbd, 0x5e, 0xeb, 0x54, 0x92, 0x29, 0x2a, 0xaa, 0xaa,
  0x6d, 0x54, 0x95, 0x55, 0x14, 0x6f, 0x77, 0xea, 0xab, 0x7d, 0xba, 0x00, 0x94, 0xa4, 0x92, 0xaa,
  0xaa, 0xaa, 0xaa, 0xaa, 0xc1, 0x15, 0xba, 0xba, 0xbd, 0xa6, 0xd0, 0x00, 0xa5, 0x55, 0x54, 0x92,
  0x55, 0x55, 0x49, 0x55, 0x50, 0x4b, 0x6f, 0xed, 0x56, 0xda, 0xa4, 0x95, 0x52, 0x92, 0x4a, 0xaa,
  0xab, 0x54, 0xaa, 0xaa, 0xaa, 0x05, 0x55, 0x5b, 0xaa, 0xa9, 0x00, 0x0a, 0x4a, 0x4a, 0xaa, 0x55,
  0x5a, 0xaa, 0x94, 0x95, 0x55, 0x50, 0xaa, 0xa4, 0x01, 0x00, 0x00, 0xa5, 0x29, 0x55, 0x25, 0x54,
  0xaa, 0xaa, 0x52, 0xa5, 0x55, 0x20, 0x00, 0x00, 0x24, 0x00, 0x00, 0x12, 0xa5, 0x29, 0x55, 0x53,
  0xaa, 0xa9, 0x4a, 0x54, 0x94, 0x80, 0x00, 0x11, 0x00, 0x00, 0x00, 0x29, 0x2a, 0xa5, 0x54, 0xaa,
  0x6d, 0x55, 0x55, 0x52, 0xa2, 0x04, 0x01, 0x04, 0xa0, 0x20, 0x00, 0x04, 0xa4, 0x94, 0x92, 0xaa,
  0xaa, 0xd5, 0x52, 0x95, 0x10, 0x48, 0x04, 0x56, 0xa9, 0x00, 0x09, 0x02, 0x95, 0x52, 0xaa, 0xaa,
  0xab, 0x55, 0x4a, 0x54, 0xc9, 0x04, 0x20, 0x15, 0xd4, 0x04, 0x20, 0x00, 0x49, 0x2a, 0xaa, 0xaa,
  0x5a, 0xaa, 0xaa, 0xa5, 0x62, 0x52, 0x02, 0xde, 0xb4, 0x10, 0x05, 0x41, 0x25, 0x4a, 0x55, 0x55,
  0xaa, 0xb5, 0x55, 0x55, 0x29, 0x2a, 0x88, 0x6b, 0xd7, 0x40, 0x2a, 0x24, 0xaa, 0x52, 0x92, 0xaa,
  0xb6, 0xd6, 0xa4, 0x92, 0xaa, 0xa5, 0xc3, 0xbd, 0x7a, 0x86, 0x05, 0x42, 0xa9, 0x29, 0x4a, 0x55,
  0xaa, 0xaa, 0xaa, 0x54, 0xaa, 0xab, 0xb5, 0x6f, 0xaa, 0xbd, 0x55, 0x28, 0xa4, 0xa4, 0xa9, 0x4a,
  0xb6, 0xb5, 0x55, 0x4a, 0x92, 0xae, 0xcb, 0xf5, 0x77, 0x57, 0x12, 0xa2, 0x52, 0x95, 0x15, 0x29,
  0xab, 0x56, 0xa9, 0x55, 0x56, 0xd5, 0xaa, 0xbf, 0xad, 0xba, 0xa9, 0x54, 0x29, 0x48, 0xa2, 0xaa,
  0xb5, 0x6a, 0xaa, 0x48, 0x97, 0xf6, 0xab, 0xd5, 0xda, 0xd6, 0x85, 0xa8, 0x84, 0x25, 0x14, 0x55,
  0xad, 0xad, 0x55, 0x55, 0x55, 0xbb, 0x6d, 0x7e, 0xb7, 0x5a, 0xb7, 0x6a, 0x22, 0x90, 0xa2, 0xaa,
  0xda, 0xb5, 0xaa, 0x92, 0x4f, 0xfd, 0x57, 0xed, 0xfb, 0xaa, 0x9d, 0xd4, 0x14, 0x4a, 0x14, 0x95,
  0x6d, 0xd6, 0xaa, 0x55, 0x3d, 0xda, 0xae, 0xff, 0x5d, 0x76, 0xef, 0xfa, 0x41, 0x01, 0x4a, 0x52,
  0xaa, 0xaa, 0xaa, 0xa4, 0xaf, 0x7f, 0x5b, 0xb7, 0xef, 0xaa, 0xbf, 0x54, 0x08, 0x54, 0x21, 0x55,
  0xb7, 0x76, 0xd5, 0x52, 0xab, 0xfb, 0xbf, 0xfd, 0xba, 0xfb, 0xfb, 0xf6, 0x92, 0x01, 0x15, 0x2a,
  0xda, 0xab, 0x5a, 0x95, 0x3f, 0xfd, 0x6d, 0xdf, 0xff, 0xad, 0x7f, 0xaa, 0x00, 0xa8, 0x82, 0x95,
  0x6b, 0x5d, 0x55, 0x54, 0xad, 0xd7, 0xdf, 0xfb, 0xab, 0x75, 0xee, 0xfa, 0x24, 0x04, 0x54, 0x55,
  0xb5, 0xea, 0xaa, 0xa5, 0x5f, 0xfe, 0xd6, 0xef, 0xff, 0xdb, 0x7f, 0xd6, 0x01, 0x51, 0x02, 0xa4,
  0xde, 0xad, 0xd5, 0x55, 0x37, 0x75, 0x7f, 0xbe, 0xed, 0x6d, 0xb7, 0xfa, 0x94, 0x04, 0x54, 0x95,
  0xb3, 0x56, 0x6d, 0x29, 0x5f, 0xfa, 0xab, 0xff, 0xbf, 0xd5, 0x5e, 0xaa, 0x00, 0x91, 0x02, 0x55,
  0xdd, 0xbb, 0xb5, 0xa5, 0x7b, 0xda, 0xde, 0xdb, 0xf6, 0xfa, 0xbf, 0xfa, 0x44, 0x20, 0x55, 0x2a,
  0x6e, 0xd5, 0x55, 0x55, 0x2f, 0x77, 0xff, 0xfe, 0xdf, 0xbf, 0x5b, 0xd6, 0x11, 0x05, 0x00, 0xa5,
  0xdb, 0x6e, 0xda, 0xaa, 0xbd, 0xef, 0x7b, 0x6b, 0xfb, 0xff, 0xdf, 0x78, 0x00, 0x48, 0x55, 0x2a,
  0xb5, 0xb5, 0x6b, 0x54, 0xaf, 0xdf, 0xff, 0xfe, 0xdf, 0xed, 0xeb, 0xd6, 0x89, 0x01, 0x04, 0x95,
  0xee, 0xdb, 0xad, 0x52, 0xb7, 0x7d, 0xef, 0xdb, 0xfd, 0xff, 0xbe, 0xd8, 0x20, 0x24, 0x52, 0x52,
  0xbb, 0x56, 0xd5, 0x55, 0x5d, 0xff, 0xfd, 0xfd, 0x5f, 0xbe, 0xf5, 0xb4, 0x02, 0x09, 0x09, 0x4a,
  0xd6, 0xfb, 0x76, 0xaa, 0x8b, 0x6f, 0xbf, 0xef, 0x7f, 0xf7, 0xfe, 0xe8, 0x88, 0x80, 0x44, 0xaa,
  0xbb, 0x4d, 0x5a, 0xd5, 0x6a, 0xfd, 0xf7, 0x7a, 0xf7, 0x7f, 0xaa, 0xa2, 0x00, 0x24, 0x92, 0x25,
  0xd6, 0xf6, 0xd6, 0xaa, 0x2a, 0xbf, 0xff, 0xff, 0x5f, 0xed, 0xfe, 0x20, 0x22, 0x01, 0x09, 0x54,
  0x6d, 0x55, 0x6a, 0xaa, 0xa5, 0x77, 0xbd, 0xdb, 0x7e, 0xff, 0x75, 0x08, 0x00, 0x48, 0x52, 0x25
};
// Author :- Ashish ( ashish_y_794 )
// Website : https://www.oledanimationmaker.com/

const uint8_t PROGMEM frame48[1024] = {
  0x55, 0xdf, 0x7f, 0x7c, 0x00, 0x00, 0x00, 0x2a, 0xa0, 0x00, 0x00, 0x00, 0x04, 0x97, 0xfa, 0xd2,
  0xa4, 0x2a, 0xc4, 0xd0, 0x00, 0x09, 0x49, 0x10, 0x09, 0x2a, 0x20, 0x00, 0x02, 0x57, 0x56, 0xa9,
  0x52, 0xaa, 0x55, 0x4a, 0x49, 0x22, 0xa4, 0x44, 0xa0, 0xaa, 0x82, 0x00, 0x09, 0x4f, 0xb6, 0xc4,
  0x55, 0x55, 0x55, 0x50, 0x00, 0x05, 0x7a, 0x00, 0x06, 0xdd, 0xa0, 0x44, 0x02, 0xa0, 0x95, 0x15,
  0x92, 0xaa, 0xaa, 0xa8, 0x80, 0x97, 0xad, 0xd5, 0x2b, 0xf7, 0x50, 0x00, 0x22, 0x56, 0x52, 0xa2,
  0x4a, 0xaa, 0xaa, 0xa2, 0x12, 0x2d, 0xff, 0x68, 0xde, 0xbd, 0xd4, 0x00, 0x01, 0x29, 0x4a, 0x81,
  0xaa, 0xaa, 0xaa, 0xa8, 0x00, 0x37, 0x6b, 0xff, 0xbb, 0xea, 0xb2, 0x40, 0x85, 0x45, 0x29, 0x58,
  0x2a, 0xaa, 0xaa, 0xa0, 0x41, 0x5b, 0xbf, 0x5b, 0xff, 0x7f, 0x55, 0x08, 0x01, 0x34, 0xa5, 0x24,
  0xaa, 0xaa, 0xaa, 0xa9, 0x04, 0xac, 0xed, 0xfe, 0xd7, 0xd4, 0xac, 0x00, 0x04, 0x8a, 0x94, 0xaa,
  0x55, 0x55, 0x55, 0x50, 0x01, 0x72, 0x3f, 0xb7, 0xfd, 0x7a, 0x17, 0x20, 0x02, 0xa9, 0x52, 0xa9,
  0xaa, 0xaa, 0xaa, 0xa4, 0x25, 0xc8, 0x95, 0xfd, 0x6f, 0xd4, 0x85, 0x00, 0x01, 0x54, 0xaa, 0x4a,
  0x55, 0x55, 0x55, 0x50, 0x81, 0x62, 0x5f, 0x6f, 0xfb, 0x70, 0x55, 0x81, 0x12, 0x4a, 0x49, 0x29,
  0xaa, 0xaa, 0xaa, 0xa0, 0x05, 0xe9, 0x0b, 0xfb, 0x5e, 0xd5, 0x05, 0x50, 0x01, 0x25, 0x25, 0x54,
  0x55, 0x55, 0x55, 0x52, 0x13, 0x64, 0x57, 0x6f, 0xf7, 0xe8, 0x25, 0x80, 0x02, 0xa9, 0x55, 0x4a,
  0xaa, 0xaa, 0xaa, 0xa0, 0x07, 0xa1, 0x0d, 0xfd, 0x7a, 0xb1, 0x06, 0xd0, 0x02, 0x55, 0x54, 0xa5,
  0x55, 0x55, 0x55, 0x54, 0x95, 0xf4, 0x57, 0xaf, 0xdf, 0xd2, 0x55, 0x40, 0x11, 0x4a, 0x4a, 0x94,
  0xaa, 0xaa, 0xaa, 0xa0, 0x05, 0x51, 0x1e, 0xfa, 0xea, 0xb0, 0x06, 0xd1, 0x05, 0x29, 0x52, 0x52,
  0x55, 0x55, 0x55, 0x52, 0x16, 0xe4, 0x8b, 0xaf, 0x7f, 0xd5, 0x25, 0x50, 0x01, 0x55, 0x2a, 0xaa,
  0xaa, 0xaa, 0xaa, 0xa8, 0x45, 0xb0, 0x5d, 0xfb, 0xaa, 0xb0, 0x0b, 0xa0, 0x0a, 0xa4, 0xa5, 0x4a,
  0x55, 0x55, 0x55, 0x51, 0x06, 0xf5, 0x17, 0x5d, 0x7f, 0xda, 0xad, 0x50, 0x42, 0x52, 0x94, 0xa9,
  0xaa, 0xab, 0x5a, 0xa8, 0x13, 0xaa, 0x5d, 0xea, 0xaa, 0xea, 0x15, 0xa2, 0x09, 0x2a, 0xaa, 0x55,
  0x56, 0xda, 0xaa, 0xd4, 0x45, 0xfd, 0x77, 0x7d, 0xaf, 0x5d, 0x76, 0xa0, 0x05, 0x4a, 0x52, 0x92,
  0xaa, 0xaa, 0xaa, 0xaa, 0x06, 0xaf, 0xbd, 0xd6, 0xbb, 0xf6, 0xda, 0xc0, 0x95, 0x55, 0x4a, 0xaa,
  0x5a, 0xaa, 0xaa, 0xa8, 0x92, 0xf5, 0xd7, 0xfa, 0xd6, 0xab, 0x6d, 0x44, 0x12, 0x52, 0x55, 0x4a,
  0xaa, 0xaa, 0xaa, 0xad, 0x01, 0xae, 0xfe, 0xad, 0x5f, 0xfd, 0xb7, 0x00, 0x95, 0x49, 0x52, 0x55,
  0xaa, 0xaa, 0xaa, 0xaa, 0x24, 0xfb, 0x5b, 0xf7, 0x75, 0x56, 0xd9, 0x48, 0x29, 0x2a, 0x95, 0x29,
  0x55, 0x55, 0x55, 0x55, 0x01, 0x2f, 0xf6, 0xba, 0xaf, 0xbb, 0x6e, 0x02, 0x4a, 0xaa, 0x52, 0xa5,
  0xad, 0xaa, 0x95, 0x55, 0xa8, 0xb5, 0x5f, 0xec, 0xb5, 0xdd, 0xb4, 0x90, 0xa4, 0x92, 0xaa, 0xaa,
  0x6a, 0xaa, 0x52, 0xaa, 0x82, 0x1f, 0xf5, 0x75, 0x5e, 0xb6, 0xd2, 0x02, 0x55, 0x4a, 0x94, 0x95,
  0xaa, 0xaa, 0xaa, 0xaa, 0xa8, 0x45, 0x5f, 0xba, 0xab, 0xd5, 0x50, 0x09, 0x4a, 0x54, 0xa5, 0x54,
  0x55, 0x55, 0x55, 0x55, 0x52, 0x12, 0xea, 0xd7, 0x76, 0x5a, 0x80, 0x45, 0x29, 0x52, 0x95, 0x55,
  0xab, 0x6a, 0x92, 0x4a, 0xaa, 0x41, 0x2d, 0xba, 0x89, 0x40, 0x05, 0x2a, 0xa5, 0x2a, 0x54, 0xaa,
  0x6d, 0x55, 0x55, 0x55, 0x55, 0x54, 0x02, 0x00, 0x00, 0x04, 0x00, 0x51, 0x2a, 0x95, 0x55, 0x55,
  0xaa, 0xaa, 0xa9, 0x29, 0x55, 0x40, 0x00, 0x40, 0x22, 0x00, 0x00, 0x0c, 0xa4, 0xa4, 0xaa, 0xa5,
  0xaa, 0xaa, 0x95, 0x55, 0x25, 0x00, 0x10, 0x0a, 0x80, 0x00, 0x00, 0x22, 0x92, 0xaa, 0xa5, 0x54,
  0x56, 0xd5, 0x52, 0xa4, 0x90, 0x12, 0x01, 0x12, 0xd0, 0x40, 0x08, 0x0a, 0x55, 0x2a, 0xaa, 0xab,
  0xb5, 0x5a, 0xaa, 0x55, 0x54, 0x44, 0x04, 0x4e, 0xaa, 0x00, 0x21, 0x02, 0x94, 0xa5, 0x55, 0x54,
  0xaa, 0xaa, 0xa9, 0x4a, 0xa9, 0x12, 0x80, 0x35, 0xd4, 0x08, 0x0a, 0x20, 0x4a, 0x94, 0x95, 0x55,
  0xb6, 0xd5, 0x55, 0x29, 0x54, 0xa9, 0x11, 0xbb, 0x75, 0x40, 0x44, 0x85, 0x52, 0x52, 0xaa, 0xaa,
  0xab, 0x5a, 0xaa, 0xa5, 0x29, 0x4a, 0xc4, 0xd7, 0xae, 0x8a, 0x15, 0x22, 0xa9, 0x4a, 0x52, 0x55,
  0xad, 0x6b, 0x54, 0xaa, 0xaa, 0xa7, 0xe3, 0x7d, 0x75, 0x2d, 0x52, 0x89, 0x4a, 0xa9, 0x29, 0x4a,
  0xb5, 0x55, 0x52, 0x94, 0xa5, 0x59, 0x5a, 0xd7, 0xad, 0xde, 0x0a, 0x51, 0x52, 0x24, 0x8a, 0xaa,
  0xab, 0x5a, 0xda, 0xaa, 0x55, 0xb7, 0xa5, 0xfd, 0xdb, 0x6b, 0x55, 0x44, 0x24, 0x92, 0xa5, 0x55,
  0xb5, 0xad, 0x55, 0x45, 0x25, 0xea, 0xdb, 0x56, 0xb6, 0xb5, 0x25, 0x51, 0x49, 0x49, 0x29, 0x2a,
  0xae, 0xd6, 0xaa, 0xa9, 0x57, 0x7d, 0x56, 0xff, 0xed, 0xad, 0x57, 0xd4, 0x12, 0x24, 0x94, 0xaa,
  0xda, 0xb5, 0xaa, 0x55, 0x2b, 0xfe, 0xab, 0xda, 0xbb, 0x75, 0x3d, 0x68, 0x84, 0x92, 0x42, 0xaa,
  0x6b, 0x5a, 0xd5, 0x49, 0x4d, 0xb6, 0xbf, 0x7f, 0xde, 0xd6, 0xef, 0xd4, 0x20, 0x44, 0x2a, 0xaa,
  0xb5, 0xad, 0x55, 0x54, 0xaf, 0xff, 0xab, 0xed, 0xeb, 0xb5, 0xbf, 0x74, 0x8a, 0x11, 0x49, 0x55,
  0xda, 0xeb, 0x6a, 0xa5, 0x2a, 0xfa, 0xde, 0xff, 0x7e, 0xdb, 0xfb, 0xd8, 0x10, 0x84, 0x25, 0x2a,
  0x6e, 0xb5, 0xad, 0x55, 0x57, 0xef, 0xab, 0xf7, 0xdb, 0xed, 0x7f, 0x6a, 0x42, 0x51, 0x12, 0xaa,
  0xab, 0x5a, 0xb5, 0x52, 0x9f, 0xbd, 0xff, 0xbe, 0xfe, 0xb7, 0xdf, 0xd8, 0x08, 0x04, 0x49, 0x55,
  0xf5, 0xae, 0xd5, 0x54, 0xab, 0xfe, 0xab, 0xfb, 0xdb, 0xd9, 0x7b, 0x6d, 0x22, 0xa1, 0x24, 0x95,
  0x5e, 0xf5, 0x56, 0xaa, 0x9e, 0xf5, 0x5e, 0xdf, 0xff, 0x6d, 0xef, 0xd4, 0x00, 0x08, 0x4a, 0x54,
  0xeb, 0x56, 0xda, 0xa5, 0x57, 0xfd, 0x6b, 0xfe, 0xdb, 0xd6, 0x5f, 0x79, 0x24, 0x92, 0x11, 0x53,
  0xb6, 0xab, 0x6b, 0x54, 0xaf, 0xaa, 0xdf, 0x6b, 0xfe, 0xfb, 0x7f, 0xd4, 0x01, 0x01, 0x4a, 0xaa,
  0xdb, 0xfd, 0xad, 0x55, 0x3b, 0xff, 0xff, 0xff, 0x6d, 0xee, 0xad, 0xb8, 0x94, 0x54, 0x24, 0x95,
  0x6e, 0xa6, 0xb5, 0x55, 0x4e, 0xeb, 0xff, 0xad, 0xff, 0xff, 0xdf, 0xd4, 0x00, 0x01, 0x12, 0x55,
  0xbb, 0x5b, 0x6d, 0xaa, 0xaf, 0xbf, 0xdb, 0xfb, 0xb7, 0xbf, 0xed, 0x68, 0x82, 0x48, 0xa5, 0x55,
  0xd6, 0xed, 0xb6, 0xb5, 0x55, 0xff, 0x7f, 0x7e, 0xfe, 0xfb, 0x77, 0xb2, 0x10, 0x04, 0x11, 0x2a,
  0xbd, 0xb6, 0xda, 0xd4, 0xaf, 0x5d, 0xff, 0xed, 0xbf, 0xff, 0xdd, 0xd0, 0x05, 0x51, 0x4a, 0xa5,
  0xeb, 0x6b, 0x6b, 0x55, 0x49, 0xbf, 0xf7, 0xfe, 0xef, 0xdd, 0xfa, 0xa4, 0x40, 0x04, 0x24, 0x95,
  0x5d, 0xbd, 0xad, 0x55, 0x2a, 0x7b, 0xde, 0xf7, 0x7d, 0xf7, 0xb5, 0x40, 0x10, 0x21, 0x49, 0x54,
  0xea, 0xd5, 0x55, 0xaa, 0xa5, 0x6f, 0xff, 0xbd, 0x7f, 0xbe, 0xfc, 0x08, 0x82, 0x84, 0x12, 0x55,
  0x2e, 0xab, 0x76, 0xb5, 0x54, 0xff, 0xfb, 0xff, 0x77, 0xfb, 0xd6, 0x20, 0x00, 0x11, 0x45, 0x25
};
// Author :- Ashish ( ashish_y_794 )
// Website : https://www.oledanimationmaker.com/

const uint8_t PROGMEM frame49[1024] = {
  0x55, 0xed, 0xf7, 0xec, 0x00, 0x00, 0x02, 0xdb, 0x68, 0x00, 0x00, 0x00, 0x09, 0x2f, 0xb6, 0xd2,
  0x92, 0x25, 0x2a, 0x54, 0x00, 0x02, 0x48, 0x35, 0x52, 0x44, 0x00, 0x00, 0x14, 0xa7, 0x5d, 0xc9,
  0x55, 0x4a, 0xaa, 0xaa, 0x49, 0x28, 0x01, 0x12, 0x40, 0x10, 0x91, 0x00, 0x02, 0x97, 0xa6, 0xd4,
  0x55, 0x2a, 0xaa, 0xa8, 0x00, 0x01, 0x50, 0x40, 0x12, 0x4a, 0x00, 0x00, 0x2a, 0x54, 0xa8, 0x4a,
  0xa9, 0x2a, 0xaa, 0x55, 0x00, 0x05, 0x6d, 0x0a, 0x41, 0x7b, 0x44, 0x12, 0x05, 0x22, 0x52, 0x25,
  0x54, 0xaa, 0xa9, 0xa8, 0x24, 0xa5, 0xb6, 0xa0, 0x17, 0xdd, 0x90, 0x40, 0x09, 0x55, 0x49, 0x12,
  0xa5, 0x55, 0x56, 0x54, 0x00, 0x0b, 0xfb, 0xaa, 0xad, 0x6e, 0xc0, 0x00, 0x04, 0x92, 0x55, 0x49,
  0x52, 0xaa, 0xa9, 0x51, 0x10, 0x2e, 0xae, 0xfd, 0xff, 0xf5, 0x74, 0x00, 0x25, 0x4a, 0xaa, 0x04,
  0x95, 0x55, 0x55, 0x54, 0x02, 0xb7, 0xff, 0xd7, 0x6b, 0x5f, 0xaa, 0x00, 0x04, 0xa9, 0x12, 0xd2,
  0x4a, 0xaa, 0xaa, 0xa8, 0x40, 0x2a, 0x55, 0xff, 0xff, 0xf4, 0x54, 0x44, 0x02, 0x4a, 0xa9, 0x21,
  0xaa, 0xaa, 0xaa, 0xa9, 0x04, 0xd9, 0x5f, 0x5a, 0xb6, 0xb5, 0x16, 0x00, 0x15, 0x29, 0x4a, 0xa8,
  0x2a, 0xaa, 0xaa, 0xa8, 0x10, 0xb4, 0x2d, 0xff, 0xff, 0xd8, 0x4a, 0x80, 0x02, 0xa5, 0x29, 0x54,
  0xaa, 0xaa, 0xaa, 0xa8, 0x41, 0x61, 0x57, 0xdb, 0xaa, 0xe2, 0x2a, 0x00, 0x44, 0x94, 0xa4, 0x92,
  0x55, 0x55, 0x55, 0x54, 0x02, 0xf8, 0x0e, 0xfe, 0xff, 0x71, 0x0b, 0x90, 0x05, 0x52, 0x95, 0x4a,
  0xaa, 0xaa, 0xaa, 0xa9, 0x03, 0xa5, 0x57, 0xb7, 0xb7, 0xa8, 0x4d, 0x40, 0x04, 0xaa, 0x54, 0xaa,
  0x55, 0x55, 0x55, 0x50, 0x12, 0xf0, 0x8a, 0xfd, 0xfd, 0xd2, 0x05, 0x40, 0x12, 0x95, 0x52, 0x95,
  0xaa, 0xaa, 0xaa, 0xaa, 0x05, 0xb4, 0x2f, 0xd7, 0x56, 0xa4, 0xae, 0x81, 0x05, 0x49, 0x2a, 0x52,
  0x55, 0x55, 0x55, 0x54, 0x42, 0xd2, 0x85, 0x7d, 0xfd, 0xf0, 0x0a, 0xd0, 0x04, 0x54, 0xa5, 0x4a,
  0xaa, 0xaa, 0xaa, 0xa8, 0x0b, 0x70, 0x5f, 0xd7, 0x57, 0x52, 0x4b, 0x40, 0x13, 0x25, 0x54, 0xa9,
  0x55, 0x55, 0x55, 0x54, 0x02, 0xda, 0x0a, 0xfd, 0xfd, 0xd0, 0x15, 0x40, 0x08, 0xaa, 0x92, 0xa5,
  0xaa, 0xaa, 0xaa, 0xa9, 0x25, 0xf9, 0x57, 0xaa, 0xae, 0xea, 0x9b, 0x44, 0x46, 0xa4, 0xaa, 0x54,
  0x55, 0x55, 0x55, 0x54, 0x02, 0xac, 0x2e, 0xfe, 0xb7, 0x59, 0x55, 0xa0, 0x12, 0x55, 0x4a, 0x95,
  0xab, 0x6a, 0xaa, 0xaa, 0x93, 0xdf, 0xfb, 0xab, 0x5b, 0xee, 0xb6, 0x81, 0x15, 0x4a, 0x55, 0x55,
  0x5a, 0xad, 0x55, 0x6a, 0x04, 0xb5, 0x5e, 0xfa, 0xae, 0xb5, 0x5b, 0x44, 0x29, 0x29, 0x49, 0x4a,
  0xaa, 0xaa, 0xaa, 0xaa, 0x41, 0xff, 0xeb, 0xad, 0xbb, 0xdf, 0xed, 0x00, 0x25, 0x55, 0x2a, 0x54,
  0x55, 0x55, 0x55, 0x55, 0x12, 0x55, 0x7e, 0xf6, 0xdd, 0x75, 0x55, 0x21, 0x54, 0xa4, 0xa5, 0x52,
  0xaa, 0xaa, 0xaa, 0xaa, 0x80, 0xbf, 0xaf, 0xbb, 0x6f, 0xad, 0xba, 0x08, 0x25, 0x52, 0xaa, 0x95,
  0x6b, 0x55, 0x55, 0x55, 0x52, 0x55, 0x7a, 0xec, 0x55, 0xf6, 0xd5, 0x21, 0x52, 0x4a, 0x94, 0xaa,
  0xad, 0x6a, 0xa5, 0x56, 0xa0, 0x2f, 0xdf, 0xbb, 0x3e, 0xad, 0x68, 0x02, 0x95, 0x2a, 0x52, 0xaa,
  0x55, 0x55, 0x55, 0x55, 0x54, 0x95, 0x75, 0xed, 0xab, 0xb7, 0xa9, 0x09, 0x52, 0xa5, 0x4a, 0x95,
  0xaa, 0xaa, 0x92, 0xaa, 0xa2, 0x02, 0xde, 0xb5, 0x6d, 0x5a, 0x40, 0x24, 0x94, 0x94, 0xaa, 0x52,
  0x55, 0x55, 0x54, 0x95, 0x58, 0x92, 0xab, 0x6e, 0xb5, 0xa4, 0x00, 0x95, 0x4a, 0xaa, 0xa9, 0x55,
  0xb5, 0xad, 0x55, 0x52, 0xab, 0x40, 0x25, 0x50, 0x02, 0x00, 0x04, 0x52, 0x52, 0x52, 0x55, 0x55,
  0xaa, 0xb5, 0x4a, 0x4a, 0x4a, 0xa8, 0x00, 0x02, 0x00, 0x00, 0x01, 0x29, 0x4a, 0xaa, 0xaa, 0xaa,
  0x56, 0xaa, 0xa9, 0x55, 0x55, 0x01, 0x00, 0x08, 0xa0, 0x10, 0x00, 0x45, 0x29, 0x25, 0x4a, 0xaa,
  0xaa, 0xaa, 0xa5, 0x52, 0xa0, 0x90, 0x01, 0x22, 0x88, 0x40, 0x00, 0x14, 0xa5, 0x54, 0xaa, 0xa9,
  0xb5, 0xaa, 0xaa, 0x94, 0x94, 0x05, 0x08, 0x0d, 0x62, 0x00, 0x28, 0x05, 0x54, 0xaa, 0xaa, 0xaa,
  0x56, 0xb5, 0x54, 0xaa, 0x54, 0x91, 0x00, 0xb7, 0xb8, 0x00, 0x04, 0x00, 0x2a, 0x92, 0xaa, 0xaa,
  0xaa, 0xd6, 0xaa, 0x92, 0xaa, 0x4a, 0x04, 0x5a, 0xd6, 0x00, 0xa9, 0x4b, 0x92, 0x4a, 0xaa, 0x95,
  0xb5, 0x55, 0x55, 0x55, 0x55, 0x55, 0xe1, 0xaf, 0x6a, 0x94, 0x14, 0x84, 0xa9, 0x54, 0x94, 0xaa,
  0xad, 0xaa, 0xd5, 0x29, 0x29, 0x25, 0x6a, 0xf5, 0xbb, 0x5a, 0x4a, 0x25, 0x45, 0x25, 0x4a, 0xaa,
  0xb6, 0xb6, 0xaa, 0xa5, 0x55, 0x5a, 0xd2, 0xbe, 0xd6, 0xbd, 0x25, 0x42, 0x94, 0x92, 0x25, 0x55,
  0x55, 0x5a, 0xd5, 0x54, 0x92, 0xeb, 0xb5, 0xd7, 0x7b, 0x56, 0x55, 0x28, 0x49, 0x54, 0xaa, 0xaa,
  0xdb, 0x6b, 0x5a, 0x92, 0xab, 0x7a, 0xd6, 0xfb, 0xad, 0xb5, 0x0a, 0xa2, 0xa4, 0x89, 0x12, 0x55,
  0x6d, 0xad, 0x6a, 0xaa, 0x49, 0xde, 0xab, 0xae, 0xf6, 0xda, 0xb7, 0xa0, 0x12, 0x52, 0x4a, 0xaa,
  0xaa, 0xb5, 0x55, 0x49, 0x27, 0x7b, 0x56, 0xfd, 0xab, 0x6a, 0x5e, 0xd5, 0x41, 0x04, 0xaa, 0xaa,
  0xb6, 0xd6, 0xaa, 0xaa, 0xab, 0xfe, 0xdb, 0xdf, 0xfd, 0xad, 0xfb, 0xb0, 0x14, 0x51, 0x25, 0x55,
  0xdb, 0x5b, 0x6a, 0xa4, 0x96, 0xef, 0x57, 0x76, 0xaf, 0x75, 0xdf, 0x68, 0x81, 0x04, 0x52, 0xaa,
  0x6d, 0x6d, 0xad, 0x55, 0x57, 0xbd, 0xdd, 0xff, 0xfb, 0xab, 0x7f, 0xa8, 0x24, 0x51, 0x0a, 0x55,
  0xb5, 0xb5, 0x55, 0x52, 0x4a, 0xff, 0x6f, 0xfb, 0xbd, 0xdd, 0xfb, 0xd4, 0x81, 0x04, 0xa9, 0x55,
  0xae, 0xd6, 0xea, 0xaa, 0xaf, 0xfb, 0xd7, 0x6f, 0xef, 0x6b, 0xee, 0xb0, 0x14, 0x20, 0x4a, 0xaa,
  0xdb, 0x5b, 0x36, 0xaa, 0x95, 0xee, 0xbd, 0xfe, 0xfb, 0xb6, 0xbf, 0xda, 0x41, 0x15, 0x25, 0x55,
  0x75, 0xb5, 0xda, 0xd4, 0xaf, 0xbd, 0x57, 0xdf, 0xbe, 0xda, 0xfe, 0xe8, 0x08, 0x40, 0x92, 0xaa,
  0xde, 0xda, 0xab, 0x52, 0x95, 0xfd, 0x6e, 0xf6, 0xeb, 0xea, 0xbb, 0xa9, 0x22, 0x12, 0x2a, 0x55,
  0xb5, 0xee, 0xda, 0xaa, 0xaf, 0xed, 0xbf, 0xbf, 0xff, 0x7d, 0x6f, 0xd4, 0x00, 0x84, 0x89, 0x55,
  0xdb, 0x55, 0x6d, 0x55, 0x55, 0xbb, 0xfb, 0xeb, 0x6d, 0xef, 0xbe, 0xb0, 0x24, 0x20, 0x55, 0x55,
  0x6e, 0xfb, 0xb6, 0xd5, 0x2f, 0xff, 0xff, 0xff, 0xff, 0xff, 0xbb, 0xd1, 0x01, 0x15, 0x22, 0x54,
  0xb5, 0xad, 0x5b, 0x5a, 0xa5, 0xaf, 0xbe, 0xda, 0xb7, 0xfb, 0xd7, 0x68, 0x24, 0x40, 0x95, 0x55,
  0xdf, 0x6b, 0xea, 0xaa, 0x96, 0xfd, 0xf7, 0xff, 0xdf, 0x6e, 0xfd, 0xa0, 0x80, 0x0a, 0x24, 0xaa,
  0x6a, 0xdd, 0x36, 0xd5, 0x55, 0xb7, 0xff, 0xed, 0x7f, 0xff, 0xd6, 0xc4, 0x09, 0x21, 0x12, 0x95,
  0xbf, 0x6b, 0xdb, 0x6a, 0xaa, 0xbf, 0xbd, 0xbe, 0xbf, 0xbb, 0xf9, 0x40, 0x20, 0x08, 0xaa, 0xaa,
  0xd5, 0xb5, 0x6a, 0xaa, 0x49, 0x5e, 0xf7, 0xfb, 0x7a, 0xff, 0x6c, 0x88, 0x82, 0x44, 0x44, 0xaa,
  0x55, 0x5d, 0x56, 0xd5, 0x54, 0xbb, 0xff, 0xef, 0x7f, 0xdb, 0xf4, 0x00, 0x00, 0x12, 0x92, 0x95,
  0xad, 0xa5, 0xab, 0x5a, 0xa5, 0x7f, 0xfe, 0xfd, 0xff, 0xff, 0x5c, 0x01, 0x11, 0x20, 0x2a, 0x55
};
// Author :- Ashish ( ashish_y_794 )
// Website : https://www.oledanimationmaker.com/

const uint8_t PROGMEM frame50[1024] = {
  0x55, 0xee, 0xff, 0x6c, 0x00, 0x00, 0x03, 0xbb, 0xba, 0x00, 0x00, 0x00, 0x09, 0x57, 0x7d, 0xd2,
  0xa4, 0x52, 0x89, 0xa8, 0x00, 0x04, 0x90, 0xd5, 0x64, 0x48, 0x80, 0x00, 0x25, 0x2f, 0x96, 0xca,
  0x55, 0x49, 0x6a, 0x56, 0x92, 0x40, 0x04, 0x2d, 0x50, 0x02, 0x08, 0x00, 0x14, 0x95, 0x57, 0xa9,
  0x55, 0x25, 0x2a, 0xa8, 0x00, 0x12, 0x41, 0x10, 0x02, 0x50, 0x21, 0x20, 0x8a, 0x55, 0x40, 0x54,
  0x92, 0x95, 0xaa, 0xaa, 0x41, 0x00, 0xb4, 0x02, 0x90, 0x9a, 0x80, 0x02, 0x11, 0x4a, 0xa9, 0x45,
  0x55, 0x54, 0xaa, 0xa9, 0x08, 0x0b, 0x55, 0x50, 0x05, 0x6e, 0x80, 0x00, 0x0a, 0xa4, 0xa8, 0x2a,
  0xaa, 0x56, 0xaa, 0xaa, 0x00, 0x45, 0xfe, 0xa4, 0xaf, 0xfb, 0x52, 0x08, 0x0a, 0x52, 0x55, 0x51,
  0x54, 0xaa, 0xaa, 0xa8, 0x22, 0x16, 0xd7, 0xda, 0xbb, 0x6d, 0xa0, 0x40, 0x09, 0x2a, 0x92, 0x0a,
  0xaa, 0xaa, 0xaa, 0xaa, 0x00, 0x5b, 0xbd, 0xf7, 0xef, 0xdb, 0x68, 0x00, 0x25, 0x49, 0x55, 0x49,
  0x52, 0xaa, 0xaa, 0xa8, 0x80, 0x2d, 0xf7, 0x5d, 0x7d, 0x7d, 0xad, 0x00, 0x09, 0x25, 0x2a, 0x84,
  0xa5, 0x55, 0x55, 0x54, 0x12, 0xaa, 0x5f, 0xff, 0xdf, 0xd4, 0x54, 0x00, 0x05, 0x54, 0xa2, 0x62,
  0x55, 0x55, 0x55, 0x54, 0x40, 0x75, 0x2a, 0xdb, 0xf5, 0xf5, 0x15, 0x11, 0x12, 0x52, 0x95, 0x29,
  0x2a, 0xaa, 0xaa, 0xa9, 0x01, 0x50, 0x5f, 0xfe, 0xbf, 0x50, 0x4c, 0x40, 0x09, 0x4a, 0x54, 0xa4,
  0xaa, 0xaa, 0xaa, 0xa8, 0x08, 0xfa, 0x06, 0xdb, 0xed, 0xea, 0x17, 0x00, 0x05, 0x2a, 0xa5, 0x52,
  0x55, 0x55, 0x55, 0x54, 0x23, 0x69, 0x57, 0xff, 0x7f, 0x50, 0x8a, 0x80, 0x15, 0x52, 0x94, 0x94,
  0xaa, 0xaa, 0xaa, 0xa9, 0x01, 0xd0, 0x0d, 0x6b, 0xd5, 0xe4, 0x2a, 0x80, 0x04, 0xaa, 0x52, 0xaa,
  0x55, 0x55, 0x55, 0x54, 0x05, 0x7a, 0xa7, 0xfe, 0xff, 0x51, 0x0d, 0x41, 0x12, 0x92, 0xaa, 0x95,
  0xaa, 0xaa, 0xaa, 0xa8, 0x92, 0xd0, 0x4d, 0xab, 0xad, 0xe4, 0x4b, 0x44, 0x0a, 0x4a, 0x55, 0x52,
  0x55, 0x55, 0x55, 0x54, 0x03, 0x7a, 0x97, 0xfe, 0xfb, 0x51, 0x16, 0xa0, 0x09, 0x55, 0x49, 0x2a,
  0xaa, 0xaa, 0xaa, 0xaa, 0x42, 0xd8, 0x0a, 0xab, 0xaf, 0xb0, 0x4b, 0x40, 0x15, 0x52, 0xa5, 0x52,
  0x55, 0x5b, 0x55, 0x54, 0x09, 0xb5, 0x57, 0xfe, 0xfa, 0xd5, 0x1d, 0x80, 0x0a, 0x94, 0x94, 0xaa,
  0xaa, 0xd5, 0x5a, 0xaa, 0x42, 0xfa, 0x1e, 0xaa, 0xaf, 0x70, 0x55, 0x41, 0x29, 0x55, 0x55, 0x49,
  0x56, 0xaa, 0xab, 0x6a, 0x05, 0xad, 0xb7, 0xfd, 0x5b, 0xde, 0xb6, 0x90, 0x14, 0x92, 0xaa, 0xaa,
  0xb5, 0x55, 0x55, 0x55, 0x21, 0x76, 0xed, 0x57, 0x6e, 0xb5, 0xdb, 0x42, 0x4a, 0xaa, 0x49, 0x2a,
  0x55, 0x55, 0x55, 0x55, 0x09, 0xbf, 0xbf, 0xfa, 0xb7, 0xdb, 0x6d, 0x00, 0x29, 0x49, 0x55, 0x55,
  0xaa, 0xaa, 0xaa, 0xaa, 0x80, 0xd5, 0xeb, 0x6d, 0xba, 0xee, 0xb5, 0x09, 0x55, 0x2a, 0xa4, 0xa4,
  0x55, 0x6d, 0x55, 0x55, 0x52, 0x7e, 0xbf, 0xba, 0xdf, 0x75, 0xda, 0x20, 0x49, 0x55, 0x2a, 0x95,
  0xad, 0xaa, 0xaa, 0xad, 0x40, 0x15, 0xed, 0xee, 0x6b, 0xaf, 0x6c, 0x82, 0xa5, 0x24, 0xa5, 0x55,
  0x6a, 0xaa, 0xaa, 0xaa, 0xaa, 0x5f, 0x7b, 0x79, 0x36, 0xfa, 0xb0, 0x09, 0x2a, 0xaa, 0x95, 0x54,
  0xaa, 0xaa, 0xa5, 0x55, 0x50, 0x0a, 0xdf, 0xad, 0xaf, 0x57, 0x54, 0x22, 0x94, 0x92, 0x54, 0xaa,
  0x55, 0x55, 0x54, 0xaa, 0xa9, 0x45, 0xb5, 0x76, 0xba, 0xd9, 0xa0, 0x89, 0x52, 0xaa, 0xaa, 0x95,
  0xad, 0xb5, 0x52, 0x95, 0x54, 0x12, 0xdb, 0xdb, 0x55, 0x54, 0x00, 0x24, 0xaa, 0x55, 0x55, 0x55,
  0xb5, 0x56, 0xaa, 0x52, 0xab, 0x40, 0x25, 0x54, 0x92, 0x21, 0x02, 0x95, 0x12, 0x92, 0x4a, 0xaa,
  0x55, 0x55, 0x55, 0x55, 0x55, 0x54, 0x00, 0x00, 0x00, 0x00, 0x00, 0xaa, 0xca, 0x55, 0x55, 0x55,
  0xaa, 0xda, 0xa5, 0x4a, 0x4a, 0xa0, 0x00, 0x22, 0x40, 0x80, 0x00, 0x49, 0x29, 0x52, 0xaa, 0xaa,
  0xad, 0x55, 0x54, 0xa9, 0x51, 0x01, 0x09, 0x09, 0x24, 0x00, 0x00, 0x24, 0xa5, 0x4a, 0xa9, 0x52,
  0x6b, 0x55, 0x55, 0x55, 0x28, 0x14, 0x00, 0x26, 0xd0, 0x00, 0x09, 0x0a, 0x95, 0x2a, 0xaa, 0xaa,
  0xaa, 0xb5, 0x55, 0x25, 0x56, 0x42, 0x82, 0x5b, 0x54, 0x00, 0x24, 0x01, 0x54, 0xaa, 0xaa, 0xaa,
  0xb5, 0xab, 0x55, 0x54, 0xa8, 0x94, 0x88, 0x56, 0xea, 0x90, 0x90, 0x0a, 0x25, 0x55, 0x55, 0x55,
  0x56, 0xb5, 0x6a, 0x92, 0x96, 0x52, 0xa1, 0x6f, 0x76, 0x02, 0x15, 0x4a, 0xaa, 0x48, 0x95, 0x55,
  0xb5, 0x56, 0xaa, 0x55, 0x55, 0x55, 0xf2, 0xdb, 0xad, 0xbc, 0x55, 0x05, 0x49, 0x55, 0x4a, 0xaa,
  0xad, 0xb5, 0xaa, 0xaa, 0x52, 0xaa, 0xab, 0x7d, 0x76, 0xad, 0x14, 0xa5, 0x25, 0x22, 0x55, 0x55,
  0xb6, 0xda, 0xb5, 0x49, 0x49, 0x6b, 0xd5, 0xd7, 0xab, 0x76, 0x4a, 0x90, 0x92, 0x95, 0x24, 0xaa,
  0xaa, 0xab, 0x55, 0x55, 0x2a, 0xfd, 0x6a, 0xfd, 0xfd, 0xaa, 0xaa, 0xa5, 0x48, 0x48, 0x95, 0x55,
  0xb6, 0xda, 0xd5, 0x52, 0xa5, 0xb6, 0xab, 0x56, 0xaa, 0xba, 0x2f, 0x50, 0x25, 0x25, 0x55, 0x54,
  0xab, 0x6d, 0x6d, 0x4a, 0x57, 0xff, 0x57, 0xff, 0xdf, 0xd5, 0xbb, 0xa1, 0x10, 0x90, 0x25, 0x55,
  0xbd, 0xab, 0x55, 0x55, 0x25, 0x7d, 0xad, 0xb6, 0xf5, 0x5a, 0xfe, 0xd4, 0x45, 0x05, 0x55, 0x55,
  0xd5, 0x5a, 0xda, 0xa9, 0x57, 0xdf, 0x6f, 0xff, 0xbf, 0x6b, 0xdf, 0xb0, 0x10, 0x51, 0x25, 0x55,
  0x6d, 0xb7, 0x6a, 0xaa, 0x92, 0xfd, 0xd5, 0xbb, 0xeb, 0xb6, 0xfb, 0x62, 0x85, 0x08, 0x94, 0xaa,
  0xb6, 0xda, 0xab, 0x54, 0xaf, 0xf7, 0x7f, 0xfe, 0xfe, 0xdb, 0xff, 0xb0, 0x20, 0x45, 0x52, 0xaa,
  0xdb, 0x6b, 0x6d, 0x55, 0x45, 0xbf, 0xd6, 0xef, 0xb7, 0xed, 0xbd, 0xd8, 0x8a, 0x20, 0x2a, 0xaa,
  0x6d, 0xad, 0xb5, 0x6a, 0x57, 0xfd, 0x6f, 0xff, 0xfd, 0x56, 0xf7, 0x52, 0x00, 0x8a, 0x8a, 0xaa,
  0xb6, 0xda, 0xd6, 0xa9, 0x56, 0xf6, 0xb5, 0xb6, 0xdf, 0xf5, 0xbf, 0xe8, 0x29, 0x10, 0x52, 0xaa,
  0xdb, 0x6e, 0xab, 0x55, 0x2b, 0xde, 0xaf, 0xff, 0xf6, 0xad, 0x7d, 0x50, 0x80, 0x45, 0x2a, 0x55,
  0x77, 0xb5, 0xdd, 0x6a, 0xaf, 0x7b, 0x7e, 0xdb, 0x7d, 0xfa, 0xbf, 0xe8, 0x15, 0x00, 0x92, 0xaa,
  0xba, 0xee, 0xb5, 0xaa, 0xa5, 0xfd, 0xff, 0xf7, 0xdf, 0xff, 0xb6, 0xa2, 0x40, 0x2a, 0x4a, 0xaa,
  0xd7, 0x5a, 0xd6, 0xaa, 0x97, 0xef, 0xf7, 0xdd, 0xf7, 0xdf, 0xdf, 0xb0, 0x02, 0x41, 0x29, 0x55,
  0x6d, 0xed, 0xbb, 0x6a, 0xab, 0x7f, 0xfe, 0xfe, 0xbf, 0x7d, 0xf5, 0xc4, 0x90, 0x14, 0x95, 0x55,
  0xbb, 0x5b, 0x6d, 0xad, 0x55, 0xd7, 0x7f, 0xf7, 0xef, 0xff, 0x5e, 0xa0, 0x04, 0x82, 0x44, 0xaa,
  0xd7, 0xed, 0xb5, 0x55, 0x55, 0x7f, 0xef, 0xbd, 0x7f, 0xed, 0xf3, 0x48, 0x40, 0x28, 0x2a, 0xaa,
  0x6d, 0x5b, 0x6d, 0xb5, 0x25, 0x5d, 0xfb, 0xfe, 0xbd, 0xbf, 0xfa, 0x81, 0x09, 0x02, 0x92, 0xab,
  0xb6, 0xb6, 0xb6, 0xd5, 0x54, 0xb7, 0xbf, 0x77, 0x7f, 0xf7, 0x58, 0x20, 0x00, 0x51, 0x4a, 0x54,
  0x55, 0xda, 0xd5, 0x5a, 0xaa, 0x5f, 0xfd, 0xfd, 0xf7, 0x7f, 0xf4, 0x04, 0x24, 0x08, 0x25, 0x55,
  0xaa, 0xab, 0x55, 0x6a, 0x91, 0x7f, 0xf7, 0xdf, 0x7f, 0xdb, 0x6c, 0x80, 0x81, 0x22, 0x94, 0xaa
};
// Author :- Ashish ( ashish_y_794 )
// Website : https://www.oledanimationmaker.com/

const uint8_t PROGMEM frame51[1024] = {
  0x55, 0xee, 0xeb, 0xec, 0x00, 0x00, 0x06, 0x5e, 0xeb, 0x00, 0x00, 0x00, 0x01, 0x07, 0xfd, 0xd2,
  0x48, 0x95, 0x25, 0x20, 0x00, 0x02, 0x4b, 0x6b, 0xbd, 0x24, 0x00, 0x00, 0x15, 0x57, 0x56, 0xca,
  0xaa, 0x52, 0x95, 0x52, 0x49, 0x20, 0x01, 0xbd, 0x54, 0x00, 0x90, 0x00, 0x49, 0x55, 0xb7, 0xa9,
  0x55, 0x54, 0x55, 0x55, 0x00, 0x09, 0x24, 0x55, 0x60, 0x92, 0x02, 0x21, 0x25, 0x28, 0x08, 0x4a,
  0x4a, 0xaa, 0xaa, 0xaa, 0x20, 0x00, 0x00, 0x2a, 0xa4, 0x00, 0x00, 0x00, 0x29, 0x4a, 0xa5, 0x51,
  0xa9, 0x41, 0x55, 0x55, 0x04, 0x91, 0x52, 0x80, 0x01, 0x54, 0x90, 0x00, 0x14, 0xaa, 0x15, 0x2a,
  0x55, 0x35, 0x55, 0x52, 0x80, 0x00, 0xa8, 0x14, 0x92, 0x6a, 0x01, 0x08, 0xa2, 0x49, 0xa1, 0x49,
  0xaa, 0x8a, 0xaa, 0xaa, 0x21, 0x0b, 0x7f, 0x40, 0x0b, 0xbf, 0x44, 0x00, 0x15, 0x24, 0x89, 0x24,
  0x55, 0x55, 0x55, 0x55, 0x04, 0x25, 0xd5, 0xea, 0xbe, 0xea, 0xa0, 0x00, 0x2a, 0xaa, 0xa4, 0x95,
  0xa4, 0xaa, 0xaa, 0xaa, 0x10, 0x0b, 0x7f, 0xba, 0xeb, 0xfd, 0xc8, 0x20, 0x11, 0x4a, 0x50, 0x52,
  0x55, 0x55, 0x55, 0x55, 0x00, 0x56, 0xdb, 0x6f, 0xbf, 0x56, 0xb0, 0x00, 0x8a, 0x29, 0x56, 0x2a,
  0xaa, 0x55, 0x55, 0x54, 0x41, 0x1b, 0x6f, 0xfe, 0xfb, 0xf5, 0x54, 0x80, 0x2a, 0xa5, 0x29, 0x05,
  0x51, 0xaa, 0xaa, 0xaa, 0x08, 0x54, 0x9b, 0x6f, 0xde, 0xa8, 0x2a, 0x02, 0x09, 0x54, 0xa5, 0x52,
  0xaa, 0xaa, 0xaa, 0xaa, 0x80, 0x7a, 0x2f, 0xfb, 0x77, 0xf2, 0x98, 0x00, 0x25, 0x25, 0x55, 0x44,
  0x4a, 0xaa, 0xaa, 0xaa, 0x02, 0x54, 0x8a, 0xbf, 0xfd, 0x48, 0x2d, 0x00, 0x14, 0x94, 0x92, 0x52,
  0xaa, 0xaa, 0xaa, 0xa8, 0x48, 0xf8, 0x27, 0xea, 0xaf, 0xe2, 0x15, 0x08, 0x12, 0xaa, 0xa9, 0x48,
  0x15, 0x55, 0x55, 0x56, 0x01, 0x55, 0x4b, 0x7f, 0xfa, 0xa8, 0x96, 0x20, 0x2a, 0xa4, 0x95, 0x22,
  0xaa, 0xaa, 0xaa, 0xaa, 0x21, 0x78, 0x15, 0xed, 0xaf, 0xc2, 0x2b, 0x00, 0x09, 0x2a, 0x4a, 0xa8,
  0x55, 0x55, 0x55, 0x54, 0x81, 0xaa, 0xa7, 0xbf, 0x7a, 0xb0, 0x9d, 0x40, 0x54, 0xa5, 0x52, 0x56,
  0xaa, 0xaa, 0xaa, 0xaa, 0x09, 0x78, 0x0a, 0xeb, 0xef, 0xc8, 0x15, 0x00, 0x12, 0x94, 0xaa, 0xa9,
  0x55, 0x55, 0x55, 0x55, 0x21, 0xad, 0x4b, 0xbd, 0x5a, 0xa5, 0x2b, 0x40, 0x4a, 0xaa, 0x95, 0x24,
  0xaa, 0xaa, 0xaa, 0xaa, 0x01, 0x7a, 0x2e, 0xee, 0xff, 0xf0, 0x5a, 0x82, 0x2a, 0x52, 0x52, 0x95,
  0x55, 0x55, 0x55, 0x55, 0x44, 0xdd, 0x17, 0xbb, 0x2a, 0xaa, 0x56, 0x80, 0x25, 0x4a, 0xa9, 0x55,
  0xaa, 0xab, 0x6a, 0xaa, 0x81, 0x6b, 0x6d, 0xed, 0xdf, 0xda, 0xda, 0x08, 0x94, 0xa9, 0x4a, 0xaa,
  0x56, 0xda, 0xab, 0x56, 0x91, 0x7e, 0xf7, 0x75, 0x55, 0x6d, 0x6b, 0x20, 0x52, 0x95, 0x2a, 0x52,
  0xaa, 0xaa, 0xaa, 0xaa, 0x84, 0xab, 0xbd, 0xdd, 0x7f, 0xb7, 0xb5, 0x02, 0xaa, 0x54, 0xa9, 0x4a,
  0x55, 0x55, 0x55, 0x55, 0x40, 0x5e, 0xd7, 0x77, 0x55, 0xda, 0xdc, 0x08, 0x4a, 0xa5, 0x55, 0x55,
  0xaa, 0xaa, 0xaa, 0xaa, 0xa9, 0x2b, 0xfd, 0xda, 0xde, 0xef, 0x6a, 0x41, 0x52, 0x95, 0x25, 0x54,
  0x5b, 0x55, 0x52, 0x55, 0x40, 0x2e, 0xaf, 0x7d, 0x37, 0x5a, 0xb0, 0x05, 0x4a, 0x52, 0xaa, 0x53,
  0xaa, 0xad, 0x55, 0x55, 0x75, 0x15, 0xf5, 0xd5, 0x5b, 0xb7, 0x54, 0x24, 0xa9, 0x54, 0x95, 0x4a,
  0x55, 0x55, 0x55, 0x55, 0x48, 0x46, 0xbf, 0x7a, 0xb6, 0xda, 0xc0, 0x8a, 0x95, 0x4a, 0xa9, 0x55,
  0xaa, 0xb5, 0x52, 0xaa, 0xaa, 0x11, 0xab, 0xdd, 0xbb, 0x6a, 0x10, 0x29, 0x4a, 0x55, 0x55, 0x54,
  0x6d, 0x56, 0xaa, 0x4a, 0xab, 0x40, 0x55, 0x6a, 0xa4, 0x91, 0x02, 0xa4, 0xa9, 0x49, 0x25, 0x55,
  0xaa, 0xd5, 0x55, 0x29, 0x54, 0xaa, 0x08, 0x84, 0x00, 0x00, 0x01, 0x15, 0x25, 0x2a, 0xaa, 0xaa,
  0x55, 0x55, 0x54, 0xa5, 0x2a, 0xa0, 0x00, 0x00, 0x44, 0x00, 0x00, 0xaa, 0x94, 0xaa, 0xaa, 0x95,
  0xab, 0x5a, 0xaa, 0xaa, 0xa5, 0x44, 0x00, 0x25, 0x10, 0x80, 0x02, 0x51, 0x52, 0xa5, 0x55, 0x54,
  0x5a, 0xab, 0x55, 0x54, 0x90, 0x01, 0x04, 0x8a, 0xc0, 0x00, 0x08, 0x0a, 0x4a, 0xaa, 0xaa, 0xab,
  0xaa, 0xd5, 0x55, 0x25, 0x56, 0x92, 0x90, 0x2b, 0x6a, 0x00, 0x40, 0x12, 0xaa, 0x55, 0x2a, 0x54,
  0xb5, 0x5a, 0xaa, 0xaa, 0xaa, 0x24, 0x40, 0xad, 0xb4, 0x11, 0x28, 0x09, 0x25, 0x4a, 0xa9, 0xaa,
  0x56, 0xab, 0x6a, 0x92, 0x4a, 0x92, 0x82, 0x5b, 0x5a, 0x80, 0x15, 0x55, 0x52, 0xa9, 0x56, 0x55,
  0xab, 0x6d, 0x55, 0x55, 0x2a, 0x55, 0x79, 0xb7, 0xed, 0x3a, 0x52, 0x0a, 0x4a, 0x24, 0xa9, 0x52,
  0xb5, 0xb5, 0xad, 0x54, 0xa9, 0x55, 0xea, 0xed, 0x56, 0xac, 0xa9, 0x4a, 0x94, 0x92, 0x95, 0x55,
  0xad, 0x56, 0xb5, 0x4a, 0xa5, 0x6d, 0x55, 0x7f, 0xbb, 0x75, 0x15, 0x04, 0x49, 0x4a, 0x55, 0x55,
  0xb5, 0xaa, 0xd5, 0x52, 0x55, 0x7a, 0xea, 0xd5, 0x6d, 0xac, 0xaa, 0xa2, 0xa4, 0xa4, 0xa5, 0x55,
  0x56, 0xdb, 0x5a, 0xaa, 0x92, 0xdf, 0x55, 0xff, 0xd6, 0xb5, 0x3e, 0x90, 0x12, 0x12, 0x55, 0x54,
  0xb5, 0x6d, 0x6b, 0x54, 0xa9, 0xff, 0x57, 0x5a, 0xfb, 0x5a, 0xd7, 0x45, 0x44, 0xa5, 0x2a, 0xab,
  0xdb, 0xb5, 0xad, 0x52, 0x95, 0x6d, 0xad, 0xff, 0xad, 0xea, 0xfd, 0xe0, 0x11, 0x08, 0xaa, 0xaa,
  0x56, 0xaa, 0xb5, 0x55, 0x4b, 0xff, 0xd7, 0xdb, 0xff, 0x57, 0xff, 0x24, 0x84, 0x45, 0x4a, 0xaa,
  0xdb, 0x6f, 0x55, 0x54, 0xa5, 0x7e, 0xf6, 0xfe, 0xb5, 0xbb, 0x6d, 0xd0, 0x51, 0x10, 0xaa, 0xaa,
  0x6d, 0xb5, 0xb6, 0xaa, 0x95, 0xdb, 0xaf, 0xef, 0xff, 0x6d, 0xff, 0x42, 0x04, 0x45, 0x12, 0xaa,
  0xb6, 0xda, 0xda, 0xd5, 0x57, 0x7e, 0xf5, 0xbf, 0xad, 0xd7, 0xfb, 0x68, 0x41, 0x10, 0xaa, 0xaa,
  0xdb, 0x6d, 0x6b, 0x55, 0x23, 0xff, 0x5f, 0xfb, 0xff, 0x6a, 0xbe, 0xd0, 0x14, 0x05, 0x4a, 0xaa,
  0x6d, 0xb7, 0xad, 0x6a, 0xaa, 0xf5, 0x55, 0xde, 0xed, 0xb5, 0xf7, 0xa2, 0x80, 0xa8, 0xaa, 0xaa,
  0xb6, 0xda, 0xb5, 0xaa, 0xab, 0xdf, 0x6f, 0x7b, 0xbf, 0xda, 0xbe, 0xd0, 0x24, 0x02, 0x25, 0x55,
  0xad, 0xbb, 0x5a, 0xb5, 0x2b, 0x7d, 0xff, 0xef, 0xf5, 0xfe, 0xfb, 0x40, 0x02, 0xa9, 0x54, 0xaa,
  0xb7, 0x6d, 0xef, 0x55, 0x55, 0xf7, 0xbd, 0xfb, 0x7f, 0xfb, 0x5f, 0xa9, 0x28, 0x04, 0x93, 0x55,
  0x5a, 0xf6, 0xb5, 0xb5, 0x4b, 0xdf, 0xf7, 0xbd, 0xdf, 0x6f, 0xf5, 0x40, 0x01, 0x22, 0x4a, 0xaa,
  0xd7, 0xad, 0xad, 0x5a, 0xaa, 0xfb, 0xff, 0xf7, 0x7b, 0xff, 0xaf, 0xa2, 0x48, 0x49, 0x2a, 0x55,
  0x6d, 0x76, 0xdb, 0xaa, 0xaa, 0xaf, 0x7f, 0xfd, 0xdf, 0xfd, 0xf5, 0x40, 0x02, 0x12, 0x55, 0x55,
  0xb7, 0xbb, 0x6d, 0x6d, 0x52, 0xbf, 0xed, 0xb7, 0x7f, 0x6f, 0x6a, 0x84, 0x48, 0x84, 0x92, 0xaa,
  0x55, 0x56, 0xb5, 0xb5, 0x55, 0x4d, 0xff, 0xfe, 0xfd, 0xfb, 0xf2, 0x00, 0x00, 0x22, 0x4a, 0xaa,
  0xaa, 0xeb, 0x5a, 0xd5, 0x49, 0x3f, 0xbe, 0xfb, 0x6f, 0xdf, 0x58, 0x11, 0x12, 0x49, 0x2a, 0xab,
  0x2b, 0x2d, 0x6b, 0x56, 0xaa, 0x9b, 0xf7, 0xdf, 0x7f, 0x7d, 0xf0, 0x40, 0x00, 0x12, 0x52, 0xac,
  0x94, 0xa9, 0x54, 0xa9, 0x20, 0x6f, 0xff, 0xf7, 0xfb, 0xef, 0xbc, 0x00, 0x42, 0x44, 0x8a, 0x53
};
// Author :- Ashish ( ashish_y_794 )
// Website : https://www.oledanimationmaker.com/

const uint8_t PROGMEM frame52[1024] = {
  0x55, 0xee, 0xf7, 0x7a, 0x00, 0x00, 0x06, 0x2f, 0xd3, 0x40, 0x00, 0x00, 0x00, 0x4f, 0xfd, 0xd2,
  0x48, 0x95, 0x48, 0x90, 0x00, 0x01, 0x2a, 0x9a, 0xa9, 0x82, 0x00, 0x00, 0x05, 0x27, 0x56, 0xc9,
  0xaa, 0xaa, 0xaa, 0xa8, 0x49, 0x24, 0x06, 0xbd, 0xf6, 0x10, 0x20, 0x00, 0x12, 0x17, 0x57, 0xaa,
  0x55, 0x49, 0x21, 0x51, 0x00, 0x00, 0x43, 0x6b, 0x5a, 0x41, 0x04, 0x41, 0x4a, 0x81, 0x54, 0x49,
  0x4a, 0x55, 0x4a, 0xa8, 0x08, 0x11, 0x08, 0xdd, 0xa8, 0x08, 0x00, 0x04, 0x29, 0x54, 0x92, 0xa4,
  0x52, 0xaa, 0x2a, 0xad, 0xa1, 0x00, 0x20, 0x2a, 0xd2, 0x80, 0x80, 0x00, 0xa5, 0x42, 0x49, 0x2a,
  0xaa, 0x92, 0x95, 0x52, 0x40, 0x22, 0x02, 0x48, 0x20, 0x24, 0x11, 0x00, 0x54, 0xb4, 0x2a, 0x92,
  0x55, 0x54, 0x6a, 0xab, 0x04, 0x00, 0xa8, 0x02, 0x81, 0x52, 0x00, 0x11, 0x22, 0x49, 0x24, 0xaa,
  0x54, 0xa9, 0xaa, 0xa9, 0x40, 0x89, 0x5d, 0x50, 0x0a, 0xdd, 0x20, 0x00, 0x55, 0x2a, 0x92, 0x92,
  0xaa, 0xa5, 0x55, 0x56, 0x90, 0x02, 0xf7, 0xa4, 0xaf, 0xf6, 0x84, 0x00, 0x29, 0x55, 0x45, 0x49,
  0x55, 0x55, 0x55, 0x55, 0x02, 0x25, 0xbd, 0xda, 0xba, 0xbb, 0x40, 0x40, 0x95, 0x22, 0x48, 0xaa,
  0xa5, 0x15, 0x55, 0x54, 0x88, 0x0b, 0xd7, 0x7f, 0xef, 0xed, 0xa8, 0x00, 0x49, 0x55, 0x22, 0x25,
  0x55, 0x55, 0x55, 0x55, 0x40, 0x4d, 0x7f, 0xed, 0xbd, 0xb5, 0x50, 0x02, 0x24, 0x92, 0xa8, 0x94,
  0xaa, 0xaa, 0xaa, 0xaa, 0x81, 0x15, 0x15, 0xbf, 0xf7, 0xd4, 0xb4, 0x00, 0x2a, 0xaa, 0x54, 0x52,
  0x54, 0xaa, 0xaa, 0xaa, 0x10, 0x3c, 0xaf, 0xf5, 0x7e, 0xe8, 0x51, 0x10, 0x52, 0x49, 0x4a, 0x95,
  0xaa, 0xaa, 0xaa, 0xab, 0x40, 0x54, 0x05, 0x7f, 0xdb, 0xa2, 0x2c, 0x00, 0x2a, 0xa5, 0x2a, 0x0a,
  0x52, 0xaa, 0xaa, 0xa9, 0x04, 0xbd, 0x57, 0xdb, 0x7e, 0xd0, 0x94, 0x00, 0x92, 0x54, 0xa5, 0x51,
  0xaa, 0xaa, 0xaa, 0xad, 0x20, 0x6a, 0x05, 0xff, 0xeb, 0xa4, 0x36, 0x40, 0x29, 0x52, 0xaa, 0x85,
  0x45, 0x55, 0x55, 0x55, 0x01, 0x5c, 0xab, 0x55, 0xbe, 0xc1, 0x1a, 0x00, 0x4a, 0x95, 0x52, 0x69,
  0xaa, 0xaa, 0xaa, 0xaa, 0x88, 0xba, 0x13, 0xff, 0x6b, 0xa8, 0x55, 0x01, 0x2a, 0x54, 0x8a, 0x92,
  0x55, 0x55, 0x55, 0x55, 0x20, 0xec, 0x86, 0xdb, 0xfe, 0xc5, 0x2e, 0x00, 0x52, 0xa5, 0x69, 0x48,
  0x2a, 0xaa, 0xaa, 0xaa, 0x82, 0x5a, 0x55, 0xee, 0xab, 0x60, 0x35, 0x44, 0x29, 0x54, 0x95, 0x55,
  0xaa, 0xaa, 0xd5, 0x55, 0x40, 0xbd, 0x07, 0x7b, 0x7f, 0xb4, 0xaa, 0x00, 0x95, 0x25, 0x4a, 0x52,
  0x55, 0x55, 0x5b, 0x6a, 0x88, 0xd6, 0x5d, 0xdd, 0x55, 0x62, 0x6d, 0x00, 0x52, 0x95, 0x29, 0x4a,
  0xaa, 0xda, 0xaa, 0xab, 0x40, 0x7b, 0xab, 0xb5, 0xbf, 0xbb, 0xb6, 0x25, 0x4a, 0x54, 0xaa, 0xaa,
  0x56, 0xab, 0x55, 0x55, 0x4a, 0xae, 0xfe, 0xfa, 0xaa, 0xdd, 0x59, 0x00, 0xa9, 0x52, 0xaa, 0xa9,
  0xaa, 0xaa, 0xaa, 0xaa, 0xa0, 0x37, 0xab, 0xde, 0xdf, 0xeb, 0x6c, 0x12, 0x55, 0x4a, 0x95, 0x55,
  0x5a, 0xaa, 0xaa, 0xaa, 0xa0, 0x9a, 0xff, 0x6b, 0x75, 0x5d, 0xb2, 0x01, 0x4a, 0xaa, 0x52, 0x4a,
  0xaa, 0xaa, 0xaa, 0xaa, 0xaa, 0x2f, 0xad, 0xfd, 0x5f, 0xeb, 0x58, 0x4a, 0xa9, 0x29, 0x55, 0x55,
  0x55, 0x55, 0x55, 0x2a, 0xa8, 0x0a, 0xfb, 0x55, 0x55, 0x5d, 0xe0, 0x05, 0x24, 0xa5, 0x55, 0x54,
  0xaa, 0xdb, 0x6a, 0xaa, 0xaa, 0x95, 0xaf, 0xfd, 0x5f, 0xb6, 0x92, 0x54, 0xaa, 0x95, 0x2a, 0xaa,
  0x5b, 0x55, 0x54, 0xaa, 0xaa, 0x02, 0xfa, 0xaa, 0xb5, 0x6a, 0x80, 0x12, 0x95, 0x54, 0xa5, 0x55,
  0xaa, 0xaa, 0xaa, 0x92, 0xaa, 0xa0, 0x97, 0xfd, 0xda, 0xaa, 0x01, 0x55, 0x52, 0x52, 0xaa, 0x4a,
  0x55, 0x55, 0x55, 0x55, 0x55, 0x4a, 0x28, 0x04, 0x04, 0x80, 0x14, 0xa4, 0x95, 0x4a, 0xaa, 0xaa,
  0xb5, 0x6d, 0xaa, 0x4a, 0x55, 0x54, 0x01, 0x51, 0x20, 0x00, 0x02, 0x95, 0x52, 0xaa, 0xaa, 0xa9,
  0xaa, 0xaa, 0xa9, 0x55, 0x49, 0x50, 0x00, 0x00, 0x00, 0x00, 0x00, 0x52, 0x4a, 0x55, 0x55, 0x55,
  0x56, 0xd5, 0x55, 0x52, 0x54, 0x00, 0x80, 0x0b, 0xa4, 0x00, 0x01, 0x29, 0x55, 0x55, 0x55, 0x55,
  0xaa, 0xad, 0xaa, 0xa9, 0x52, 0x92, 0x02, 0x4a, 0xa8, 0x80, 0x48, 0x15, 0x29, 0x4a, 0xaa, 0xaa,
  0xb5, 0x6a, 0xb5, 0x4a, 0x95, 0x44, 0xa0, 0x36, 0xd2, 0x08, 0x20, 0x42, 0xa5, 0x2a, 0xa9, 0x55,
  0x56, 0xad, 0x56, 0xaa, 0xaa, 0x92, 0x89, 0x5b, 0xba, 0x01, 0x54, 0x19, 0x2a, 0xa9, 0x55, 0x4a,
  0xab, 0x6b, 0x6a, 0xa9, 0x4a, 0xaa, 0xf0, 0xde, 0xd5, 0x30, 0x49, 0x54, 0x91, 0x25, 0x4a, 0xa9,
  0xb5, 0xad, 0x55, 0x55, 0x2a, 0x55, 0x5a, 0xb7, 0x7d, 0x7d, 0x2a, 0x15, 0x4a, 0x94, 0xaa, 0xaa,
  0x5a, 0xb5, 0xb6, 0xa4, 0xa5, 0x5a, 0xea, 0xfb, 0xab, 0x54, 0xa9, 0x44, 0xa9, 0x4a, 0xaa, 0xaa,
  0xd6, 0xd6, 0xaa, 0xaa, 0x94, 0xbd, 0x55, 0xad, 0xda, 0xea, 0x55, 0x12, 0x12, 0x22, 0x55, 0x55,
  0x5a, 0xb5, 0xb6, 0xaa, 0x52, 0xef, 0xb6, 0xfe, 0xb7, 0x59, 0x5e, 0x81, 0x49, 0x29, 0x55, 0x55,
  0xab, 0x5a, 0xda, 0xd5, 0x4a, 0xbe, 0xd5, 0xdb, 0xed, 0xaa, 0xf5, 0x48, 0x22, 0x45, 0x55, 0x55,
  0xb5, 0xee, 0xab, 0x55, 0x29, 0x7b, 0xab, 0xfe, 0xbe, 0xd7, 0xbf, 0x85, 0x08, 0x94, 0xaa, 0xaa,
  0xae, 0xab, 0x6d, 0x54, 0xa5, 0xef, 0xee, 0xdb, 0xeb, 0x75, 0xfa, 0xa0, 0xa2, 0x0a, 0x95, 0x55,
  0xb5, 0xb5, 0xb5, 0x55, 0x55, 0x7f, 0x77, 0xff, 0xff, 0xaf, 0xef, 0x48, 0x08, 0xa1, 0x55, 0x55,
  0xb6, 0xdd, 0x5b, 0x6a, 0x95, 0xdf, 0xdb, 0x7e, 0xda, 0xd7, 0x7d, 0xa2, 0x42, 0x14, 0xaa, 0xaa,
  0xad, 0x6b, 0xed, 0xaa, 0xa9, 0x7d, 0x6d, 0xef, 0xff, 0x7b, 0xfe, 0xc0, 0x28, 0x85, 0x2a, 0xaa,
  0x77, 0xbd, 0x35, 0x55, 0x55, 0xff, 0xb7, 0xfb, 0x6d, 0xca, 0xed, 0x49, 0x02, 0x28, 0xaa, 0xaa,
  0xaa, 0xeb, 0xd6, 0xda, 0x92, 0xee, 0x9b, 0x6f, 0xff, 0x75, 0xbf, 0xa0, 0x48, 0x85, 0x55, 0x55,
  0x5d, 0xb6, 0xbb, 0x6a, 0xab, 0xbd, 0xef, 0xfd, 0xb5, 0xda, 0xfa, 0x82, 0x00, 0x24, 0x95, 0x55,
  0xab, 0xdd, 0xd5, 0xad, 0x55, 0xff, 0x7e, 0xd7, 0xff, 0xfe, 0xff, 0xc8, 0x55, 0x12, 0x55, 0x55,
  0x6d, 0x6e, 0xb6, 0xd5, 0x49, 0x75, 0xff, 0xfe, 0xdf, 0xff, 0x55, 0x00, 0x00, 0x89, 0x52, 0xaa,
  0xab, 0x75, 0xdb, 0x6d, 0x55, 0xdf, 0xf7, 0xfb, 0xf7, 0x6d, 0xfe, 0xc4, 0x92, 0x25, 0x2a, 0xaa,
  0x56, 0xde, 0xb6, 0xb5, 0x55, 0x77, 0xdf, 0x6e, 0xbf, 0xff, 0xab, 0x10, 0x00, 0x90, 0xaa, 0xab,
  0xab, 0x6b, 0xdb, 0xd6, 0xaa, 0xaf, 0x7f, 0xfe, 0xfe, 0xf7, 0xed, 0x01, 0x24, 0x25, 0x55, 0x54,
  0x5a, 0xdd, 0x6d, 0x5a, 0xa9, 0x57, 0xfb, 0xfb, 0x77, 0xde, 0xd2, 0x00, 0x01, 0x09, 0x25, 0x5b,
  0x4b, 0x6b, 0x56, 0xab, 0x55, 0x2f, 0xff, 0x6f, 0x7f, 0x7f, 0xe8, 0x24, 0x48, 0xa4, 0x95, 0x65,
  0x55, 0x55, 0x6a, 0xed, 0x52, 0x9d, 0xdf, 0xfd, 0xfd, 0xf5, 0x60, 0x00, 0x02, 0x12, 0x55, 0x5a,
  0x24, 0xaa, 0xaa, 0x95, 0x48, 0x57, 0xfd, 0xdf, 0x6f, 0xdf, 0xd8, 0x81, 0x08, 0x44, 0xaa, 0xa5,
  0x49, 0x2a, 0xaa, 0x55, 0x25, 0x1f, 0xf7, 0xf7, 0xfe, 0xff, 0x70, 0x04, 0x00, 0x11, 0x01, 0x14
};
// Author :- Ashish ( ashish_y_794 )
// Website : https://www.oledanimationmaker.com/

const uint8_t PROGMEM frame53[1024] = {
  0x55, 0xee, 0xf7, 0x7a, 0x00, 0x00, 0x07, 0x1f, 0xd3, 0x40, 0x00, 0x00, 0x01, 0x2f, 0xfd, 0xd2,
  0x48, 0x95, 0x4a, 0x88, 0x00, 0x02, 0x4a, 0x55, 0x65, 0x84, 0x00, 0x00, 0x04, 0x97, 0x56, 0xc9,
  0xaa, 0xaa, 0xa8, 0x50, 0x52, 0x48, 0x06, 0x3f, 0xaa, 0x10, 0x90, 0x00, 0x48, 0x4b, 0xb7, 0xaa,
  0x55, 0x52, 0x55, 0x54, 0x00, 0x00, 0x93, 0xaa, 0xf7, 0x40, 0x02, 0x44, 0x0a, 0x24, 0x48, 0x52,
  0x4a, 0x4a, 0x91, 0x54, 0x84, 0x22, 0x02, 0xdd, 0x58, 0x04, 0x00, 0x00, 0xaa, 0x8a, 0xa5, 0x49,
  0x55, 0x55, 0x45, 0x54, 0x20, 0x80, 0x20, 0xb6, 0xe4, 0x90, 0x90, 0x01, 0x52, 0xa1, 0x2a, 0xaa,
  0xa9, 0x54, 0x95, 0x55, 0x80, 0x08, 0x88, 0x55, 0x20, 0x02, 0x00, 0x08, 0x29, 0x24, 0xa4, 0x49,
  0x55, 0x2a, 0x55, 0x55, 0x52, 0x00, 0x02, 0x08, 0x89, 0x20, 0x02, 0x41, 0x85, 0x50, 0x53, 0x24,
  0x4a, 0xa5, 0x2a, 0xaa, 0x80, 0x44, 0xb9, 0x20, 0x20, 0xda, 0x48, 0x00, 0x54, 0x95, 0x14, 0xaa,
  0xaa, 0xa8, 0xd5, 0x55, 0x48, 0x01, 0x6d, 0x45, 0x0f, 0x6d, 0x00, 0x00, 0xaa, 0xaa, 0x4a, 0x92,
  0x55, 0x56, 0xaa, 0xaa, 0x81, 0x15, 0xb7, 0xa8, 0x55, 0xfb, 0x40, 0x00, 0x49, 0x25, 0x11, 0x4a,
  0xaa, 0xa2, 0xaa, 0xaa, 0xa0, 0x02, 0xfe, 0xf7, 0xff, 0xad, 0x90, 0x84, 0xa4, 0x95, 0x44, 0xa9,
  0x55, 0x55, 0x55, 0x55, 0x04, 0x4d, 0xdb, 0xdd, 0x5b, 0x76, 0xa2, 0x00, 0x2a, 0xa9, 0x52, 0x4a,
  0xaa, 0x95, 0x55, 0x55, 0x40, 0x16, 0xaf, 0x7f, 0xff, 0xda, 0xb0, 0x00, 0x95, 0x55, 0x51, 0x29,
  0x55, 0x55, 0x55, 0x55, 0x11, 0x1a, 0x55, 0xed, 0xda, 0xe0, 0x54, 0x00, 0x52, 0x49, 0x28, 0xa5,
  0xaa, 0x55, 0x55, 0x55, 0x40, 0x55, 0x0f, 0xbf, 0x7f, 0xaa, 0x50, 0x08, 0x49, 0x24, 0xa6, 0x14,
  0x55, 0x55, 0x55, 0x55, 0x04, 0x3c, 0x52, 0xf7, 0xed, 0xc1, 0x3a, 0x20, 0xaa, 0xaa, 0x91, 0x55,
  0xa9, 0x55, 0x55, 0x55, 0xa0, 0xad, 0x07, 0xfd, 0xbe, 0xa8, 0x48, 0x80, 0x25, 0x55, 0x56, 0x0a,
  0x55, 0x55, 0x5a, 0xaa, 0x00, 0x7a, 0x52, 0xdf, 0x77, 0xc4, 0x36, 0x00, 0xaa, 0x49, 0x29, 0xa4,
  0xa2, 0xaa, 0xab, 0x6b, 0xa4, 0xac, 0x8b, 0xeb, 0xda, 0xa2, 0x9a, 0x00, 0x52, 0xa5, 0x54, 0x8a,
  0x55, 0x55, 0x55, 0x54, 0x80, 0x76, 0x25, 0xbe, 0xff, 0xd0, 0x55, 0x00, 0x8a, 0x54, 0x92, 0xa1,
  0x95, 0x55, 0xaa, 0xab, 0x11, 0x5c, 0x8b, 0xeb, 0x55, 0x49, 0x3a, 0x02, 0x55, 0x55, 0x55, 0x54,
  0x56, 0xaa, 0xaa, 0xaa, 0xc0, 0x6e, 0x26, 0xbe, 0xff, 0xa0, 0x4d, 0x00, 0xa9, 0x25, 0x4a, 0xa9,
  0x55, 0x55, 0x55, 0x55, 0x09, 0x5a, 0x8b, 0xeb, 0x55, 0x6a, 0xb5, 0x10, 0x95, 0x54, 0xaa, 0x4a,
  0x55, 0x6d, 0x6a, 0xaa, 0xc0, 0x6f, 0x5e, 0xbd, 0x7f, 0xd5, 0x5a, 0x02, 0x52, 0x92, 0xa9, 0x54,
  0xaa, 0xaa, 0xad, 0x5a, 0xa4, 0xbb, 0xeb, 0xeb, 0x95, 0x7a, 0xec, 0x21, 0x4a, 0x55, 0x25, 0x52,
  0x55, 0x55, 0x55, 0x6a, 0xa0, 0x2d, 0x5e, 0xfd, 0x7f, 0xaf, 0x54, 0x85, 0x29, 0x54, 0xaa, 0xaa,
  0xaa, 0xaa, 0xaa, 0x95, 0x52, 0x2f, 0xf7, 0xaa, 0xaa, 0xf5, 0xb4, 0x02, 0xaa, 0xa5, 0x55, 0x55,
  0x56, 0xd5, 0xaa, 0xaa, 0xa8, 0x95, 0x5d, 0xff, 0x7f, 0x5a, 0xd0, 0x29, 0x55, 0x2a, 0xaa, 0x49,
  0xaa, 0xad, 0x55, 0x55, 0x54, 0x17, 0xf7, 0x54, 0xab, 0xef, 0x69, 0x05, 0x24, 0xa9, 0x25, 0x55,
  0x5a, 0xaa, 0xaa, 0xaa, 0xa9, 0x45, 0x5d, 0xfb, 0x5d, 0x5a, 0xa0, 0x2a, 0x92, 0xa5, 0x55, 0x54,
  0xaa, 0xaa, 0xd5, 0x2a, 0xb4, 0x02, 0xef, 0x5d, 0x57, 0x6b, 0x42, 0x49, 0x55, 0x55, 0x55, 0x55,
  0x55, 0x6b, 0x55, 0x55, 0x4b, 0x51, 0x35, 0xea, 0xfa, 0xac, 0x00, 0xaa, 0x54, 0x94, 0xaa, 0xaa,
  0xab, 0x55, 0x55, 0x49, 0x55, 0x48, 0x4a, 0xad, 0x04, 0x90, 0x0a, 0x49, 0x4a, 0xaa, 0xa5, 0x25,
  0xb5, 0x5a, 0xaa, 0xa5, 0x55, 0x55, 0x00, 0x00, 0x00, 0x00, 0x02, 0xa5, 0x29, 0x4a, 0x9a, 0xaa,
  0x55, 0x6b, 0x55, 0x2a, 0x55, 0x50, 0x01, 0x11, 0x20, 0x00, 0x01, 0x2a, 0xa5, 0x2a, 0xa5, 0x55,
  0xab, 0x55, 0x6a, 0xaa, 0x92, 0x20, 0x04, 0x04, 0x89, 0x00, 0x10, 0x94, 0x95, 0x55, 0x5a, 0xaa,
  0xad, 0x55, 0xaa, 0xa9, 0x55, 0x05, 0x40, 0x57, 0x60, 0x00, 0x40, 0x4a, 0x55, 0x55, 0x55, 0x55,
  0x55, 0x6d, 0x55, 0x55, 0x4a, 0x90, 0x80, 0x15, 0xba, 0x01, 0x10, 0x22, 0xa9, 0x55, 0x52, 0xaa,
  0xb5, 0xaa, 0xb6, 0xa4, 0xaa, 0xaa, 0x52, 0xbe, 0xd4, 0x40, 0x4a, 0x2a, 0x4a, 0x55, 0x55, 0x55,
  0xaa, 0xb6, 0xd5, 0x55, 0x25, 0x4a, 0xb0, 0xd5, 0xb6, 0x35, 0x51, 0x29, 0x55, 0x24, 0xaa, 0xa4,
  0x5b, 0x5b, 0x5a, 0xaa, 0xaa, 0xaa, 0xfd, 0x7f, 0x6b, 0x58, 0x54, 0x55, 0x22, 0x92, 0xaa, 0x95,
  0xad, 0x6a, 0xab, 0x54, 0x94, 0x55, 0x52, 0xab, 0xbd, 0xed, 0x2a, 0x88, 0x94, 0x4a, 0xaa, 0xaa,
  0xb5, 0xad, 0xb5, 0x52, 0xaa, 0xbe, 0xda, 0xfd, 0xd6, 0x54, 0xaa, 0x12, 0x52, 0xa9, 0x55, 0x55,
  0xaa, 0xd6, 0xdb, 0x5a, 0x49, 0x6f, 0x6b, 0xb6, 0xbb, 0xb5, 0x5d, 0x45, 0x09, 0x15, 0x2a, 0xaa,
  0xb6, 0xba, 0xad, 0x65, 0x55, 0x7d, 0xaa, 0xff, 0xed, 0x6a, 0xf7, 0x10, 0xa4, 0x42, 0xaa, 0xaa,
  0x5b, 0x6b, 0x6a, 0xaa, 0xa2, 0xb7, 0xd7, 0xad, 0x77, 0xab, 0xbd, 0x82, 0x11, 0x2a, 0xaa, 0xaa,
  0xd5, 0xad, 0xb6, 0xaa, 0x95, 0x7f, 0xeb, 0xff, 0xdd, 0x6f, 0xfe, 0xa0, 0x84, 0x49, 0x55, 0x55,
  0x5d, 0x76, 0xdb, 0x6a, 0x54, 0xff, 0x5d, 0xfb, 0xf7, 0xb6, 0xf5, 0x4a, 0x21, 0x14, 0xaa, 0xaa,
  0xab, 0xab, 0x55, 0xad, 0x53, 0xb7, 0xf7, 0x6f, 0x7d, 0xdb, 0xdf, 0x80, 0x48, 0x42, 0xaa, 0xaa,
  0xb6, 0xdd, 0x6d, 0x55, 0x48, 0xfe, 0xb7, 0xff, 0xde, 0xaf, 0x7d, 0x44, 0x05, 0x15, 0x2a, 0xab,
  0x5b, 0x77, 0xb6, 0xda, 0xab, 0xdf, 0xad, 0xbb, 0x77, 0xea, 0xfb, 0x51, 0x50, 0x49, 0x55, 0x54,
  0xad, 0xba, 0xdb, 0x6a, 0xaa, 0xfd, 0x56, 0xef, 0xfd, 0x55, 0xfe, 0x80, 0x05, 0x24, 0xaa, 0xab,
  0x56, 0xd7, 0x6d, 0xaa, 0xa5, 0x77, 0xbf, 0xfe, 0xdf, 0xfb, 0xed, 0xc4, 0x90, 0x12, 0xaa, 0xb5,
  0xb5, 0xbb, 0xb6, 0xb6, 0xaa, 0xde, 0xff, 0xb7, 0xf7, 0xec, 0xbe, 0x80, 0x02, 0x89, 0x2a, 0xaa,
  0x56, 0xdd, 0x5b, 0x6a, 0xa9, 0xff, 0xfb, 0xfb, 0x7d, 0xbf, 0xf5, 0x49, 0x28, 0x54, 0xaa, 0xaa,
  0xab, 0x6e, 0xed, 0xb6, 0xaa, 0xb5, 0xef, 0xfd, 0xdf, 0xff, 0x5f, 0x00, 0x02, 0x02, 0xaa, 0xaa,
  0x55, 0xb7, 0x6a, 0xda, 0xaa, 0xdf, 0xfe, 0xde, 0xff, 0xfd, 0xea, 0x89, 0x20, 0xaa, 0x95, 0x55,
  0x56, 0xda, 0xdf, 0x6b, 0x55, 0x37, 0xbf, 0xfb, 0x77, 0x6f, 0xad, 0x00, 0x0a, 0x11, 0x55, 0x6a,
  0x55, 0x6f, 0x6a, 0xb5, 0x52, 0xad, 0xfb, 0xff, 0x7f, 0xfe, 0xe0, 0x10, 0x80, 0xa4, 0xaa, 0xab,
  0x2a, 0xb5, 0x55, 0xad, 0xaa, 0x4f, 0xff, 0x6d, 0x7d, 0xb7, 0xd2, 0x02, 0x24, 0x12, 0x4a, 0xaa,
  0x95, 0x55, 0xb6, 0xb5, 0x55, 0x2f, 0xbf, 0xff, 0xf7, 0xfd, 0xb0, 0x00, 0x01, 0x49, 0x55, 0x55,
  0x42, 0xaa, 0x4a, 0x95, 0x20, 0x96, 0xf7, 0xb6, 0xdf, 0x6f, 0xe8, 0x48, 0x10, 0x24, 0x95, 0x55,
  0x14, 0x55, 0x6a, 0xd5, 0xaa, 0x5f, 0xfe, 0xff, 0xfd, 0xfe, 0xd0, 0x00, 0x82, 0x82, 0x42, 0x48
};
// Author :- Ashish ( ashish_y_794 )
// Website : https://www.oledanimationmaker.com/

const uint8_t PROGMEM frame54[1024] = {
  0x55, 0xee, 0xf7, 0x7c, 0x00, 0x00, 0x03, 0xbf, 0xee, 0x80, 0x00, 0x00, 0x04, 0x97, 0xfd, 0xd2,
  0x48, 0x95, 0x4a, 0xa0, 0x10, 0x01, 0x26, 0xaa, 0xa3, 0x10, 0x00, 0x00, 0x0a, 0x57, 0x56, 0xc9,
  0xaa, 0x55, 0x29, 0x4a, 0x42, 0x48, 0x0b, 0x1f, 0xd5, 0x82, 0x40, 0x01, 0x01, 0x4f, 0xb7, 0xaa,
  0x55, 0x52, 0xaa, 0x94, 0x00, 0x00, 0x85, 0x2a, 0xa3, 0x20, 0x09, 0x10, 0x14, 0xa0, 0x48, 0x49,
  0x4a, 0xaa, 0x54, 0x28, 0x10, 0x12, 0x23, 0x3d, 0xf6, 0x08, 0x80, 0x00, 0x22, 0x16, 0xa5, 0x54,
  0x52, 0x49, 0x4a, 0xaa, 0x42, 0x40, 0x09, 0xd7, 0x5a, 0x82, 0x00, 0x02, 0x98, 0xa9, 0x2a, 0x92,
  0xaa, 0xaa, 0xa0, 0xaa, 0x00, 0x00, 0x80, 0xba, 0xe8, 0x20, 0x08, 0x00, 0xa5, 0x04, 0xa4, 0x4a,
  0x4a, 0xaa, 0xab, 0x55, 0xa8, 0x84, 0x12, 0x4a, 0xa2, 0x04, 0x20, 0x92, 0x54, 0x92, 0x93, 0x55,
  0x54, 0x95, 0x25, 0x54, 0xa0, 0x10, 0x40, 0x14, 0x40, 0x40, 0x80, 0x01, 0x25, 0x45, 0x54, 0xa4,
  0x52, 0xaa, 0x95, 0x55, 0x44, 0x01, 0x15, 0x01, 0x09, 0x58, 0x00, 0x02, 0x95, 0x50, 0x4a, 0x12,
  0xaa, 0xa9, 0x55, 0x55, 0x50, 0x80, 0xba, 0xa8, 0x26, 0xed, 0x02, 0x00, 0xa4, 0xaa, 0xa5, 0x55,
  0x55, 0x54, 0x55, 0x55, 0x40, 0x12, 0xef, 0x52, 0x5b, 0xb6, 0x48, 0x02, 0x92, 0x48, 0x12, 0xa9,
  0xaa, 0xaa, 0xaa, 0xaa, 0xa2, 0x03, 0x7b, 0xed, 0xbe, 0xfb, 0x00, 0x10, 0x55, 0x2b, 0x49, 0x24,
  0x55, 0x52, 0xaa, 0xaa, 0x88, 0x4a, 0xde, 0xfe, 0xeb, 0xad, 0xd0, 0x01, 0x54, 0xa9, 0x14, 0x95,
  0xaa, 0xaa, 0xaa, 0xaa, 0xa0, 0x06, 0xab, 0xb7, 0xff, 0xf2, 0x40, 0x40, 0x92, 0xa5, 0x42, 0xaa,
  0x55, 0x4a, 0xaa, 0xaa, 0x81, 0x1a, 0x97, 0xfd, 0xb6, 0xa9, 0x71, 0x01, 0x4a, 0x94, 0xa9, 0x52,
  0xa5, 0x2a, 0xaa, 0xaa, 0xa8, 0x16, 0x4a, 0xd7, 0xff, 0xc0, 0x28, 0x00, 0xa9, 0x52, 0xa0, 0x8a,
  0x55, 0x55, 0x55, 0x55, 0x40, 0x5d, 0x17, 0xfe, 0xaa, 0xaa, 0xa8, 0x02, 0x54, 0x95, 0x2a, 0x69,
  0xaa, 0x55, 0x55, 0x55, 0x41, 0x2e, 0x42, 0xbb, 0xff, 0xc0, 0x54, 0x00, 0x8a, 0xaa, 0xa9, 0x15,
  0x55, 0x55, 0x55, 0x55, 0x48, 0x34, 0x2b, 0xef, 0x6d, 0x54, 0x6a, 0x01, 0x52, 0x49, 0x24, 0x4a,
  0xa9, 0x55, 0x5a, 0xaa, 0xa0, 0x5e, 0x82, 0xfd, 0xfb, 0x81, 0x38, 0x00, 0xaa, 0xa4, 0xab, 0x29,
  0x55, 0x55, 0x65, 0x55, 0x41, 0x36, 0x2b, 0xaf, 0x5e, 0xd0, 0x56, 0x12, 0x49, 0x55, 0x54, 0x8a,
  0xa5, 0x55, 0x5a, 0xda, 0xa4, 0x5a, 0x85, 0xf5, 0xeb, 0x4a, 0x59, 0x01, 0x2a, 0x95, 0x25, 0x52,
  0x55, 0x55, 0x55, 0x55, 0x40, 0x5e, 0x26, 0xbe, 0xbf, 0xa0, 0xac, 0x01, 0x54, 0xa9, 0x55, 0x45,
  0x8a, 0xaa, 0xaa, 0xaa, 0xa1, 0x37, 0x97, 0xeb, 0x6a, 0xea, 0xd4, 0x12, 0xa5, 0x4a, 0xa9, 0x28,
  0x55, 0x56, 0xaa, 0xaa, 0xa8, 0x5a, 0xd5, 0x7d, 0x5f, 0x55, 0x74, 0x81, 0x2a, 0x54, 0x95, 0x52,
  0x55, 0x5a, 0xd5, 0x55, 0x50, 0x2f, 0x7f, 0xd5, 0xb5, 0xed, 0xaa, 0x0a, 0x92, 0xa5, 0x55, 0x55,
  0x55, 0xaa, 0xaa, 0xaa, 0xa5, 0x1b, 0xd5, 0xbe, 0xbf, 0x5b, 0x58, 0x22, 0x55, 0x2a, 0xa4, 0xa0,
  0x56, 0xaa, 0xad, 0x55, 0xb0, 0x4d, 0x7f, 0xea, 0xd5, 0xf6, 0xe0, 0x09, 0x54, 0xa9, 0x2a, 0x9a,
  0x55, 0x55, 0x55, 0x55, 0x54, 0x17, 0xaa, 0xbd, 0x7e, 0xad, 0xa9, 0x25, 0x4a, 0x95, 0x55, 0x54,
  0xaa, 0xaa, 0xaa, 0xaa, 0xaa, 0x82, 0xff, 0xed, 0x2b, 0xf6, 0xa0, 0x15, 0x29, 0x52, 0xaa, 0xa5,
  0x55, 0x5b, 0x6a, 0x95, 0x55, 0x12, 0xab, 0x75, 0xbd, 0x5b, 0x44, 0xa9, 0x55, 0x2a, 0x52, 0xaa,
  0xaa, 0xaa, 0xaa, 0xaa, 0xaa, 0x81, 0x7d, 0xbd, 0x57, 0x55, 0x00, 0x4a, 0x92, 0xa9, 0x4a, 0x95,
  0x55, 0x55, 0x55, 0x52, 0x55, 0x54, 0x16, 0xd5, 0x54, 0xa4, 0x0a, 0xa4, 0xa9, 0x4a, 0xb5, 0x54,
  0xab, 0x6a, 0xb5, 0x29, 0x4a, 0xa9, 0x00, 0x44, 0x00, 0x00, 0x02, 0x55, 0x25, 0x2a, 0x95, 0x55,
  0x55, 0x56, 0xd5, 0x55, 0x2a, 0xa4, 0x01, 0x00, 0x82, 0x00, 0x09, 0x49, 0x55, 0x55, 0x55, 0x54,
  0xb5, 0x5a, 0xaa, 0xa5, 0x54, 0x50, 0x88, 0x12, 0x50, 0x00, 0x02, 0x55, 0x2a, 0xaa, 0xaa, 0xaa,
  0x56, 0xaa, 0xaa, 0xaa, 0xa5, 0x02, 0x20, 0x0b, 0x40, 0x00, 0x00, 0x92, 0xa4, 0xaa, 0xaa, 0x4a,
  0xaa, 0xd6, 0xda, 0xa9, 0x2a, 0xc8, 0x80, 0xad, 0xba, 0x40, 0xa0, 0x49, 0x2a, 0xaa, 0xaa, 0xaa,
  0x55, 0x5a, 0xab, 0x55, 0x55, 0x25, 0x40, 0x2b, 0x68, 0x02, 0x54, 0x25, 0x52, 0x95, 0x55, 0x55,
  0xb6, 0xab, 0x6d, 0x54, 0xa5, 0x54, 0xba, 0xde, 0xd6, 0x28, 0x91, 0x54, 0x94, 0xaa, 0xaa, 0xaa,
  0xaa, 0xed, 0x55, 0x52, 0x92, 0xaa, 0xb9, 0x77, 0x7b, 0x72, 0x54, 0x52, 0x4a, 0x49, 0x55, 0x55,
  0x56, 0xaa, 0xda, 0xda, 0xaa, 0x55, 0x6c, 0xbb, 0xad, 0x69, 0x52, 0x2a, 0xa5, 0x25, 0x55, 0x52,
  0xba, 0xb7, 0x6b, 0x55, 0x29, 0x5f, 0x55, 0xdd, 0xd6, 0xb4, 0xaa, 0x04, 0x50, 0x95, 0x55, 0x4d,
  0xab, 0x5a, 0xad, 0x54, 0xa5, 0x37, 0xea, 0xf6, 0xbb, 0xda, 0xba, 0xa2, 0x8a, 0x55, 0x55, 0x52,
  0x55, 0xad, 0xb5, 0xaa, 0x94, 0xde, 0xab, 0xbf, 0xed, 0x52, 0xed, 0x08, 0x21, 0x24, 0xaa, 0xad,
  0xad, 0x76, 0xd6, 0xaa, 0xaa, 0x7f, 0xd6, 0xed, 0x76, 0xdf, 0xfe, 0x85, 0x14, 0x92, 0xaa, 0xaa,
  0x75, 0xaa, 0xba, 0xd5, 0x49, 0x6f, 0xfb, 0xff, 0xdf, 0x6b, 0xb5, 0x20, 0x82, 0x4a, 0xaa, 0xaa,
  0x96, 0xdd, 0xd7, 0x5a, 0xa5, 0x7d, 0x56, 0xdb, 0xfb, 0xae, 0xfe, 0x88, 0x50, 0x2a, 0xaa, 0xaa,
  0x6b, 0x6b, 0x59, 0x6a, 0xaa, 0xdf, 0xfb, 0xff, 0x6e, 0xdb, 0xf5, 0x82, 0x05, 0x49, 0x55, 0x55,
  0x5d, 0xbd, 0xae, 0xad, 0x54, 0xbf, 0x57, 0x7d, 0xfb, 0x6f, 0xfe, 0x90, 0x90, 0x25, 0x55, 0x55,
  0x55, 0x6b, 0x75, 0xd5, 0x4a, 0xfb, 0xdb, 0xef, 0xbf, 0xaa, 0xdb, 0x02, 0x25, 0x15, 0x55, 0x55,
  0x2b, 0xbd, 0xdb, 0x6d, 0x52, 0xbf, 0x56, 0xfb, 0xed, 0x75, 0xfd, 0x48, 0x80, 0xa4, 0xaa, 0xaa,
  0x55, 0x6b, 0x6d, 0xb5, 0x55, 0x7d, 0xbf, 0xaf, 0x7f, 0xdb, 0xed, 0x80, 0x14, 0x12, 0xaa, 0xaa,
  0x2a, 0xdd, 0xb6, 0xad, 0xaa, 0xef, 0xff, 0xfd, 0xed, 0xfd, 0x7a, 0x04, 0x81, 0x4a, 0xaa, 0xaa,
  0x55, 0x6f, 0xdb, 0x76, 0xa9, 0x7a, 0xfb, 0xf7, 0xbf, 0xff, 0xb7, 0x20, 0x24, 0x29, 0x2a, 0xaa,
  0x16, 0xb5, 0x6d, 0xaa, 0xaa, 0xaf, 0xef, 0x7d, 0xff, 0xee, 0xdd, 0x04, 0x82, 0x85, 0x55, 0x55,
  0x53, 0xde, 0xdb, 0x76, 0xaa, 0xbb, 0xff, 0xfe, 0xbe, 0xfb, 0xea, 0x10, 0x10, 0x54, 0xaa, 0xaa,
  0x14, 0xab, 0x6d, 0xab, 0x55, 0x4f, 0xbd, 0xdb, 0x77, 0xbf, 0x54, 0x01, 0x05, 0x12, 0xaa, 0xad,
  0x4a, 0xb5, 0xb6, 0xdd, 0x6a, 0x53, 0xff, 0xff, 0x7f, 0xef, 0xc0, 0x40, 0x48, 0xa5, 0x55, 0x54,
  0x25, 0x56, 0xaa, 0xaa, 0xa9, 0x2f, 0x77, 0x76, 0xfd, 0xbd, 0x61, 0x08, 0x02, 0x12, 0x55, 0xaa,
  0x12, 0xaa, 0xaa, 0xaa, 0xa4, 0x8b, 0xff, 0xff, 0xef, 0xff, 0xd0, 0x01, 0x20, 0x89, 0x55, 0x55,
  0x48, 0x25, 0x55, 0x55, 0x52, 0x57, 0xff, 0xdb, 0x7d, 0xdb, 0x60, 0x00, 0x04, 0x52, 0x09, 0x28,
  0x15, 0xb5, 0x6d, 0xab, 0x54, 0x8f, 0xb6, 0xfe, 0xf7, 0x7f, 0xd2, 0x10, 0x4a, 0xaa, 0xea, 0xd5
};
// Author :- Ashish ( ashish_y_794 )
// Website : https://www.oledanimationmaker.com/

const uint8_t PROGMEM frame55[1024] = {
  0x55, 0xef, 0x77, 0x7c, 0x00, 0x00, 0x00, 0xff, 0xfa, 0x00, 0x00, 0x00, 0x14, 0xaf, 0xfd, 0xd2,
  0x48, 0x95, 0x55, 0xa4, 0x08, 0x84, 0x4b, 0x55, 0x56, 0x48, 0x00, 0x00, 0x12, 0x97, 0x56, 0xc9,
  0xaa, 0xa9, 0x4a, 0x55, 0x20, 0x10, 0x01, 0xef, 0xef, 0x01, 0x22, 0x00, 0x4a, 0x4b, 0xb7, 0xaa,
  0x55, 0x55, 0x29, 0x4a, 0x02, 0x01, 0x26, 0x9a, 0xa5, 0x24, 0x00, 0x24, 0x25, 0x2a, 0x48, 0x49,
  0x49, 0x24, 0xaa, 0xa8, 0x10, 0x44, 0x03, 0x2f, 0xd3, 0x00, 0x08, 0x00, 0x10, 0xa5, 0x25, 0x54,
  0x55, 0x55, 0x55, 0x23, 0x02, 0x00, 0x4a, 0x95, 0x65, 0x48, 0x80, 0x01, 0x0a, 0x92, 0xaa, 0xa5,
  0xa5, 0x55, 0x4a, 0x95, 0x20, 0x21, 0x03, 0x5f, 0xb6, 0x00, 0x00, 0x84, 0x61, 0x54, 0x94, 0x92,
  0x54, 0x92, 0xa9, 0x2a, 0x08, 0x84, 0x21, 0xb5, 0x6c, 0x92, 0x22, 0x01, 0x14, 0x4a, 0x52, 0x55,
  0x4a, 0xaa, 0x54, 0x55, 0x80, 0x00, 0x08, 0xdb, 0xb0, 0x00, 0x00, 0x0a, 0xa9, 0x29, 0x4a, 0xa4,
  0xaa, 0xaa, 0xaa, 0xaa, 0x69, 0x10, 0x82, 0x14, 0xa2, 0x48, 0x80, 0x04, 0xa4, 0x15, 0x29, 0x2a,
  0x55, 0x55, 0x41, 0x55, 0x50, 0x02, 0x28, 0x12, 0x40, 0x20, 0x08, 0x22, 0x55, 0x84, 0xa5, 0x49,
  0x49, 0x2a, 0xad, 0x55, 0x54, 0x40, 0x15, 0x41, 0x0b, 0xd4, 0x20, 0x05, 0x24, 0xa2, 0x94, 0xa4,
  0xaa, 0xa9, 0x55, 0x55, 0x50, 0x09, 0x76, 0x94, 0x25, 0x7a, 0x80, 0x81, 0x55, 0x52, 0x52, 0x95,
  0x55, 0x55, 0x2a, 0xaa, 0xa2, 0x20, 0xdf, 0xe9, 0x5f, 0xd6, 0x00, 0x04, 0x92, 0xa8, 0xaa, 0x54,
  0xaa, 0xaa, 0xaa, 0xaa, 0xa8, 0x03, 0x75, 0x7e, 0xfb, 0x7b, 0x40, 0x02, 0xa9, 0x2a, 0x25, 0x4a,
  0x55, 0x54, 0xaa, 0xaa, 0xa0, 0x89, 0xbf, 0xd7, 0xbf, 0xd5, 0x48, 0x02, 0x4a, 0x95, 0x14, 0xa9,
  0xaa, 0xaa, 0xaa, 0xaa, 0xa8, 0x06, 0x8b, 0x7d, 0xed, 0x64, 0xa1, 0x09, 0x54, 0xa4, 0x92, 0x95,
  0x55, 0x55, 0x55, 0x55, 0x51, 0x2b, 0x55, 0xff, 0xbf, 0xa2, 0xd0, 0x02, 0x92, 0x92, 0x8a, 0x54,
  0xaa, 0xa5, 0x55, 0x55, 0x40, 0x0e, 0x07, 0xd6, 0xf5, 0xa8, 0x50, 0x01, 0x55, 0x55, 0x45, 0x52,
  0x55, 0x55, 0x55, 0x5a, 0xb4, 0x17, 0x51, 0x7f, 0xde, 0xc1, 0x50, 0x04, 0x94, 0xaa, 0x51, 0x4a,
  0xaa, 0x95, 0x55, 0xaa, 0xc0, 0xad, 0x0b, 0xf6, 0xfb, 0x88, 0x6a, 0x12, 0x52, 0x92, 0xa9, 0x2a,
  0x55, 0x55, 0x56, 0x55, 0x50, 0x1e, 0x42, 0xdf, 0x6e, 0xa2, 0xb4, 0x01, 0x4a, 0x55, 0x54, 0xa9,
  0xaa, 0x55, 0x59, 0xaa, 0xa4, 0x57, 0x2b, 0x75, 0xdb, 0x88, 0x50, 0x02, 0xaa, 0xa9, 0x24, 0x95,
  0x55, 0x55, 0x66, 0xab, 0x50, 0x2d, 0x02, 0xff, 0x7e, 0xc1, 0x6c, 0x05, 0x29, 0x4a, 0xaa, 0x52,
  0xa9, 0x55, 0xaa, 0xb5, 0x52, 0x2f, 0x55, 0xd5, 0xd7, 0x54, 0xb4, 0x22, 0xa5, 0x2a, 0xa9, 0x2a,
  0x55, 0x56, 0xaa, 0xaa, 0xa8, 0x9a, 0x8b, 0xbe, 0x7b, 0xa2, 0xd0, 0x84, 0x95, 0x54, 0x95, 0x12,
  0xaa, 0xaa, 0xad, 0x55, 0x50, 0x2f, 0xee, 0xeb, 0xae, 0xdb, 0x5a, 0x05, 0x55, 0x52, 0xaa, 0xc9,
  0x45, 0x55, 0x55, 0x55, 0x6a, 0x15, 0x77, 0xbd, 0x5b, 0x6d, 0xb0, 0x14, 0xa9, 0x2a, 0xa5, 0x24,
  0x55, 0x6a, 0xaa, 0xaa, 0xa8, 0x8f, 0xbd, 0xf6, 0xbd, 0xf6, 0xd0, 0x4a, 0x95, 0x4a, 0xaa, 0x92,
  0x2a, 0xad, 0x6b, 0x55, 0x54, 0x25, 0xd7, 0x5b, 0x6f, 0x5b, 0x62, 0x12, 0x52, 0xa9, 0x55, 0x49,
  0x95, 0x55, 0xad, 0x55, 0x56, 0x85, 0x7d, 0xfd, 0x5b, 0xb6, 0x90, 0x4a, 0xaa, 0x55, 0x2a, 0x50,
  0x55, 0x55, 0x55, 0x55, 0x5a, 0x12, 0xd7, 0x6a, 0xbd, 0x6d, 0xa1, 0x29, 0x49, 0x4a, 0xa9, 0x55,
  0x2a, 0xaa, 0xaa, 0xaa, 0xa5, 0x81, 0x7d, 0xdd, 0x57, 0xb6, 0x00, 0xa5, 0x2a, 0xaa, 0xaa, 0xa0,
  0x55, 0x6d, 0x55, 0x52, 0xaa, 0xa8, 0x97, 0x76, 0xea, 0xa8, 0x8a, 0x55, 0x55, 0x55, 0x55, 0x5a,
  0x15, 0xaa, 0xda, 0xaa, 0x55, 0x54, 0x29, 0x55, 0x14, 0x40, 0x12, 0x94, 0xa4, 0xaa, 0xaa, 0xa4,
  0x2a, 0xab, 0x55, 0x4a, 0xaa, 0xaa, 0x80, 0x00, 0x00, 0x00, 0x09, 0x52, 0x95, 0x55, 0x55, 0x50,
  0x55, 0x55, 0x56, 0xa9, 0x49, 0x50, 0x00, 0x11, 0x20, 0x00, 0x05, 0x2a, 0x55, 0x4a, 0xaa, 0xad,
  0x2d, 0x6d, 0x6a, 0xaa, 0xaa, 0x09, 0x01, 0x05, 0x42, 0x00, 0x00, 0xa5, 0x55, 0x55, 0x55, 0x52,
  0x55, 0xaa, 0xb5, 0x55, 0x2a, 0xc0, 0x50, 0x56, 0xd0, 0x01, 0x42, 0x52, 0xaa, 0xaa, 0xa4, 0xa8,
  0xaa, 0xad, 0xad, 0xaa, 0xa5, 0x6a, 0xa0, 0x2d, 0xb8, 0x84, 0x50, 0x8a, 0x49, 0x55, 0x55, 0x55,
  0x55, 0x55, 0x55, 0x55, 0x54, 0x95, 0x2a, 0xb7, 0x6c, 0x21, 0x44, 0xa9, 0x25, 0x2a, 0xaa, 0xaa,
  0xad, 0xb6, 0xed, 0xb4, 0x92, 0xa4, 0xb8, 0xad, 0xd6, 0xd4, 0xa8, 0xa5, 0x54, 0xaa, 0xaa, 0xa4,
  0x56, 0xdb, 0x56, 0xaa, 0xaa, 0xab, 0x6e, 0xff, 0x7b, 0x72, 0x52, 0x54, 0x92, 0x95, 0x55, 0x55,
  0xaa, 0xaa, 0xb5, 0x6a, 0xa4, 0x9f, 0x55, 0x55, 0xad, 0x59, 0x54, 0x09, 0x49, 0x55, 0x55, 0x55,
  0x5a, 0xad, 0xdb, 0x55, 0x55, 0x57, 0xf5, 0x7f, 0x75, 0xd5, 0x6a, 0xa4, 0x24, 0x25, 0x55, 0x54,
  0x55, 0xb6, 0xad, 0xb6, 0x92, 0x5d, 0xab, 0xed, 0xde, 0xaa, 0xfa, 0x09, 0x49, 0x95, 0x55, 0x55,
  0x56, 0xdb, 0x75, 0x55, 0x55, 0x7f, 0xea, 0xbf, 0x6b, 0x6f, 0xed, 0x20, 0x22, 0x55, 0x55, 0x55,
  0x55, 0x6d, 0xad, 0xb5, 0x49, 0x2f, 0xbb, 0xfb, 0xfd, 0xb7, 0xba, 0x05, 0x09, 0x2a, 0xaa, 0xaa,
  0x2b, 0x56, 0xb6, 0xd5, 0x55, 0x7b, 0xed, 0xef, 0xb7, 0x5d, 0xfd, 0x10, 0xa0, 0xa5, 0x55, 0x55,
  0x95, 0xbb, 0x6b, 0x6d, 0x54, 0xaf, 0x7b, 0xbe, 0xfd, 0xef, 0xea, 0x44, 0x0a, 0x55, 0x55, 0x55,
  0x2a, 0xd5, 0xdd, 0x56, 0xaa, 0xbf, 0xd6, 0xff, 0xdf, 0x56, 0xfd, 0x01, 0x41, 0x15, 0x55, 0x54,
  0x45, 0x7e, 0xeb, 0xba, 0xd5, 0x7e, 0xd7, 0xf7, 0xf6, 0xdb, 0xee, 0x24, 0x14, 0xa5, 0x56, 0xab,
  0x15, 0xab, 0x5d, 0x6b, 0x52, 0x5b, 0xad, 0xbd, 0x7f, 0x6b, 0xf5, 0x01, 0x21, 0x2a, 0xaa, 0xa9,
  0xa5, 0x5d, 0xf6, 0xd5, 0x55, 0x7f, 0xff, 0xef, 0xdb, 0xfa, 0xde, 0x48, 0x08, 0x95, 0x55, 0x55,
  0x0a, 0xab, 0x5b, 0x6e, 0xaa, 0xae, 0xff, 0xfb, 0xff, 0xff, 0xf4, 0x02, 0xa2, 0x49, 0x55, 0x6a,
  0x45, 0x76, 0xed, 0xbb, 0x6a, 0xbb, 0xb6, 0xfe, 0xbf, 0xb6, 0xba, 0x48, 0x09, 0x2a, 0xaa, 0xaa,
  0x52, 0xad, 0xb6, 0xd5, 0xaa, 0x5f, 0xff, 0xdb, 0xee, 0xff, 0xac, 0x00, 0x42, 0x55, 0x5b, 0x52,
  0x09, 0x57, 0xdd, 0xba, 0xaa, 0xaa, 0xff, 0xfe, 0xbf, 0xfb, 0x51, 0x04, 0x11, 0x12, 0xaa, 0xaa,
  0xa5, 0x5a, 0xb6, 0xd7, 0x6a, 0xa7, 0xf6, 0xfe, 0xfe, 0xdf, 0xc8, 0x21, 0x08, 0xaa, 0xaa, 0xaa,
  0x22, 0xaa, 0xd5, 0x5a, 0xaa, 0x53, 0xbf, 0xdb, 0x7b, 0xfa, 0xa0, 0x00, 0x45, 0x12, 0xaa, 0xa9,
  0x88, 0x55, 0x5a, 0xaa, 0xa9, 0x2b, 0xff, 0xff, 0xff, 0xbf, 0xc1, 0x08, 0x10, 0xaa, 0xaa, 0xd5,
  0x42, 0x8a, 0xa5, 0x55, 0x54, 0x87, 0xfb, 0x76, 0xee, 0xf7, 0x40, 0x21, 0x04, 0x04, 0x55, 0x22,
  0x29, 0x55, 0x5b, 0x6a, 0xd5, 0x2b, 0x6f, 0xff, 0xbf, 0xfd, 0xe4, 0x00, 0x52, 0xd2, 0xaa, 0x95,
  0x92, 0xaa, 0xd5, 0xb7, 0x6a, 0x97, 0xff, 0xda, 0xfb, 0x5f, 0x40, 0x05, 0x2a, 0xad, 0x55, 0x62
};
// Author :- Ashish ( ashish_y_794 )
// Website : https://www.oledanimationmaker.com/

const uint8_t PROGMEM frame56[1024] = {
  0x55, 0xfe, 0xf7, 0x7c, 0x00, 0x00, 0x00, 0x7f, 0xf4, 0x00, 0x00, 0x00, 0x15, 0x2f, 0xfe, 0xd2,
  0xa4, 0x43, 0x4a, 0xca, 0x11, 0x22, 0x4a, 0xaa, 0xad, 0x49, 0x00, 0x00, 0x52, 0xa7, 0x55, 0xca,
  0x55, 0x54, 0xaa, 0x55, 0x04, 0x00, 0x01, 0xf7, 0xfa, 0x00, 0x24, 0x44, 0x29, 0x2d, 0xb6, 0xd4,
  0x4a, 0xaa, 0x95, 0x55, 0x20, 0x49, 0x25, 0x5d, 0x57, 0x24, 0x00, 0x00, 0x14, 0xa5, 0x4a, 0x92,
  0x55, 0x2a, 0x55, 0x48, 0x02, 0x00, 0x03, 0xaf, 0xcb, 0x01, 0x01, 0x08, 0xa5, 0x52, 0x52, 0x4a,
  0xa9, 0x52, 0xa9, 0x2a, 0x90, 0x11, 0x2a, 0x95, 0x65, 0x24, 0x24, 0x00, 0x12, 0x4a, 0xa9, 0x55,
  0x4a, 0xaa, 0xa5, 0x52, 0x82, 0x40, 0x03, 0x1f, 0xaa, 0x80, 0x00, 0x00, 0x89, 0x29, 0x25, 0x52,
  0x55, 0x4a, 0xaa, 0xa5, 0x08, 0x04, 0x91, 0xaa, 0xf6, 0x11, 0x00, 0x24, 0x52, 0xa5, 0x55, 0x29,
  0xa9, 0x2a, 0x95, 0x15, 0x40, 0x80, 0x04, 0xfd, 0xa8, 0x84, 0x20, 0x82, 0xa0, 0x95, 0x29, 0x4a,
  0x4a, 0xaa, 0x54, 0xaa, 0xa4, 0x12, 0x41, 0x2b, 0x6a, 0x10, 0x04, 0x0a, 0xaa, 0x54, 0xa5, 0x29,
  0x55, 0x55, 0x54, 0xaa, 0x90, 0x40, 0x10, 0x14, 0x80, 0x40, 0x80, 0x04, 0x94, 0x25, 0x54, 0xa4,
  0xaa, 0xaa, 0xaa, 0xaa, 0xad, 0x01, 0x0a, 0x82, 0x52, 0x24, 0x00, 0x12, 0x55, 0x92, 0x92, 0x95,
  0x55, 0x55, 0x52, 0xaa, 0xb0, 0x08, 0x6a, 0x28, 0x05, 0xd8, 0x24, 0x45, 0x4a, 0x4a, 0x4a, 0xaa,
  0xa9, 0x52, 0xa5, 0x55, 0x48, 0x21, 0x3f, 0xc2, 0xae, 0xf6, 0x80, 0x02, 0xa9, 0x41, 0x54, 0xa5,
  0x55, 0x55, 0x55, 0x55, 0x69, 0x01, 0xeb, 0x7c, 0xbb, 0xad, 0x00, 0x09, 0x25, 0x59, 0x2a, 0x94,
  0xaa, 0xaa, 0x95, 0x55, 0x50, 0x0a, 0xbf, 0xf7, 0xff, 0xf6, 0x88, 0x05, 0x55, 0x24, 0xa4, 0xaa,
  0x55, 0x55, 0x56, 0xaa, 0xa8, 0x82, 0xaa, 0xdf, 0x6d, 0x54, 0xc0, 0x82, 0x49, 0x54, 0x2a, 0xa5,
  0xaa, 0xaa, 0x59, 0x55, 0x52, 0x2b, 0x57, 0xfb, 0xff, 0xd2, 0xa0, 0x09, 0x55, 0x2a, 0x92, 0x54,
  0x55, 0x55, 0xaa, 0xaa, 0xa8, 0x06, 0x85, 0xbf, 0x6a, 0xa1, 0x52, 0x02, 0xaa, 0xa5, 0x0a, 0xaa,
  0xaa, 0xaa, 0x55, 0xb6, 0xa0, 0x17, 0x2a, 0xed, 0xff, 0x88, 0xa0, 0x05, 0x24, 0x94, 0xc9, 0x49,
  0x55, 0x52, 0xaa, 0xaa, 0xb2, 0x4d, 0x43, 0xff, 0xad, 0xa2, 0xd8, 0x12, 0x95, 0x55, 0x25, 0x2a,
  0xaa, 0xaa, 0xd5, 0x55, 0x50, 0x1f, 0x11, 0x5a, 0xfb, 0x48, 0x60, 0x01, 0x52, 0xaa, 0xa2, 0xa5,
  0x55, 0x4b, 0x56, 0xaa, 0xa9, 0x2b, 0x4b, 0xff, 0xbf, 0x42, 0xb9, 0x05, 0x55, 0x24, 0xa9, 0x54,
  0xaa, 0xac, 0xaa, 0xab, 0x50, 0x1d, 0x12, 0xd5, 0xea, 0xa8, 0xd4, 0x0a, 0x4a, 0xaa, 0xa8, 0x95,
  0xaa, 0x55, 0x55, 0x6d, 0x54, 0x4b, 0x85, 0xfe, 0xbf, 0x81, 0x50, 0x22, 0xa9, 0x55, 0x55, 0x52,
  0x55, 0x55, 0xaa, 0xaa, 0xa8, 0x1e, 0xab, 0x57, 0x6a, 0xea, 0xb8, 0x05, 0x55, 0x24, 0x94, 0x4a,
  0xaa, 0xaa, 0xb6, 0xaa, 0xb2, 0x57, 0xd5, 0xfa, 0xbf, 0x52, 0xd2, 0x14, 0x94, 0xaa, 0xab, 0x29,
  0x55, 0x55, 0x55, 0x55, 0x54, 0x0a, 0xdf, 0x6d, 0xab, 0xdd, 0xa8, 0x8a, 0xaa, 0xaa, 0xa9, 0x24,
  0x49, 0x6d, 0xaa, 0xd5, 0xa9, 0x2f, 0x75, 0xfa, 0xfd, 0x6b, 0x60, 0x25, 0x52, 0xa5, 0x55, 0x4a,
  0x55, 0x55, 0x55, 0x55, 0x54, 0x05, 0xdf, 0xaf, 0x57, 0xbd, 0xa9, 0x14, 0x95, 0x54, 0xaa, 0x91,
  0x45, 0x55, 0x5b, 0x55, 0x5b, 0x4a, 0xf6, 0xfa, 0xbd, 0xd6, 0xc0, 0x52, 0xaa, 0x4a, 0xa5, 0x44,
  0x2a, 0xaa, 0xaa, 0xaa, 0xaa, 0x13, 0x5d, 0xb5, 0x56, 0xfb, 0x44, 0x4a, 0x92, 0xaa, 0xaa, 0xa2,
  0x95, 0x6d, 0xb5, 0x55, 0x55, 0x80, 0xef, 0xee, 0xbf, 0x4d, 0x11, 0x55, 0x55, 0x55, 0x55, 0x50,
  0x2a, 0xaa, 0xaa, 0xaa, 0xaa, 0xa9, 0x35, 0x7a, 0xd5, 0x72, 0x02, 0x52, 0x54, 0xaa, 0xaa, 0x94,
  0x0b, 0x55, 0x56, 0xa9, 0x55, 0x50, 0x0b, 0x55, 0x29, 0x00, 0x29, 0x4a, 0xa5, 0x55, 0x55, 0x50,
  0x15, 0x6b, 0x6a, 0xaa, 0x4a, 0xae, 0x80, 0x00, 0x00, 0x00, 0x0a, 0xaa, 0x95, 0x4a, 0xaa, 0xa4,
  0x15, 0x55, 0x5b, 0x55, 0x54, 0xa8, 0x20, 0x4a, 0x84, 0x00, 0x05, 0x24, 0xaa, 0xaa, 0xa9, 0x50,
  0x2b, 0x5a, 0xaa, 0xaa, 0xaa, 0x82, 0x01, 0x02, 0xa0, 0x41, 0x10, 0xaa, 0xaa, 0xaa, 0xa6, 0xa8,
  0x15, 0x6b, 0x6d, 0x55, 0x25, 0x50, 0xa0, 0x1a, 0xd1, 0x04, 0x42, 0x4a, 0x55, 0x55, 0x59, 0x54,
  0x2a, 0xad, 0xaa, 0xd4, 0xaa, 0xa5, 0x24, 0x57, 0x6c, 0x01, 0x01, 0x29, 0x4a, 0xaa, 0xa5, 0x48,
  0x56, 0xb5, 0x5b, 0x55, 0x54, 0xaa, 0xa9, 0x2d, 0xb4, 0x10, 0xa8, 0xa5, 0x29, 0x55, 0x55, 0x54,
  0x2a, 0xd5, 0xad, 0x6a, 0xa5, 0x55, 0x5c, 0xfe, 0xda, 0xe5, 0x52, 0xaa, 0xa4, 0xaa, 0xaa, 0xa8,
  0xad, 0x56, 0xea, 0xb5, 0x54, 0xaa, 0xb5, 0x2b, 0xed, 0x72, 0xa4, 0x92, 0x55, 0x2a, 0xaa, 0xaa,
  0x55, 0xba, 0xb7, 0x55, 0x4a, 0x97, 0x5a, 0xfe, 0xb6, 0xd4, 0xa8, 0x49, 0x22, 0xaa, 0xaa, 0xaa,
  0x56, 0xcb, 0x5a, 0xda, 0xa9, 0x5d, 0xed, 0x6b, 0xdb, 0x6a, 0xea, 0x24, 0x94, 0x55, 0x55, 0x55,
  0xaa, 0xb6, 0xeb, 0x6a, 0xa5, 0x2f, 0xd5, 0xfe, 0xed, 0xab, 0xba, 0x92, 0x42, 0x95, 0x55, 0x54,
  0x55, 0x5b, 0x5a, 0xad, 0x54, 0xbf, 0xf7, 0x6f, 0xbb, 0x56, 0xf4, 0x04, 0x29, 0x55, 0x55, 0x55,
  0x16, 0xed, 0xad, 0xb5, 0x55, 0x56, 0xd9, 0xfd, 0xee, 0xff, 0xee, 0x51, 0x04, 0xaa, 0xaa, 0xaa,
  0xca, 0xb6, 0xf6, 0xd6, 0xaa, 0xbf, 0xf7, 0xbf, 0xbd, 0x97, 0xfa, 0x04, 0xa9, 0x25, 0x55, 0x55,
  0x25, 0xab, 0x5b, 0x6a, 0xd2, 0x5f, 0xbd, 0xf7, 0xf7, 0xef, 0xb5, 0x20, 0x02, 0x55, 0x5a, 0xaa,
  0x95, 0x7d, 0xd5, 0xbb, 0x55, 0x76, 0xd7, 0x7e, 0xde, 0xbb, 0xfd, 0x0a, 0xa9, 0x2a, 0xab, 0x55,
  0x42, 0xab, 0x7e, 0xd5, 0x55, 0x3f, 0xeb, 0xdb, 0xfb, 0xad, 0xd6, 0x00, 0x02, 0xaa, 0xd5, 0x6a,
  0x2a, 0xb7, 0xab, 0x6e, 0xaa, 0xb7, 0x5d, 0xff, 0x7e, 0xe7, 0xfa, 0x52, 0x50, 0x4a, 0xaa, 0xaa,
  0x82, 0xda, 0xfd, 0xb5, 0xd4, 0xbf, 0xf7, 0xb7, 0xdb, 0xfa, 0xda, 0x00, 0x8a, 0xaa, 0xaa, 0xa5,
  0x55, 0x57, 0x56, 0xda, 0xaa, 0xb6, 0xff, 0xfd, 0xff, 0xff, 0xec, 0x12, 0x01, 0x25, 0x55, 0x55,
  0x21, 0x5a, 0xfb, 0x6f, 0x6a, 0xbf, 0xdf, 0xfe, 0xbf, 0xb6, 0xb4, 0x80, 0x54, 0x95, 0x5a, 0xaa,
  0x95, 0x57, 0xad, 0xb5, 0xaa, 0x95, 0xfe, 0xdb, 0xf7, 0xff, 0x78, 0x12, 0x02, 0x55, 0x55, 0xa5,
  0x41, 0x5a, 0xf6, 0xda, 0xaa, 0xab, 0xfb, 0xfe, 0xbe, 0xed, 0x89, 0x00, 0xa9, 0x2a, 0xaa, 0xaa,
  0x2a, 0x55, 0x5b, 0x6d, 0xb5, 0x55, 0xbf, 0xff, 0x7f, 0xbf, 0xc0, 0x48, 0x04, 0xa5, 0x55, 0x55,
  0x91, 0x56, 0xaa, 0xaa, 0xd5, 0x27, 0xff, 0xb5, 0xfb, 0xfd, 0x44, 0x02, 0x52, 0x55, 0x6a, 0xa5,
  0x44, 0x22, 0xaa, 0xaa, 0xaa, 0x93, 0x77, 0xff, 0x7f, 0x77, 0xa0, 0x00, 0x01, 0x12, 0x96, 0xaa,
  0x29, 0x4a, 0xaa, 0xd5, 0x54, 0x4b, 0xfe, 0xf7, 0xed, 0xfe, 0xc0, 0x91, 0x2a, 0x49, 0x55, 0x4a,
  0x91, 0x35, 0x6d, 0x6e, 0xd5, 0x27, 0xff, 0xdd, 0xff, 0xdb, 0xa2, 0x04, 0x49, 0x55, 0x55, 0x25,
  0x4a, 0xdb, 0xb7, 0xb5, 0x6a, 0xaa, 0xdb, 0xff, 0x77, 0x7f, 0x88, 0x12, 0xad, 0x6d, 0x5a, 0xd2
};
// Author :- Ashish ( ashish_y_794 )
// Website : https://www.oledanimationmaker.com/

const uint8_t PROGMEM frame57[1024] = {
  0x55, 0xfe, 0xf7, 0x7d, 0x00, 0x00, 0x00, 0x01, 0x09, 0x20, 0x00, 0x00, 0x55, 0x57, 0xfe, 0xd2,
  0xa4, 0x45, 0x55, 0xa5, 0x02, 0x22, 0x4a, 0xae, 0xe4, 0x95, 0x00, 0x00, 0xaa, 0x97, 0x55, 0xc9,
  0x55, 0x55, 0x4a, 0x55, 0x20, 0x80, 0x00, 0x3b, 0x58, 0x00, 0x24, 0x40, 0x52, 0x57, 0xb7, 0x54,
  0x4a, 0xa9, 0x29, 0x55, 0x08, 0x12, 0x52, 0xdd, 0xf6, 0xa8, 0x80, 0x08, 0xa9, 0x48, 0x94, 0xa5,
  0x55, 0x25, 0x55, 0x55, 0x42, 0x40, 0x01, 0x6f, 0x5c, 0x02, 0x01, 0x00, 0x95, 0x2a, 0xa5, 0x54,
  0xa9, 0x55, 0x55, 0x4a, 0x80, 0x04, 0x89, 0xdb, 0xeb, 0x20, 0x10, 0x02, 0x4a, 0xaa, 0x52, 0x4a,
  0x4a, 0xaa, 0xaa, 0xa9, 0x12, 0x10, 0x23, 0x56, 0xa6, 0x04, 0x00, 0x20, 0xa4, 0x92, 0xaa, 0xa5,
  0x55, 0x55, 0x55, 0x54, 0x80, 0x81, 0x05, 0x1f, 0xd6, 0x90, 0x84, 0x80, 0x2a, 0x55, 0x25, 0x28,
  0xaa, 0x4a, 0x92, 0x52, 0xa4, 0x04, 0x11, 0xaa, 0xa5, 0x00, 0x10, 0x0a, 0x92, 0xa9, 0x54, 0x95,
  0x49, 0x54, 0xaa, 0xa9, 0x40, 0x90, 0x42, 0xaf, 0xfa, 0x24, 0x00, 0x01, 0x24, 0x95, 0x2a, 0xa4,
  0x55, 0x55, 0x55, 0x45, 0x52, 0x01, 0x08, 0xf5, 0x54, 0x00, 0x80, 0x2a, 0x82, 0xa4, 0xa4, 0xaa,
  0xaa, 0xaa, 0xaa, 0x96, 0xa8, 0x20, 0x02, 0x1a, 0xa0, 0x92, 0x04, 0x15, 0x69, 0x55, 0x52, 0x92,
  0x55, 0x55, 0x54, 0x55, 0x55, 0x04, 0x50, 0x4a, 0x44, 0x20, 0x10, 0x44, 0x94, 0x29, 0x2a, 0x55,
  0x4a, 0x4a, 0xaa, 0xaa, 0xaa, 0x10, 0x0a, 0x00, 0x92, 0xc8, 0x40, 0x12, 0x52, 0x95, 0x4a, 0xa8,
  0xa9, 0x55, 0x52, 0xaa, 0xa8, 0x41, 0x77, 0xaa, 0x0b, 0xb4, 0x00, 0x0a, 0xaa, 0x44, 0xa9, 0x46,
  0x56, 0xaa, 0xaa, 0xaa, 0xaa, 0x00, 0x5d, 0xe8, 0xbe, 0xf5, 0x01, 0x2a, 0x95, 0x2a, 0x95, 0x32,
  0x52, 0xaa, 0xa5, 0x55, 0x54, 0x12, 0xf7, 0xbf, 0xf7, 0xae, 0x44, 0x04, 0xa5, 0x42, 0x52, 0x95,
  0xaa, 0xaa, 0x95, 0x5a, 0xa9, 0x01, 0x5e, 0xf6, 0xdd, 0xf5, 0x80, 0x12, 0xaa, 0xa9, 0x55, 0x52,
  0x55, 0x55, 0x55, 0x65, 0x54, 0x4b, 0xa3, 0xdf, 0xff, 0x42, 0x90, 0x0a, 0x92, 0x52, 0x4a, 0x4a,
  0x55, 0x55, 0x5a, 0xad, 0xa8, 0x02, 0x8b, 0x7d, 0xb6, 0xa9, 0x40, 0x0a, 0x55, 0x48, 0xa9, 0x55,
  0xaa, 0xaa, 0xab, 0x55, 0x55, 0x17, 0xa5, 0xf7, 0xfb, 0x81, 0xa0, 0x45, 0x54, 0xaa, 0x2a, 0xa8,
  0x55, 0x55, 0x55, 0x55, 0x58, 0x05, 0x11, 0xbe, 0xde, 0xa9, 0x51, 0x0a, 0xa5, 0x55, 0x25, 0x56,
  0xaa, 0xaa, 0xaa, 0xaa, 0xa9, 0x2f, 0xa5, 0xef, 0xb7, 0x42, 0xd0, 0x09, 0x2a, 0x95, 0x55, 0x22,
  0x55, 0x55, 0x55, 0x5a, 0xd4, 0x0a, 0x89, 0x7a, 0xfd, 0x89, 0x50, 0x0a, 0xa9, 0x52, 0x89, 0x59,
  0xad, 0x55, 0x5a, 0xd5, 0x54, 0x4f, 0xa2, 0xdf, 0xb6, 0xa1, 0x68, 0x25, 0x4a, 0xaa, 0xa5, 0x45,
  0x55, 0x55, 0x6b, 0x56, 0xa9, 0x0a, 0x93, 0xf5, 0xdd, 0x89, 0xa0, 0x14, 0xaa, 0x4a, 0x52, 0xaa,
  0xaa, 0xaa, 0xaa, 0xaa, 0xac, 0x17, 0xc9, 0x5e, 0x77, 0x52, 0xd2, 0x0a, 0x95, 0x55, 0x54, 0x94,
  0x55, 0x55, 0x55, 0x55, 0x6a, 0x4a, 0xef, 0xf5, 0xbd, 0xd7, 0x68, 0x55, 0x52, 0xaa, 0xa9, 0x52,
  0xaa, 0xab, 0x5a, 0xb5, 0xaa, 0x0b, 0xb5, 0xbe, 0xd7, 0x6a, 0xa0, 0x29, 0x55, 0x55, 0x54, 0x95,
  0x49, 0x2d, 0x6b, 0x55, 0x55, 0x26, 0xff, 0xeb, 0x7d, 0xbd, 0xc2, 0x95, 0x2a, 0x4a, 0xa4, 0x48,
  0x2a, 0xaa, 0xaa, 0xaa, 0xaa, 0x83, 0x55, 0x7d, 0x57, 0xd6, 0xa0, 0x4a, 0xa5, 0x54, 0x95, 0x25,
  0xa4, 0xaa, 0xaa, 0xd5, 0x55, 0x11, 0xff, 0xd6, 0xbd, 0x7b, 0x44, 0xa9, 0x55, 0x55, 0x6a, 0x48,
  0x52, 0xb5, 0x5b, 0x55, 0x55, 0xa4, 0xab, 0x7a, 0xae, 0xd5, 0x01, 0x25, 0x2a, 0xaa, 0x95, 0x02,
  0x09, 0x56, 0xd5, 0x55, 0x55, 0x40, 0x5d, 0xdd, 0x75, 0xac, 0x14, 0xaa, 0xa4, 0x95, 0x55, 0x48,
  0x02, 0xaa, 0xaa, 0xaa, 0xaa, 0xb5, 0x2b, 0x6b, 0xaa, 0xa1, 0x22, 0xa9, 0x55, 0x55, 0x54, 0x80,
  0x01, 0x55, 0x6d, 0xaa, 0x55, 0x54, 0x84, 0x94, 0x04, 0x00, 0x15, 0x4a, 0x95, 0x55, 0x55, 0x40,
  0x02, 0xb6, 0xaa, 0xaa, 0xa5, 0x55, 0x00, 0x00, 0x10, 0x00, 0x4a, 0xaa, 0x55, 0x55, 0x55, 0x20,
  0x05, 0x55, 0x6d, 0x6a, 0x94, 0x88, 0x20, 0x25, 0x40, 0x00, 0x04, 0x95, 0x55, 0x55, 0x55, 0x40,
  0x02, 0xdb, 0x55, 0xaa, 0xaa, 0xa2, 0x40, 0x8b, 0x51, 0x25, 0x02, 0x52, 0xaa, 0xaa, 0xaa, 0x80,
  0x05, 0x55, 0x6a, 0xaa, 0xaa, 0xb1, 0x28, 0x15, 0xd4, 0x00, 0xa1, 0x4a, 0x55, 0x55, 0x55, 0x42,
  0x05, 0x6a, 0xb7, 0x6d, 0x52, 0xad, 0x54, 0xbe, 0xe8, 0x05, 0x0a, 0xa9, 0x4a, 0xaa, 0xaa, 0xa0,
  0x0a, 0xad, 0xda, 0xb5, 0x4a, 0x52, 0xad, 0x57, 0x5e, 0xe2, 0xa2, 0x95, 0x52, 0xaa, 0xaa, 0x90,
  0xab, 0x56, 0xab, 0x55, 0x55, 0x4a, 0xb4, 0xbb, 0xb5, 0xb4, 0xa9, 0x4a, 0x4a, 0xaa, 0xaa, 0xab,
  0x55, 0x6a, 0xda, 0xda, 0xaa, 0xaf, 0xae, 0xee, 0xed, 0x62, 0xa8, 0x25, 0x29, 0x55, 0x55, 0x54,
  0xaa, 0xb6, 0xad, 0x6d, 0x52, 0x55, 0xf5, 0x7b, 0xb6, 0xdb, 0xe9, 0x50, 0x92, 0x56, 0xaa, 0xa5,
  0x52, 0xdb, 0x77, 0xab, 0x55, 0x2f, 0xd5, 0xde, 0xdb, 0x66, 0xb4, 0x0a, 0x49, 0x55, 0x55, 0x55,
  0xaa, 0xaa, 0xda, 0xb5, 0x54, 0xad, 0xfb, 0x7b, 0xfd, 0xbf, 0xe9, 0x41, 0x25, 0x55, 0x6a, 0xaa,
  0x49, 0x5d, 0xad, 0xda, 0xd5, 0x5f, 0xdd, 0xef, 0xae, 0xd7, 0xfa, 0x14, 0x12, 0xaa, 0xaa, 0xaa,
  0x55, 0x6b, 0x76, 0xae, 0xaa, 0xab, 0xf6, 0xff, 0xfb, 0x5e, 0xd4, 0x41, 0x49, 0x55, 0x55, 0xaa,
  0xa1, 0x5d, 0xbb, 0x75, 0x55, 0x3f, 0x5b, 0xfd, 0xbf, 0xbf, 0xf4, 0x14, 0x04, 0xaa, 0xaa, 0xab,
  0x54, 0xab, 0x6d, 0xad, 0xaa, 0x97, 0xed, 0xb7, 0xed, 0x6b, 0xba, 0x41, 0x52, 0x95, 0xb5, 0x54,
  0x49, 0x56, 0xf6, 0xdb, 0x6a, 0x5f, 0xd6, 0xff, 0x7f, 0xaf, 0xe8, 0x08, 0x09, 0x56, 0xaa, 0xab,
  0xa4, 0x5b, 0xaf, 0x6d, 0xaa, 0xbd, 0xff, 0xdb, 0xf5, 0xf3, 0xbd, 0x22, 0xa4, 0xaa, 0xab, 0x55,
  0x22, 0x55, 0x7a, 0xda, 0xda, 0xaf, 0x5f, 0xfe, 0xdf, 0xde, 0xe8, 0x08, 0x12, 0xaa, 0xac, 0xaa,
  0x94, 0xab, 0xaf, 0x6f, 0x6a, 0xb7, 0xfb, 0xf7, 0xff, 0xfb, 0xd4, 0x82, 0x89, 0x2a, 0xab, 0x2a,
  0x52, 0x2d, 0x7a, 0xf5, 0xaa, 0x9d, 0xff, 0x7d, 0x7f, 0x7e, 0xf0, 0x20, 0x24, 0xaa, 0xd5, 0x55,
  0x89, 0x55, 0xd7, 0xae, 0xb5, 0x46, 0xef, 0xff, 0x7b, 0xef, 0x29, 0x09, 0x12, 0xaa, 0xaa, 0xaa,
  0x54, 0x2a, 0xba, 0xda, 0xda, 0xb3, 0xbf, 0xb6, 0xef, 0xbd, 0x80, 0x00, 0x89, 0x2a, 0xad, 0x2a,
  0x42, 0x4a, 0xad, 0x6b, 0x6a, 0x95, 0xfd, 0xff, 0x7e, 0xff, 0x20, 0x92, 0x24, 0xaa, 0xb5, 0x55,
  0xa9, 0x22, 0xaa, 0xaa, 0xaa, 0xaa, 0xff, 0xfb, 0xff, 0xf5, 0x84, 0x00, 0x49, 0x55, 0x55, 0x2a,
  0x24, 0x14, 0xa5, 0x55, 0x54, 0x43, 0xf7, 0xbe, 0xf7, 0x7f, 0x80, 0x04, 0x12, 0x09, 0x48, 0xaa,
  0x92, 0xab, 0x5b, 0x6d, 0xab, 0x29, 0xdf, 0xef, 0xdd, 0xda, 0xa0, 0x91, 0x4a, 0xea, 0xb6, 0x55,
  0x4a, 0x55, 0x6d, 0xb6, 0xdd, 0xa5, 0xfe, 0xfa, 0xff, 0xff, 0x84, 0x0a, 0xb5, 0x2b, 0x55, 0x2a,
  0x52, 0xad, 0xb6, 0xdb, 0x6a, 0xb3, 0x7f, 0xdf, 0x77, 0x6d, 0x91, 0x6a, 0xd6, 0xda, 0xda, 0xa5
};
// Author :- Ashish ( ashish_y_794 )
// Website : https://www.oledanimationmaker.com/

const uint8_t PROGMEM frame58[1024] = {
  0x55, 0xee, 0xf7, 0xfe, 0x80, 0x00, 0x00, 0x11, 0x5f, 0x40, 0x00, 0x01, 0x5a, 0xaf, 0xfd, 0xc9,
  0x48, 0x95, 0x54, 0x92, 0x81, 0x11, 0x04, 0x8a, 0x21, 0x50, 0x00, 0x01, 0xaa, 0xa7, 0x56, 0xd4,
  0xaa, 0xaa, 0x95, 0x55, 0x48, 0x40, 0x20, 0x40, 0x8a, 0xa4, 0x92, 0x20, 0xaa, 0x9d, 0xb7, 0xa2,
  0x55, 0x55, 0x55, 0x55, 0x20, 0x09, 0x0a, 0x2f, 0x64, 0x10, 0x00, 0x05, 0x55, 0x45, 0x48, 0x55,
  0x4a, 0x49, 0x55, 0x2a, 0x82, 0x40, 0x40, 0xb5, 0xb9, 0x42, 0x40, 0x81, 0x52, 0x54, 0xa5, 0x48,
  0x52, 0xaa, 0xa9, 0x54, 0xa0, 0x09, 0x12, 0x5f, 0xea, 0x08, 0x08, 0x01, 0x2a, 0xaa, 0x55, 0x25,
  0x55, 0x55, 0x25, 0x52, 0xa4, 0x80, 0x01, 0xea, 0xbc, 0x40, 0x20, 0x24, 0xa4, 0x92, 0x92, 0xaa,
  0x94, 0xaa, 0xaa, 0xaa, 0x80, 0x24, 0x49, 0x5f, 0xcb, 0x09, 0x01, 0x02, 0x95, 0x55, 0x54, 0x91,
  0x52, 0x92, 0xaa, 0x95, 0x52, 0x01, 0x02, 0xaa, 0xd6, 0x20, 0x00, 0x01, 0x52, 0x49, 0x25, 0x4a,
  0x55, 0x55, 0x55, 0x55, 0x20, 0x90, 0x29, 0x8f, 0x4a, 0x00, 0x88, 0x48, 0x2a, 0xaa, 0xaa, 0x54,
  0x4a, 0xaa, 0x54, 0xa8, 0xa4, 0x02, 0x01, 0xad, 0xec, 0x92, 0x01, 0x02, 0x92, 0x54, 0x92, 0xa2,
  0xaa, 0x55, 0x4a, 0xa5, 0x50, 0x90, 0x44, 0xdb, 0x74, 0x40, 0x10, 0x15, 0x29, 0x4a, 0xaa, 0x55,
  0x55, 0x4a, 0xaa, 0xaa, 0xa8, 0x01, 0x10, 0x6d, 0xa9, 0x08, 0x40, 0x54, 0x85, 0x24, 0xa5, 0x28,
  0x4a, 0xa9, 0x55, 0x45, 0x56, 0x88, 0x02, 0x15, 0x40, 0x01, 0x00, 0x25, 0x52, 0xaa, 0x94, 0xa5,
  0x54, 0xaa, 0xaa, 0x9a, 0xa9, 0x20, 0x94, 0x84, 0x25, 0x50, 0x02, 0x2a, 0xa8, 0xa9, 0x52, 0x94,
  0x52, 0xaa, 0xaa, 0x55, 0x55, 0x02, 0x15, 0x21, 0x0a, 0xe8, 0x10, 0x24, 0x94, 0x4a, 0x4a, 0xaa,
  0xaa, 0xaa, 0xa9, 0x55, 0x54, 0x08, 0x5f, 0xd4, 0x5f, 0xb5, 0x00, 0x92, 0x52, 0xa9, 0x55, 0x45,
  0x2a, 0xaa, 0xaa, 0xaa, 0xaa, 0x80, 0xb5, 0xfb, 0xb5, 0xda, 0x20, 0x15, 0x4a, 0x15, 0x2a, 0x32,
  0xa5, 0x55, 0x55, 0x55, 0x55, 0x12, 0xbf, 0x6e, 0xff, 0x6a, 0x80, 0x2a, 0xaa, 0xc4, 0xa5, 0x49,
  0x55, 0x55, 0x52, 0xaa, 0xaa, 0x01, 0x45, 0xff, 0xed, 0xab, 0x04, 0x12, 0x55, 0x22, 0xa9, 0x54,
  0x55, 0x55, 0x4d, 0x55, 0x6c, 0x49, 0xd3, 0x5b, 0x7f, 0x41, 0x40, 0x4a, 0xa4, 0xaa, 0xaa, 0xaa,
  0x4a, 0xaa, 0xb5, 0x6d, 0xaa, 0x03, 0x49, 0xff, 0xd5, 0x95, 0x90, 0x15, 0x2a, 0xa1, 0x25, 0x25,
  0xaa, 0xaa, 0x95, 0x55, 0x54, 0x8b, 0xa4, 0xed, 0x7f, 0x02, 0xa0, 0x29, 0x55, 0x5a, 0xaa, 0xa8,
  0x55, 0x55, 0x6a, 0xaa, 0xaa, 0x05, 0x92, 0xbf, 0xed, 0x51, 0xa0, 0x8a, 0xa4, 0x88, 0x54, 0x95,
  0x55, 0x55, 0x2a, 0xaa, 0xaa, 0x26, 0xc1, 0xf5, 0xbb, 0x0a, 0xa0, 0x2a, 0x55, 0x6a, 0x92, 0xaa,
  0x55, 0xaa, 0xd5, 0xb5, 0x54, 0x8b, 0xaa, 0xde, 0xee, 0xc1, 0xa0, 0x12, 0xaa, 0x95, 0x2a, 0xa4,
  0xaa, 0xaa, 0xaa, 0xab, 0x6a, 0x05, 0xa1, 0x77, 0x7b, 0x2a, 0xd2, 0x4a, 0x92, 0x55, 0x4a, 0x52,
  0x4a, 0xaa, 0xad, 0x55, 0x56, 0x4b, 0xcb, 0xdd, 0x5d, 0x85, 0x40, 0x2a, 0x55, 0x52, 0x95, 0x29,
  0x55, 0x55, 0x55, 0x5a, 0xaa, 0x06, 0xb6, 0xf6, 0xd7, 0xf7, 0x61, 0x29, 0x55, 0x55, 0x44, 0x94,
  0x55, 0x4a, 0xaa, 0xd5, 0x55, 0xa3, 0xfb, 0xbb, 0x7d, 0x5a, 0x88, 0x55, 0x52, 0xaa, 0xaa, 0xa2,
  0x49, 0x2a, 0xd6, 0xaa, 0xb6, 0x09, 0x5e, 0xed, 0x57, 0xb7, 0xa2, 0xa5, 0x4a, 0x55, 0x50, 0x95,
  0x54, 0xab, 0x5a, 0xaa, 0xaa, 0xc2, 0xeb, 0xbe, 0xfd, 0xda, 0x80, 0x55, 0x2a, 0xaa, 0xaa, 0x48,
  0x4a, 0x55, 0x55, 0x6a, 0xaa, 0xa9, 0x7e, 0xea, 0x56, 0xb6, 0x12, 0x94, 0xaa, 0xa5, 0x48, 0x90,
  0x11, 0x2a, 0xaa, 0xaa, 0xaa, 0xa0, 0x57, 0xbd, 0xbb, 0xda, 0x85, 0x52, 0xaa, 0xaa, 0xa9, 0x00,
  0x00, 0xaa, 0xad, 0xaa, 0xaa, 0xaa, 0x2a, 0xee, 0xad, 0x50, 0x12, 0xaa, 0xaa, 0xaa, 0xaa, 0x02,
  0x00, 0x55, 0xb5, 0x55, 0x55, 0x54, 0x8a, 0xb2, 0xa4, 0x00, 0xaa, 0x4a, 0x95, 0x55, 0x54, 0x08,
  0x00, 0x56, 0xaa, 0xda, 0x92, 0xaa, 0x80, 0x00, 0x00, 0x80, 0x25, 0x54, 0xaa, 0xaa, 0xa9, 0x00,
  0x00, 0xaa, 0xad, 0x55, 0x55, 0x55, 0x20, 0x4a, 0x88, 0x04, 0x14, 0xaa, 0xaa, 0xaa, 0xa4, 0x00,
  0x00, 0x5a, 0xd5, 0xaa, 0xaa, 0x48, 0x09, 0x02, 0xa0, 0x00, 0x85, 0x25, 0x55, 0x55, 0x55, 0x10,
  0x00, 0xab, 0x5a, 0xb5, 0x52, 0xa9, 0x50, 0x1d, 0xd2, 0x12, 0x02, 0x94, 0xaa, 0xaa, 0xaa, 0x00,
  0x01, 0x55, 0x6b, 0x56, 0xaa, 0xaa, 0x48, 0x57, 0x68, 0x42, 0xa4, 0xaa, 0xaa, 0xaa, 0xaa, 0x04,
  0x01, 0x5a, 0xad, 0xb5, 0x55, 0x29, 0x5e, 0xba, 0xdd, 0x49, 0x12, 0xa5, 0x25, 0x55, 0x55, 0x50,
  0x2d, 0x6b, 0x6a, 0xda, 0xa4, 0xaa, 0xaa, 0x5f, 0x6b, 0xe5, 0x4a, 0x52, 0x95, 0x55, 0x55, 0x25,
  0xa5, 0x55, 0xb6, 0xab, 0x55, 0x57, 0xdd, 0xb5, 0xdd, 0x52, 0xa1, 0x14, 0x52, 0xaa, 0xaa, 0x94,
  0x54, 0xad, 0x5b, 0x6d, 0x55, 0x25, 0x6a, 0xff, 0x6a, 0xab, 0xd4, 0xa2, 0x8a, 0xaa, 0xaa, 0xab,
  0xaa, 0xab, 0x6d, 0xb5, 0xaa, 0x97, 0xf5, 0x56, 0xff, 0x56, 0xe8, 0x48, 0x55, 0x55, 0x55, 0x54,
  0x55, 0x55, 0xb6, 0xda, 0xa9, 0x57, 0xfb, 0xff, 0xaa, 0xdf, 0xb2, 0x12, 0x89, 0x55, 0x55, 0x2b,
  0xaa, 0x36, 0xdb, 0x6e, 0xd5, 0x56, 0xdd, 0x7b, 0xfd, 0xbf, 0xd8, 0x84, 0x25, 0x56, 0xaa, 0xd4,
  0x52, 0x9b, 0x6d, 0xab, 0x5a, 0x4f, 0xf6, 0xef, 0x6f, 0x6d, 0xe8, 0x51, 0x55, 0x55, 0x5a, 0xab,
  0xa9, 0x4a, 0xb6, 0xb5, 0x6a, 0xad, 0xed, 0xff, 0xfa, 0xbf, 0x6a, 0x04, 0x09, 0x55, 0x6a, 0xaa,
  0x54, 0x2d, 0xdb, 0xde, 0xaa, 0xaf, 0xb7, 0xbb, 0x6f, 0xd7, 0xd8, 0x91, 0x55, 0x55, 0x55, 0x55,
  0xa5, 0x55, 0x76, 0xb5, 0xd5, 0x57, 0xea, 0xef, 0xfd, 0x57, 0xe8, 0x04, 0x02, 0xaa, 0xaa, 0xaa,
  0x54, 0x8a, 0xdd, 0xdb, 0x6d, 0x2e, 0xff, 0xfd, 0xb7, 0xf6, 0xb2, 0x51, 0x55, 0x56, 0xaa, 0xab,
  0xa9, 0x25, 0x6f, 0x6d, 0xb5, 0x5b, 0xbf, 0xf7, 0xff, 0xfb, 0xe8, 0x04, 0x12, 0x55, 0x55, 0x55,
  0x44, 0x95, 0xb5, 0xb6, 0xd5, 0x4f, 0xf7, 0x7d, 0x6f, 0xbe, 0xb1, 0x21, 0x4a, 0xaa, 0xd9, 0x55,
  0xb2, 0x4a, 0xde, 0xed, 0x6d, 0x6a, 0xdf, 0xef, 0xbe, 0xf7, 0xc0, 0x08, 0x25, 0x55, 0x55, 0x55,
  0x4a, 0x8a, 0xab, 0xb7, 0xb5, 0x52, 0xfd, 0xfe, 0xff, 0xfd, 0x29, 0x22, 0x92, 0xaa, 0xaa, 0xaa,
  0xa8, 0x45, 0x5a, 0xac, 0xd6, 0x95, 0x7f, 0xbb, 0x7b, 0xb6, 0x00, 0x00, 0x49, 0x2d, 0x55, 0x55,
  0x55, 0x29, 0x55, 0x6b, 0x55, 0x52, 0xff, 0xff, 0xfe, 0xff, 0x40, 0x89, 0x14, 0xaa, 0xd2, 0xaa,
  0xa2, 0x84, 0x25, 0x54, 0xaa, 0x49, 0xed, 0xed, 0xb7, 0xdb, 0x04, 0x00, 0x42, 0x92, 0x55, 0x55,
  0xa9, 0x23, 0xb6, 0xab, 0x55, 0x45, 0xbf, 0xbf, 0xff, 0x7e, 0x90, 0x25, 0x2a, 0x55, 0xa2, 0x55,
  0xaa, 0x5a, 0xab, 0x76, 0xee, 0xb1, 0xfe, 0xfa, 0xdb, 0xed, 0x81, 0x15, 0x55, 0xad, 0x59, 0x55,
  0xa5, 0x25, 0x6d, 0xad, 0xb5, 0xac, 0xf7, 0xef, 0x7f, 0x7f, 0x04, 0xaa, 0xda, 0xd6, 0xad, 0x55,
  0xa8, 0x9b, 0x5a, 0xdb, 0x5a, 0xd2, 0xdf, 0xbd, 0x77, 0xea, 0x92, 0xd5, 0x56, 0xb5, 0xb5, 0x2a
};
// Author :- Ashish ( ashish_y_794 )
// Website : https://www.oledanimationmaker.com/

const uint8_t PROGMEM frame59[1024] = {
  0x55, 0xfe, 0xf7, 0xfe, 0x80, 0x00, 0x00, 0x02, 0x50, 0x00, 0x00, 0x01, 0x56, 0xaf, 0xfd, 0xc9,
  0x48, 0x85, 0x54, 0xaa, 0xc0, 0x44, 0x00, 0x29, 0x5f, 0x80, 0x00, 0x02, 0xba, 0xaf, 0x56, 0xd4,
  0xaa, 0xb5, 0x4a, 0x95, 0x25, 0x01, 0x29, 0x04, 0x8a, 0xa8, 0x92, 0x21, 0xca, 0xa5, 0xb7, 0xa2,
  0x4a, 0x8a, 0xaa, 0xaa, 0x80, 0x10, 0x00, 0xa2, 0x21, 0x52, 0x00, 0x02, 0x55, 0x55, 0x48, 0x54,
  0x55, 0x69, 0x2a, 0xaa, 0xa0, 0x44, 0x94, 0x15, 0xaa, 0x00, 0x00, 0x83, 0x54, 0x95, 0x2a, 0x8a,
  0x52, 0x25, 0x55, 0x55, 0x52, 0x00, 0x01, 0x5e, 0xf0, 0xa8, 0xa4, 0x08, 0xaa, 0x52, 0xa5, 0x51,
  0x4a, 0xaa, 0xaa, 0xa9, 0x40, 0x92, 0x48, 0x6b, 0xac, 0x02, 0x00, 0x22, 0x92, 0xa9, 0x29, 0x2a,
  0x55, 0x55, 0x54, 0x95, 0x52, 0x00, 0x02, 0xbe, 0xfe, 0x40, 0x01, 0x02, 0x55, 0x4a, 0xa5, 0x49,
  0x52, 0xaa, 0xa5, 0x55, 0x50, 0x24, 0x91, 0xd7, 0xaa, 0x10, 0x90, 0x01, 0x4a, 0x54, 0x94, 0xa4,
  0x4a, 0x52, 0x55, 0x55, 0x20, 0x80, 0x04, 0xad, 0xca, 0x84, 0x00, 0x45, 0x29, 0x4a, 0xaa, 0x95,
  0x55, 0x4a, 0xaa, 0xaa, 0x92, 0x08, 0x91, 0x8e, 0xd6, 0x10, 0x04, 0x00, 0xa5, 0x29, 0x52, 0x52,
  0x55, 0x55, 0x55, 0x54, 0x50, 0x40, 0x01, 0x57, 0x6a, 0x41, 0x20, 0x15, 0x2a, 0xa5, 0x2a, 0xa8,
  0x4a, 0xaa, 0xaa, 0xa5, 0x59, 0x04, 0x94, 0xfa, 0xd8, 0x04, 0x01, 0x4a, 0x49, 0x54, 0xa5, 0x15,
  0x54, 0xaa, 0x94, 0x91, 0x54, 0x10, 0x00, 0x2d, 0xa5, 0x20, 0x00, 0x29, 0x15, 0x2a, 0x94, 0xc4,
  0x52, 0x95, 0x52, 0xaa, 0xaa, 0x81, 0x22, 0x0a, 0x50, 0x00, 0x88, 0x55, 0x42, 0xa5, 0x52, 0x32,
  0x4a, 0xaa, 0xad, 0x4b, 0x55, 0x24, 0x09, 0x41, 0x02, 0xd4, 0x00, 0x25, 0x54, 0x94, 0xaa, 0x94,
  0x55, 0x55, 0x52, 0xad, 0x55, 0x00, 0x56, 0xa8, 0x57, 0x60, 0x21, 0x29, 0x51, 0x52, 0x95, 0x52,
  0x55, 0x55, 0x55, 0x55, 0x55, 0x21, 0x2f, 0xd5, 0x2d, 0xda, 0x00, 0x25, 0x2c, 0x4a, 0x52, 0xa9,
  0x4a, 0xaa, 0xaa, 0xaa, 0xaa, 0x84, 0x5d, 0xfd, 0xff, 0x7a, 0x84, 0x14, 0xa5, 0x2a, 0xaa, 0x4a,
  0x55, 0x55, 0x55, 0x55, 0x55, 0x00, 0xb7, 0x6f, 0xb7, 0xaa, 0x10, 0x55, 0x55, 0x15, 0x49, 0x54,
  0x52, 0xaa, 0xaa, 0xaa, 0xad, 0x12, 0xd5, 0xfb, 0xfd, 0xa5, 0x80, 0x15, 0x2a, 0xc4, 0xaa, 0xa2,
  0x4a, 0xaa, 0xaa, 0xad, 0x6a, 0x01, 0xa2, 0xbe, 0xde, 0x82, 0x80, 0x52, 0xa4, 0x52, 0xaa, 0x98,
  0x55, 0x55, 0x55, 0x55, 0xaa, 0x8a, 0xc9, 0xef, 0xf7, 0x55, 0x40, 0x15, 0x55, 0x49, 0x4a, 0x45,
  0x55, 0x55, 0x55, 0xb5, 0x55, 0x03, 0xa4, 0xfb, 0x5d, 0x03, 0x48, 0x4a, 0x55, 0x52, 0x55, 0x54,
  0x55, 0x55, 0x55, 0x55, 0x54, 0x25, 0xc2, 0xbe, 0xf7, 0x51, 0xa0, 0x29, 0x4a, 0xa9, 0x52, 0xaa,
  0x4a, 0xaa, 0xaa, 0xaa, 0xab, 0x06, 0xa9, 0xeb, 0xdd, 0x05, 0x41, 0x2a, 0xa9, 0x2a, 0x4a, 0x52,
  0x55, 0x6a, 0xad, 0x56, 0xda, 0x43, 0xc4, 0xbe, 0xf7, 0xa3, 0xa0, 0x15, 0x55, 0x55, 0x2a, 0x94,
  0x55, 0xaa, 0xaa, 0xda, 0xab, 0x15, 0x62, 0xeb, 0x5d, 0x15, 0x50, 0x52, 0xaa, 0xaa, 0xa9, 0x49,
  0x54, 0xaa, 0xab, 0x55, 0x55, 0x03, 0xb5, 0xfd, 0x77, 0xcb, 0x44, 0xaa, 0x4a, 0xa4, 0x95, 0x24,
  0x4a, 0xa5, 0x55, 0x55, 0x55, 0x4a, 0xff, 0x57, 0x5d, 0x76, 0xc0, 0x55, 0x54, 0xaa, 0x89, 0x52,
  0x55, 0x55, 0x6d, 0x56, 0xad, 0x42, 0xd5, 0xfd, 0xb7, 0xad, 0x49, 0x4a, 0xaa, 0xaa, 0xa4, 0x94,
  0x49, 0x15, 0xaa, 0xb5, 0x55, 0x49, 0x7f, 0xb6, 0xfd, 0xf7, 0x01, 0x29, 0x52, 0xaa, 0xa5, 0x22,
  0x2a, 0xa5, 0x55, 0xaa, 0xaa, 0xa1, 0x55, 0xfa, 0x56, 0xad, 0x54, 0xaa, 0x95, 0x55, 0x50, 0x90,
  0x04, 0x55, 0x5a, 0xaa, 0xab, 0x54, 0x7f, 0x5d, 0xbf, 0xba, 0x02, 0xaa, 0x55, 0x55, 0x52, 0x00,
  0x01, 0x15, 0x6b, 0x6a, 0xaa, 0xa8, 0x8a, 0xee, 0xaa, 0xd0, 0x95, 0x52, 0xaa, 0xaa, 0xa8, 0x08,
  0x00, 0x2b, 0x55, 0x55, 0x55, 0x55, 0x15, 0xb5, 0x55, 0x04, 0x4a, 0x95, 0x55, 0x55, 0x48, 0x40,
  0x00, 0x15, 0x55, 0xad, 0x55, 0x55, 0x40, 0x00, 0x00, 0x00, 0x54, 0xaa, 0xaa, 0xaa, 0xaa, 0x00,
  0x00, 0x2a, 0xb6, 0xb5, 0x4a, 0xaa, 0x80, 0x92, 0x90, 0x00, 0x12, 0xa5, 0x55, 0x55, 0x50, 0x02,
  0x00, 0x2d, 0xaa, 0xd5, 0x54, 0xa8, 0x12, 0x05, 0x40, 0x22, 0x0a, 0x54, 0xaa, 0xaa, 0xaa, 0x10,
  0x00, 0x55, 0x5b, 0x55, 0x52, 0xaa, 0x48, 0x2d, 0xea, 0x01, 0x45, 0x55, 0x55, 0x55, 0x54, 0x00,
  0x00, 0x2a, 0xd5, 0x6d, 0x55, 0x55, 0x50, 0x97, 0x50, 0x8a, 0x09, 0x25, 0x2a, 0xaa, 0xa8, 0x00,
  0x00, 0xad, 0x6d, 0xab, 0x55, 0x29, 0x5e, 0x5d, 0xbd, 0x45, 0x55, 0x54, 0xa5, 0x55, 0x54, 0x90,
  0x16, 0x55, 0xaa, 0xb5, 0x54, 0xa5, 0x4b, 0x77, 0x6a, 0xe9, 0x42, 0x92, 0x95, 0x55, 0x55, 0x4a,
  0xa9, 0x6a, 0xb7, 0x5b, 0x55, 0x55, 0xf5, 0x5d, 0xdd, 0xa5, 0x54, 0x4a, 0x52, 0xaa, 0xaa, 0x55,
  0x55, 0x57, 0x5a, 0xed, 0xaa, 0xab, 0x5e, 0xb7, 0x76, 0xd5, 0xd2, 0xa9, 0x2a, 0xaa, 0xaa, 0xaa,
  0xaa, 0xaa, 0xed, 0xb5, 0x55, 0x27, 0xf2, 0xff, 0xdb, 0x57, 0xa8, 0x12, 0x45, 0x55, 0x55, 0x55,
  0x55, 0x2d, 0x56, 0xd6, 0xd4, 0xab, 0xfd, 0xda, 0xfd, 0xbf, 0xe9, 0x44, 0x95, 0x5b, 0x55, 0x55,
  0xaa, 0x95, 0xbb, 0x6d, 0x5a, 0xad, 0xdb, 0x7f, 0xae, 0xdd, 0xb0, 0x21, 0x2a, 0xaa, 0xaa, 0xaa,
  0x54, 0xaa, 0xd6, 0xb7, 0x6a, 0x97, 0xfe, 0xff, 0xfb, 0x77, 0xd4, 0x88, 0x45, 0x55, 0x5a, 0xab,
  0xaa, 0x4b, 0x7b, 0xda, 0xaa, 0xad, 0xd5, 0xed, 0xef, 0xbf, 0xe8, 0x25, 0x14, 0xaa, 0xaa, 0xad,
  0xaa, 0x8a, 0xae, 0xb7, 0x6a, 0xa7, 0xf6, 0xff, 0x7d, 0x57, 0x72, 0x80, 0x52, 0xad, 0x6a, 0xb5,
  0x54, 0x4a, 0xf7, 0xda, 0xda, 0x9f, 0x6b, 0xb7, 0xf7, 0xd7, 0xd8, 0x2a, 0x8a, 0xb5, 0xaa, 0xaa,
  0xaa, 0xa5, 0x5a, 0xed, 0xad, 0x55, 0xff, 0xfd, 0xbf, 0x77, 0x60, 0x80, 0x2a, 0xaa, 0xaa, 0xab,
  0xa9, 0x12, 0xaf, 0x5b, 0x75, 0x57, 0xbf, 0xf7, 0xfd, 0xfd, 0xf4, 0x15, 0x45, 0x55, 0x55, 0x55,
  0xaa, 0x45, 0x75, 0xee, 0xd6, 0xab, 0xf6, 0xde, 0xb7, 0xf7, 0x50, 0x80, 0x29, 0x55, 0x52, 0xaa,
  0xa9, 0x52, 0xae, 0xbb, 0x6a, 0xaa, 0xbf, 0xff, 0x7f, 0xdd, 0xa0, 0x12, 0x95, 0x55, 0xaa, 0xad,
  0xaa, 0x25, 0x5b, 0xd5, 0xba, 0xaa, 0xff, 0xfb, 0x7f, 0x7e, 0x42, 0x40, 0x44, 0xaa, 0xaa, 0xb5,
  0xd5, 0x42, 0xaa, 0xb6, 0xd6, 0xa4, 0xf6, 0xdf, 0xfb, 0xf6, 0x00, 0x0a, 0x2a, 0xad, 0x55, 0x55,
  0xa8, 0x91, 0x2a, 0xaa, 0xaa, 0x92, 0xdf, 0xfd, 0x7f, 0xdf, 0x08, 0x20, 0x82, 0x55, 0x55, 0x55,
  0xd5, 0x2a, 0x55, 0x55, 0x55, 0x49, 0x7f, 0xf7, 0xee, 0xfa, 0x81, 0x01, 0x29, 0x25, 0x45, 0x55,
  0xaa, 0x82, 0xab, 0x6e, 0xda, 0xa4, 0xfe, 0xde, 0xff, 0xbf, 0x04, 0x14, 0xad, 0xb5, 0x55, 0x55,
  0xd4, 0x5a, 0xdd, 0xb5, 0x6d, 0xb5, 0xfb, 0xff, 0x76, 0xed, 0x20, 0xab, 0x55, 0x56, 0xa9, 0x55,
  0xb2, 0xa5, 0x6a, 0xdb, 0xb6, 0xd4, 0xdf, 0xf5, 0xdf, 0xfb, 0x05, 0x55, 0x6a, 0xda, 0xd5, 0x55,
  0xd5, 0x16, 0xb7, 0x6d, 0x5b, 0x6a, 0x7f, 0x7e, 0x7d, 0xbe, 0x55, 0xad, 0xb7, 0x55, 0x6d, 0x55
};
// Author :- Ashish ( ashish_y_794 )
// Website : https://www.oledanimationmaker.com/

const uint8_t PROGMEM frame60[1024] = {
  0x55, 0xfe, 0xff, 0xfe, 0x00, 0x00, 0x00, 0x00, 0x00, 0x00, 0x00, 0x00, 0xaa, 0xaf, 0xfd, 0xc8,
  0x48, 0x85, 0x44, 0xaa, 0xd0, 0x44, 0x90, 0x00, 0x00, 0x00, 0x80, 0x02, 0xad, 0xaf, 0x56, 0xa4,
  0x55, 0x55, 0x55, 0x55, 0x42, 0x10, 0x00, 0x01, 0x28, 0x04, 0x12, 0x45, 0x6a, 0xab, 0xb7, 0xd2,
  0x4a, 0xaa, 0xaa, 0xab, 0x70, 0x01, 0x04, 0x54, 0xd7, 0x40, 0x40, 0x05, 0xb5, 0x54, 0x90, 0x24,
  0x29, 0x29, 0x55, 0x55, 0x40, 0x88, 0x41, 0x05, 0x2a, 0xa1, 0x00, 0x12, 0xaa, 0xa5, 0x4d, 0x90,
  0xa5, 0x55, 0x2a, 0xaa, 0xa8, 0x21, 0x14, 0x50, 0x12, 0x94, 0x09, 0x06, 0xaa, 0x54, 0xa4, 0x4a,
  0x55, 0x4a, 0xa9, 0x55, 0x51, 0x04, 0x01, 0x0b, 0xc8, 0x40, 0x20, 0x22, 0xa5, 0x25, 0x2a, 0xa0,
  0x29, 0x2a, 0xa5, 0x2a, 0x48, 0x20, 0x48, 0x2e, 0xb2, 0x11, 0x00, 0x85, 0x52, 0xaa, 0xa4, 0x94,
  0x95, 0x54, 0xaa, 0xa9, 0x51, 0x04, 0x02, 0xbb, 0xf8, 0x84, 0x04, 0x04, 0x94, 0x91, 0x2a, 0x50,
  0x4a, 0xaa, 0xaa, 0xa5, 0x54, 0x21, 0x20, 0x6e, 0xae, 0x20, 0x40, 0x0a, 0x55, 0x55, 0x52, 0x88,
  0x24, 0xa5, 0x55, 0x55, 0x50, 0x80, 0x09, 0xdb, 0xea, 0x01, 0x08, 0x85, 0x4a, 0x4a, 0x89, 0x54,
  0xaa, 0x95, 0x2a, 0xaa, 0xa8, 0x12, 0x42, 0xae, 0xad, 0x24, 0x00, 0x11, 0x29, 0x54, 0xaa, 0x41,
  0x25, 0x54, 0xa9, 0x55, 0x44, 0x80, 0x10, 0xcb, 0xc4, 0x00, 0x21, 0x04, 0xa5, 0x4a, 0x55, 0x28,
  0x54, 0xaa, 0xaa, 0xaa, 0x2a, 0x09, 0x04, 0xad, 0x76, 0x91, 0x00, 0x29, 0x54, 0xa9, 0x49, 0x54,
  0x25, 0x55, 0x55, 0x49, 0x54, 0x40, 0x40, 0xb7, 0xa8, 0x04, 0x04, 0xaa, 0x12, 0x95, 0x2a, 0x41,
  0x55, 0x2a, 0xaa, 0xaa, 0xab, 0x24, 0x12, 0x2d, 0x64, 0xa0, 0x10, 0x95, 0x4a, 0x52, 0xa5, 0x28,
  0x12, 0xa5, 0x55, 0x52, 0xb5, 0x40, 0x80, 0x8a, 0x90, 0x00, 0x80, 0x52, 0x25, 0x4a, 0xa9, 0x50,
  0x4a, 0xaa, 0xaa, 0xaa, 0xaa, 0x82, 0x16, 0x20, 0x05, 0xaa, 0x00, 0xaa, 0xa5, 0x54, 0x95, 0x24,
  0x29, 0x55, 0x55, 0x2a, 0xaa, 0x90, 0x15, 0xd2, 0xae, 0xd0, 0x02, 0x49, 0x51, 0x2a, 0xa9, 0x50,
  0x25, 0x55, 0x55, 0x55, 0x55, 0x40, 0xaf, 0xec, 0x5b, 0xe8, 0x48, 0x25, 0x54, 0xa4, 0xa5, 0x24,
  0x15, 0x2a, 0xaa, 0xaa, 0xaa, 0x84, 0x5d, 0xbf, 0xfe, 0xbd, 0x00, 0x55, 0x2a, 0x52, 0x94, 0x90,
  0x2a, 0xaa, 0xaa, 0x55, 0x55, 0x11, 0x6b, 0xf7, 0x77, 0xa4, 0x00, 0x54, 0xa5, 0x15, 0x55, 0x48,
  0x24, 0xaa, 0xa9, 0xaa, 0xda, 0x80, 0xa5, 0x5d, 0xfd, 0x47, 0x21, 0x2a, 0xaa, 0x4a, 0xaa, 0xa0,
  0x15, 0x55, 0x56, 0xad, 0x55, 0x45, 0xd1, 0xff, 0xaf, 0x11, 0x00, 0x4a, 0x95, 0x4a, 0x52, 0x50,
  0x2a, 0xaa, 0xa9, 0x55, 0x55, 0x11, 0x64, 0xb6, 0xfb, 0x46, 0x80, 0x29, 0x52, 0xa5, 0x4a, 0x88,
  0x09, 0x55, 0x56, 0xaa, 0xab, 0x42, 0xc8, 0xff, 0xdd, 0x13, 0xa4, 0xaa, 0xaa, 0x52, 0xaa, 0x60,
  0x25, 0x5a, 0xaa, 0xb5, 0xb5, 0x03, 0xa2, 0xb5, 0x77, 0x22, 0x80, 0x55, 0x55, 0x49, 0x29, 0x28,
  0x15, 0x55, 0x55, 0x56, 0xaa, 0x91, 0x69, 0x7f, 0xdd, 0x0a, 0xc0, 0xa4, 0x92, 0xa9, 0x55, 0x40,
  0x0a, 0xaa, 0xaa, 0xd5, 0x55, 0x45, 0xe4, 0xd5, 0x77, 0x45, 0x48, 0x55, 0x55, 0x54, 0xa4, 0xa8,
  0x15, 0x55, 0x55, 0x5a, 0xab, 0x42, 0xb3, 0xfe, 0xbd, 0xaf, 0x42, 0xaa, 0xaa, 0xaa, 0x52, 0x90,
  0x12, 0xaa, 0xad, 0x55, 0x55, 0x49, 0xed, 0x6b, 0x6e, 0xd5, 0x81, 0x25, 0x55, 0x55, 0x2a, 0x40,
  0x09, 0x24, 0xb5, 0xaa, 0xaa, 0xa1, 0x7f, 0xfd, 0xbb, 0x7a, 0x94, 0xaa, 0x4a, 0x4a, 0x84, 0x94,
  0x0a, 0x92, 0xaa, 0xb5, 0x55, 0x54, 0xab, 0x56, 0xdd, 0xd6, 0x82, 0xa9, 0x55, 0x55, 0x29, 0x20,
  0x04, 0xaa, 0xaa, 0xd6, 0xaa, 0xa0, 0xbe, 0xfd, 0x6f, 0x7a, 0x12, 0x95, 0x55, 0x54, 0x84, 0x00,
  0x00, 0x12, 0xd6, 0xaa, 0xaa, 0xda, 0x57, 0xb6, 0xb5, 0xaa, 0x4a, 0x55, 0x52, 0xab, 0x50, 0x80,
  0x00, 0x05, 0x5a, 0xb5, 0x52, 0x54, 0x15, 0xdd, 0x5d, 0x50, 0x25, 0x52, 0xaa, 0xaa, 0x80, 0x00,
  0x00, 0x05, 0x55, 0x56, 0xaa, 0xab, 0xa2, 0x6a, 0xa2, 0x02, 0xaa, 0xaa, 0x55, 0x55, 0x50, 0x10,
  0x00, 0x05, 0xab, 0x6a, 0xa5, 0x54, 0x80, 0x00, 0x00, 0x00, 0x52, 0x55, 0x4a, 0xaa, 0xa0, 0x80,
  0x00, 0x0a, 0xb5, 0xaa, 0xaa, 0xaa, 0x48, 0x05, 0xa0, 0x80, 0x0a, 0x92, 0xaa, 0xaa, 0x80, 0x00,
  0x00, 0x0a, 0xd6, 0xb6, 0xd4, 0xa9, 0x11, 0x2a, 0xa8, 0x0a, 0x25, 0x55, 0x55, 0x55, 0x64, 0x08,
  0x00, 0x0a, 0xaa, 0xd5, 0x55, 0x2a, 0x48, 0x17, 0xd2, 0x05, 0x09, 0x54, 0xaa, 0xaa, 0x90, 0x40,
  0x00, 0x15, 0x5b, 0x5b, 0x6a, 0xaa, 0xae, 0xbd, 0x78, 0xaa, 0xaa, 0x4a, 0x2a, 0xaa, 0xa1, 0x00,
  0x02, 0xd5, 0xad, 0x6d, 0xa9, 0x4a, 0xab, 0x57, 0xaf, 0xc4, 0x8a, 0xa1, 0x4a, 0xb5, 0x54, 0x90,
  0x5a, 0x56, 0xd5, 0xaa, 0xaa, 0xa9, 0xdd, 0x7d, 0xd5, 0x52, 0xa4, 0x9a, 0x2a, 0xca, 0xaa, 0xaa,
  0xaa, 0xaa, 0xb6, 0xdb, 0x55, 0x26, 0xf5, 0x56, 0xfa, 0xaf, 0x52, 0x44, 0xa5, 0x35, 0x55, 0x55,
  0xaa, 0x95, 0x5b, 0x6d, 0xb5, 0x53, 0xba, 0xff, 0x57, 0xab, 0xa5, 0x29, 0x2a, 0xd5, 0x55, 0x55,
  0xaa, 0xa5, 0xad, 0xb6, 0xd5, 0x2a, 0xfd, 0x5b, 0xfd, 0x7e, 0xd0, 0x92, 0x55, 0x55, 0xaa, 0xaa,
  0xd5, 0x52, 0xf6, 0xda, 0xad, 0x57, 0xef, 0xfe, 0xd6, 0xbb, 0xd2, 0x41, 0x25, 0x56, 0xaa, 0xad,
  0xaa, 0xaa, 0x9b, 0x6d, 0xd5, 0x4b, 0xfa, 0xbb, 0xfd, 0xdf, 0xa0, 0x14, 0x95, 0x55, 0x55, 0x56,
  0xd5, 0x21, 0x6d, 0xb6, 0xb5, 0x55, 0xb6, 0xff, 0xb7, 0x6f, 0xf5, 0x42, 0x55, 0x55, 0x55, 0x6a,
  0xb5, 0x4a, 0xb7, 0x6b, 0x6d, 0x57, 0xf5, 0xde, 0xfd, 0xbe, 0xa0, 0x10, 0x95, 0x5a, 0xaa, 0xab,
  0xd5, 0x51, 0x5b, 0xdd, 0xb5, 0x56, 0xdf, 0x77, 0xef, 0xa7, 0xe8, 0x8a, 0x52, 0xaa, 0xaa, 0xad,
  0xea, 0x8a, 0xad, 0x76, 0xdb, 0x55, 0xf7, 0xfd, 0xbf, 0xfd, 0xa0, 0x21, 0x2a, 0xaa, 0xab, 0x55,
  0x5a, 0x50, 0xb6, 0xdd, 0xb5, 0x57, 0xbf, 0xfe, 0xfd, 0xd7, 0x65, 0x08, 0x95, 0x55, 0xaa, 0xb6,
  0xea, 0xa5, 0x57, 0xee, 0xdd, 0x52, 0xff, 0xb7, 0xbf, 0xfd, 0xa0, 0x44, 0x4a, 0xb6, 0x95, 0x55,
  0xb5, 0x10, 0xaa, 0xb5, 0xb6, 0xaa, 0xbb, 0xfe, 0xfb, 0x7a, 0x80, 0x11, 0x25, 0x55, 0x55, 0x56,
  0xea, 0xca, 0x55, 0x5b, 0x55, 0xa9, 0x7f, 0x7b, 0x7f, 0xee, 0x09, 0x04, 0x95, 0x55, 0x55, 0x5b,
  0xba, 0x29, 0x2a, 0xd5, 0x6a, 0x94, 0xdf, 0xef, 0xee, 0xfa, 0x20, 0x41, 0x25, 0x55, 0x55, 0x6a,
  0xda, 0xa4, 0x45, 0x55, 0xaa, 0xa2, 0x7d, 0xfe, 0xff, 0xbe, 0x00, 0x08, 0x48, 0xaa, 0x95, 0x56,
  0xb5, 0x49, 0x5a, 0xad, 0x5b, 0x55, 0x7f, 0xbb, 0xdb, 0xea, 0x84, 0x95, 0x56, 0xaa, 0x55, 0x55,
  0xfa, 0xa4, 0xad, 0xdb, 0x6d, 0x54, 0xf7, 0xfe, 0xfe, 0xfe, 0x10, 0x55, 0x55, 0x5b, 0x4a, 0xaa,
  0xad, 0x12, 0xb6, 0xb6, 0xd6, 0xea, 0x5e, 0xef, 0x6f, 0xb6, 0x05, 0xaa, 0xdb, 0x6d, 0x55, 0x57,
  0xf6, 0xaa, 0xd5, 0xdb, 0x7b, 0x5d, 0x7f, 0xfa, 0xfb, 0xfa, 0xaa, 0xab, 0x6a, 0xb5, 0xaa, 0xaa,
  0xad, 0x4b, 0x7b, 0x6d, 0xad, 0xea, 0xb7, 0xbe, 0x5e, 0xdc, 0x5f, 0xfd, 0xb7, 0xd6, 0xd5, 0x5b
};
// Author :- Ashish ( ashish_y_794 )
// Website : https://www.oledanimationmaker.com/

const uint8_t PROGMEM frame61[1024] = {
  0x55, 0xff, 0x7f, 0xfc, 0x00, 0x01, 0x00, 0x00, 0x00, 0x00, 0x00, 0x00, 0x15, 0x57, 0xfd, 0xc0,
  0x24, 0x45, 0xa4, 0xaa, 0x80, 0x48, 0x50, 0x00, 0x00, 0x04, 0x92, 0x00, 0xd5, 0x5f, 0x56, 0xa8,
  0x93, 0x2a, 0x55, 0x55, 0x51, 0x02, 0x04, 0x00, 0x00, 0x00, 0x00, 0x46, 0xad, 0x57, 0xb6, 0xc0,
  0x54, 0xa9, 0x55, 0x56, 0xa8, 0x10, 0x40, 0x00, 0x00, 0x08, 0x88, 0x05, 0x55, 0xa4, 0x49, 0x28,
  0x2a, 0xaa, 0xaa, 0xaa, 0xd0, 0x41, 0x00, 0x15, 0x7a, 0x00, 0x01, 0x12, 0xea, 0xaa, 0xa5, 0x40,
  0x45, 0x55, 0x55, 0x55, 0x54, 0x04, 0x12, 0x82, 0x8d, 0xa2, 0x20, 0x07, 0x2a, 0x52, 0x94, 0xa8,
  0x2a, 0x4a, 0x4a, 0xaa, 0xa8, 0x90, 0x40, 0x28, 0x52, 0x90, 0x04, 0x09, 0x55, 0x4a, 0x52, 0x10,
  0x52, 0xa9, 0x54, 0xaa, 0xa4, 0x01, 0x0a, 0x85, 0x08, 0xa1, 0x10, 0x45, 0x52, 0xa9, 0x4a, 0xa0,
  0x0a, 0x55, 0x52, 0xa5, 0x28, 0x44, 0x00, 0x2d, 0xe4, 0x08, 0x40, 0x0a, 0xaa, 0x4a, 0x54, 0x88,
  0x55, 0x4a, 0xaa, 0x94, 0xaa, 0x10, 0x52, 0x5b, 0xb9, 0x41, 0x01, 0x0a, 0x49, 0x25, 0x4a, 0x50,
  0x12, 0xaa, 0x55, 0x55, 0x54, 0x01, 0x00, 0xb6, 0xec, 0x08, 0x04, 0x09, 0x55, 0x54, 0xa1, 0x40,
  0x29, 0x55, 0x4a, 0xaa, 0xa8, 0x90, 0x09, 0x6f, 0xba, 0x80, 0x10, 0x4a, 0x92, 0xaa, 0x5a, 0x90,
  0x0a, 0x49, 0x55, 0x55, 0x52, 0x04, 0x80, 0xb6, 0xcc, 0x24, 0x80, 0x04, 0xaa, 0x45, 0x24, 0x42,
  0x25, 0x55, 0x54, 0xaa, 0x88, 0x40, 0x2a, 0xcb, 0xd6, 0x80, 0x01, 0x12, 0x49, 0x32, 0x93, 0x28,
  0x12, 0xaa, 0xaa, 0xa5, 0x56, 0x12, 0x00, 0xae, 0xa8, 0x10, 0x20, 0x29, 0x2a, 0x95, 0x54, 0x81,
  0x15, 0x29, 0x25, 0x54, 0x2a, 0x80, 0x44, 0x5b, 0xf5, 0x02, 0x04, 0xa4, 0xa5, 0x54, 0xaa, 0x50,
  0x09, 0x55, 0x55, 0x55, 0x55, 0x48, 0x10, 0x2d, 0x20, 0x48, 0x41, 0x2a, 0x2a, 0x4a, 0x91, 0x44,
  0x25, 0x4a, 0xaa, 0xa9, 0x6a, 0xa1, 0x02, 0x84, 0x89, 0x00, 0x00, 0xa9, 0x49, 0x52, 0x4d, 0x20,
  0x14, 0xaa, 0xaa, 0xa5, 0xaa, 0x84, 0x4a, 0x51, 0x25, 0x52, 0x02, 0x4a, 0x95, 0x2a, 0xa2, 0x80,
  0x05, 0x55, 0x55, 0x55, 0x55, 0x50, 0x17, 0xa4, 0x17, 0xd0, 0x48, 0xa5, 0x42, 0xa5, 0x59, 0x50,
  0x12, 0xaa, 0xaa, 0x95, 0x55, 0x40, 0x9d, 0xfa, 0xfd, 0x69, 0x00, 0x54, 0xb1, 0x54, 0xa5, 0x00,
  0x0a, 0x55, 0x55, 0x55, 0x55, 0x42, 0x37, 0x6f, 0xb7, 0xbc, 0x00, 0x92, 0x94, 0x4a, 0x94, 0xa0,
  0x09, 0x4a, 0xaa, 0xaa, 0xaa, 0x88, 0x6f, 0xfd, 0xfd, 0xd5, 0x00, 0x55, 0x55, 0x2a, 0x52, 0x90,
  0x05, 0x35, 0x55, 0x56, 0xab, 0x40, 0xba, 0xdf, 0x6e, 0xea, 0x11, 0x55, 0x4a, 0x52, 0xaa, 0x40,
  0x0a, 0xaa, 0xaa, 0xaa, 0xb5, 0x42, 0xcf, 0x77, 0xfb, 0x55, 0x40, 0x4a, 0x55, 0x0a, 0xa9, 0x40,
  0x04, 0xaa, 0xaa, 0xb5, 0x55, 0x11, 0x61, 0xfd, 0x5e, 0x83, 0x01, 0x29, 0x52, 0xaa, 0x95, 0x22,
  0x0a, 0xaa, 0xaa, 0xaa, 0xaa, 0xc1, 0xaa, 0x57, 0xea, 0xaa, 0x80, 0xaa, 0xaa, 0xa4, 0xa5, 0x40,
  0x02, 0xaa, 0xaa, 0xab, 0x55, 0x45, 0x60, 0xfd, 0xbe, 0x05, 0x90, 0xa5, 0x29, 0x52, 0xaa, 0x20,
  0x0a, 0x55, 0x55, 0x55, 0x6a, 0x91, 0xd5, 0x5e, 0xeb, 0x55, 0x42, 0x54, 0xa5, 0x2a, 0x51, 0x40,
  0x02, 0xaa, 0xaa, 0xda, 0x95, 0x41, 0x69, 0xf5, 0xbd, 0x0b, 0x40, 0xaa, 0xaa, 0xa1, 0x4d, 0x00,
  0x05, 0x55, 0x55, 0x55, 0x6a, 0xd2, 0xf5, 0x5e, 0xb7, 0xed, 0x09, 0x4a, 0xaa, 0xad, 0x22, 0xa0,
  0x02, 0x4a, 0x56, 0xaa, 0x95, 0x41, 0x5f, 0xf5, 0x5d, 0x56, 0xa2, 0xa9, 0x55, 0x54, 0xa8, 0x40,
  0x05, 0x29, 0x55, 0x56, 0xd5, 0x54, 0xb5, 0x6f, 0xf7, 0xfb, 0x01, 0x25, 0x2a, 0xaa, 0x15, 0x00,
  0x00, 0xa4, 0xaa, 0xda, 0xaa, 0xa8, 0x6f, 0xdd, 0x2d, 0x55, 0x15, 0x55, 0x52, 0xa9, 0x42, 0x40,
  0x00, 0x52, 0xb5, 0x55, 0x52, 0x55, 0x3a, 0xf5, 0xbf, 0x6c, 0x45, 0x55, 0x4a, 0xa6, 0x20, 0x00,
  0x00, 0x02, 0xab, 0x55, 0x49, 0x54, 0x0f, 0x5e, 0xd5, 0xb1, 0x14, 0x94, 0xaa, 0xa9, 0x80, 0x00,
  0x00, 0x01, 0x55, 0x6d, 0xb5, 0x55, 0xa1, 0xb5, 0x6a, 0x40, 0x52, 0xaa, 0xaa, 0xac, 0x44, 0x20,
  0x00, 0x02, 0xad, 0xaa, 0xaa, 0xaa, 0x40, 0x02, 0x00, 0x02, 0x2a, 0xa5, 0x55, 0x53, 0x00, 0x80,
  0x00, 0x01, 0x6a, 0xaa, 0xa9, 0x24, 0x88, 0x49, 0x40, 0x00, 0x05, 0x2a, 0x55, 0x55, 0x40, 0x00,
  0x00, 0x02, 0xaa, 0xb6, 0xd5, 0x55, 0x04, 0x05, 0xa9, 0x08, 0x94, 0xa9, 0x55, 0x55, 0x42, 0x00,
  0x00, 0x05, 0x5b, 0x5b, 0x54, 0x94, 0xb5, 0x2e, 0xd0, 0x05, 0x2a, 0xa5, 0x2a, 0xaa, 0x80, 0x02,
  0x00, 0x05, 0xad, 0xaa, 0xb5, 0x55, 0x4e, 0x5b, 0x6d, 0xd4, 0x45, 0x54, 0x95, 0x55, 0x50, 0x08,
  0x01, 0x55, 0x6a, 0xda, 0xd5, 0x4a, 0xb5, 0x5d, 0xb5, 0x4a, 0x94, 0x92, 0x55, 0x55, 0x4b, 0x40,
  0x15, 0x55, 0x56, 0xad, 0x55, 0x29, 0x6d, 0x77, 0xdd, 0xa5, 0x4a, 0x49, 0x4a, 0xaa, 0xa9, 0x54,
  0xda, 0xaa, 0xb5, 0xd7, 0x6d, 0x55, 0xf5, 0x5d, 0x6b, 0x5b, 0x41, 0x24, 0xaa, 0xaa, 0xaa, 0xaa,
  0x6a, 0xa5, 0x5a, 0xba, 0xb5, 0x4a, 0xdd, 0xf7, 0xdd, 0xbf, 0xaa, 0x92, 0x55, 0x55, 0x4a, 0xab,
  0xaa, 0x95, 0x6f, 0x6b, 0xaa, 0xa5, 0xfa, 0xbe, 0xf6, 0xdb, 0x40, 0x49, 0x2a, 0xaa, 0xaa, 0xaa,
  0xf5, 0x51, 0x55, 0xb6, 0xda, 0xab, 0x7f, 0x7b, 0xbd, 0x7f, 0xea, 0x22, 0x95, 0x5b, 0x55, 0x55,
  0xaa, 0xac, 0xb6, 0xda, 0xad, 0x55, 0xea, 0xef, 0xef, 0xb6, 0xa0, 0x88, 0x55, 0x6a, 0xaa, 0xb6,
  0xf5, 0x52, 0xab, 0x6f, 0x76, 0xab, 0xfb, 0xff, 0x7a, 0xdf, 0xc4, 0x22, 0xaa, 0xaa, 0xad, 0xab,
  0xad, 0x48, 0x5d, 0xba, 0xd5, 0x53, 0x6d, 0x5b, 0xff, 0x5e, 0xa1, 0x08, 0x95, 0x55, 0x55, 0x5a,
  0xf5, 0x52, 0xab, 0xdb, 0x5b, 0x4b, 0xff, 0xfe, 0xd7, 0xef, 0xd0, 0xa2, 0x52, 0xaa, 0xaa, 0xab,
  0xad, 0x48, 0x55, 0x6d, 0xed, 0x6a, 0xdb, 0xf7, 0xff, 0x75, 0x44, 0x09, 0x2a, 0xaa, 0xaa, 0xb5,
  0xf5, 0x25, 0x57, 0xbb, 0x56, 0xaa, 0xff, 0xbd, 0x7d, 0xff, 0x41, 0x22, 0x4a, 0xb5, 0x55, 0x56,
  0xad, 0x54, 0x2a, 0xee, 0xfb, 0x55, 0x5e, 0xff, 0xbf, 0xd5, 0x10, 0x08, 0xaa, 0xd6, 0xaa, 0xdb,
  0xfa, 0xa2, 0xad, 0x5b, 0x4d, 0x52, 0xbb, 0xf6, 0xf7, 0x7c, 0x82, 0x42, 0x2a, 0xaa, 0x55, 0x55,
  0xae, 0xa9, 0x12, 0xd5, 0x75, 0xaa, 0x7f, 0xdf, 0x7d, 0xf4, 0x08, 0x11, 0x4a, 0xaa, 0xaa, 0xad,
  0xda, 0x94, 0x4a, 0xaa, 0x95, 0x51, 0x6f, 0xfd, 0xf7, 0xde, 0x20, 0x44, 0x25, 0x55, 0x55, 0x5a,
  0xbd, 0x42, 0x95, 0x55, 0xaa, 0xaa, 0x7e, 0xf7, 0xdf, 0x7a, 0x01, 0x02, 0xaa, 0xaa, 0x2a, 0xab,
  0xeb, 0x59, 0x2a, 0xba, 0xed, 0xa9, 0x7b, 0xde, 0xfd, 0xed, 0x00, 0x5a, 0xaa, 0xaa, 0xaa, 0xb5,
  0xbd, 0x44, 0xb6, 0xd7, 0x56, 0xad, 0x3f, 0xfd, 0xb7, 0xfc, 0x4a, 0xaa, 0xb5, 0x5a, 0xaa, 0xda,
  0xd7, 0x55, 0x5b, 0x6d, 0xbb, 0x75, 0x6f, 0x76, 0xff, 0x56, 0x15, 0x55, 0xad, 0xad, 0x55, 0x2d,
  0xbd, 0x52, 0xad, 0xb6, 0xd6, 0xda, 0xbb, 0xde, 0x6d, 0xfc, 0xb7, 0xb6, 0xd6, 0xeb, 0x52, 0xd5,
  0xeb, 0x4b, 0x76, 0xfb, 0xff, 0xb7, 0x5f, 0xfa, 0xbf, 0xb5, 0x6d, 0x7b, 0x7b, 0x5d, 0xad, 0x5a
};
// Author :- Ashish ( ashish_y_794 )
// Website : https://www.oledanimationmaker.com/

const uint8_t PROGMEM frame62[1024] = {
  0x05, 0xff, 0x7f, 0x6c, 0x00, 0x02, 0x00, 0x00, 0x00, 0x00, 0x0a, 0x00, 0x02, 0xaf, 0xfd, 0xc0,
  0x12, 0x45, 0xd5, 0xa0, 0x00, 0x28, 0xa0, 0x00, 0x00, 0x00, 0x25, 0x40, 0x0a, 0xaf, 0x56, 0x80,
  0x09, 0x2a, 0x55, 0x5a, 0x00, 0x81, 0x08, 0x00, 0x00, 0x00, 0x90, 0x08, 0x55, 0x57, 0xb5, 0xc0,
  0x05, 0x55, 0x55, 0x55, 0x40, 0x04, 0x22, 0x00, 0x00, 0x02, 0x04, 0x81, 0x55, 0x50, 0x8a, 0x00,
  0x15, 0x55, 0x55, 0x55, 0x52, 0x10, 0x00, 0x00, 0x00, 0x08, 0x50, 0x06, 0xb6, 0xad, 0x51, 0x00,
  0x02, 0xa9, 0x55, 0x56, 0xd8, 0x41, 0x20, 0x00, 0x00, 0x00, 0x00, 0x25, 0xaa, 0xa5, 0x2a, 0x43,
  0x0a, 0x4a, 0x95, 0x55, 0x56, 0x04, 0x09, 0x12, 0xaa, 0x02, 0x42, 0x0a, 0xaa, 0x52, 0x91, 0x05,
  0x05, 0x2a, 0x55, 0x55, 0x54, 0x10, 0x40, 0x49, 0x5d, 0x40, 0x08, 0x4a, 0xaa, 0x94, 0xa4, 0x86,
  0x08, 0xa9, 0x52, 0xaa, 0xaa, 0x41, 0x05, 0x04, 0x22, 0xa4, 0x20, 0x0a, 0xa9, 0x52, 0x55, 0x03,
  0x05, 0x55, 0x55, 0x2a, 0xaa, 0x04, 0x10, 0x51, 0x49, 0x10, 0x80, 0x0a, 0xa5, 0x2a, 0x88, 0x81,
  0x02, 0xa5, 0x4a, 0xa5, 0x52, 0x20, 0x42, 0x0b, 0x52, 0x42, 0x02, 0x4a, 0x54, 0xa5, 0x55, 0x00,
  0x04, 0x95, 0x2a, 0xaa, 0x4a, 0x84, 0x08, 0xae, 0xf8, 0x10, 0x10, 0x12, 0x92, 0x94, 0xa2, 0x00,
  0x02, 0x54, 0xa9, 0x55, 0x55, 0x11, 0x20, 0x37, 0xad, 0x00, 0x80, 0x09, 0x55, 0x52, 0x54, 0x83,
  0x05, 0x52, 0xaa, 0xaa, 0xaa, 0x00, 0x05, 0x5a, 0xf4, 0x48, 0x04, 0x95, 0x4a, 0x4a, 0x8a, 0x05,
  0x02, 0xaa, 0xaa, 0x95, 0x51, 0x49, 0x10, 0x6f, 0xae, 0x02, 0x20, 0x0a, 0x29, 0x55, 0x51, 0x55,
  0x01, 0x2a, 0xaa, 0x52, 0x4a, 0x80, 0x41, 0x22, 0xd2, 0xa0, 0x01, 0x21, 0xa5, 0x29, 0x2a, 0x06,
  0x04, 0x95, 0x49, 0xaa, 0xa5, 0x48, 0x04, 0x57, 0x66, 0x04, 0x04, 0x14, 0x55, 0x54, 0xa5, 0x25,
  0x02, 0xa4, 0xaa, 0x55, 0x1a, 0xa2, 0x20, 0x5b, 0xb8, 0x10, 0x90, 0x52, 0xa9, 0x4a, 0x92, 0x02,
  0x01, 0x2a, 0xaa, 0xaa, 0xaa, 0xa8, 0x85, 0x0c, 0xd2, 0x80, 0x01, 0x54, 0x4a, 0x52, 0x54, 0x88,
  0x02, 0xaa, 0xaa, 0xa9, 0x55, 0x50, 0x00, 0x42, 0x40, 0x22, 0x02, 0x93, 0x25, 0x2a, 0xaa, 0x00,
  0x00, 0x95, 0x55, 0x55, 0x55, 0x42, 0x2b, 0xa9, 0x15, 0x40, 0x21, 0x4a, 0x94, 0xa5, 0x44, 0x00,
  0x02, 0x55, 0x55, 0x55, 0x55, 0x68, 0x0e, 0xe8, 0x4b, 0xa8, 0x80, 0xa9, 0x45, 0x54, 0xa9, 0x40,
  0x01, 0x52, 0xaa, 0xaa, 0xaa, 0xa0, 0xab, 0xbf, 0x7e, 0xe8, 0x05, 0x2a, 0x52, 0x92, 0x94, 0x00,
  0x01, 0x2a, 0xaa, 0xaa, 0xb5, 0x42, 0x3f, 0xf7, 0xd7, 0x74, 0x00, 0xa5, 0x51, 0x55, 0x52, 0x00,
  0x00, 0xaa, 0xaa, 0xaa, 0xab, 0x50, 0x55, 0x6d, 0x7d, 0xad, 0x11, 0x55, 0x2c, 0x55, 0x29, 0x00,
  0x05, 0x4a, 0xaa, 0xaa, 0xaa, 0xa0, 0xbf, 0xff, 0xef, 0x74, 0x40, 0x94, 0xa2, 0xaa, 0xa4, 0x10,
  0x00, 0x55, 0x55, 0x55, 0x55, 0x48, 0xc2, 0xb6, 0xfa, 0xab, 0x01, 0x52, 0xaa, 0x24, 0x95, 0x00,
  0x00, 0xaa, 0xaa, 0xaa, 0xaa, 0xa2, 0x68, 0xbf, 0xad, 0x45, 0x01, 0x4a, 0xaa, 0x95, 0x52, 0x00,
  0x00, 0x95, 0x55, 0x55, 0xb5, 0x50, 0xe5, 0x6a, 0xfe, 0x15, 0x04, 0xaa, 0x95, 0x52, 0xa9, 0x00,
  0x00, 0xaa, 0xaa, 0xaa, 0xab, 0x41, 0x50, 0xbf, 0xaa, 0x86, 0x81, 0x2a, 0x55, 0x4a, 0x4a, 0x00,
  0x00, 0xa5, 0x55, 0x5a, 0xaa, 0xb4, 0xfa, 0xea, 0xfd, 0x2b, 0x22, 0xa9, 0x52, 0xa5, 0x24, 0x00,
  0x00, 0x55, 0x4a, 0xab, 0x55, 0x50, 0x5a, 0xbe, 0xab, 0x55, 0x09, 0x55, 0x55, 0x29, 0x52, 0x10,
  0x00, 0x94, 0xaa, 0xd5, 0x6a, 0xa9, 0x6f, 0xeb, 0x5e, 0xae, 0x82, 0x4a, 0xaa, 0xa4, 0x89, 0x00,
  0x00, 0x52, 0x55, 0x55, 0x55, 0x54, 0x3a, 0xfd, 0x77, 0xf5, 0x25, 0x55, 0x55, 0x52, 0x50, 0x00,
  0x00, 0x0a, 0x96, 0xad, 0xaa, 0xaa, 0x57, 0x57, 0x5a, 0xac, 0x0a, 0xa9, 0x2a, 0xa9, 0x04, 0x00,
  0x00, 0x00, 0x55, 0x55, 0x54, 0xaa, 0x1b, 0xfd, 0x6f, 0x75, 0x24, 0x95, 0x55, 0x54, 0x00, 0x00,
  0x00, 0x00, 0x55, 0x6a, 0xaa, 0xab, 0xa5, 0x56, 0xda, 0xa8, 0x12, 0xaa, 0xaa, 0xaa, 0x10, 0x00,
  0x00, 0x00, 0x5a, 0xad, 0xaa, 0x94, 0x40, 0xaa, 0xa9, 0x40, 0xaa, 0xa4, 0xa5, 0x54, 0x01, 0x08,
  0x00, 0x00, 0x55, 0xb6, 0xaa, 0x55, 0x08, 0x00, 0x00, 0x00, 0x14, 0x95, 0x55, 0x52, 0x00, 0x00,
  0x00, 0x00, 0xaa, 0xaa, 0xb5, 0x55, 0x24, 0x15, 0xc4, 0x04, 0x92, 0xaa, 0xaa, 0xaa, 0x20, 0x00,
  0x00, 0x00, 0xad, 0xb5, 0xaa, 0xa4, 0xaa, 0x8b, 0x68, 0xa2, 0x55, 0x52, 0x55, 0x54, 0x84, 0x00,
  0x00, 0x04, 0xb5, 0x56, 0xb5, 0x55, 0x4e, 0x5e, 0xb1, 0xd4, 0x2a, 0x4a, 0xaa, 0xaa, 0x00, 0x44,
  0x00, 0x52, 0xaa, 0xda, 0xd6, 0x95, 0x55, 0x6b, 0xdc, 0xa2, 0x92, 0xaa, 0x95, 0x55, 0x54, 0x00,
  0x05, 0x55, 0x57, 0x6b, 0x5a, 0xa9, 0x75, 0x5e, 0xab, 0x54, 0xa9, 0x54, 0xaa, 0xaa, 0xab, 0x50,
  0x35, 0x54, 0xaa, 0xad, 0x6a, 0xa5, 0xda, 0xf7, 0xf6, 0xaa, 0x85, 0x22, 0x55, 0x55, 0x29, 0x54,
  0xdb, 0x52, 0xb5, 0xb6, 0xad, 0x55, 0x7d, 0xbd, 0x5b, 0x57, 0x54, 0x95, 0x55, 0x55, 0x55, 0x57,
  0xb5, 0x55, 0x2e, 0xdb, 0xd5, 0x4a, 0xf6, 0xef, 0xed, 0xbf, 0xa2, 0x41, 0x2a, 0xaa, 0xaa, 0xaa,
  0xfe, 0xaa, 0xaa, 0xb5, 0x76, 0xab, 0xfd, 0xbb, 0x76, 0xb6, 0xc9, 0x2a, 0xaa, 0xd5, 0x55, 0xbd,
  0xab, 0x54, 0x2b, 0xde, 0xaa, 0xa9, 0xb5, 0xff, 0xbd, 0xbf, 0x40, 0x80, 0x95, 0x55, 0x56, 0xa6,
  0xfd, 0x53, 0x55, 0x6b, 0xb7, 0x55, 0xfd, 0x5b, 0xee, 0xd7, 0xd4, 0x2a, 0x55, 0x5a, 0xaa, 0xba,
  0xab, 0x54, 0x8d, 0xbd, 0x6d, 0x55, 0xdb, 0xfe, 0xf7, 0x5d, 0x41, 0x02, 0xaa, 0xaa, 0xaa, 0xd5,
  0xde, 0xaa, 0x2a, 0xd7, 0xb5, 0xaa, 0xff, 0xeb, 0xbf, 0xef, 0xa4, 0x51, 0x2a, 0xaa, 0xab, 0x55,
  0xb5, 0xa9, 0x4b, 0x7a, 0xde, 0xd5, 0xae, 0xfe, 0xfb, 0x75, 0x41, 0x0a, 0xaa, 0xd5, 0x55, 0x6a,
  0xef, 0x54, 0x95, 0xaf, 0x6a, 0xaa, 0xff, 0xbf, 0x6f, 0xdb, 0x48, 0x40, 0x55, 0x55, 0x5a, 0xb5,
  0xbb, 0xaa, 0x45, 0x75, 0xb6, 0xd4, 0x2e, 0xf6, 0xfe, 0xfa, 0x01, 0x15, 0x4a, 0xaa, 0xaa, 0xd6,
  0xdd, 0x51, 0x15, 0x56, 0xdb, 0x55, 0xbf, 0xff, 0x7b, 0xec, 0x20, 0x01, 0x2a, 0xb5, 0x55, 0x55,
  0xb7, 0xaa, 0xa2, 0x55, 0x55, 0x52, 0x77, 0xdb, 0xef, 0xba, 0x04, 0x4a, 0x55, 0x52, 0xaa, 0xda,
  0xed, 0xd4, 0x49, 0x55, 0x55, 0x54, 0x9e, 0xfe, 0xfe, 0xf4, 0x00, 0x01, 0x2a, 0xa9, 0x55, 0x6a,
  0xbb, 0x52, 0x8a, 0xad, 0xaa, 0xd5, 0x3f, 0xf7, 0xbb, 0xdc, 0x92, 0xb5, 0x55, 0x55, 0x55, 0xab,
  0xdd, 0xd4, 0x56, 0xd6, 0xdf, 0x6a, 0xbb, 0xbd, 0x7f, 0x74, 0x04, 0xad, 0x55, 0xaa, 0x55, 0x54,
  0xb7, 0x6a, 0xab, 0x7b, 0x69, 0xb6, 0x5f, 0xef, 0xed, 0xfd, 0x35, 0x55, 0xb6, 0xb5, 0x55, 0xab,
  0xda, 0xd2, 0xad, 0xad, 0xb6, 0xdb, 0xb6, 0xfa, 0x7f, 0xa8, 0xd7, 0xb6, 0xda, 0xdb, 0x55, 0x6d,
  0xbf, 0x6a, 0xb6, 0xdb, 0x7f, 0xbd, 0x5f, 0xbe, 0x2a, 0xfb, 0x7d, 0x6d, 0x6d, 0xad, 0x55, 0x55,
  0xeb, 0xa9, 0x7b, 0xff, 0xd5, 0xef, 0xe5, 0xea, 0xdf, 0xab, 0xd7, 0xdb, 0xb6, 0xf6, 0xd5, 0xaa
};
// Author :- Ashish ( ashish_y_794 )
// Website : https://www.oledanimationmaker.com/

const uint8_t PROGMEM frame63[1024] = {
  0x04, 0xef, 0x76, 0x54, 0x00, 0x00, 0x00, 0x00, 0x00, 0x00, 0x08, 0x00, 0x00, 0xaf, 0xb6, 0xc0,
  0x02, 0x95, 0xab, 0x40, 0x00, 0x4a, 0x80, 0x00, 0x00, 0x00, 0x21, 0x00, 0x02, 0xa7, 0x5a, 0x80,
  0x02, 0x52, 0x5a, 0xa8, 0x00, 0x00, 0x20, 0x00, 0x00, 0x00, 0x04, 0x20, 0x15, 0x55, 0xad, 0x80,
  0x05, 0x49, 0x4a, 0xaa, 0x00, 0x41, 0x08, 0x00, 0x00, 0x00, 0x90, 0x00, 0xaa, 0x94, 0xa2, 0x00,
  0x00, 0xaa, 0xaa, 0xaa, 0xc1, 0x08, 0x22, 0x00, 0x00, 0x02, 0x00, 0x05, 0x55, 0x55, 0x14, 0x00,
  0x05, 0x15, 0x55, 0x55, 0x28, 0x00, 0x80, 0x00, 0x00, 0x00, 0x21, 0x25, 0x54, 0xa4, 0xa1, 0x03,
  0x01, 0x52, 0x49, 0x2a, 0xd5, 0x08, 0x00, 0x00, 0x00, 0x08, 0x84, 0x0a, 0xaa, 0x92, 0x4a, 0x0a,
  0x04, 0x89, 0x2a, 0xa5, 0x55, 0x02, 0x24, 0x89, 0x50, 0x00, 0x00, 0x0a, 0xaa, 0x49, 0x24, 0x0f,
  0x01, 0x55, 0x54, 0xaa, 0xaa, 0x20, 0x00, 0x24, 0xaf, 0x02, 0x10, 0x4a, 0xa5, 0x2a, 0x91, 0x15,
  0x02, 0x2a, 0x92, 0x94, 0x95, 0x04, 0x92, 0x41, 0x11, 0x50, 0x41, 0x0a, 0x91, 0x52, 0x4a, 0x0f,
  0x01, 0x44, 0x4a, 0x52, 0xa8, 0x80, 0x00, 0x14, 0x44, 0x80, 0x00, 0x09, 0x54, 0x89, 0x24, 0x03,
  0x01, 0x2a, 0xa9, 0x4a, 0x55, 0x12, 0x49, 0x03, 0x52, 0x24, 0x88, 0x14, 0x8a, 0x54, 0xa9, 0x01,
  0x02, 0x52, 0xa5, 0x55, 0x4a, 0x80, 0x00, 0x5d, 0xb4, 0x00, 0x01, 0x12, 0x52, 0xa5, 0x10, 0x05,
  0x00, 0x94, 0x95, 0x2a, 0xa4, 0x08, 0x89, 0x2b, 0x69, 0x24, 0x20, 0x0a, 0xa9, 0x12, 0xa5, 0x06,
  0x01, 0x4a, 0x54, 0xa4, 0x95, 0x40, 0x00, 0x5d, 0xdc, 0x00, 0x84, 0x52, 0x44, 0xa8, 0x92, 0x15,
  0x00, 0x25, 0x4a, 0xaa, 0x51, 0x12, 0x49, 0x26, 0xb6, 0x90, 0x00, 0x09, 0x2a, 0x95, 0x48, 0x56,
  0x01, 0x52, 0xa9, 0x52, 0xaa, 0x80, 0x00, 0x6b, 0xc4, 0x02, 0x02, 0x24, 0xa4, 0xa4, 0x24, 0x15,
  0x00, 0x94, 0x4a, 0x4a, 0x85, 0x68, 0x24, 0x25, 0x6a, 0x40, 0x20, 0x42, 0x95, 0x2a, 0xa9, 0x0a,
  0x01, 0x4a, 0xa9, 0x55, 0x35, 0x22, 0x81, 0x36, 0xa9, 0x08, 0x01, 0x28, 0x52, 0x91, 0x44, 0x20,
  0x00, 0x25, 0x55, 0x48, 0x95, 0x50, 0x04, 0x0a, 0xd4, 0x01, 0x04, 0x95, 0x28, 0xaa, 0x28, 0x80,
  0x00, 0x94, 0x92, 0xaa, 0xaa, 0xa8, 0x21, 0x45, 0x20, 0x48, 0x11, 0x52, 0x45, 0x12, 0xa4, 0x00,
  0x00, 0x52, 0xaa, 0xaa, 0xaa, 0xa1, 0x0a, 0xa0, 0x05, 0x20, 0x01, 0x2a, 0x94, 0xc9, 0x52, 0x00,
  0x00, 0x95, 0x55, 0x52, 0xa9, 0x50, 0x0b, 0xb5, 0x55, 0xa1, 0x01, 0x44, 0x8a, 0x2a, 0x08, 0x00,
  0x00, 0x4a, 0x4a, 0x4a, 0xaa, 0xa4, 0x56, 0xdd, 0x5e, 0xd4, 0x04, 0xaa, 0x61, 0xa5, 0x64, 0x00,
  0x00, 0xa5, 0x55, 0x55, 0x55, 0x50, 0x2f, 0x77, 0x77, 0x68, 0x21, 0x12, 0x94, 0x52, 0x90, 0x00,
  0x00, 0x14, 0xaa, 0xaa, 0xaa, 0x81, 0x3a, 0xed, 0xda, 0xb4, 0x80, 0xa9, 0x49, 0x29, 0x4a, 0x10,
  0x00, 0x52, 0xa9, 0x2a, 0x55, 0x68, 0x4b, 0xbf, 0x77, 0xda, 0x02, 0x4a, 0x54, 0x94, 0xa8, 0x00,
  0x00, 0x4a, 0xa5, 0x55, 0x52, 0x90, 0xb4, 0xd5, 0xdd, 0x24, 0x01, 0x55, 0x24, 0x52, 0x44, 0x00,
  0x00, 0x2a, 0xaa, 0xaa, 0xaa, 0xa0, 0xd2, 0x7e, 0xb5, 0x4b, 0x01, 0x22, 0xab, 0x2a, 0xa8, 0x40,
  0x00, 0x52, 0xaa, 0xaa, 0xaa, 0xa4, 0x61, 0x2b, 0xdc, 0x05, 0x12, 0x99, 0x24, 0x92, 0x24, 0x00,
  0x00, 0x0a, 0xa9, 0x55, 0x55, 0x51, 0x58, 0xf6, 0xb6, 0xaa, 0x80, 0xa4, 0xaa, 0x89, 0x48, 0x00,
  0x00, 0x55, 0x25, 0x55, 0x55, 0x50, 0x6a, 0x5b, 0x6a, 0x0a, 0x05, 0x55, 0x49, 0x55, 0x22, 0x00,
  0x00, 0x28, 0x95, 0x55, 0x55, 0x54, 0xbd, 0xb5, 0x5f, 0x57, 0x22, 0x25, 0x2a, 0x42, 0x50, 0x00,
  0x00, 0x12, 0xa5, 0x55, 0x55, 0x54, 0x56, 0xee, 0xb5, 0xb4, 0x89, 0x92, 0xa5, 0x54, 0x88, 0x00,
  0x00, 0x0a, 0x55, 0x55, 0x55, 0x55, 0x2b, 0x7b, 0x5a, 0xda, 0x04, 0x54, 0x95, 0x50, 0x20, 0x00,
  0x00, 0x00, 0x8a, 0xaa, 0xaa, 0xaa, 0x16, 0xd5, 0x5f, 0x54, 0x2a, 0xaa, 0x54, 0xa4, 0x80, 0x00,
  0x00, 0x00, 0x2a, 0xaa, 0xaa, 0xa9, 0x4b, 0x6d, 0x69, 0x6a, 0x02, 0x92, 0xaa, 0x90, 0x00, 0x10,
  0x00, 0x00, 0x15, 0x55, 0x55, 0x55, 0x21, 0x36, 0xad, 0x50, 0xaa, 0x4a, 0xa5, 0x54, 0x04, 0x40,
  0x00, 0x00, 0x2a, 0xaa, 0xaa, 0xaa, 0x48, 0x01, 0x10, 0x00, 0x15, 0x54, 0x95, 0x50, 0x10, 0x00,
  0x00, 0x00, 0x2a, 0xaa, 0xaa, 0xaa, 0x8d, 0x12, 0x40, 0x00, 0x48, 0xa5, 0x54, 0x94, 0x80, 0x00,
  0x00, 0x00, 0x55, 0x55, 0x55, 0x55, 0x54, 0x4b, 0x42, 0x4a, 0xa5, 0x14, 0xaa, 0xaa, 0x00, 0x00,
  0x00, 0x00, 0x2a, 0xab, 0x55, 0x54, 0xab, 0x2a, 0xe8, 0xd2, 0x2a, 0xaa, 0xaa, 0xa8, 0x00, 0x00,
  0x00, 0x2a, 0xaa, 0xda, 0xaa, 0xa5, 0x4a, 0xb7, 0x55, 0x49, 0x49, 0x55, 0x55, 0x54, 0xa9, 0x00,
  0x01, 0x49, 0x55, 0x55, 0x6a, 0x95, 0x74, 0xda, 0xda, 0xa4, 0x24, 0x92, 0xa4, 0xa5, 0x54, 0x90,
  0x16, 0xa5, 0x2a, 0xad, 0xaa, 0xa9, 0xb5, 0x6f, 0x6d, 0x53, 0xaa, 0x4a, 0x55, 0x54, 0x92, 0xa8,
  0x6a, 0xaa, 0xab, 0x6a, 0xaa, 0xaa, 0xfa, 0xda, 0xb5, 0x5d, 0x49, 0x55, 0x55, 0x55, 0x55, 0x56,
  0xbd, 0x55, 0x2a, 0xb6, 0xd5, 0x55, 0x56, 0xf7, 0xda, 0xab, 0x55, 0x29, 0x55, 0x55, 0x55, 0x55,
  0xd6, 0xa9, 0x4b, 0x5b, 0x5a, 0xa5, 0xfa, 0xad, 0x6d, 0x5f, 0xa2, 0x95, 0x2a, 0xaa, 0xaa, 0xb6,
  0xbb, 0x54, 0x95, 0xad, 0x6a, 0x95, 0x5a, 0xff, 0xb6, 0xaa, 0xa8, 0x49, 0x55, 0x52, 0x55, 0x55,
  0xd5, 0xaa, 0x4a, 0xd5, 0xaa, 0xa9, 0xf5, 0xaa, 0xda, 0xaf, 0x42, 0xa4, 0xaa, 0x95, 0x55, 0x54,
  0x6e, 0xa5, 0x0a, 0xbe, 0xaa, 0xaa, 0xbe, 0xfd, 0xef, 0xad, 0x49, 0x12, 0x94, 0xaa, 0xaa, 0xab,
  0xb5, 0xa8, 0xa5, 0x55, 0xb6, 0xa9, 0x6b, 0xab, 0x5d, 0xd6, 0x80, 0xaa, 0x52, 0xa9, 0x55, 0x6a,
  0xde, 0xd5, 0x12, 0xda, 0xdb, 0x55, 0x5f, 0xfe, 0xf7, 0x75, 0x4a, 0x05, 0x55, 0x55, 0x4a, 0xaa,
  0x6b, 0x54, 0xa5, 0x6f, 0x6a, 0xaa, 0xb6, 0xdb, 0x7d, 0xda, 0x00, 0x50, 0xaa, 0xaa, 0xaa, 0xd5,
  0xb5, 0xaa, 0x05, 0x2a, 0xad, 0x54, 0x5f, 0x7e, 0xdf, 0x74, 0x21, 0x05, 0x2a, 0xa4, 0xaa, 0xaa,
  0xde, 0xd1, 0x51, 0x55, 0x55, 0x52, 0xad, 0xeb, 0x75, 0xd8, 0x04, 0x20, 0x95, 0x52, 0xaa, 0xaa,
  0x6b, 0x6c, 0x84, 0xaa, 0xaa, 0xa9, 0x3f, 0xbe, 0xef, 0x74, 0x80, 0x0a, 0x55, 0x55, 0x55, 0xaa,
  0xb5, 0xa5, 0x2a, 0x55, 0x55, 0x54, 0xab, 0x77, 0xbb, 0xda, 0x00, 0x81, 0x22, 0x8a, 0x95, 0x55,
  0xde, 0xd8, 0x92, 0xaa, 0xb5, 0x55, 0x3f, 0xed, 0x7d, 0x74, 0x12, 0x5d, 0x5a, 0xb1, 0x55, 0x55,
  0x6b, 0x6a, 0x4a, 0xad, 0xad, 0xaa, 0x55, 0xbd, 0xd7, 0xd8, 0x4a, 0xa5, 0x55, 0x54, 0xaa, 0xaa,
  0xb5, 0xaa, 0xaa, 0xd6, 0xd6, 0xb5, 0x9f, 0x76, 0x7d, 0x6a, 0x2a, 0xb5, 0x55, 0x56, 0x95, 0x55,
  0xde, 0xe9, 0x2b, 0x75, 0x75, 0xde, 0xd5, 0xdb, 0x57, 0xdb, 0xd6, 0xdb, 0x6d, 0xaa, 0x55, 0x54,
  0x6b, 0x54, 0xad, 0xaf, 0xae, 0xeb, 0x6f, 0x7c, 0x3a, 0xb2, 0xbb, 0x6d, 0xb6, 0xdb, 0xaa, 0xab,
  0xb5, 0x75, 0x76, 0xf5, 0x77, 0x5d, 0xd5, 0xd5, 0xd7, 0x6e, 0xed, 0xaa, 0xd5, 0x6a, 0xa5, 0x54
};
// Author :- Ashish ( ashish_y_794 )
// Website : https://www.oledanimationmaker.com/

const uint8_t PROGMEM frame64[1024] = {
  0x02, 0xdd, 0xd5, 0x48, 0x00, 0x00, 0x00, 0x00, 0x00, 0x00, 0x00, 0x00, 0x00, 0x4f, 0x75, 0x80,
  0x04, 0x45, 0x5a, 0x80, 0x00, 0x12, 0x00, 0x00, 0x00, 0x00, 0x2a, 0x00, 0x01, 0x25, 0x96, 0x80,
  0x01, 0x2a, 0x4a, 0x50, 0x00, 0x80, 0xa0, 0x00, 0x00, 0x00, 0x00, 0x40, 0x0a, 0xae, 0xa9, 0x40,
  0x01, 0x51, 0x2a, 0xaa, 0x00, 0x08, 0x04, 0x00, 0x00, 0x00, 0x40, 0x00, 0x55, 0x51, 0x24, 0x00,
  0x02, 0x0a, 0xaa, 0xa5, 0x40, 0x21, 0x20, 0x00, 0x00, 0x01, 0x09, 0x12, 0xa4, 0x8a, 0x49, 0x00,
  0x01, 0x64, 0xa4, 0x95, 0x20, 0x80, 0x02, 0x00, 0x00, 0x04, 0x00, 0x05, 0x2a, 0x51, 0x22, 0x02,
  0x00, 0x92, 0x52, 0xaa, 0xad, 0x02, 0x08, 0x00, 0x00, 0x00, 0x20, 0x09, 0x55, 0x4a, 0x90, 0x05,
  0x02, 0x4a, 0x8a, 0x52, 0xaa, 0x08, 0x40, 0x00, 0x00, 0x00, 0x84, 0x8a, 0xa4, 0xa4, 0x4a, 0x1b,
  0x01, 0x24, 0x55, 0x29, 0x52, 0x00, 0x00, 0x95, 0x7c, 0x08, 0x00, 0x15, 0x52, 0x12, 0x80, 0x0d,
  0x00, 0x92, 0xa2, 0x94, 0x89, 0x21, 0x12, 0x00, 0x83, 0x40, 0x10, 0x0a, 0x29, 0x48, 0x54, 0x17,
  0x02, 0x49, 0x14, 0x4a, 0x55, 0x04, 0x00, 0x4a, 0x28, 0x91, 0x01, 0x12, 0x84, 0xa5, 0x22, 0x0b,
  0x00, 0x94, 0xaa, 0xa5, 0x52, 0x00, 0x49, 0x01, 0x42, 0x40, 0x20, 0x09, 0x52, 0x12, 0x94, 0x07,
  0x01, 0x22, 0x91, 0x29, 0x29, 0x48, 0x00, 0x2e, 0xb0, 0x04, 0x04, 0x24, 0x49, 0x54, 0x40, 0x02,
  0x00, 0x4a, 0x4a, 0x94, 0x8a, 0x81, 0x22, 0x15, 0xad, 0x10, 0x80, 0x12, 0xa5, 0x22, 0x94, 0x0b,
  0x01, 0x29, 0x29, 0x4a, 0x64, 0x04, 0x00, 0xb6, 0xd4, 0x00, 0x01, 0x29, 0x12, 0x94, 0x48, 0x55,
  0x00, 0x44, 0xa4, 0xa2, 0x92, 0xa0, 0x12, 0x2b, 0x6a, 0x42, 0x10, 0x04, 0xa8, 0x49, 0x22, 0x15,
  0x00, 0x92, 0x92, 0x54, 0xa9, 0x01, 0x00, 0x52, 0xa5, 0x08, 0x02, 0x2a, 0x45, 0x24, 0x94, 0xaa,
  0x00, 0x4a, 0x4a, 0x92, 0x44, 0xd4, 0x21, 0x25, 0xaa, 0x00, 0x00, 0x01, 0x2a, 0x92, 0x40, 0x15,
  0x00, 0x91, 0x29, 0x4a, 0x92, 0x48, 0x04, 0x2a, 0xd4, 0x20, 0x90, 0xa8, 0x90, 0x49, 0x2a, 0x08,
  0x00, 0x2a, 0xa4, 0xa9, 0x2a, 0xa0, 0x40, 0x96, 0xa8, 0x82, 0x02, 0x52, 0x4a, 0xa5, 0x48, 0x20,
  0x00, 0x84, 0x95, 0x24, 0x95, 0x29, 0x04, 0x02, 0x40, 0x08, 0x01, 0x24, 0x52, 0x52, 0x20, 0x00,
  0x00, 0x52, 0x52, 0x95, 0x52, 0xa0, 0x12, 0xa8, 0x92, 0x80, 0x04, 0x92, 0x89, 0x09, 0x4a, 0x00,
  0x00, 0x15, 0x4a, 0x52, 0x4a, 0x50, 0x05, 0xa2, 0x0a, 0xa0, 0x11, 0x4a, 0x24, 0xaa, 0x20, 0x00,
  0x00, 0x49, 0x29, 0x55, 0x55, 0x49, 0x2e, 0xdc, 0xb6, 0xd2, 0x40, 0x91, 0x42, 0x51, 0x54, 0x00,
  0x00, 0x24, 0xaa, 0xa4, 0xa9, 0x20, 0x15, 0x77, 0x5b, 0x50, 0x02, 0x4a, 0xa9, 0x25, 0x00, 0x00,
  0x00, 0x52, 0xa5, 0x12, 0x95, 0x50, 0xad, 0xda, 0xed, 0x6c, 0x01, 0x29, 0x12, 0x94, 0xa8, 0x00,
  0x00, 0x0a, 0x54, 0xaa, 0xaa, 0xa4, 0x2b, 0x6d, 0xb6, 0xaa, 0x00, 0x94, 0xa4, 0x4a, 0x52, 0x20,
  0x00, 0x25, 0x4a, 0xaa, 0x52, 0x50, 0xaa, 0xb7, 0x6b, 0x54, 0x05, 0x42, 0x49, 0x21, 0x08, 0x00,
  0x00, 0x29, 0x29, 0x25, 0x4a, 0x80, 0x60, 0x5a, 0xdc, 0x85, 0x20, 0x2a, 0x94, 0x55, 0x50, 0x00,
  0x00, 0x12, 0xa4, 0xaa, 0xaa, 0xb2, 0xb5, 0x6d, 0xaa, 0x25, 0x02, 0xa9, 0x4a, 0x94, 0x88, 0x00,
  0x00, 0x49, 0x55, 0x55, 0x29, 0x48, 0x50, 0x56, 0xda, 0x8a, 0x01, 0x44, 0x22, 0x42, 0x50, 0x00,
  0x00, 0x14, 0x92, 0xa4, 0xaa, 0xa0, 0x5a, 0xba, 0xad, 0x0a, 0x8a, 0x2a, 0xa9, 0x29, 0x08, 0x00,
  0x00, 0x0a, 0x4a, 0x55, 0x55, 0x2a, 0x55, 0x55, 0x55, 0x2a, 0x01, 0x52, 0x95, 0x44, 0xa0, 0x00,
  0x00, 0x21, 0x25, 0x55, 0x4a, 0xa8, 0x5a, 0xed, 0x7a, 0xaa, 0x94, 0x89, 0x4a, 0x22, 0x14, 0x40,
  0x00, 0x0a, 0x92, 0x92, 0xa9, 0x55, 0x2b, 0x56, 0x97, 0x6a, 0x02, 0x54, 0x25, 0x51, 0x40, 0x00,
  0x00, 0x00, 0x4a, 0x55, 0x55, 0x2a, 0x15, 0xba, 0xaa, 0xac, 0x15, 0x4a, 0xa9, 0x24, 0x00, 0x00,
  0x00, 0x00, 0x15, 0x55, 0x2a, 0xa5, 0x4a, 0xd5, 0x5a, 0xb0, 0x84, 0xa2, 0x94, 0x90, 0x00, 0x00,
  0x00, 0x00, 0x0a, 0xaa, 0xa9, 0x54, 0x42, 0x56, 0xaa, 0x88, 0x29, 0x14, 0x52, 0xa8, 0x00, 0x00,
  0x00, 0x00, 0x29, 0x55, 0x55, 0x55, 0x10, 0x08, 0x40, 0x40, 0x94, 0xaa, 0xaa, 0xa0, 0x24, 0x00,
  0x00, 0x00, 0x15, 0x4a, 0xaa, 0xaa, 0x4d, 0x01, 0x08, 0x00, 0x22, 0x42, 0x49, 0x14, 0x00, 0x10,
  0x00, 0x00, 0x2a, 0xaa, 0x55, 0x25, 0x44, 0x4a, 0xc0, 0x8a, 0x95, 0x2a, 0xa5, 0x50, 0x00, 0x00,
  0x00, 0x00, 0x4a, 0xaa, 0xa4, 0xa9, 0x2b, 0x2b, 0x54, 0xa4, 0x48, 0xa9, 0x2a, 0xaa, 0x40, 0x00,
  0x00, 0x0a, 0xa9, 0x55, 0x55, 0x4a, 0xaa, 0xad, 0x69, 0x51, 0x25, 0x15, 0x54, 0x91, 0x10, 0x00,
  0x00, 0xa4, 0x26, 0xaa, 0xaa, 0xa4, 0xa8, 0xb6, 0xad, 0x48, 0x92, 0xa4, 0xa5, 0x4c, 0xaa, 0xa0,
  0x0b, 0x52, 0xa9, 0x55, 0x54, 0x92, 0xf6, 0xdb, 0x55, 0x26, 0xa8, 0x92, 0x94, 0xa2, 0x4a, 0x90,
  0x6c, 0xaa, 0x96, 0xaa, 0xaa, 0x55, 0x5a, 0xaa, 0xda, 0xaa, 0x85, 0x4a, 0x52, 0xaa, 0xa5, 0x56,
  0xab, 0x54, 0x92, 0xab, 0x55, 0x52, 0xea, 0xbd, 0x6a, 0xb7, 0x68, 0xa9, 0x55, 0x29, 0x54, 0xaa,
  0xb5, 0x4a, 0x4a, 0xad, 0x55, 0x4a, 0xba, 0xd7, 0xaa, 0x9a, 0x85, 0x12, 0x95, 0x55, 0x2a, 0xaa,
  0xae, 0xa5, 0x25, 0x6a, 0xaa, 0xa9, 0x6a, 0xb5, 0x6d, 0x57, 0x64, 0xa4, 0x52, 0xa4, 0xa5, 0x55,
  0xb5, 0xa8, 0x8a, 0xb5, 0x55, 0x25, 0xba, 0xdd, 0xb5, 0x5a, 0x82, 0x12, 0xaa, 0x52, 0xaa, 0xaa,
  0xd6, 0xa5, 0x25, 0x57, 0x6a, 0xa8, 0xd5, 0x6b, 0x5e, 0xad, 0x50, 0xa9, 0x49, 0x4a, 0x95, 0x55,
  0x5a, 0xd4, 0x82, 0xaa, 0xaa, 0xa6, 0xbf, 0xf5, 0xeb, 0xd5, 0x42, 0x04, 0xaa, 0xaa, 0x55, 0x52,
  0xab, 0x52, 0x54, 0xb6, 0xd5, 0x51, 0x55, 0x5e, 0xbd, 0x6a, 0x80, 0xa2, 0x4a, 0xa5, 0x52, 0xa9,
  0xb5, 0x55, 0x02, 0xab, 0x5a, 0xac, 0xaf, 0xea, 0xd7, 0xb2, 0x04, 0x15, 0x2a, 0x52, 0xaa, 0x95,
  0xae, 0xd0, 0xa9, 0x55, 0x55, 0x52, 0x35, 0x5e, 0xba, 0xd8, 0x01, 0x00, 0xa5, 0x49, 0x2a, 0xaa,
  0xb5, 0x56, 0x02, 0x55, 0x55, 0x49, 0x5f, 0xf5, 0x6f, 0x68, 0x20, 0x4a, 0x55, 0x25, 0x4a, 0xa9,
  0xab, 0x69, 0x51, 0x12, 0xaa, 0xa4, 0x95, 0x5f, 0xf5, 0xb4, 0x84, 0x00, 0x89, 0x54, 0xaa, 0xa5,
  0xb5, 0xa8, 0x24, 0xaa, 0x55, 0x2a, 0x3f, 0xb4, 0xae, 0xd8, 0x00, 0x55, 0x24, 0x85, 0x25, 0x54,
  0xae, 0xab, 0x4a, 0xab, 0x55, 0x54, 0x95, 0x6f, 0x75, 0xb4, 0x05, 0x24, 0xaa, 0xb2, 0xaa, 0x95,
  0xb5, 0x68, 0x22, 0xaa, 0xaa, 0xaa, 0xaf, 0xda, 0xbe, 0xd4, 0x92, 0xaa, 0xaa, 0xa8, 0x95, 0x55,
  0xab, 0xb5, 0x4a, 0xaa, 0xaa, 0xaa, 0x9a, 0xb5, 0x55, 0xb9, 0x5a, 0xaa, 0xaa, 0xaa, 0x52, 0xa9,
  0x6c, 0xaa, 0x2d, 0x5b, 0x6d, 0xdb, 0x6d, 0xee, 0x6e, 0xd2, 0xaa, 0xaa, 0xaa, 0xab, 0x4a, 0x94,
  0xb7, 0x69, 0x56, 0xed, 0xb6, 0xb6, 0xa6, 0xb5, 0x2b, 0x55, 0x6d, 0xb6, 0xdb, 0x55, 0x55, 0x53,
  0x55, 0x55, 0x75, 0xb6, 0xdb, 0x5b, 0xda, 0xd5, 0x6d, 0x6e, 0xb6, 0xd5, 0x55, 0x6a, 0xa5, 0x54
};
// Author :- Ashish ( ashish_y_794 )
// Website : https://www.oledanimationmaker.com/

const uint8_t PROGMEM frame65[1024] = {
  0x02, 0xdd, 0x6a, 0x54, 0x00, 0x00, 0x00, 0x00, 0x00, 0x00, 0x08, 0x00, 0x00, 0x2f, 0x75, 0x80,
  0x00, 0xa5, 0xaa, 0x80, 0x00, 0x24, 0x80, 0x00, 0x00, 0x00, 0x20, 0x00, 0x01, 0x45, 0x96, 0x80,
  0x05, 0x14, 0xaa, 0x40, 0x00, 0x80, 0x00, 0x00, 0x00, 0x00, 0x09, 0x20, 0x04, 0xae, 0xb4, 0xc0,
  0x00, 0xa5, 0x55, 0xa8, 0x00, 0x02, 0x50, 0x00, 0x00, 0x00, 0x20, 0x00, 0x2a, 0xa2, 0x82, 0x00,
  0x00, 0x52, 0x55, 0x56, 0x80, 0x28, 0x04, 0x00, 0x00, 0x00, 0x80, 0x41, 0x55, 0x54, 0x54, 0x00,
  0x02, 0x89, 0x2a, 0xa9, 0x40, 0x00, 0x01, 0x00, 0x00, 0x00, 0x04, 0x0a, 0xaa, 0x4a, 0x88, 0x01,
  0x00, 0x55, 0x49, 0x26, 0xb5, 0x02, 0x48, 0x00, 0x00, 0x04, 0x21, 0x05, 0x52, 0xa1, 0x22, 0x06,
  0x01, 0x22, 0xa4, 0xa9, 0x54, 0x90, 0x00, 0x00, 0x00, 0x01, 0x00, 0x15, 0x49, 0x14, 0x94, 0x1b,
  0x00, 0x94, 0x55, 0x4a, 0x95, 0x01, 0x20, 0x25, 0x6a, 0x00, 0x08, 0x4a, 0xaa, 0x52, 0x40, 0x15,
  0x01, 0x4a, 0x89, 0x29, 0x52, 0x88, 0x05, 0x08, 0x95, 0x22, 0x41, 0x0a, 0x49, 0x49, 0x28, 0x3f,
  0x00, 0x22, 0x54, 0xa4, 0x94, 0x00, 0x80, 0x42, 0x09, 0x40, 0x04, 0x09, 0x24, 0x94, 0x92, 0x0b,
  0x01, 0x55, 0x25, 0x55, 0x4a, 0xa4, 0x11, 0x10, 0xa2, 0x08, 0x20, 0x14, 0x92, 0x42, 0x48, 0x0f,
  0x00, 0x08, 0x92, 0x24, 0xa9, 0x00, 0x44, 0x06, 0xa8, 0x41, 0x01, 0x0a, 0x55, 0x2a, 0x90, 0x03,
  0x00, 0xa5, 0x55, 0x52, 0x95, 0x42, 0x00, 0x5b, 0x69, 0x08, 0x10, 0x21, 0x48, 0x91, 0x24, 0x0d,
  0x00, 0x52, 0x49, 0x2a, 0x49, 0x10, 0x11, 0x15, 0xb4, 0x20, 0x04, 0x15, 0x25, 0x4a, 0x48, 0x2b,
  0x00, 0x89, 0x24, 0x92, 0xa4, 0x82, 0x40, 0x5e, 0xda, 0x01, 0x00, 0x88, 0x92, 0x29, 0x21, 0x2a,
  0x00, 0x2a, 0xaa, 0xa9, 0x29, 0x48, 0x04, 0x53, 0x66, 0x44, 0x22, 0x25, 0x49, 0x44, 0x94, 0x56,
  0x00, 0x92, 0x49, 0x4a, 0xa5, 0x20, 0x11, 0x25, 0x4a, 0x00, 0x00, 0x09, 0x2a, 0x52, 0x40, 0x29,
  0x00, 0x25, 0x25, 0x24, 0x92, 0xa9, 0x00, 0x2a, 0xe4, 0x20, 0x00, 0x52, 0x45, 0x29, 0x2a, 0x14,
  0x00, 0x48, 0xaa, 0xaa, 0x4a, 0x90, 0x44, 0x97, 0x59, 0x04, 0x89, 0x21, 0x28, 0x8a, 0x90, 0x40,
  0x00, 0x25, 0x52, 0x52, 0xaa, 0x54, 0x00, 0x08, 0xa0, 0x10, 0x02, 0x94, 0x92, 0x51, 0x48, 0x00,
  0x00, 0x12, 0x49, 0x4a, 0x55, 0x50, 0x25, 0x42, 0x44, 0x80, 0x00, 0x4a, 0x4a, 0xaa, 0x20, 0x00,
  0x00, 0x49, 0x2a, 0xa9, 0x49, 0x49, 0x05, 0xb1, 0x0a, 0xa0, 0x45, 0x52, 0x24, 0x44, 0x94, 0x00,
  0x00, 0x25, 0x55, 0x25, 0x2a, 0xa0, 0x16, 0xdc, 0x2b, 0x49, 0x01, 0x29, 0x49, 0x2a, 0x40, 0x00,
  0x00, 0x14, 0xa4, 0xaa, 0xaa, 0x50, 0x4b, 0x6b, 0xf6, 0xe0, 0x00, 0x85, 0x22, 0xa2, 0xa8, 0x00,
  0x00, 0x22, 0x95, 0x4a, 0xa9, 0x54, 0x3d, 0xbd, 0x5b, 0x5c, 0x05, 0x54, 0x92, 0x54, 0x40, 0x80,
  0x00, 0x15, 0x55, 0x29, 0x55, 0x40, 0x96, 0xeb, 0xed, 0x68, 0x20, 0xaa, 0x49, 0x12, 0xa8, 0x00,
  0x00, 0x24, 0xa9, 0x55, 0x25, 0x52, 0x62, 0xbe, 0xb6, 0xaa, 0x82, 0x11, 0x54, 0xaa, 0x10, 0x00,
  0x00, 0x12, 0x95, 0x2a, 0xaa, 0xa8, 0x29, 0x55, 0xaa, 0x92, 0x01, 0x4a, 0x48, 0x45, 0x48, 0x00,
  0x00, 0x0a, 0x54, 0xa9, 0x55, 0x20, 0xb2, 0x6e, 0xfd, 0x25, 0x02, 0xa9, 0x25, 0x28, 0xa0, 0x00,
  0x00, 0x29, 0x52, 0xa5, 0x54, 0xa8, 0x50, 0x5b, 0x54, 0x0a, 0x00, 0x4a, 0xaa, 0x95, 0x11, 0x00,
  0x00, 0x05, 0x4a, 0xaa, 0xaa, 0xa9, 0x6d, 0x6d, 0x56, 0xa5, 0x15, 0x24, 0x92, 0x42, 0x48, 0x00,
  0x00, 0x2a, 0x25, 0x55, 0x4a, 0xa8, 0x34, 0xb5, 0x7a, 0x15, 0x02, 0xaa, 0x49, 0x29, 0x20, 0x00,
  0x00, 0x04, 0xa9, 0x2a, 0xaa, 0xa5, 0x2f, 0xda, 0x97, 0xaa, 0x44, 0x91, 0x55, 0x44, 0x88, 0x00,
  0x00, 0x12, 0x45, 0x55, 0x55, 0x54, 0x2a, 0x6d, 0x6a, 0xda, 0x12, 0x4a, 0x94, 0xa2, 0x20, 0x00,
  0x00, 0x01, 0x2a, 0xaa, 0x52, 0x55, 0x15, 0xb7, 0x5d, 0x54, 0x89, 0x54, 0x52, 0x90, 0x00, 0x00,
  0x00, 0x00, 0x0a, 0xa5, 0x55, 0x55, 0xa6, 0xd9, 0x56, 0xaa, 0x15, 0x23, 0x4a, 0x50, 0x00, 0x00,
  0x00, 0x00, 0x09, 0x55, 0x55, 0x54, 0x51, 0x56, 0xb5, 0x50, 0x42, 0x94, 0xa9, 0x48, 0x80, 0x20,
  0x00, 0x00, 0x15, 0x55, 0x55, 0x52, 0x80, 0x08, 0x80, 0x80, 0x28, 0x52, 0x4a, 0xa0, 0x08, 0x00,
  0x00, 0x00, 0x15, 0x55, 0x55, 0x4d, 0x14, 0x21, 0x10, 0x02, 0x15, 0x4a, 0xaa, 0x54, 0x00, 0x00,
  0x00, 0x00, 0x0a, 0xaa, 0xaa, 0xb2, 0xa7, 0x05, 0x42, 0x14, 0xa5, 0x29, 0x25, 0x50, 0x20, 0x00,
  0x00, 0x00, 0x2a, 0xaa, 0xaa, 0x95, 0x4a, 0x56, 0xd0, 0xc2, 0x52, 0x94, 0xaa, 0x90, 0x80, 0x80,
  0x00, 0x05, 0x55, 0x55, 0x55, 0x54, 0xaa, 0xad, 0x6a, 0x54, 0x08, 0x52, 0xa9, 0x4a, 0x04, 0x00,
  0x00, 0xa8, 0x95, 0x55, 0x55, 0x52, 0xa9, 0x5b, 0xb5, 0xa2, 0xab, 0x4a, 0x95, 0x2a, 0xb2, 0x00,
  0x05, 0x55, 0x55, 0x55, 0x55, 0x4a, 0xf5, 0x6d, 0x54, 0x95, 0x48, 0xa5, 0x54, 0xa9, 0x49, 0x68,
  0x5a, 0xa5, 0x15, 0x56, 0xaa, 0xa9, 0x5d, 0x76, 0xdb, 0x55, 0x52, 0x29, 0x2a, 0xaa, 0x55, 0x55,
  0xae, 0xaa, 0xa5, 0x5a, 0xd5, 0x25, 0xf5, 0xab, 0x6d, 0x5e, 0xa5, 0x4a, 0xa5, 0x52, 0xaa, 0xaa,
  0xb5, 0xa8, 0x8a, 0xaa, 0xaa, 0xaa, 0xaa, 0xdd, 0xaa, 0xab, 0x49, 0x24, 0x95, 0x2a, 0xaa, 0xaa,
  0xdb, 0x55, 0x25, 0x6d, 0x55, 0x55, 0x7a, 0xb6, 0xda, 0xad, 0x52, 0x92, 0x54, 0xa9, 0x55, 0x55,
  0x6d, 0xaa, 0x92, 0xb6, 0xda, 0xa5, 0xad, 0x6f, 0x6d, 0x56, 0xa4, 0x55, 0x55, 0x55, 0x2a, 0xaa,
  0xb6, 0xd1, 0x25, 0x55, 0x6a, 0x94, 0xf6, 0xf5, 0xb7, 0x5b, 0x41, 0x24, 0xaa, 0xa4, 0xa5, 0x55,
  0xaa, 0xaa, 0x42, 0xad, 0xaa, 0xaa, 0x5b, 0xba, 0xdd, 0xca, 0x84, 0x92, 0x92, 0x92, 0xaa, 0xaa,
  0xdb, 0x55, 0x12, 0xb6, 0xaa, 0xa9, 0x6e, 0xef, 0x77, 0x75, 0x01, 0x29, 0x55, 0x55, 0x55, 0x54,
  0x6d, 0xd2, 0x49, 0x55, 0xb6, 0xaa, 0x9b, 0xba, 0xbd, 0xa8, 0x10, 0x44, 0xaa, 0xa5, 0x2a, 0xaa,
  0xaa, 0xa9, 0x22, 0x56, 0xaa, 0xa9, 0x2e, 0xee, 0xee, 0xf4, 0x04, 0x92, 0x49, 0x54, 0xaa, 0xa5,
  0xb7, 0x75, 0x11, 0x2a, 0xaa, 0xa4, 0xb7, 0xbb, 0x75, 0xa8, 0x80, 0x09, 0x55, 0x25, 0x55, 0x54,
  0xaa, 0xaa, 0xa4, 0x91, 0x55, 0x2a, 0x1d, 0xed, 0xbf, 0x7a, 0x02, 0x22, 0x4a, 0x92, 0xa5, 0x55,
  0xdd, 0xd4, 0x11, 0x56, 0xaa, 0xa9, 0x57, 0x5b, 0x6a, 0xd4, 0x10, 0x89, 0x29, 0x4a, 0x55, 0x52,
  0x6a, 0xb5, 0x4a, 0xaa, 0xaa, 0xaa, 0x3d, 0xf6, 0xdd, 0xe8, 0x04, 0x55, 0x55, 0x52, 0x95, 0x4a,
  0xae, 0xd4, 0xa5, 0x55, 0x55, 0x55, 0x57, 0x5d, 0x77, 0x58, 0xab, 0x55, 0x55, 0x54, 0xaa, 0xaa,
  0xb5, 0x6a, 0x15, 0x5b, 0x6d, 0xb6, 0x9b, 0xeb, 0x5b, 0x6a, 0xaa, 0xaa, 0xaa, 0xaa, 0xaa, 0xaa,
  0x56, 0xb5, 0x55, 0xad, 0xb6, 0xdb, 0x6d, 0x5c, 0x6d, 0xb2, 0xb5, 0xb6, 0xdb, 0x55, 0x25, 0x55,
  0xbb, 0xda, 0xae, 0xf6, 0xdb, 0x6d, 0xd6, 0xf6, 0xae, 0xd6, 0xda, 0xdb, 0x6a, 0xb5, 0x55, 0x52,
  0x55, 0x54, 0xb5, 0x5b, 0x6d, 0xb6, 0xb5, 0x55, 0xb5, 0x6d, 0xad, 0x55, 0x55, 0x55, 0xaa, 0xaa
};
// Author :- Ashish ( ashish_y_794 )
// Website : https://www.oledanimationmaker.com/

const uint8_t PROGMEM frame66[1024] = {
  0x02, 0xde, 0xea, 0x54, 0x00, 0x00, 0x00, 0x00, 0x00, 0x00, 0x08, 0x00, 0x00, 0x2f, 0x75, 0x80,
  0x00, 0xa2, 0xaa, 0x80, 0x00, 0x15, 0x00, 0x00, 0x00, 0x00, 0x20, 0x40, 0x00, 0x95, 0xb6, 0x80,
  0x02, 0x55, 0x55, 0x20, 0x00, 0x40, 0x40, 0x00, 0x00, 0x00, 0x15, 0x00, 0x05, 0x57, 0x4a, 0x80,
  0x01, 0x14, 0xaa, 0xa8, 0x00, 0x01, 0x10, 0x00, 0x00, 0x00, 0x40, 0x10, 0x2a, 0xa4, 0x90, 0x00,
  0x00, 0xa2, 0x95, 0x55, 0x00, 0x08, 0x04, 0x00, 0x00, 0x00, 0x10, 0x40, 0xa5, 0x52, 0x4a, 0x00,
  0x01, 0x2a, 0x55, 0x55, 0x40, 0x40, 0x91, 0x00, 0x00, 0x02, 0x42, 0x05, 0x54, 0x95, 0x20, 0x02,
  0x00, 0x95, 0x55, 0x55, 0x5a, 0x02, 0x00, 0x00, 0x00, 0x00, 0x00, 0x05, 0x55, 0x48, 0x94, 0x0b,
  0x01, 0x42, 0x49, 0x25, 0x55, 0x08, 0x04, 0x00, 0x00, 0x08, 0x88, 0x15, 0x55, 0x25, 0x20, 0x16,
  0x00, 0x29, 0x24, 0xaa, 0xaa, 0x80, 0x90, 0x0a, 0xa8, 0x00, 0x00, 0x8a, 0xa8, 0x92, 0x4a, 0x3b,
  0x01, 0x55, 0x55, 0x52, 0x52, 0x10, 0x01, 0x40, 0x57, 0x42, 0x22, 0x0a, 0x95, 0x54, 0x90, 0x2d,
  0x00, 0x09, 0x2a, 0x49, 0x4a, 0x82, 0x44, 0x15, 0x08, 0x88, 0x00, 0x15, 0x42, 0x49, 0x24, 0x1f,
  0x01, 0x64, 0xa2, 0xaa, 0xa9, 0x08, 0x00, 0x40, 0x44, 0x40, 0x40, 0x12, 0x29, 0x24, 0x90, 0x0f,
  0x00, 0x15, 0x29, 0x25, 0x25, 0x40, 0x92, 0x0b, 0xb1, 0x11, 0x09, 0x09, 0x54, 0x92, 0x48, 0x05,
  0x00, 0xa2, 0x95, 0x54, 0xaa, 0x12, 0x00, 0x55, 0x54, 0x00, 0x00, 0x24, 0x8a, 0x49, 0x20, 0x17,
  0x00, 0x54, 0xa4, 0x92, 0x95, 0x40, 0x11, 0x1e, 0xfa, 0x44, 0x04, 0x15, 0x51, 0x55, 0x4a, 0x15,
  0x00, 0x0a, 0x52, 0xaa, 0x50, 0x80, 0x84, 0x55, 0xaa, 0x10, 0x40, 0x48, 0x8a, 0x48, 0x90, 0x5b,
  0x00, 0xa5, 0x2a, 0x49, 0x4a, 0x52, 0x00, 0x2b, 0x54, 0x40, 0x08, 0x12, 0x55, 0x25, 0x25, 0x2c,
  0x00, 0x28, 0x92, 0xa5, 0x25, 0x40, 0x22, 0x65, 0xca, 0x02, 0x01, 0x25, 0x48, 0x92, 0x48, 0x54,
  0x00, 0x12, 0xaa, 0x54, 0xaa, 0xa9, 0x00, 0x2a, 0xb5, 0x08, 0x20, 0x02, 0x25, 0x55, 0x20, 0x28,
  0x00, 0x4a, 0x92, 0x95, 0x49, 0x54, 0x12, 0x16, 0xd4, 0x40, 0x02, 0xb1, 0x52, 0x48, 0x94, 0x00,
  0x00, 0x24, 0x55, 0x52, 0x2a, 0x90, 0x40, 0x8a, 0xa0, 0x00, 0x81, 0x4c, 0x95, 0x25, 0x40, 0x00,
  0x00, 0x13, 0x49, 0x4a, 0xaa, 0x51, 0x05, 0x42, 0x24, 0x92, 0x04, 0x22, 0x20, 0x94, 0x54, 0x40,
  0x00, 0x48, 0xaa, 0x55, 0x55, 0x54, 0x05, 0x68, 0x82, 0x80, 0x02, 0xaa, 0x96, 0xa2, 0x80, 0x00,
  0x00, 0x26, 0x55, 0x52, 0xa9, 0x50, 0x2b, 0xb4, 0x3d, 0xe0, 0x11, 0x49, 0x09, 0x2a, 0x54, 0x00,
  0x00, 0x11, 0x4a, 0xaa, 0x4a, 0xa0, 0x16, 0xdf, 0xd6, 0xb4, 0x41, 0x24, 0xc4, 0x95, 0x20, 0x00,
  0x00, 0x15, 0x55, 0x49, 0x55, 0x54, 0xad, 0xea, 0xbb, 0x54, 0x00, 0x95, 0x29, 0x51, 0x50, 0x00,
  0x00, 0x24, 0xa9, 0x2a, 0xaa, 0x90, 0x2e, 0xbf, 0xd6, 0xd9, 0x02, 0xa8, 0xa2, 0x4a, 0x44, 0x00,
  0x00, 0x12, 0xa5, 0x55, 0x55, 0x50, 0xb2, 0xd5, 0x7b, 0x54, 0x01, 0x25, 0x29, 0x29, 0x28, 0x00,
  0x00, 0x0a, 0x55, 0x2a, 0xaa, 0x52, 0x51, 0x7e, 0xd5, 0x45, 0x04, 0x95, 0x4a, 0x95, 0x40, 0x00,
  0x00, 0x29, 0x54, 0xaa, 0xa5, 0x50, 0x54, 0x2b, 0x6e, 0x24, 0x11, 0x52, 0x54, 0x48, 0x90, 0x00,
  0x00, 0x05, 0x52, 0xa5, 0x55, 0x50, 0x69, 0x6d, 0xb5, 0x0b, 0x02, 0x49, 0x22, 0xa5, 0x20, 0x00,
  0x00, 0x15, 0x2a, 0xaa, 0xaa, 0xaa, 0x54, 0x5a, 0xda, 0x4a, 0x81, 0x2a, 0x9a, 0x12, 0x90, 0x40,
  0x00, 0x12, 0x92, 0xaa, 0x55, 0x54, 0x5a, 0xee, 0xb7, 0x15, 0x0a, 0xa4, 0xa5, 0x48, 0x48, 0x00,
  0x00, 0x08, 0x4a, 0xaa, 0xaa, 0xa9, 0x2f, 0x5a, 0xad, 0x6c, 0x22, 0x52, 0x92, 0xa5, 0x20, 0x00,
  0x00, 0x05, 0x52, 0x55, 0x55, 0x24, 0x35, 0xed, 0x5a, 0xaa, 0x89, 0x2a, 0x54, 0x88, 0x80, 0x00,
  0x00, 0x00, 0x8a, 0xaa, 0xaa, 0xab, 0x0a, 0xb6, 0xb7, 0xb4, 0x0a, 0x92, 0xaa, 0xa0, 0x00, 0x00,
  0x00, 0x00, 0x15, 0x55, 0x55, 0x55, 0x4b, 0x5a, 0xda, 0xd4, 0x52, 0x49, 0x25, 0x50, 0x04, 0x00,
  0x00, 0x00, 0x05, 0x55, 0x52, 0xaa, 0xa4, 0xad, 0x55, 0x29, 0x09, 0x55, 0x54, 0x92, 0x40, 0x20,
  0x00, 0x00, 0x15, 0x55, 0x55, 0x54, 0x50, 0x22, 0x48, 0x80, 0x55, 0x2a, 0x52, 0xa0, 0x00, 0x00,
  0x00, 0x00, 0x15, 0x55, 0x55, 0x2b, 0x02, 0x01, 0x00, 0x00, 0x12, 0x91, 0x4a, 0x90, 0x00, 0x00,
  0x00, 0x00, 0x0a, 0xaa, 0xaa, 0xa4, 0xad, 0x15, 0x50, 0x0a, 0xa8, 0xaa, 0xaa, 0x54, 0x10, 0x00,
  0x00, 0x00, 0x2a, 0xaa, 0xaa, 0xaa, 0x95, 0x4d, 0xa4, 0xa4, 0x25, 0x25, 0x2a, 0xa8, 0x80, 0x80,
  0x00, 0x0a, 0xaa, 0xaa, 0xaa, 0x52, 0x55, 0x36, 0xd9, 0x52, 0x92, 0x94, 0xa9, 0x52, 0x22, 0x00,
  0x00, 0x51, 0x2a, 0xaa, 0xaa, 0x95, 0x6a, 0xab, 0x6a, 0xc8, 0xa9, 0x52, 0xa5, 0x49, 0x54, 0x00,
  0x05, 0xac, 0xaa, 0xad, 0xaa, 0xa9, 0xb4, 0xdd, 0xad, 0x46, 0x8a, 0x4a, 0xaa, 0xaa, 0x92, 0xd0,
  0x36, 0xa2, 0x95, 0x55, 0x55, 0x4a, 0xfb, 0x76, 0xb5, 0x3a, 0xa5, 0x29, 0x55, 0x54, 0xaa, 0xad,
  0xda, 0xad, 0x4a, 0xb6, 0xb5, 0x29, 0x5d, 0x5b, 0xda, 0xd7, 0x51, 0x4a, 0x4a, 0x4a, 0xaa, 0xb5,
  0x6f, 0x52, 0x45, 0x5a, 0xd5, 0x55, 0xea, 0xed, 0x6b, 0x2d, 0xaa, 0x52, 0xaa, 0xaa, 0xaa, 0xaa,
  0xb5, 0xaa, 0x95, 0xab, 0x55, 0x52, 0xba, 0xbf, 0x5a, 0xb6, 0x85, 0x29, 0x55, 0x52, 0x55, 0x55,
  0xda, 0xd4, 0x42, 0xb5, 0x6d, 0x55, 0x6d, 0x6a, 0xed, 0x5b, 0x50, 0x85, 0x2a, 0xaa, 0xaa, 0xaa,
  0x6d, 0x6a, 0xaa, 0xaf, 0xaa, 0xa9, 0xbb, 0xdb, 0xb7, 0x96, 0x85, 0x29, 0x52, 0x55, 0x55, 0x55,
  0xab, 0xa9, 0x02, 0xb4, 0xb6, 0xa4, 0xd6, 0xfd, 0xdd, 0xea, 0x90, 0x4a, 0x4a, 0xa4, 0xaa, 0xa9,
  0xdd, 0x6a, 0xa9, 0x5b, 0xaa, 0xd5, 0x3f, 0xae, 0xbe, 0xb5, 0x02, 0x21, 0x2a, 0xaa, 0xa5, 0x54,
  0x6b, 0xa9, 0x12, 0xad, 0x6d, 0x54, 0xaa, 0xf5, 0x77, 0xd4, 0x08, 0x8a, 0xaa, 0xa5, 0x55, 0x55,
  0xb5, 0x6a, 0x41, 0x55, 0xaa, 0xaa, 0x9f, 0xbf, 0x7a, 0xf0, 0x40, 0x00, 0x55, 0x4a, 0x56, 0xaa,
  0xae, 0xb5, 0x2a, 0x2a, 0xab, 0x54, 0x5b, 0xea, 0xdf, 0x5a, 0x01, 0x2a, 0xaa, 0xa9, 0x52, 0xaa,
  0xdb, 0xd4, 0x90, 0x92, 0x54, 0xa2, 0xae, 0xbf, 0x75, 0xe8, 0x08, 0x00, 0x44, 0x8a, 0xad, 0x55,
  0x6a, 0xb5, 0x25, 0x55, 0xaa, 0xaa, 0x3b, 0xea, 0xee, 0xb8, 0x40, 0xab, 0x2a, 0xa5, 0x4a, 0xa9,
  0xb6, 0xd4, 0x92, 0xaa, 0xab, 0x55, 0x1e, 0xbf, 0x7b, 0xd5, 0x05, 0x29, 0x55, 0x52, 0x55, 0x55,
  0xad, 0x6a, 0x49, 0x5b, 0x5a, 0xb5, 0x57, 0xea, 0xd6, 0xe8, 0x2a, 0xaa, 0xaa, 0xa9, 0x55, 0x4a,
  0xb7, 0xba, 0xa6, 0xad, 0x6b, 0x56, 0xad, 0x7d, 0x7d, 0xba, 0xd5, 0x55, 0x55, 0x55, 0x55, 0x55,
  0x5a, 0xaa, 0x2b, 0x75, 0xb6, 0xfb, 0xab, 0xaa, 0x2b, 0x63, 0x6e, 0xee, 0xed, 0xad, 0x2a, 0xaa,
  0x6a, 0xda, 0xbd, 0xae, 0xdb, 0x56, 0xed, 0xf6, 0xae, 0xda, 0xb5, 0xb5, 0x56, 0xb5, 0x95, 0x55,
  0x5d, 0xad, 0x56, 0xf5, 0xb6, 0xed, 0xba, 0x9b, 0xf5, 0xaf, 0xad, 0x55, 0xb5, 0x55, 0x6a, 0xa9
};
// Author :- Ashish ( ashish_y_794 )
// Website : https://www.oledanimationmaker.com/

const uint8_t PROGMEM frame67[1024] = {
  0x02, 0xde, 0xea, 0x54, 0x00, 0x00, 0x00, 0x00, 0x00, 0x00, 0x08, 0x00, 0x00, 0x2f, 0x75, 0x80,
  0x00, 0xa2, 0xaa, 0x80, 0x00, 0x15, 0x00, 0x00, 0x00, 0x00, 0x21, 0x20, 0x00, 0x95, 0xb6, 0x80,
  0x02, 0x55, 0x55, 0x20, 0x00, 0x40, 0x40, 0x00, 0x00, 0x00, 0x14, 0x00, 0x05, 0x57, 0x4a, 0x80,
  0x01, 0x14, 0xaa, 0xa8, 0x00, 0x01, 0x10, 0x00, 0x00, 0x00, 0x42, 0x40, 0x2a, 0xa4, 0x90, 0x00,
  0x00, 0xa2, 0x95, 0x55, 0x00, 0x08, 0x04, 0x00, 0x00, 0x00, 0x10, 0x01, 0x55, 0x52, 0x4a, 0x00,
  0x01, 0x2a, 0x55, 0x55, 0x40, 0x20, 0x91, 0x00, 0x00, 0x02, 0x81, 0x0a, 0xa4, 0x94, 0x90, 0x02,
  0x00, 0x95, 0x55, 0x55, 0x5a, 0x02, 0x00, 0x00, 0x00, 0x00, 0x10, 0x0a, 0xaa, 0xa2, 0x48, 0x0b,
  0x01, 0x42, 0x49, 0x25, 0x55, 0x00, 0x20, 0x00, 0x00, 0x08, 0x42, 0x25, 0x55, 0x15, 0x24, 0x16,
  0x00, 0x29, 0x24, 0xaa, 0xaa, 0x90, 0x84, 0x0a, 0xa8, 0x01, 0x00, 0x0a, 0xa4, 0xa8, 0x90, 0x3b,
  0x01, 0x55, 0x55, 0x52, 0x52, 0x02, 0x01, 0x40, 0x57, 0x40, 0x00, 0x15, 0x12, 0x45, 0x48, 0x2d,
  0x00, 0x09, 0x2a, 0x49, 0x4a, 0x88, 0x10, 0x15, 0x08, 0x90, 0x12, 0x49, 0x55, 0x29, 0x24, 0x2f,
  0x01, 0x64, 0xa2, 0xaa, 0xa9, 0x20, 0x84, 0x80, 0x44, 0x44, 0x80, 0x0a, 0x48, 0xa4, 0x90, 0x17,
  0x00, 0x15, 0x29, 0x25, 0x25, 0x02, 0x00, 0x2b, 0xb1, 0x00, 0x00, 0x11, 0x25, 0x12, 0x44, 0x07,
  0x00, 0xa2, 0x95, 0x54, 0xaa, 0x88, 0x24, 0x8d, 0x54, 0x22, 0x24, 0x4a, 0x92, 0xa9, 0x28, 0x0a,
  0x00, 0x54, 0xa4, 0x92, 0x94, 0xa0, 0x00, 0x36, 0xfa, 0x08, 0x00, 0x14, 0xa9, 0x24, 0x90, 0x2f,
  0x00, 0x0a, 0x52, 0xaa, 0x52, 0x01, 0x24, 0x9b, 0xaa, 0x40, 0x02, 0x22, 0x4a, 0x4a, 0x44, 0x95,
  0x00, 0xa5, 0x2a, 0x49, 0x49, 0x48, 0x00, 0x65, 0x54, 0x00, 0x90, 0x15, 0x24, 0xa5, 0x28, 0x5a,
  0x00, 0x28, 0x92, 0xa5, 0x25, 0x50, 0x89, 0x25, 0xca, 0x92, 0x00, 0x82, 0x92, 0x50, 0x91, 0x2a,
  0x00, 0x12, 0xaa, 0x54, 0xaa, 0xa4, 0x00, 0x2a, 0xb4, 0x00, 0x02, 0x28, 0x55, 0x0a, 0xa4, 0x28,
  0x00, 0x4a, 0x92, 0x95, 0x49, 0x28, 0x44, 0x1b, 0x69, 0x20, 0x08, 0xa2, 0x91, 0x6a, 0x40, 0x00,
  0x00, 0x24, 0x55, 0x52, 0x2a, 0xa1, 0x01, 0x45, 0x50, 0x04, 0x42, 0x54, 0x4a, 0x11, 0x28, 0x00,
  0x00, 0x13, 0x49, 0x4a, 0xaa, 0xa8, 0x12, 0x02, 0x04, 0x80, 0x01, 0x12, 0xa5, 0x4a, 0x90, 0x80,
  0x00, 0x48, 0xaa, 0x55, 0x55, 0x28, 0x05, 0xf0, 0xa2, 0xa1, 0x02, 0xaa, 0x12, 0x54, 0x44, 0x00,
  0x00, 0x26, 0x55, 0x52, 0xa9, 0x51, 0x2b, 0x5c, 0x1e, 0xd0, 0x08, 0x89, 0x49, 0x4a, 0xa0, 0x00,
  0x00, 0x11, 0x4a, 0xaa, 0x4a, 0xa4, 0x16, 0xef, 0xeb, 0x54, 0x01, 0x54, 0xa4, 0xa2, 0x50, 0x00,
  0x00, 0x15, 0x55, 0x49, 0x55, 0x50, 0x5b, 0xb5, 0x7d, 0xb1, 0x02, 0x22, 0x92, 0x55, 0x08, 0x00,
  0x00, 0x24, 0xa9, 0x2a, 0xaa, 0xa0, 0x2d, 0xdf, 0xaa, 0xdc, 0x21, 0x55, 0x21, 0x28, 0xa0, 0x00,
  0x00, 0x12, 0xa5, 0x55, 0x55, 0x29, 0x52, 0xb5, 0xf7, 0x52, 0x01, 0x28, 0x9a, 0x95, 0x54, 0x80,
  0x00, 0x0a, 0x55, 0x2a, 0xaa, 0xa0, 0x69, 0x5e, 0xad, 0x4a, 0x04, 0x95, 0x44, 0x44, 0x80, 0x00,
  0x00, 0x29, 0x54, 0xaa, 0xa5, 0x54, 0x52, 0x6b, 0x74, 0x05, 0x02, 0xa2, 0x55, 0x32, 0x50, 0x00,
  0x00, 0x05, 0x52, 0xa5, 0x54, 0xa8, 0x58, 0x5d, 0xae, 0xaa, 0x10, 0x95, 0x52, 0x89, 0x28, 0x00,
  0x00, 0x15, 0x2a, 0xaa, 0xaa, 0xa2, 0x69, 0x6a, 0xda, 0x0a, 0x82, 0x52, 0x49, 0x2a, 0x80, 0x00,
  0x00, 0x12, 0x92, 0xaa, 0x55, 0x58, 0x5d, 0x5e, 0xb5, 0x55, 0x05, 0x4a, 0xaa, 0x90, 0x50, 0x00,
  0x00, 0x08, 0x4a, 0xaa, 0xaa, 0xa5, 0x2b, 0xb5, 0x5e, 0xaa, 0x22, 0x54, 0x94, 0xa5, 0x20, 0x00,
  0x00, 0x05, 0x52, 0x55, 0x55, 0x54, 0x2d, 0x6d, 0x6b, 0x6d, 0x09, 0x22, 0x4a, 0x82, 0x04, 0x00,
  0x00, 0x00, 0x8a, 0xaa, 0xaa, 0xab, 0x16, 0xf6, 0xad, 0xa8, 0x25, 0x55, 0x52, 0x50, 0x40, 0x00,
  0x00, 0x00, 0x15, 0x55, 0x55, 0x2a, 0xa5, 0xad, 0x56, 0xb4, 0x94, 0x94, 0xaa, 0xa4, 0x00, 0x00,
  0x00, 0x00, 0x05, 0x55, 0x52, 0xaa, 0x92, 0x55, 0xba, 0xa0, 0x4a, 0x4a, 0x95, 0x50, 0x00, 0x20,
  0x00, 0x00, 0x15, 0x55, 0x55, 0x54, 0x40, 0x12, 0x40, 0x02, 0x21, 0x52, 0x52, 0x48, 0x10, 0x00,
  0x00, 0x00, 0x15, 0x55, 0x54, 0x93, 0x12, 0x00, 0x00, 0x88, 0x15, 0x29, 0x4a, 0xa0, 0x40, 0x00,
  0x00, 0x00, 0x0a, 0xaa, 0xaa, 0xa9, 0x4a, 0x4b, 0xa4, 0x02, 0xaa, 0x95, 0x55, 0x50, 0x00, 0x00,
  0x00, 0x00, 0x2a, 0xaa, 0xaa, 0x55, 0x2d, 0x2d, 0x50, 0x94, 0x44, 0x52, 0x54, 0x94, 0x00, 0x80,
  0x00, 0x0a, 0xaa, 0xaa, 0xaa, 0x92, 0xa5, 0x56, 0xea, 0xc9, 0x2a, 0xa9, 0x52, 0xa9, 0x50, 0x00,
  0x00, 0x51, 0x2a, 0xaa, 0xaa, 0xaa, 0xb5, 0x5b, 0x5a, 0xa2, 0x91, 0x25, 0x4a, 0xa5, 0x4a, 0x00,
  0x05, 0xac, 0xaa, 0xad, 0xaa, 0xa4, 0xda, 0xb5, 0xaa, 0xaa, 0x4a, 0x95, 0x2a, 0x94, 0xaa, 0xd0,
  0x36, 0xa2, 0x95, 0x55, 0x55, 0x53, 0x7a, 0xde, 0xda, 0x95, 0xa9, 0x52, 0xaa, 0xaa, 0x95, 0x5a,
  0xda, 0xad, 0x4a, 0xb6, 0xb5, 0x29, 0xb6, 0xb5, 0x6d, 0x6f, 0x44, 0x89, 0x55, 0x55, 0x55, 0x55,
  0x6f, 0x52, 0x45, 0x5a, 0xd5, 0xa5, 0x7a, 0xef, 0xb5, 0x5a, 0xaa, 0x54, 0xaa, 0xa9, 0x55, 0x6a,
  0xb5, 0xaa, 0x95, 0xab, 0x56, 0x55, 0xd5, 0x5a, 0xda, 0xaf, 0x41, 0x22, 0x94, 0x95, 0x55, 0x55,
  0xda, 0xd4, 0x42, 0xb5, 0x6a, 0xa9, 0x7a, 0xf7, 0x6d, 0x55, 0x54, 0x94, 0x52, 0xa5, 0x2a, 0xaa,
  0x6d, 0x6a, 0xaa, 0xaf, 0xad, 0x54, 0xaf, 0x5d, 0xdb, 0xad, 0x42, 0x42, 0xaa, 0xaa, 0xaa, 0xaa,
  0xab, 0xa9, 0x02, 0xb4, 0xb5, 0xa5, 0x75, 0xf6, 0xef, 0x6b, 0x00, 0x11, 0x15, 0x54, 0xaa, 0xa9,
  0xdd, 0x6a, 0xa9, 0x5b, 0xaa, 0xaa, 0xaf, 0xbb, 0x5d, 0xd5, 0x12, 0x8a, 0x55, 0x4a, 0xaa, 0xaa,
  0x6b, 0xa9, 0x12, 0xad, 0x6d, 0x54, 0xbb, 0x6e, 0xff, 0x74, 0x00, 0x20, 0xaa, 0xa5, 0x55, 0x55,
  0xb5, 0x6a, 0x41, 0x55, 0xab, 0x52, 0x4f, 0xfb, 0x55, 0xd8, 0x44, 0x0a, 0x49, 0x54, 0x95, 0x54,
  0xae, 0xb5, 0x2a, 0x2a, 0xaa, 0xaa, 0xba, 0xad, 0x7e, 0xe8, 0x00, 0x81, 0x2a, 0x8a, 0xaa, 0xaa,
  0xdb, 0xd4, 0x90, 0x92, 0x54, 0xa8, 0x1f, 0xff, 0xeb, 0xb4, 0x10, 0x24, 0xa5, 0x52, 0xaa, 0xa5,
  0x6a, 0xb5, 0x25, 0x55, 0xab, 0x55, 0x55, 0xaa, 0xbe, 0xd9, 0x02, 0x4a, 0x54, 0x8a, 0x55, 0x55,
  0xb6, 0xd4, 0x92, 0xaa, 0xaa, 0xaa, 0xaf, 0x7d, 0xd7, 0x68, 0x21, 0x29, 0x55, 0x69, 0x4a, 0xaa,
  0xad, 0x6a, 0x49, 0x5b, 0x5a, 0xaa, 0x3b, 0xd6, 0x7a, 0xf4, 0x96, 0xd5, 0x55, 0x55, 0x55, 0x55,
  0xb7, 0xba, 0xa6, 0xad, 0x6b, 0x6d, 0xce, 0xfb, 0x5f, 0xaa, 0xaa, 0xab, 0x55, 0x54, 0xaa, 0xa9,
  0x5a, 0xaa, 0x2b, 0x75, 0xb6, 0xdb, 0x57, 0x5d, 0x6a, 0xd5, 0x76, 0xdd, 0x6d, 0xaa, 0x95, 0x55,
  0x6a, 0xda, 0xbd, 0xae, 0xdb, 0x77, 0xea, 0xea, 0x37, 0x6b, 0xad, 0x6a, 0xb6, 0xb6, 0xaa, 0xaa,
  0x5d, 0xad, 0x56, 0xf5, 0xb6, 0xda, 0xbb, 0x55, 0xda, 0xbd, 0x6b, 0xab, 0x55, 0x55, 0x55, 0x55
};
// Author :- Ashish ( ashish_y_794 )
// Website : https://www.oledanimationmaker.com/

const uint8_t PROGMEM frame68[1024] = {
  0x02, 0xde, 0xea, 0x54, 0x00, 0x00, 0x00, 0x00, 0x00, 0x00, 0x08, 0x00, 0x00, 0x2f, 0x75, 0x80,
  0x00, 0xa2, 0xaa, 0x80, 0x00, 0x15, 0x00, 0x00, 0x00, 0x00, 0x21, 0x20, 0x00, 0x95, 0xb6, 0x80,
  0x02, 0x55, 0x55, 0x20, 0x00, 0x40, 0x40, 0x00, 0x00, 0x00, 0x14, 0x00, 0x05, 0x57, 0x4a, 0x80,
  0x01, 0x14, 0xaa, 0xa8, 0x00, 0x01, 0x10, 0x00, 0x00, 0x00, 0x42, 0x40, 0x2a, 0xa4, 0x90, 0x00,
  0x00, 0xa2, 0x95, 0x55, 0x00, 0x08, 0x04, 0x00, 0x00, 0x00, 0x10, 0x01, 0x55, 0x52, 0x4a, 0x00,
  0x01, 0x2a, 0x55, 0x55, 0x40, 0x20, 0x91, 0x00, 0x00, 0x02, 0x81, 0x0a, 0xa4, 0x94, 0x90, 0x02,
  0x00, 0x95, 0x55, 0x55, 0x5a, 0x02, 0x00, 0x00, 0x00, 0x00, 0x10, 0x0a, 0xaa, 0xa2, 0x48, 0x0b,
  0x01, 0x42, 0x49, 0x25, 0x55, 0x00, 0x20, 0x00, 0x00, 0x08, 0x42, 0x25, 0x55, 0x15, 0x24, 0x16,
  0x00, 0x29, 0x24, 0xaa, 0xaa, 0x90, 0x84, 0x0a, 0xa8, 0x01, 0x00, 0x0a, 0xa4, 0xa8, 0x90, 0x3b,
  0x01, 0x55, 0x55, 0x52, 0x52, 0x02, 0x01, 0x40, 0x57, 0x40, 0x00, 0x15, 0x12, 0x45, 0x48, 0x2d,
  0x00, 0x09, 0x2a, 0x49, 0x4a, 0x88, 0x10, 0x15, 0x08, 0x90, 0x12, 0x49, 0x55, 0x29, 0x24, 0x2f,
  0x01, 0x64, 0xa2, 0xaa, 0xa9, 0x20, 0x84, 0x80, 0x44, 0x44, 0x80, 0x0a, 0x48, 0xa4, 0x90, 0x17,
  0x00, 0x15, 0x29, 0x25, 0x25, 0x02, 0x00, 0x2b, 0xb1, 0x00, 0x00, 0x11, 0x25, 0x12, 0x44, 0x07,
  0x00, 0xa2, 0x95, 0x54, 0xaa, 0x88, 0x24, 0x8d, 0x54, 0x22, 0x24, 0x4a, 0x94, 0xa9, 0x28, 0x0a,
  0x00, 0x54, 0xa4, 0x92, 0x92, 0x40, 0x00, 0x36, 0xfa, 0x08, 0x00, 0x14, 0xa2, 0x94, 0x90, 0x2f,
  0x00, 0x0a, 0x52, 0xaa, 0x55, 0x22, 0x49, 0x2b, 0xaa, 0x40, 0x02, 0x22, 0x54, 0x45, 0x44, 0x95,
  0x00, 0xa5, 0x2a, 0x49, 0x48, 0x80, 0x00, 0x55, 0x54, 0x00, 0x90, 0x15, 0x12, 0xa8, 0x28, 0x5a,
  0x00, 0x28, 0x92, 0xa5, 0x25, 0x54, 0x22, 0x26, 0xe6, 0x92, 0x00, 0x82, 0xaa, 0x4a, 0x91, 0x2a,
  0x00, 0x12, 0xaa, 0x54, 0xaa, 0xa1, 0x00, 0xb3, 0x54, 0x00, 0x02, 0x28, 0x89, 0x25, 0x44, 0x28,
  0x00, 0x4a, 0x92, 0x95, 0x49, 0x58, 0x12, 0x0d, 0xa8, 0x40, 0x08, 0xa2, 0x52, 0x92, 0x28, 0x00,
  0x00, 0x24, 0x55, 0x52, 0x2a, 0x84, 0x40, 0x24, 0xa5, 0x08, 0x82, 0x54, 0xa9, 0x54, 0xa0, 0x00,
  0x00, 0x13, 0x49, 0x4a, 0xaa, 0x70, 0x05, 0x42, 0x40, 0x00, 0x01, 0x12, 0x04, 0x4a, 0x90, 0x00,
  0x00, 0x48, 0xaa, 0x55, 0x55, 0x49, 0x12, 0xa8, 0x15, 0xa2, 0x12, 0xaa, 0xaa, 0xa1, 0x24, 0x40,
  0x00, 0x26, 0x55, 0x52, 0xa5, 0x20, 0x0f, 0xf5, 0x56, 0xd0, 0x00, 0x89, 0x12, 0x54, 0x90, 0x00,
  0x00, 0x11, 0x4a, 0xaa, 0x54, 0xa8, 0x55, 0x5e, 0xdb, 0x50, 0x82, 0x54, 0xa5, 0x15, 0x40, 0x00,
  0x00, 0x15, 0x55, 0x49, 0x55, 0x52, 0x1b, 0xb7, 0x76, 0xdc, 0x01, 0x4a, 0x90, 0xa4, 0xa8, 0x00,
  0x00, 0x24, 0xa9, 0x2a, 0xaa, 0xa0, 0x6d, 0x7a, 0xdd, 0xa8, 0x04, 0xa2, 0x4a, 0x92, 0x10, 0x00,
  0x00, 0x12, 0xa5, 0x55, 0x55, 0x54, 0x25, 0xd7, 0xb6, 0xb6, 0x41, 0x19, 0x24, 0x55, 0x44, 0x80,
  0x00, 0x0a, 0x55, 0x2a, 0xa5, 0x50, 0xb0, 0x5d, 0x6a, 0x82, 0x02, 0xa5, 0x52, 0xa4, 0xa8, 0x00,
  0x00, 0x29, 0x54, 0xa5, 0x55, 0x20, 0x55, 0x6b, 0xdd, 0x2a, 0x01, 0x29, 0x29, 0x12, 0x40, 0x00,
  0x00, 0x05, 0x52, 0xaa, 0xaa, 0xaa, 0x68, 0x3d, 0x6a, 0x0a, 0x8a, 0x94, 0xa4, 0xaa, 0x90, 0x00,
  0x00, 0x15, 0x2a, 0xaa, 0x95, 0x50, 0xb5, 0x6b, 0x76, 0xa5, 0x00, 0x4a, 0x95, 0x11, 0x20, 0x00,
  0x00, 0x12, 0x92, 0xaa, 0x6a, 0xac, 0x5a, 0xb6, 0x9a, 0x16, 0x25, 0x52, 0x55, 0x4a, 0x48, 0x00,
  0x00, 0x08, 0x4a, 0xaa, 0x95, 0x52, 0x2d, 0xda, 0xb7, 0xda, 0x05, 0x29, 0x49, 0x21, 0x20, 0x00,
  0x00, 0x05, 0x52, 0x55, 0x6a, 0x54, 0x96, 0xb6, 0xda, 0xaa, 0x49, 0x4a, 0xa5, 0x4a, 0x00, 0x00,
  0x00, 0x00, 0x8a, 0xaa, 0x95, 0x55, 0x15, 0xdb, 0x2d, 0x69, 0x14, 0xa4, 0x54, 0xa0, 0x00, 0x00,
  0x00, 0x00, 0x15, 0x55, 0x55, 0x55, 0x4a, 0xb5, 0x5b, 0xac, 0x02, 0x53, 0x2a, 0x90, 0x48, 0x40,
  0x00, 0x00, 0x05, 0x55, 0x55, 0x55, 0x52, 0xad, 0xec, 0xa0, 0xb5, 0x28, 0xa5, 0x50, 0x00, 0x00,
  0x00, 0x00, 0x15, 0x55, 0x54, 0x94, 0x40, 0x12, 0x02, 0x00, 0x09, 0x4a, 0x94, 0xa4, 0x00, 0x00,
  0x00, 0x00, 0x15, 0x55, 0x55, 0x53, 0x08, 0x40, 0x88, 0x08, 0xa4, 0xa5, 0x55, 0x28, 0x40, 0x00,
  0x00, 0x00, 0x0a, 0xaa, 0xaa, 0xa9, 0x56, 0x0b, 0x40, 0x04, 0x2a, 0x54, 0xaa, 0xa0, 0x01, 0x00,
  0x00, 0x00, 0x2a, 0xaa, 0xa9, 0x15, 0x25, 0x55, 0x68, 0xaa, 0x92, 0x92, 0x92, 0x94, 0x04, 0x00,
  0x00, 0x0a, 0xaa, 0xaa, 0xaa, 0xca, 0xab, 0x2e, 0xb2, 0xc2, 0x49, 0x4a, 0x55, 0x51, 0x50, 0x00,
  0x00, 0x51, 0x2a, 0xaa, 0xaa, 0x29, 0x54, 0xb5, 0xda, 0xa9, 0x2a, 0x29, 0x54, 0xaa, 0x92, 0x00,
  0x05, 0xac, 0xaa, 0xad, 0xaa, 0xd4, 0xfa, 0xdb, 0x55, 0x4a, 0x92, 0xa5, 0x55, 0x54, 0xa9, 0xa8,
  0x36, 0xa2, 0x95, 0x55, 0x55, 0x25, 0xad, 0x6d, 0xb5, 0x56, 0xc9, 0x55, 0x55, 0x2a, 0xa6, 0x6a,
  0xda, 0xad, 0x4a, 0xb6, 0xb5, 0xaa, 0xfa, 0xb6, 0xda, 0xb7, 0x24, 0x89, 0x2a, 0xa5, 0x29, 0xaa,
  0x6f, 0x52, 0x45, 0x5a, 0xd6, 0x52, 0xad, 0xdd, 0xad, 0x5a, 0xd2, 0x54, 0xa5, 0x54, 0xad, 0x55,
  0xb5, 0xaa, 0x95, 0xab, 0x59, 0xa9, 0xf5, 0x77, 0x75, 0x57, 0x49, 0x22, 0x94, 0xaa, 0xa5, 0x55,
  0xda, 0xd4, 0x42, 0xb5, 0x6a, 0x95, 0x5d, 0x5b, 0xae, 0xad, 0x44, 0x94, 0x55, 0x52, 0xaa, 0xaa,
  0x6d, 0x6a, 0xaa, 0xaf, 0xad, 0x52, 0xb5, 0xed, 0xf7, 0x56, 0x81, 0x22, 0xaa, 0xaa, 0xaa, 0xaa,
  0xab, 0xa9, 0x02, 0xb4, 0xab, 0x54, 0xef, 0x7a, 0xad, 0xda, 0x92, 0x08, 0x95, 0x45, 0x55, 0x55,
  0xdd, 0x6a, 0xa9, 0x5b, 0xb5, 0x55, 0x3b, 0xdf, 0x7f, 0x6a, 0x00, 0x42, 0x52, 0xaa, 0x55, 0xaa,
  0x6b, 0xa9, 0x12, 0xad, 0x5a, 0xaa, 0x9e, 0xea, 0xdb, 0xd4, 0x89, 0x11, 0x2a, 0xa9, 0x55, 0x55,
  0xb5, 0x6a, 0x41, 0x55, 0xab, 0x54, 0x57, 0x7f, 0x76, 0xf0, 0x00, 0x08, 0xaa, 0x4a, 0xaa, 0xa9,
  0xae, 0xb5, 0x2a, 0x2a, 0xaa, 0xaa, 0xad, 0xd5, 0x7d, 0xac, 0x22, 0x45, 0x4a, 0xa5, 0x4a, 0xa5,
  0xdb, 0xd4, 0x90, 0x92, 0x55, 0x50, 0x3f, 0x7f, 0xd7, 0x74, 0x00, 0x10, 0x25, 0x55, 0x2a, 0xaa,
  0x6a, 0xb5, 0x25, 0x55, 0xaa, 0xaa, 0x95, 0xea, 0xfd, 0xd8, 0x88, 0x85, 0x94, 0x89, 0x55, 0x55,
  0xb6, 0xd4, 0x92, 0xaa, 0xaa, 0xaa, 0x5f, 0x7d, 0x57, 0x68, 0x02, 0x6a, 0x6a, 0xa5, 0x56, 0xaa,
  0xad, 0x6a, 0x49, 0x5b, 0x5b, 0x55, 0xab, 0xab, 0x7a, 0xda, 0x55, 0x95, 0xaa, 0xb4, 0xa9, 0x55,
  0xb7, 0xba, 0xa6, 0xad, 0x6d, 0x6e, 0x9e, 0xfd, 0x5f, 0xb1, 0x5a, 0xb5, 0x55, 0x55, 0x2a, 0xa9,
  0x5a, 0xaa, 0x2b, 0x75, 0xb6, 0xda, 0xe7, 0xae, 0x6a, 0xed, 0xad, 0xdb, 0x5b, 0x55, 0x55, 0x54,
  0x6a, 0xda, 0xbd, 0xae, 0xdb, 0x77, 0xb5, 0x75, 0x37, 0x56, 0xf6, 0xad, 0x6d, 0xb5, 0x4a, 0xab,
  0x5d, 0xad, 0x56, 0xf5, 0xb5, 0xad, 0x6d, 0xaa, 0xda, 0xdb, 0x55, 0x6a, 0xaa, 0xab, 0x55, 0x54
};
// Author :- Ashish ( ashish_y_794 )
// Website : https://www.oledanimationmaker.com/

const uint8_t PROGMEM frame69[1024] = {
  0xff, 0xff, 0xff, 0xff, 0xff, 0xff, 0xff, 0xff, 0xff, 0xff, 0xff, 0xff, 0xff, 0xff, 0xff, 0xff,
  0xff, 0xff, 0xff, 0xff, 0xff, 0xff, 0xff, 0xff, 0xff, 0xff, 0xff, 0xff, 0xff, 0xff, 0xff, 0xff,
  0xff, 0xff, 0xff, 0xff, 0xff, 0xff, 0xff, 0xff, 0xff, 0xff, 0xff, 0xff, 0xff, 0xff, 0xff, 0xff,
  0xff, 0xff, 0xff, 0xff, 0xff, 0xff, 0xff, 0xff, 0xff, 0xff, 0xff, 0xff, 0xff, 0xff, 0xff, 0xff,
  0xff, 0xff, 0xff, 0xff, 0xff, 0xff, 0xff, 0xff, 0xff, 0xff, 0xff, 0xff, 0xff, 0xff, 0xff, 0xff,
  0xff, 0xff, 0xff, 0xff, 0xff, 0xff, 0xff, 0xff, 0xff, 0xff, 0xff, 0xff, 0xff, 0xff, 0xff, 0xff,
  0xff, 0xff, 0xff, 0xff, 0xff, 0xff, 0xff, 0xff, 0xff, 0xff, 0xff, 0xff, 0xff, 0xff, 0xff, 0xff,
  0xff, 0x77, 0x77, 0x77, 0x77, 0x77, 0x77, 0x77, 0x77, 0x77, 0x77, 0x77, 0x77, 0x77, 0x77, 0x77,
  0xfd, 0xff, 0xff, 0xff, 0xff, 0xff, 0xff, 0xff, 0xff, 0xff, 0xff, 0xff, 0xff, 0xff, 0xff, 0xff,
  0xff, 0xff, 0xff, 0xff, 0xff, 0xff, 0xff, 0xff, 0xff, 0xff, 0xff, 0xff, 0xff, 0xff, 0xff, 0xff,
  0xff, 0xff, 0xff, 0xff, 0xff, 0xff, 0xff, 0xff, 0xff, 0xff, 0xff, 0xff, 0xff, 0xff, 0xff, 0xff,
  0xff, 0xff, 0xff, 0xff, 0xff, 0xff, 0xff, 0xff, 0xff, 0xff, 0xff, 0xff, 0xff, 0xff, 0xff, 0xff,
  0xff, 0xff, 0xff, 0xff, 0xff, 0xff, 0xff, 0xff, 0xff, 0xff, 0xff, 0xff, 0xff, 0xff, 0xff, 0xff,
  0xfb, 0xff, 0xfd, 0xfd, 0xfd, 0xfd, 0xfd, 0xfd, 0xfd, 0xfd, 0xfd, 0xfd, 0xfd, 0xfd, 0xfd, 0xff,
  0xff, 0xfd, 0xdf, 0xef, 0xef, 0xef, 0xef, 0xef, 0xef, 0xef, 0xef, 0xef, 0xef, 0xef, 0xef, 0xef,
  0xff, 0xef, 0xff, 0xff, 0xff, 0xff, 0xff, 0xff, 0xff, 0xff, 0xff, 0xff, 0xff, 0xff, 0xff, 0xff,
  0xff, 0xff, 0xff, 0xff, 0xff, 0xff, 0xff, 0xff, 0xff, 0xff, 0xff, 0xff, 0xff, 0xff, 0xff, 0xff,
  0xff, 0xff, 0xff, 0xff, 0xff, 0xff, 0xff, 0xff, 0xff, 0xff, 0xff, 0xff, 0xff, 0xff, 0xff, 0xff,
  0xff, 0x7f, 0xff, 0xff, 0xff, 0xff, 0xff, 0xff, 0xff, 0xff, 0xff, 0xff, 0xff, 0xff, 0xff, 0xff,
  0xfb, 0xff, 0xff, 0x7f, 0xff, 0xff, 0xff, 0xff, 0xff, 0xff, 0xff, 0xff, 0xff, 0xff, 0xff, 0xff,
  0xff, 0xff, 0xf7, 0xfd, 0xdf, 0x7b, 0xbe, 0xef, 0x7b, 0xbe, 0xef, 0x7b, 0xbd, 0xde, 0xef, 0x77,
  0xff, 0xff, 0xbf, 0xf7, 0xfd, 0xff, 0xff, 0xfd, 0xff, 0xff, 0xff, 0xfe, 0xf7, 0xff, 0xff, 0xff,
  0xff, 0xfd, 0xff, 0xff, 0xff, 0xeb, 0xee, 0xfe, 0xaf, 0xfb, 0xfd, 0x5f, 0xfb, 0xff, 0xff, 0xff,
  0xff, 0xff, 0xff, 0xfb, 0xad, 0xf7, 0xff, 0xfa, 0xbb, 0xfd, 0x7f, 0x6a, 0xaf, 0xff, 0xff, 0xff,
  0xff, 0xff, 0xff, 0xee, 0xf7, 0x57, 0xad, 0x7f, 0xdf, 0xe9, 0x5b, 0x3b, 0xef, 0xff, 0xff, 0xff,
  0xfb, 0xdf, 0xff, 0xfb, 0xbb, 0xdf, 0xff, 0xf5, 0x7b, 0xfd, 0x6e, 0xac, 0xaf, 0xff, 0xff, 0xff,
  0xff, 0xff, 0xff, 0xdd, 0xde, 0xee, 0xd5, 0x5e, 0xbf, 0xef, 0xeb, 0xdb, 0xdf, 0xfb, 0xbd, 0xdf,
  0xff, 0xff, 0xfe, 0xf6, 0xb7, 0xbf, 0xbd, 0xfb, 0xf5, 0xbb, 0x5d, 0xf7, 0x7f, 0xdf, 0xff, 0xff,
  0xff, 0xff, 0xef, 0xeb, 0xbb, 0xff, 0xd5, 0xae, 0xbf, 0x6d, 0xae, 0xaf, 0xbf, 0x7f, 0xff, 0xff,
  0xff, 0xfd, 0xff, 0xf6, 0xab, 0xbf, 0x5d, 0xdb, 0xaa, 0xbe, 0xbb, 0x57, 0xdf, 0xff, 0xff, 0xff,
  0xff, 0x7f, 0xff, 0xf7, 0xbf, 0xdf, 0xbb, 0x7d, 0x5d, 0xf5, 0x7e, 0xdf, 0x7f, 0xff, 0xff, 0xff,
  0xfb, 0xff, 0xff, 0xff, 0xfd, 0xff, 0xff, 0xdf, 0xfe, 0xbf, 0xfd, 0xbf, 0xff, 0xff, 0xff, 0xfb,
  0xff, 0xff, 0xff, 0xff, 0xff, 0xfd, 0xfb, 0xfd, 0xf7, 0xff, 0xff, 0xff, 0xdd, 0xff, 0xf7, 0x7f,
  0xff, 0xff, 0xff, 0xbd, 0xff, 0x7e, 0xb5, 0x5d, 0x54, 0xfa, 0xbe, 0xb5, 0xef, 0xff, 0xdf, 0xff,
  0xff, 0xfb, 0xbb, 0xff, 0xea, 0xfe, 0xa9, 0xba, 0xd1, 0x35, 0x6d, 0x75, 0xd3, 0xff, 0x7f, 0xff,
  0xff, 0xff, 0xff, 0xff, 0xde, 0x9d, 0x52, 0x9d, 0x51, 0x54, 0xae, 0xaa, 0xd7, 0xfd, 0xff, 0xff,
  0xff, 0xff, 0xff, 0xff, 0xed, 0x7e, 0xa3, 0x6d, 0x5a, 0xa8, 0x55, 0x55, 0xd7, 0xff, 0xff, 0xff,
  0xfb, 0xdf, 0xff, 0xff, 0x6e, 0x9e, 0xb7, 0xba, 0x55, 0x17, 0x56, 0x92, 0xab, 0xf7, 0xff, 0xfb,
  0xff, 0xff, 0xff, 0xff, 0xda, 0xbd, 0x4e, 0x9b, 0x55, 0x6b, 0xa4, 0x54, 0xd7, 0xff, 0xff, 0xef,
  0xff, 0xff, 0xff, 0xef, 0xee, 0x3e, 0x93, 0x68, 0x52, 0xa8, 0x8b, 0x22, 0x4b, 0xbf, 0xff, 0xff,
  0xff, 0xff, 0xde, 0xff, 0xba, 0xbd, 0x29, 0x95, 0x62, 0xad, 0x28, 0x52, 0xa5, 0xff, 0xff, 0xff,
  0xff, 0xfe, 0xff, 0xff, 0xed, 0x7e, 0xb5, 0xd2, 0xd6, 0xba, 0x9e, 0xaa, 0x57, 0xff, 0xff, 0x7f,
  0xfe, 0xfb, 0xff, 0xff, 0xfa, 0xff, 0x5d, 0xed, 0xef, 0x7d, 0x79, 0xdd, 0xd7, 0xff, 0xff, 0xff,
  0xfb, 0xff, 0xff, 0xff, 0xff, 0xef, 0xff, 0xff, 0xff, 0xff, 0xff, 0xff, 0xff, 0xff, 0xff, 0xff,
  0xff, 0xff, 0xff, 0xfd, 0xff, 0xff, 0xff, 0xff, 0xff, 0xff, 0xff, 0xff, 0xff, 0xff, 0xdd, 0xff,
  0xff, 0xff, 0xff, 0xf7, 0xff, 0xff, 0xff, 0xff, 0xff, 0xff, 0xff, 0xff, 0x7f, 0xfd, 0xff, 0xff,
  0xff, 0xff, 0xfe, 0xff, 0xff, 0xff, 0xff, 0xff, 0xff, 0xff, 0xff, 0xfb, 0xff, 0xbf, 0xff, 0xff,
  0xff, 0xff, 0xff, 0xff, 0xff, 0xff, 0x7f, 0xdd, 0xff, 0xdd, 0xef, 0xff, 0xfd, 0xff, 0xff, 0xfb,
  0xff, 0xf7, 0xf7, 0xff, 0xf7, 0xbd, 0xfd, 0xff, 0xfb, 0xff, 0xff, 0xdf, 0xff, 0xff, 0xff, 0xff,
  0xff, 0xdf, 0xdf, 0xff, 0xff, 0xff, 0xff, 0xff, 0xef, 0xff, 0xff, 0xff, 0xff, 0xff, 0xff, 0xff,
  0xfb, 0xff, 0xff, 0xff, 0xff, 0xff, 0xff, 0xff, 0xff, 0xff, 0xff, 0xff, 0xff, 0xff, 0xfb, 0xdf,
  0xff, 0xff, 0xff, 0xff, 0xbf, 0xff, 0xff, 0xff, 0xff, 0xff, 0xfe, 0xff, 0xff, 0xfd, 0xdf, 0xff,
  0xff, 0xff, 0xff, 0xee, 0xff, 0xff, 0xff, 0xff, 0xff, 0xff, 0xff, 0xff, 0xef, 0xf7, 0xff, 0xff,
  0xff, 0xff, 0xff, 0xff, 0xff, 0xdf, 0xfb, 0xf7, 0xff, 0xef, 0x77, 0xff, 0x7f, 0xbf, 0xff, 0xff,
  0xff, 0xff, 0xff, 0xff, 0xfe, 0xff, 0xef, 0xdf, 0xbf, 0xff, 0xff, 0xfd, 0xff, 0xff, 0xff, 0xff,
  0xfe, 0xfe, 0xff, 0x7f, 0xff, 0xff, 0x7f, 0xff, 0xff, 0x7f, 0xff, 0xf7, 0xff, 0xff, 0xff, 0xff,
  0xfb, 0xf7, 0xf7, 0xff, 0xff, 0xff, 0xff, 0xff, 0xff, 0xff, 0xff, 0xff, 0xff, 0xff, 0xff, 0xdf,
  0xff, 0xff, 0xff, 0xff, 0xff, 0xff, 0xff, 0xff, 0xff, 0xff, 0xff, 0xff, 0xff, 0xff, 0xff, 0x7f,
  0xff, 0xff, 0xff, 0xff, 0xff, 0xff, 0xff, 0xff, 0xfb, 0xff, 0xff, 0xbf, 0xfe, 0xff, 0xfb, 0xff,
  0xff, 0xff, 0xff, 0xfb, 0xdf, 0xfb, 0xff, 0xff, 0xff, 0xfd, 0xde, 0xff, 0xff, 0xff, 0xdf, 0xff,
  0xff, 0xff, 0xff, 0xff, 0xfe, 0xff, 0xff, 0xff, 0xbf, 0xff, 0xff, 0xff, 0xff, 0xf7, 0x7f, 0xff,
  0xff, 0xff, 0xef, 0xdf, 0xff, 0xff, 0xff, 0xbd, 0xff, 0xff, 0xff, 0xff, 0xff, 0xff, 0xff, 0xff,
  0xff, 0xdf, 0x7f, 0x7f, 0xff, 0xff, 0xdd, 0xff, 0xff, 0xdf, 0xff, 0xff, 0xf7, 0xff, 0xff, 0xff,
  0xfb, 0xff, 0xff, 0xff, 0xff, 0xff, 0xff, 0xff, 0xff, 0xff, 0xff, 0xff, 0xbf, 0xff, 0xff, 0xff
};
// Author :- Ashish ( ashish_y_794 )
// Website : https://www.oledanimationmaker.com/

const uint8_t PROGMEM frame70[1024] = {
  0xff, 0xff, 0xff, 0xff, 0xff, 0xff, 0xff, 0xff, 0xff, 0xff, 0xff, 0xff, 0xff, 0xff, 0xff, 0xff,
  0xff, 0xff, 0xff, 0xff, 0xff, 0xff, 0xff, 0xff, 0xff, 0xff, 0xff, 0xff, 0xff, 0xff, 0xff, 0xff,
  0xff, 0xff, 0xff, 0xff, 0xff, 0xff, 0xff, 0xff, 0xff, 0xff, 0xff, 0xff, 0xff, 0xff, 0xff, 0xff,
  0xff, 0xff, 0xff, 0xff, 0xff, 0xff, 0xff, 0xff, 0xff, 0xff, 0xff, 0xff, 0xff, 0xff, 0xff, 0xff,
  0xff, 0xff, 0xff, 0xff, 0xff, 0xff, 0xff, 0xff, 0xff, 0xff, 0xff, 0xff, 0xff, 0xff, 0xff, 0xff,
  0xff, 0xff, 0xff, 0xff, 0xff, 0xff, 0xff, 0xff, 0xff, 0xff, 0xff, 0xff, 0xff, 0xff, 0xff, 0xff,
  0xff, 0xff, 0xff, 0xff, 0xff, 0xff, 0xff, 0xff, 0xff, 0xff, 0xff, 0xff, 0xff, 0xff, 0xff, 0xff,
  0xfe, 0xee, 0xee, 0xee, 0xee, 0xee, 0xee, 0xee, 0xee, 0xee, 0xee, 0xee, 0xee, 0xee, 0xee, 0xef,
  0xff, 0xff, 0xff, 0xff, 0xff, 0xff, 0xff, 0xff, 0xff, 0xff, 0xff, 0xff, 0xff, 0xff, 0xff, 0xff,
  0xff, 0xff, 0xff, 0xff, 0xff, 0xff, 0xff, 0xff, 0xff, 0xff, 0xff, 0xff, 0xff, 0xff, 0xff, 0xff,
  0xfb, 0xff, 0xff, 0xff, 0xff, 0xff, 0xff, 0xff, 0xff, 0xff, 0xff, 0xff, 0xff, 0xff, 0xff, 0xff,
  0xff, 0xff, 0xff, 0xff, 0xff, 0xff, 0xff, 0xff, 0xff, 0xff, 0xff, 0xff, 0xff, 0xff, 0xff, 0xff,
  0xff, 0xff, 0xff, 0xff, 0xff, 0xff, 0xff, 0xff, 0xff, 0xff, 0xff, 0xff, 0xff, 0xff, 0xff, 0xff,
  0xff, 0xfb, 0xde, 0xf7, 0xbd, 0xef, 0x7b, 0xde, 0xf7, 0xbd, 0xef, 0x7b, 0xde, 0xf7, 0xbd, 0xef,
  0xff, 0xef, 0xff, 0xff, 0xff, 0xff, 0xff, 0xff, 0xff, 0xff, 0xff, 0xff, 0xff, 0xff, 0xff, 0xff,
  0xff, 0xbf, 0xff, 0xff, 0xff, 0xff, 0xff, 0xff, 0xff, 0xff, 0xff, 0xff, 0xff, 0xff, 0xff, 0xff,
  0xfb, 0xff, 0xff, 0xff, 0xff, 0xff, 0xff, 0xff, 0xff, 0xff, 0xff, 0xff, 0xff, 0xff, 0xff, 0xff,
  0xff, 0xff, 0xff, 0xff, 0xff, 0xff, 0xff, 0xff, 0xff, 0xff, 0xff, 0xff, 0xff, 0xff, 0xff, 0xff,
  0xff, 0xff, 0xff, 0xbe, 0xfb, 0xfb, 0xef, 0xbf, 0xbe, 0xfb, 0xfb, 0xef, 0xbf, 0xbe, 0xfb, 0xfb,
  0xff, 0xff, 0xf7, 0xff, 0xff, 0xdf, 0xff, 0xfd, 0xff, 0xff, 0xdf, 0xff, 0xfd, 0xff, 0xff, 0xdf,
  0xff, 0xff, 0xdf, 0xff, 0xff, 0xff, 0xff, 0xff, 0xff, 0xff, 0xff, 0xff, 0xff, 0xff, 0xff, 0xff,
  0xff, 0xff, 0xff, 0xf7, 0xdf, 0xff, 0xfe, 0xff, 0xfb, 0xff, 0xff, 0xbd, 0xf7, 0xff, 0xff, 0xff,
  0xfb, 0xbf, 0xff, 0xff, 0xfd, 0xeb, 0xbf, 0xf5, 0x5f, 0xed, 0x7d, 0x7e, 0xef, 0xff, 0xef, 0xff,
  0xff, 0xfd, 0xff, 0xf5, 0xae, 0xd7, 0xed, 0xfe, 0x5b, 0xfd, 0xff, 0x55, 0xb5, 0xfb, 0xff, 0xff,
  0xff, 0xff, 0xff, 0xbf, 0xf7, 0xb7, 0xbe, 0xfb, 0xff, 0xf4, 0xad, 0x7b, 0x6f, 0xff, 0xff, 0x7f,
  0xff, 0xff, 0xff, 0xf5, 0x5a, 0xef, 0xeb, 0xbe, 0xb7, 0xdb, 0x7b, 0x15, 0xaf, 0xff, 0xff, 0xff,
  0xff, 0xff, 0xfd, 0xff, 0xff, 0xbf, 0x7e, 0xea, 0xbd, 0xff, 0xcf, 0xfe, 0xff, 0xff, 0xff, 0xfb,
  0xff, 0xff, 0xdf, 0xea, 0xab, 0xef, 0xab, 0xbf, 0xff, 0xea, 0xb5, 0xd7, 0x5f, 0xff, 0xbf, 0xff,
  0xfb, 0xbd, 0xff, 0xf5, 0xb7, 0xbf, 0xdc, 0xda, 0xd5, 0x5f, 0x5e, 0xab, 0xff, 0xee, 0xfd, 0xff,
  0xff, 0xff, 0xff, 0xd7, 0x5b, 0xff, 0x5b, 0xdf, 0x5d, 0xb5, 0xbb, 0x6f, 0x9f, 0xff, 0xff, 0xff,
  0xff, 0xff, 0xff, 0xfb, 0xbd, 0xbf, 0xbb, 0x75, 0x76, 0xfe, 0xfe, 0xbf, 0x7f, 0x7f, 0xff, 0xff,
  0xff, 0xff, 0xff, 0xff, 0xff, 0xff, 0xff, 0xdf, 0xdd, 0x7f, 0xdd, 0xff, 0xff, 0xff, 0xff, 0xef,
  0xff, 0xff, 0xff, 0xff, 0xff, 0xfd, 0xfb, 0xfe, 0xff, 0xfe, 0xff, 0xf7, 0xff, 0xff, 0xff, 0xff,
  0xff, 0xf7, 0xf7, 0xef, 0xfd, 0xf6, 0xb5, 0x5d, 0xd1, 0x75, 0xfe, 0xbb, 0xd7, 0xff, 0xff, 0xff,
  0xfb, 0xbf, 0xbf, 0xbf, 0x6e, 0xbf, 0x55, 0xba, 0x6a, 0xba, 0x2e, 0xa9, 0xd3, 0xff, 0xfb, 0xff,
  0xff, 0xff, 0xff, 0xff, 0xf5, 0xde, 0xa9, 0x5d, 0xa0, 0xa9, 0x5d, 0x55, 0xd7, 0xf7, 0xbf, 0xdf,
  0xff, 0xff, 0xff, 0xff, 0xde, 0x5e, 0xa3, 0x5a, 0x5a, 0x94, 0x55, 0x54, 0xd7, 0xdf, 0xff, 0xff,
  0xff, 0xff, 0xff, 0xff, 0xad, 0x5d, 0x57, 0x5d, 0x55, 0x2b, 0x56, 0xaa, 0xd3, 0xff, 0xff, 0xff,
  0xff, 0xff, 0xff, 0xff, 0xf6, 0xbe, 0xab, 0x55, 0x55, 0x55, 0xa4, 0x45, 0x57, 0xff, 0xff, 0xff,
  0xff, 0xff, 0xff, 0xff, 0xde, 0x3e, 0x97, 0x5a, 0x52, 0xea, 0x8b, 0x32, 0xa5, 0xff, 0xff, 0xff,
  0xfb, 0xbd, 0xee, 0xfd, 0xea, 0xbd, 0x29, 0xa4, 0xc9, 0x2a, 0x4a, 0x42, 0x2b, 0xff, 0xfd, 0xf7,
  0xff, 0xff, 0xff, 0xf7, 0xf4, 0x7e, 0xa9, 0xa9, 0x66, 0xba, 0x9c, 0xaa, 0xa7, 0xff, 0xbf, 0xff,
  0xff, 0xff, 0xff, 0xff, 0xff, 0xff, 0x3d, 0xf7, 0xff, 0x7d, 0x7b, 0xdd, 0x6b, 0xfe, 0xff, 0xff,
  0xff, 0xff, 0xff, 0xff, 0xfd, 0xef, 0xff, 0xfd, 0xff, 0xff, 0xff, 0xff, 0xff, 0xf7, 0xff, 0xff,
  0xff, 0xff, 0xff, 0xff, 0xf7, 0xff, 0xff, 0xff, 0xf7, 0xff, 0xff, 0xff, 0xff, 0xff, 0xff, 0xdf,
  0xff, 0xff, 0x7f, 0xff, 0xff, 0xff, 0xff, 0xff, 0xff, 0xff, 0xff, 0xff, 0xff, 0xff, 0xff, 0x7f,
  0xfb, 0xbb, 0xfb, 0xbf, 0xff, 0xff, 0xff, 0xff, 0xff, 0xff, 0xff, 0x7b, 0xff, 0xff, 0xff, 0xff,
  0xff, 0xff, 0xff, 0xff, 0xbf, 0xff, 0xff, 0xef, 0xff, 0xef, 0xfd, 0xff, 0xff, 0xbf, 0xff, 0xff,
  0xff, 0xff, 0xff, 0xfe, 0xff, 0xfd, 0xef, 0xbf, 0xff, 0xff, 0x77, 0xff, 0xfe, 0xff, 0xfb, 0xff,
  0xff, 0xff, 0xff, 0xff, 0xff, 0xef, 0xff, 0xff, 0xbf, 0x7f, 0xff, 0xff, 0xef, 0xff, 0xef, 0xff,
  0xff, 0xff, 0xff, 0xff, 0xff, 0xff, 0xff, 0xff, 0xfd, 0xff, 0xff, 0xff, 0xff, 0xfe, 0xff, 0xff,
  0xff, 0xff, 0xff, 0xf7, 0xff, 0x7f, 0xff, 0xff, 0xff, 0xff, 0xff, 0xff, 0x7f, 0xff, 0xff, 0xff,
  0xfb, 0xbf, 0xbb, 0xdf, 0xff, 0xff, 0xff, 0xff, 0xff, 0xff, 0xff, 0xfd, 0xff, 0xff, 0xff, 0xf7,
  0xff, 0xfd, 0xff, 0xff, 0xff, 0xff, 0xfb, 0xff, 0xff, 0xfe, 0xff, 0xff, 0xff, 0xff, 0xff, 0xff,
  0xff, 0xff, 0xff, 0xff, 0xfb, 0xff, 0xdf, 0xde, 0xff, 0xff, 0xff, 0xff, 0xff, 0xfb, 0xff, 0xff,
  0xff, 0xff, 0xff, 0xff, 0xef, 0xff, 0x7f, 0xff, 0xf7, 0xff, 0xf7, 0xdf, 0xff, 0x7f, 0xff, 0xbf,
  0xff, 0xff, 0xff, 0xff, 0xff, 0xfd, 0xff, 0xff, 0xff, 0xf7, 0xff, 0xff, 0xfd, 0xff, 0xef, 0xff,
  0xfd, 0xff, 0xff, 0xff, 0xff, 0xf7, 0xff, 0xff, 0xff, 0xdf, 0xff, 0xff, 0xff, 0xff, 0xff, 0xff,
  0xff, 0xef, 0xfd, 0xdf, 0x7f, 0xff, 0xff, 0xff, 0xff, 0xff, 0xff, 0xff, 0xff, 0xff, 0xff, 0xff,
  0xff, 0xff, 0x77, 0xff, 0xff, 0xff, 0xff, 0xfb, 0xff, 0xff, 0xdf, 0x7e, 0xef, 0xff, 0x7f, 0xff,
  0xff, 0xff, 0xff, 0xff, 0xff, 0xff, 0xff, 0xbf, 0xde, 0xff, 0xff, 0xff, 0xff, 0xfd, 0xfe, 0xf7,
  0xfb, 0xff, 0xff, 0xff, 0xff, 0xbf, 0xff, 0xff, 0xff, 0xff, 0xff, 0xff, 0xff, 0xff, 0xff, 0xff,
  0xff, 0xff, 0xff, 0xff, 0xfe, 0xff, 0xff, 0xff, 0xff, 0xff, 0xff, 0xfb, 0xff, 0xf7, 0xff, 0xff,
  0xff, 0xfb, 0xff, 0xfd, 0xf7, 0xff, 0xfd, 0xff, 0xff, 0xff, 0x7f, 0xff, 0xff, 0xdf, 0xff, 0xff
};
// Author :- Ashish ( ashish_y_794 )
// Website : https://www.oledanimationmaker.com/

const uint8_t PROGMEM frame71[1024] = {
  0xff, 0xff, 0xff, 0xff, 0xff, 0xff, 0xff, 0xff, 0xff, 0xff, 0xff, 0xff, 0xff, 0xff, 0xff, 0xff,
  0xff, 0xff, 0xff, 0xff, 0xff, 0xff, 0xff, 0xff, 0xff, 0xff, 0xff, 0xff, 0xff, 0xff, 0xff, 0xff,
  0xff, 0xff, 0xff, 0xff, 0xff, 0xff, 0xff, 0xff, 0xff, 0xff, 0xff, 0xff, 0xff, 0xff, 0xff, 0xff,
  0xff, 0xff, 0xff, 0xff, 0xff, 0xff, 0xff, 0xff, 0xff, 0xff, 0xff, 0xff, 0xff, 0xff, 0xff, 0xff,
  0xff, 0xff, 0xff, 0xff, 0xff, 0xff, 0xff, 0xff, 0xff, 0xff, 0xff, 0xff, 0xff, 0xff, 0xff, 0xff,
  0xff, 0xff, 0xff, 0xff, 0xff, 0xff, 0xff, 0xff, 0xff, 0xff, 0xff, 0xff, 0xff, 0xff, 0xff, 0xff,
  0xff, 0xff, 0xff, 0xff, 0xff, 0xff, 0xff, 0xff, 0xff, 0xff, 0xff, 0xff, 0xff, 0xff, 0xff, 0xff,
  0xff, 0x77, 0x77, 0x77, 0x77, 0x77, 0x77, 0x77, 0x77, 0x77, 0x77, 0x77, 0x77, 0x77, 0x77, 0x77,
  0xfd, 0xff, 0xff, 0xff, 0xff, 0xff, 0xff, 0xff, 0xff, 0xff, 0xff, 0xff, 0xff, 0xff, 0xff, 0xff,
  0xff, 0xff, 0xff, 0xff, 0xff, 0xff, 0xff, 0xff, 0xff, 0xff, 0xff, 0xff, 0xff, 0xff, 0xff, 0xff,
  0xff, 0xff, 0xff, 0xff, 0xff, 0xff, 0xff, 0xff, 0xff, 0xff, 0xff, 0xff, 0xff, 0xff, 0xff, 0xff,
  0xff, 0xff, 0xff, 0xff, 0xff, 0xff, 0xff, 0xff, 0xff, 0xff, 0xff, 0xff, 0xff, 0xff, 0xff, 0xff,
  0xff, 0xff, 0xff, 0xff, 0xff, 0xff, 0xff, 0xff, 0xff, 0xff, 0xff, 0xff, 0xff, 0xff, 0xff, 0xff,
  0xfb, 0xff, 0xfb, 0xfb, 0xfb, 0xfb, 0xfb, 0xfb, 0xfb, 0xfb, 0xfb, 0xfb, 0xfb, 0xfb, 0xfb, 0xff,
  0xff, 0xfd, 0xdf, 0xdf, 0xdf, 0xdf, 0xdf, 0xdf, 0xdf, 0xdf, 0xdf, 0xdf, 0xdf, 0xdf, 0xdf, 0xdf,
  0xff, 0xef, 0xff, 0xff, 0xff, 0xff, 0xff, 0xff, 0xff, 0xff, 0xff, 0xff, 0xff, 0xff, 0xff, 0xff,
  0xff, 0xff, 0xff, 0xff, 0xff, 0xff, 0xff, 0xff, 0xff, 0xff, 0xff, 0xff, 0xff, 0xff, 0xff, 0xff,
  0xff, 0xff, 0xff, 0xff, 0xff, 0xff, 0xff, 0xff, 0xff, 0xff, 0xff, 0xff, 0xff, 0xff, 0xff, 0xff,
  0xff, 0x7f, 0xff, 0xff, 0xff, 0xff, 0xff, 0xff, 0xff, 0xff, 0xff, 0xff, 0xff, 0xff, 0xff, 0xfd,
  0xfb, 0xff, 0xff, 0xff, 0xff, 0xff, 0xff, 0xff, 0xff, 0xff, 0xff, 0xff, 0xff, 0xff, 0xff, 0xf7,
  0xff, 0xff, 0xfe, 0xf7, 0x7b, 0xbd, 0xde, 0xf7, 0xbe, 0xf7, 0xbd, 0xde, 0xf7, 0x7d, 0xde, 0xff,
  0xff, 0xff, 0xbb, 0xff, 0xff, 0xf7, 0xff, 0xfe, 0xfb, 0xff, 0xff, 0xff, 0xff, 0xff, 0xff, 0xff,
  0xff, 0xfd, 0xff, 0xfb, 0xdd, 0xff, 0xfd, 0xfb, 0x5f, 0xfd, 0xfe, 0xba, 0xd5, 0xff, 0xff, 0xff,
  0xff, 0xff, 0xff, 0xf7, 0xf7, 0xd7, 0xaf, 0x7e, 0x7b, 0xf6, 0xbb, 0x5d, 0xbb, 0xff, 0xff, 0xff,
  0xff, 0xff, 0xff, 0xfd, 0x5d, 0x6b, 0xfd, 0xfb, 0xaf, 0xf9, 0x6f, 0x35, 0xef, 0xff, 0xff, 0xff,
  0xfb, 0xdf, 0xff, 0xef, 0xf7, 0xd7, 0xb7, 0xde, 0xfd, 0xed, 0x7a, 0xda, 0xaf, 0xfb, 0xff, 0xbf,
  0xff, 0xff, 0xff, 0xf5, 0x5b, 0xbf, 0xdd, 0x7a, 0xbf, 0xff, 0xd7, 0x6f, 0x7f, 0xff, 0xee, 0xff,
  0xff, 0xff, 0xff, 0xdb, 0xbf, 0xff, 0x77, 0xdf, 0xf7, 0xd5, 0xad, 0xf7, 0xdf, 0xff, 0xff, 0xff,
  0xff, 0xff, 0xbf, 0x76, 0xb5, 0xbf, 0x99, 0x6d, 0x5d, 0x7e, 0xaf, 0x56, 0xbf, 0xff, 0xff, 0xff,
  0xff, 0xfd, 0xfd, 0xeb, 0x6b, 0xdf, 0x6d, 0xbb, 0x6a, 0xab, 0x5d, 0x5f, 0xdf, 0xdf, 0xbf, 0xfd,
  0xff, 0x7f, 0xff, 0xfb, 0xbf, 0xff, 0xbf, 0xdd, 0xbe, 0xfd, 0xff, 0xaf, 0x7e, 0xff, 0xff, 0xff,
  0xfb, 0xff, 0xff, 0xff, 0xff, 0xdf, 0xfb, 0xfe, 0xfb, 0x7f, 0xfd, 0x7f, 0xff, 0xff, 0xff, 0xff,
  0xff, 0xff, 0xff, 0xff, 0xff, 0x7e, 0xff, 0xbb, 0xef, 0xff, 0x7f, 0xff, 0xf7, 0xff, 0xff, 0xff,
  0xff, 0xff, 0xff, 0xff, 0xfd, 0xff, 0x75, 0x5e, 0xd1, 0x7a, 0xfe, 0xb5, 0xdf, 0xfe, 0xfe, 0xf7,
  0xff, 0xfb, 0xff, 0xff, 0xee, 0xfd, 0x51, 0xba, 0xd5, 0x55, 0x2e, 0xb5, 0xe3, 0xff, 0xfb, 0xff,
  0xff, 0xff, 0xef, 0xfb, 0xb5, 0x9e, 0xa9, 0x5d, 0x50, 0xb4, 0xb5, 0x55, 0xaf, 0xff, 0xff, 0xff,
  0xff, 0xff, 0xff, 0x7f, 0xde, 0x7d, 0x53, 0xad, 0x55, 0x14, 0x4e, 0xaa, 0xd3, 0xf7, 0xff, 0xff,
  0xfb, 0xdf, 0xff, 0xff, 0xed, 0x5e, 0xab, 0x5a, 0x55, 0x55, 0x55, 0x52, 0xd7, 0xdf, 0xff, 0xff,
  0xff, 0xff, 0xff, 0xff, 0xbb, 0x3d, 0x57, 0x5d, 0x55, 0x57, 0xa5, 0x29, 0x53, 0xff, 0xff, 0xff,
  0xff, 0xff, 0xbf, 0xff, 0xde, 0x5e, 0x95, 0xaa, 0x52, 0xa8, 0x94, 0x92, 0xab, 0xff, 0xdf, 0xff,
  0xff, 0xff, 0xff, 0xff, 0xea, 0x3e, 0x55, 0x50, 0xd2, 0xb6, 0x8a, 0x49, 0x17, 0xff, 0xff, 0xef,
  0xff, 0xff, 0xfd, 0xee, 0xf5, 0x7e, 0x95, 0xd5, 0xcb, 0x39, 0x3d, 0x54, 0xa3, 0xff, 0xfe, 0xff,
  0xfe, 0xfb, 0xff, 0xff, 0xfd, 0x7f, 0x7b, 0xd5, 0xf7, 0xbe, 0xba, 0xde, 0xf7, 0xff, 0xff, 0xff,
  0xfb, 0xff, 0xff, 0xff, 0xff, 0xff, 0xbf, 0xff, 0xff, 0xff, 0xff, 0xfb, 0xdf, 0xbf, 0xff, 0xff,
  0xff, 0xff, 0xff, 0xff, 0xff, 0xff, 0xff, 0xff, 0xff, 0xff, 0xff, 0xff, 0xff, 0xfd, 0xef, 0xff,
  0xff, 0xff, 0xdf, 0xff, 0xff, 0xff, 0xff, 0xff, 0xff, 0xff, 0xff, 0xff, 0xff, 0xff, 0xff, 0xff,
  0xff, 0xff, 0xff, 0xbf, 0xef, 0xfd, 0xff, 0x7f, 0xff, 0xff, 0xff, 0xff, 0xff, 0xff, 0xff, 0xf7,
  0xff, 0xfb, 0xfe, 0xfe, 0xff, 0xff, 0xff, 0xff, 0xbf, 0xfb, 0xef, 0xff, 0xff, 0xff, 0xff, 0xbf,
  0xff, 0xff, 0xff, 0xff, 0xff, 0xef, 0xff, 0xfe, 0xfe, 0xff, 0xff, 0x7f, 0xff, 0xff, 0xff, 0xff,
  0xff, 0xdf, 0xff, 0xff, 0xff, 0x7f, 0xff, 0xfb, 0xff, 0xff, 0xff, 0xfb, 0xfd, 0xde, 0xfb, 0xff,
  0xfb, 0xff, 0xf7, 0xff, 0xff, 0xff, 0xf7, 0xff, 0xff, 0xff, 0xff, 0xff, 0xdf, 0xff, 0xff, 0xff,
  0xff, 0xff, 0xdf, 0xff, 0xff, 0xff, 0xff, 0xdf, 0xff, 0xff, 0xbf, 0xff, 0xff, 0xff, 0xff, 0xff,
  0xff, 0xff, 0xff, 0xfd, 0xf7, 0xff, 0xff, 0xff, 0xff, 0xee, 0xff, 0xff, 0xff, 0xff, 0xff, 0xff,
  0xff, 0xff, 0xff, 0xff, 0xff, 0xff, 0xbf, 0xff, 0xff, 0x7f, 0xfe, 0xff, 0xff, 0xff, 0xef, 0xff,
  0xff, 0xfd, 0xff, 0xf7, 0xff, 0xff, 0xff, 0xff, 0xfd, 0xff, 0xff, 0xf7, 0xff, 0xff, 0xbf, 0xbb,
  0xfe, 0xef, 0xff, 0xdf, 0xff, 0xde, 0xfe, 0xff, 0xff, 0xff, 0xff, 0xff, 0xbe, 0xf7, 0xff, 0xff,
  0xfb, 0xff, 0xff, 0xff, 0xff, 0x7f, 0xff, 0xff, 0xff, 0xff, 0xff, 0xff, 0xff, 0xff, 0xff, 0xff,
  0xff, 0xff, 0xff, 0xff, 0xef, 0xff, 0xff, 0xfd, 0xef, 0xff, 0xff, 0xff, 0xff, 0xff, 0xff, 0xff,
  0xff, 0xff, 0xf7, 0xff, 0xff, 0xff, 0xff, 0xf7, 0xff, 0xff, 0xfb, 0xff, 0xff, 0xff, 0xff, 0xff,
  0xff, 0xff, 0xff, 0xff, 0xff, 0xff, 0xff, 0xff, 0xff, 0xff, 0xef, 0xdf, 0xfb, 0xff, 0xff, 0xff,
  0xff, 0xff, 0xdf, 0xbf, 0xff, 0xff, 0xfb, 0xff, 0xff, 0xfd, 0xff, 0xfe, 0xff, 0xf7, 0x7d, 0xdf,
  0xff, 0xff, 0x7f, 0xff, 0xff, 0xff, 0xef, 0xdf, 0xff, 0xef, 0xff, 0xff, 0xff, 0xdf, 0xff, 0xff,
  0xff, 0xfb, 0xff, 0xff, 0x7d, 0xfd, 0xff, 0xff, 0xff, 0x7f, 0xff, 0xff, 0xff, 0xff, 0xff, 0xff,
  0xfb, 0xbf, 0xff, 0xff, 0xff, 0xf7, 0xff, 0xff, 0xfb, 0xff, 0xff, 0xff, 0xff, 0xff, 0xff, 0xff
};
// Author :- Ashish ( ashish_y_794 )
// Website : https://www.oledanimationmaker.com/

const uint8_t PROGMEM frame72[1024] = {
  0xff, 0xff, 0xff, 0xff, 0xff, 0xff, 0xff, 0xff, 0xff, 0xff, 0xff, 0xff, 0xff, 0xff, 0xff, 0xff,
  0xff, 0xff, 0xff, 0xff, 0xff, 0xff, 0xff, 0xff, 0xff, 0xff, 0xff, 0xff, 0xff, 0xff, 0xff, 0xff,
  0xff, 0xff, 0xff, 0xff, 0xff, 0xff, 0xff, 0xff, 0xff, 0xff, 0xff, 0xff, 0xff, 0xff, 0xff, 0xff,
  0xff, 0xff, 0xff, 0xff, 0xff, 0xff, 0xff, 0xff, 0xff, 0xff, 0xff, 0xff, 0xff, 0xff, 0xff, 0xff,
  0xff, 0xff, 0xff, 0xff, 0xff, 0xff, 0xff, 0xff, 0xff, 0xff, 0xff, 0xff, 0xff, 0xff, 0xff, 0xff,
  0xff, 0xff, 0xff, 0xff, 0xff, 0xff, 0xff, 0xff, 0xff, 0xff, 0xff, 0xff, 0xff, 0xff, 0xff, 0xff,
  0xff, 0xff, 0xff, 0xff, 0xff, 0xff, 0xff, 0xff, 0xff, 0xff, 0xff, 0xff, 0xff, 0xff, 0xff, 0xff,
  0xff, 0x77, 0x77, 0x77, 0x77, 0x77, 0x77, 0x77, 0x77, 0x77, 0x77, 0x77, 0x77, 0x77, 0x77, 0x77,
  0xfd, 0xff, 0xff, 0xff, 0xff, 0xff, 0xff, 0xff, 0xff, 0xff, 0xff, 0xff, 0xff, 0xff, 0xff, 0xff,
  0xff, 0xff, 0xff, 0xff, 0xff, 0xff, 0xff, 0xff, 0xff, 0xff, 0xff, 0xff, 0xff, 0xff, 0xff, 0xff,
  0xff, 0xff, 0xff, 0xff, 0xff, 0xff, 0xff, 0xff, 0xff, 0xff, 0xff, 0xff, 0xff, 0xff, 0xff, 0xff,
  0xff, 0xff, 0xff, 0xff, 0xff, 0xff, 0xff, 0xff, 0xff, 0xff, 0xff, 0xff, 0xff, 0xff, 0xff, 0xff,
  0xff, 0xff, 0xff, 0xff, 0xff, 0xff, 0xff, 0xff, 0xff, 0xff, 0xff, 0xff, 0xff, 0xff, 0xff, 0xff,
  0xfb, 0xff, 0xef, 0xdf, 0xbf, 0x7e, 0xfd, 0xfb, 0xf7, 0xef, 0xdf, 0xbf, 0x7e, 0xfd, 0xfb, 0xf7,
  0xff, 0xfb, 0xbf, 0x7e, 0xfd, 0xfb, 0xf7, 0xef, 0xdf, 0xbf, 0x7e, 0xfd, 0xfb, 0xf7, 0xef, 0xdf,
  0xff, 0xef, 0xff, 0xff, 0xff, 0xff, 0xff, 0xff, 0xff, 0xff, 0xff, 0xff, 0xff, 0xff, 0xff, 0xff,
  0xff, 0xff, 0xff, 0xff, 0xff, 0xff, 0xff, 0xff, 0xff, 0xff, 0xff, 0xff, 0xff, 0xff, 0xff, 0xff,
  0xff, 0xff, 0xff, 0xff, 0xff, 0xff, 0xff, 0xff, 0xff, 0xff, 0xff, 0xff, 0xff, 0xff, 0xff, 0xff,
  0xff, 0x7f, 0xff, 0xff, 0xff, 0xff, 0xff, 0xff, 0xff, 0xff, 0xff, 0xff, 0xff, 0xff, 0xff, 0xff,
  0xfb, 0xff, 0xff, 0xff, 0xff, 0xff, 0xff, 0xff, 0xff, 0xff, 0xff, 0xff, 0xff, 0xff, 0xff, 0xff,
  0xff, 0xff, 0xff, 0xff, 0xff, 0xff, 0xff, 0xff, 0xff, 0xff, 0xff, 0xff, 0xff, 0xff, 0xff, 0xff,
  0xff, 0xff, 0xfd, 0xed, 0xbb, 0xdb, 0xbb, 0xb5, 0x6e, 0xf7, 0xed, 0xba, 0xeb, 0xbb, 0xbd, 0xdf,
  0xff, 0xff, 0x77, 0xff, 0xee, 0xf7, 0xee, 0xff, 0xbb, 0xfd, 0x7f, 0x6f, 0x7b, 0xff, 0xff, 0xff,
  0xff, 0xfd, 0xff, 0xf7, 0xbf, 0xd7, 0xff, 0xfc, 0x5f, 0xfb, 0xbe, 0xbd, 0xd7, 0xff, 0xff, 0xff,
  0xff, 0xf7, 0xff, 0xfb, 0x75, 0x6f, 0xbd, 0xfb, 0xfb, 0xec, 0xfb, 0x55, 0x6f, 0xff, 0xff, 0xff,
  0xfb, 0xdf, 0xff, 0xed, 0xdf, 0xd7, 0xd7, 0x7f, 0x6f, 0xfa, 0x57, 0x5d, 0xbf, 0xff, 0xff, 0xff,
  0xff, 0xff, 0xff, 0xf7, 0x77, 0x7f, 0x7d, 0xda, 0xbd, 0xf7, 0xed, 0xd6, 0xdf, 0xff, 0xff, 0xfb,
  0xff, 0xff, 0xff, 0xdb, 0xbb, 0xdf, 0xd6, 0xef, 0xff, 0xdf, 0x57, 0x7b, 0xef, 0x7d, 0xee, 0xef,
  0xff, 0xff, 0xff, 0xed, 0x57, 0xbf, 0x5b, 0x5d, 0x55, 0x6a, 0xdd, 0xd7, 0x5f, 0xff, 0xff, 0xff,
  0xff, 0xff, 0xff, 0xeb, 0x7b, 0xff, 0xb9, 0xdb, 0x5d, 0xbf, 0x5e, 0xaf, 0xff, 0xff, 0xff, 0xff,
  0xfe, 0xff, 0xfe, 0xf7, 0xb7, 0xbf, 0x5f, 0xbd, 0xf6, 0xba, 0xfd, 0x5f, 0x5f, 0xff, 0xff, 0xff,
  0xfb, 0xff, 0xfb, 0xff, 0xff, 0xff, 0xfd, 0xfe, 0xbd, 0xff, 0xff, 0xff, 0xff, 0xf7, 0xff, 0xff,
  0xff, 0xff, 0xef, 0xff, 0xff, 0xff, 0xff, 0xfb, 0xf7, 0xff, 0x7f, 0x7f, 0xff, 0xdf, 0xff, 0xff,
  0xff, 0xfb, 0xff, 0xff, 0xfd, 0xba, 0x6b, 0x5e, 0xd9, 0x7a, 0xfd, 0xb2, 0xeb, 0xff, 0xdd, 0xff,
  0xff, 0xff, 0xff, 0xff, 0x6e, 0xff, 0x69, 0x5a, 0xd2, 0xaa, 0x9e, 0x7b, 0xd7, 0xff, 0xff, 0xef,
  0xff, 0xff, 0xff, 0xfd, 0xf5, 0xbd, 0x51, 0x5d, 0x50, 0xb4, 0x6d, 0x49, 0xd3, 0xff, 0xff, 0xff,
  0xff, 0xff, 0xff, 0xff, 0xde, 0x5e, 0xa3, 0xad, 0x55, 0x14, 0x96, 0xaa, 0xd7, 0xff, 0xff, 0xff,
  0xff, 0xdf, 0xbf, 0xff, 0xea, 0xbd, 0x56, 0xba, 0x55, 0x55, 0x55, 0x54, 0xd3, 0xbf, 0xff, 0xff,
  0xfb, 0xff, 0xff, 0xef, 0xbe, 0x5e, 0x9b, 0xad, 0x55, 0x2b, 0xa5, 0x22, 0xab, 0xff, 0x7f, 0xff,
  0xff, 0xff, 0xff, 0xbf, 0xdd, 0x3d, 0x4e, 0xaa, 0x52, 0xea, 0x94, 0x95, 0x55, 0xff, 0xfb, 0xbf,
  0xff, 0xfe, 0xfe, 0xff, 0xea, 0x7e, 0x29, 0xa8, 0xd2, 0x2a, 0x4a, 0x51, 0x27, 0xff, 0xff, 0xff,
  0xff, 0xff, 0xff, 0xff, 0xea, 0x7d, 0x55, 0xa5, 0x67, 0xba, 0x1a, 0xa4, 0xab, 0xff, 0xff, 0xfd,
  0xff, 0xef, 0xff, 0xff, 0xfd, 0xef, 0x7b, 0xf5, 0xee, 0xbd, 0xfd, 0xde, 0xd7, 0xfb, 0xff, 0xff,
  0xfd, 0xff, 0xfb, 0xff, 0xff, 0xff, 0xff, 0xdf, 0xff, 0xff, 0xff, 0xff, 0xff, 0xff, 0xef, 0xff,
  0xff, 0xff, 0xff, 0xff, 0xbf, 0xff, 0xff, 0x7f, 0xff, 0xff, 0xff, 0xff, 0xfe, 0xff, 0xff, 0xff,
  0xff, 0xff, 0xff, 0xff, 0xff, 0xff, 0xff, 0xff, 0xff, 0xff, 0xdf, 0x77, 0xff, 0xff, 0xff, 0xdf,
  0xff, 0xff, 0xbf, 0xff, 0xff, 0x7f, 0xbb, 0xff, 0xff, 0xff, 0xff, 0xff, 0xdf, 0xff, 0xff, 0x7f,
  0xff, 0xfd, 0xff, 0xfd, 0xfd, 0xff, 0xff, 0xff, 0xff, 0xff, 0xff, 0xff, 0xff, 0xf7, 0x7f, 0xff,
  0xf7, 0x77, 0xff, 0xf7, 0xff, 0xfd, 0xff, 0xff, 0xfb, 0xde, 0xff, 0xff, 0xff, 0xff, 0xff, 0xff,
  0xff, 0xff, 0xff, 0x7f, 0xff, 0xff, 0xff, 0xff, 0xdf, 0xff, 0xfd, 0xff, 0xff, 0xbf, 0xfb, 0xff,
  0xff, 0xff, 0xfd, 0xff, 0xff, 0xff, 0xff, 0xff, 0x7f, 0xff, 0xff, 0xfe, 0xfd, 0xff, 0xff, 0xff,
  0xff, 0xff, 0xff, 0xff, 0xf7, 0xff, 0xff, 0xfd, 0xff, 0xff, 0xff, 0xfb, 0xff, 0xff, 0xff, 0xff,
  0xff, 0xff, 0xff, 0xff, 0xff, 0xff, 0xff, 0xdf, 0xff, 0xff, 0xff, 0xef, 0xff, 0xff, 0xff, 0xff,
  0xff, 0xff, 0xff, 0xff, 0xff, 0xf7, 0xee, 0xff, 0xff, 0xfb, 0xdf, 0xff, 0xff, 0xff, 0xbf, 0xf7,
  0xfe, 0xff, 0xf7, 0xff, 0xff, 0xff, 0xbf, 0xff, 0xff, 0xdf, 0xff, 0x7f, 0xff, 0xfe, 0xff, 0xbf,
  0xfb, 0xf7, 0xdf, 0xff, 0xbf, 0xbf, 0xff, 0xff, 0xff, 0xff, 0xff, 0xff, 0xf7, 0xfb, 0xfe, 0xff,
  0xff, 0xff, 0xff, 0xfd, 0xff, 0xff, 0xff, 0xff, 0xff, 0xff, 0xff, 0xff, 0xff, 0xdf, 0xff, 0xff,
  0xff, 0xff, 0xff, 0xf7, 0xff, 0xff, 0xff, 0xff, 0xfe, 0xff, 0xff, 0xff, 0xff, 0xff, 0xff, 0xff,
  0xff, 0xff, 0xff, 0xff, 0xfd, 0xff, 0xff, 0xff, 0xff, 0xff, 0xfb, 0xff, 0xff, 0xff, 0xff, 0xff,
  0xff, 0xff, 0xff, 0xff, 0xff, 0xff, 0xff, 0xfb, 0xdf, 0xff, 0xbf, 0xff, 0xff, 0xff, 0xff, 0xff,
  0xff, 0xfe, 0xff, 0xbf, 0xff, 0xfd, 0xff, 0xbf, 0xff, 0xfe, 0xff, 0xef, 0x7d, 0xff, 0xff, 0xff,
  0xff, 0xf7, 0xff, 0xff, 0xff, 0xf7, 0xee, 0xff, 0xff, 0xf7, 0xff, 0xff, 0xff, 0xff, 0xfd, 0xff,
  0xfb, 0xbf, 0xf7, 0xff, 0xff, 0xff, 0xff, 0xff, 0xff, 0xdf, 0xff, 0xff, 0xff, 0xef, 0xf7, 0xf7,
  0xff, 0xff, 0xff, 0xff, 0xef, 0xbf, 0xff, 0xff, 0xfd, 0xff, 0xff, 0xbf, 0xff, 0xff, 0xdf, 0xff
};
// Author :- Ashish ( ashish_y_794 )
// Website : https://www.oledanimationmaker.com/

const uint8_t PROGMEM frame73[1024] = {
  0xff, 0xff, 0xff, 0xff, 0xff, 0xff, 0xff, 0xff, 0xff, 0xff, 0xff, 0xff, 0xff, 0xff, 0xff, 0xff,
  0xff, 0xff, 0xff, 0xff, 0xff, 0xff, 0xff, 0xff, 0xff, 0xff, 0xff, 0xff, 0xff, 0xff, 0xff, 0xff,
  0xff, 0xff, 0xff, 0xff, 0xff, 0xff, 0xff, 0xff, 0xff, 0xff, 0xff, 0xff, 0xff, 0xff, 0xff, 0xff,
  0xff, 0xff, 0xff, 0xff, 0xff, 0xff, 0xff, 0xff, 0xff, 0xff, 0xff, 0xff, 0xff, 0xff, 0xff, 0xff,
  0xff, 0xff, 0xff, 0xff, 0xff, 0xff, 0xff, 0xff, 0xff, 0xff, 0xff, 0xff, 0xff, 0xff, 0xff, 0xff,
  0xff, 0xff, 0xff, 0xff, 0xff, 0xff, 0xff, 0xff, 0xff, 0xff, 0xff, 0xff, 0xff, 0xff, 0xff, 0xff,
  0xff, 0xff, 0xff, 0xff, 0xff, 0xff, 0xff, 0xff, 0xff, 0xff, 0xff, 0xff, 0xff, 0xff, 0xff, 0xff,
  0xff, 0xef, 0xbe, 0xfb, 0xef, 0xbe, 0xfb, 0xef, 0xbe, 0xfb, 0xef, 0xbe, 0xfb, 0xef, 0xbe, 0xff,
  0xfe, 0xff, 0xff, 0xff, 0xff, 0xff, 0xff, 0xff, 0xff, 0xff, 0xff, 0xff, 0xff, 0xff, 0xff, 0xf7,
  0xff, 0xff, 0xff, 0xff, 0xff, 0xff, 0xff, 0xff, 0xff, 0xff, 0xff, 0xff, 0xff, 0xff, 0xff, 0xff,
  0xff, 0xff, 0xff, 0xff, 0xff, 0xff, 0xff, 0xff, 0xff, 0xff, 0xff, 0xff, 0xff, 0xff, 0xff, 0xff,
  0xff, 0xff, 0xff, 0xff, 0xff, 0xff, 0xff, 0xff, 0xff, 0xff, 0xff, 0xff, 0xff, 0xff, 0xff, 0xff,
  0xfb, 0xfe, 0xf7, 0xbd, 0xde, 0xf7, 0xbd, 0xde, 0xf7, 0xbd, 0xde, 0xf7, 0xbd, 0xde, 0xf7, 0xff,
  0xff, 0xfb, 0xff, 0xff, 0xff, 0xff, 0xff, 0xff, 0xff, 0xff, 0xff, 0xff, 0xff, 0xff, 0xff, 0xbf,
  0xff, 0xef, 0xff, 0xff, 0xff, 0xff, 0xff, 0xff, 0xff, 0xff, 0xff, 0xff, 0xff, 0xff, 0xff, 0xff,
  0xff, 0xff, 0xff, 0xff, 0xff, 0xff, 0xff, 0xff, 0xff, 0xff, 0xff, 0xff, 0xff, 0xff, 0xff, 0xff,
  0xff, 0xff, 0xff, 0xff, 0xff, 0xff, 0xff, 0xff, 0xff, 0xff, 0xff, 0xff, 0xff, 0xff, 0xff, 0xfd,
  0xff, 0xff, 0xff, 0xff, 0xff, 0xfe, 0xff, 0xff, 0xfe, 0xff, 0xff, 0xfe, 0xff, 0xff, 0xff, 0xff,
  0xfd, 0xff, 0xfd, 0xdd, 0xf7, 0x77, 0xf7, 0xbd, 0xdf, 0xf7, 0xbd, 0xdf, 0xf7, 0xbd, 0xdd, 0xef,
  0xff, 0xff, 0xff, 0xff, 0xff, 0xff, 0xff, 0xff, 0xff, 0xff, 0xff, 0xff, 0xff, 0xff, 0xff, 0xff,
  0xff, 0xff, 0xff, 0xff, 0xff, 0xff, 0xff, 0xff, 0xff, 0xff, 0xff, 0xff, 0xff, 0xff, 0xff, 0xff,
  0xff, 0xef, 0xdf, 0xff, 0xdf, 0xff, 0xff, 0xfb, 0x7f, 0xff, 0xff, 0xfd, 0xfb, 0xff, 0xff, 0xff,
  0xff, 0xff, 0x7f, 0xf7, 0xbd, 0xd7, 0xbd, 0x7e, 0xdb, 0xfa, 0xfd, 0x5e, 0xb7, 0xff, 0xff, 0xff,
  0xfb, 0xff, 0xff, 0xfb, 0xf7, 0x77, 0xef, 0xfa, 0x5f, 0xbd, 0xbf, 0x6b, 0xeb, 0xff, 0xff, 0xff,
  0xff, 0xff, 0xff, 0xb6, 0xbd, 0xd7, 0xbd, 0xff, 0xfb, 0xf4, 0xda, 0x9c, 0xb7, 0xef, 0x7f, 0x7f,
  0xff, 0xff, 0xff, 0xff, 0xd7, 0xde, 0xef, 0x6a, 0xbd, 0xfb, 0x6f, 0x56, 0xdf, 0xff, 0xfb, 0xfb,
  0xff, 0xdf, 0xff, 0xea, 0xfb, 0x6f, 0xf5, 0xfe, 0xf7, 0xef, 0xb5, 0xfb, 0xbf, 0xff, 0xff, 0xff,
  0xff, 0xff, 0xff, 0xf7, 0x5f, 0xff, 0x5e, 0xaf, 0x7f, 0xfa, 0xce, 0xd7, 0x6f, 0xff, 0xff, 0xff,
  0xff, 0xfe, 0xfd, 0xd5, 0x6b, 0xbf, 0xaa, 0xfb, 0xaa, 0xaf, 0x5b, 0x6f, 0xdf, 0xff, 0xff, 0xff,
  0xfd, 0xff, 0xff, 0xef, 0x77, 0xdf, 0x5d, 0x9d, 0x5d, 0xba, 0xbe, 0xaf, 0x7f, 0xbf, 0xff, 0xff,
  0xff, 0xff, 0xff, 0xf7, 0xbb, 0xbf, 0xfb, 0xf6, 0xfa, 0xff, 0x7f, 0x7f, 0xbf, 0xfd, 0xdf, 0xff,
  0xff, 0xff, 0xff, 0xfd, 0xff, 0xff, 0xbf, 0xdf, 0xbf, 0x7b, 0xfd, 0xdf, 0xff, 0xff, 0xff, 0xdf,
  0xff, 0xf7, 0xef, 0xff, 0xff, 0xfe, 0xff, 0xfd, 0xeb, 0xff, 0xff, 0xfb, 0xef, 0xff, 0xfe, 0xff,
  0xff, 0xdf, 0xff, 0xff, 0xfd, 0xff, 0x72, 0xbe, 0xea, 0xba, 0xbe, 0x75, 0xf7, 0xff, 0xff, 0xff,
  0xfb, 0xff, 0xff, 0x7f, 0xd6, 0xbd, 0x55, 0x5a, 0xa9, 0x6d, 0x5d, 0xb5, 0xd3, 0xbf, 0xff, 0xff,
  0xff, 0xff, 0xff, 0xff, 0xed, 0xbd, 0x51, 0x5a, 0xa0, 0xa8, 0xae, 0x55, 0xd7, 0xff, 0xff, 0xff,
  0xff, 0xff, 0xff, 0xfb, 0xbe, 0xae, 0xa3, 0xad, 0x5a, 0x94, 0x55, 0x54, 0xd3, 0xfe, 0xf7, 0xff,
  0xff, 0xff, 0xdf, 0xff, 0xda, 0x5e, 0xae, 0xbd, 0x55, 0x2b, 0x55, 0x4a, 0xd7, 0xff, 0xff, 0xff,
  0xff, 0xff, 0xff, 0xff, 0xdd, 0x5d, 0x57, 0x55, 0x55, 0x55, 0xa5, 0x29, 0x53, 0xff, 0xff, 0xf7,
  0xff, 0xff, 0xff, 0x7f, 0xee, 0x3e, 0x95, 0xaa, 0x52, 0xea, 0x8a, 0xa2, 0x55, 0xf7, 0xff, 0xdf,
  0xfd, 0xde, 0xff, 0xff, 0x75, 0x7e, 0x55, 0x54, 0xc9, 0x2a, 0x4a, 0x29, 0x53, 0xff, 0xff, 0xff,
  0xff, 0xff, 0xff, 0xff, 0xda, 0x7e, 0xa9, 0xd2, 0xe6, 0xba, 0x9c, 0xa5, 0x2b, 0xff, 0xff, 0xff,
  0xff, 0xff, 0xfd, 0xfb, 0xfa, 0xff, 0x3b, 0xda, 0xef, 0x7d, 0x7b, 0xde, 0xd7, 0xff, 0xdd, 0xff,
  0xff, 0xff, 0xff, 0xff, 0xff, 0xff, 0xff, 0xff, 0xff, 0xff, 0xff, 0xff, 0xff, 0xff, 0xff, 0xff,
  0xff, 0xff, 0xff, 0xff, 0xff, 0xff, 0xff, 0xff, 0xff, 0xff, 0xff, 0xfb, 0xff, 0xfe, 0xff, 0xff,
  0xfb, 0xff, 0xef, 0xff, 0xff, 0xf7, 0xff, 0xff, 0xff, 0xff, 0xff, 0xff, 0xff, 0xbb, 0xff, 0xff,
  0xff, 0xee, 0xff, 0xff, 0xff, 0xff, 0xff, 0xf7, 0xff, 0xef, 0xfe, 0xff, 0xf7, 0xff, 0xff, 0xff,
  0xff, 0xff, 0xff, 0xef, 0xff, 0xff, 0xff, 0xbf, 0xff, 0xbf, 0xdf, 0xff, 0xdf, 0xff, 0xff, 0xef,
  0xff, 0xff, 0xff, 0xff, 0xde, 0xff, 0xbd, 0xff, 0xee, 0xff, 0xff, 0xff, 0xff, 0xff, 0xff, 0xbf,
  0xff, 0xff, 0xff, 0xff, 0x7f, 0xff, 0xff, 0xff, 0xff, 0xff, 0xff, 0xf7, 0xff, 0xff, 0xfe, 0xff,
  0xff, 0x7f, 0xff, 0x7f, 0xff, 0xfb, 0xff, 0xff, 0xff, 0xff, 0xff, 0xff, 0xff, 0xff, 0xff, 0xff,
  0xfd, 0xff, 0xfd, 0xff, 0xff, 0xff, 0xff, 0xff, 0xff, 0xff, 0xff, 0xff, 0xff, 0xff, 0xf7, 0xff,
  0xff, 0xff, 0xdf, 0xff, 0xff, 0xff, 0xff, 0xff, 0xbf, 0xff, 0xbd, 0xff, 0xbf, 0xbb, 0xff, 0xff,
  0xff, 0xfd, 0xff, 0xff, 0xff, 0xdf, 0xff, 0xff, 0xff, 0xff, 0xff, 0xef, 0xff, 0xff, 0xff, 0xff,
  0xff, 0xff, 0xff, 0xfe, 0xff, 0x7f, 0xef, 0xfd, 0xff, 0xff, 0xff, 0xff, 0xff, 0xff, 0xff, 0xff,
  0xff, 0xff, 0xff, 0xff, 0xff, 0xff, 0xff, 0x77, 0xff, 0xff, 0xff, 0xff, 0xff, 0xff, 0xdf, 0xff,
  0xff, 0xff, 0xff, 0xff, 0xff, 0xff, 0xff, 0xff, 0xfd, 0xee, 0xff, 0xff, 0xfd, 0xff, 0xff, 0xff,
  0xfb, 0xff, 0xff, 0xf7, 0xfb, 0xff, 0x7f, 0xff, 0xff, 0xff, 0xff, 0xff, 0xff, 0xff, 0xff, 0xfb,
  0xff, 0xef, 0xff, 0xff, 0xff, 0xff, 0xff, 0xff, 0xff, 0xff, 0xfb, 0xbe, 0xef, 0xfb, 0xff, 0x7f,
  0xff, 0xff, 0x77, 0x7f, 0xff, 0xff, 0xff, 0xff, 0xff, 0xff, 0xff, 0xff, 0xff, 0xef, 0xff, 0xff,
  0xff, 0xff, 0xff, 0xff, 0xef, 0xff, 0xfd, 0xff, 0xff, 0xff, 0xff, 0xff, 0xff, 0xff, 0xff, 0xff,
  0xff, 0xff, 0xff, 0xff, 0xff, 0xfb, 0xff, 0xff, 0xef, 0xbf, 0xff, 0xff, 0xff, 0xff, 0xef, 0xff,
  0xff, 0x7f, 0xff, 0xff, 0x7f, 0xef, 0xff, 0xef, 0xff, 0xff, 0xbf, 0xff, 0xff, 0xff, 0xff, 0xff,
  0xfd, 0xff, 0xff, 0xff, 0xff, 0xff, 0xef, 0xff, 0x7f, 0xfe, 0xff, 0xfb, 0xff, 0xff, 0xff, 0xdf
};
// Author :- Ashish ( ashish_y_794 )
// Website : https://www.oledanimationmaker.com/

const uint8_t PROGMEM frame74[1024] = {
  0xff, 0xff, 0xff, 0xff, 0xff, 0xff, 0xff, 0xff, 0xff, 0xff, 0xff, 0xff, 0xff, 0xff, 0xff, 0xff,
  0xff, 0xff, 0xff, 0xff, 0xff, 0xff, 0xff, 0xff, 0xff, 0xff, 0xff, 0xff, 0xff, 0xff, 0xff, 0xff,
  0xff, 0xff, 0xff, 0xff, 0xff, 0xff, 0xff, 0xff, 0xff, 0xff, 0xff, 0xff, 0xff, 0xff, 0xff, 0xff,
  0xff, 0xff, 0xff, 0xff, 0xff, 0xff, 0xff, 0xff, 0xff, 0xff, 0xff, 0xff, 0xff, 0xff, 0xff, 0xff,
  0xff, 0xff, 0xff, 0xff, 0xff, 0xff, 0xff, 0xff, 0xff, 0xff, 0xff, 0xff, 0xff, 0xff, 0xff, 0xff,
  0xff, 0xff, 0xff, 0xff, 0xff, 0xff, 0xff, 0xff, 0xff, 0xff, 0xff, 0xff, 0xff, 0xff, 0xff, 0xff,
  0xff, 0xef, 0xdf, 0xbf, 0x7e, 0xfd, 0xfb, 0xf7, 0xef, 0xdf, 0xbf, 0x7e, 0xfd, 0xfb, 0xf7, 0xef,
  0xfd, 0xff, 0x7e, 0xfd, 0xfb, 0xf7, 0xef, 0xdf, 0xbf, 0x7e, 0xfd, 0xfb, 0xf7, 0xef, 0xdf, 0xbf,
  0xff, 0xff, 0xff, 0xff, 0xff, 0xff, 0xff, 0xff, 0xff, 0xff, 0xff, 0xff, 0xff, 0xff, 0xff, 0xff,
  0xff, 0xff, 0xff, 0xff, 0xff, 0xff, 0xff, 0xff, 0xff, 0xff, 0xff, 0xff, 0xff, 0xff, 0xff, 0xff,
  0xff, 0xff, 0xff, 0xff, 0xff, 0xff, 0xff, 0xff, 0xff, 0xff, 0xff, 0xff, 0xff, 0xff, 0xff, 0xff,
  0xff, 0xdf, 0xff, 0xff, 0xff, 0xff, 0xff, 0xff, 0xff, 0xff, 0xff, 0xff, 0xff, 0xff, 0xff, 0xff,
  0xf7, 0x7e, 0xff, 0xff, 0xff, 0xff, 0xff, 0xff, 0xff, 0xff, 0xff, 0xff, 0xff, 0xff, 0xff, 0xff,
  0xff, 0xff, 0xfd, 0xf7, 0xef, 0xdf, 0xbf, 0x7e, 0xfd, 0xfb, 0xf7, 0xef, 0xdf, 0xbf, 0x7e, 0xff,
  0xff, 0xff, 0xf7, 0xff, 0xbf, 0x7e, 0xfd, 0xfb, 0xf7, 0xef, 0xdf, 0xbf, 0x7e, 0xfd, 0xfb, 0xf7,
  0xff, 0xff, 0xff, 0xff, 0xff, 0xff, 0xff, 0xff, 0xff, 0xff, 0xff, 0xff, 0xff, 0xff, 0xff, 0xff,
  0xff, 0xff, 0xff, 0xff, 0xff, 0xff, 0xff, 0xff, 0xff, 0xff, 0xff, 0xff, 0xff, 0xff, 0xff, 0xff,
  0xff, 0xff, 0xff, 0xff, 0xff, 0xff, 0xff, 0xff, 0xff, 0xff, 0xff, 0xff, 0xff, 0xff, 0xff, 0xff,
  0xfd, 0xfb, 0xbf, 0xef, 0xff, 0xff, 0xff, 0xff, 0xff, 0xff, 0xff, 0xff, 0xff, 0xff, 0xff, 0xff,
  0xff, 0xef, 0xff, 0xff, 0x7f, 0xff, 0xff, 0xff, 0xff, 0xff, 0xff, 0xff, 0xff, 0xff, 0xff, 0xff,
  0xff, 0xff, 0xff, 0xff, 0xfd, 0xfb, 0xf7, 0xef, 0xef, 0xdf, 0xdf, 0x7d, 0xfb, 0xf7, 0xef, 0xdf,
  0xff, 0xff, 0xfe, 0xfb, 0xff, 0xdf, 0xbf, 0x7d, 0x7f, 0x7e, 0xfd, 0xff, 0x7f, 0xdf, 0xbf, 0x7f,
  0xf7, 0xff, 0xff, 0xef, 0xbb, 0xf7, 0xfe, 0xfe, 0xbb, 0xfb, 0xff, 0x5d, 0xeb, 0xff, 0xff, 0xff,
  0xff, 0xff, 0xfb, 0xff, 0xde, 0xd7, 0xdf, 0xfa, 0xbf, 0xfd, 0x7d, 0xad, 0x76, 0xff, 0xff, 0xff,
  0xff, 0xbf, 0xef, 0xf5, 0x77, 0x6f, 0x75, 0xff, 0xd5, 0xf4, 0xde, 0xb5, 0xab, 0xff, 0xff, 0xff,
  0xff, 0xff, 0xbf, 0xef, 0xdb, 0xd7, 0xdf, 0x75, 0x7f, 0xfd, 0x6b, 0x5e, 0xdf, 0xff, 0xff, 0xff,
  0xff, 0xfd, 0xff, 0xf5, 0x6f, 0x7f, 0x75, 0xde, 0xbb, 0xef, 0xaf, 0xb6, 0xef, 0xff, 0xff, 0xff,
  0xff, 0xff, 0xff, 0xdf, 0x7b, 0xdf, 0xde, 0xfb, 0xff, 0xf5, 0xd5, 0xeb, 0x5f, 0xff, 0xbe, 0xfb,
  0xfb, 0xff, 0xff, 0xe5, 0xaf, 0x7f, 0x59, 0xae, 0xaa, 0xae, 0xae, 0xb7, 0xff, 0xfe, 0xff, 0xff,
  0xff, 0xdf, 0xff, 0xf6, 0xb3, 0xdf, 0xb6, 0xdb, 0x5d, 0x7b, 0x5e, 0xaf, 0xaf, 0xfb, 0xff, 0xff,
  0xff, 0xff, 0xff, 0xdb, 0xbf, 0xff, 0x5d, 0xdd, 0xbb, 0x5e, 0xff, 0x5f, 0xdf, 0xff, 0xff, 0xff,
  0xff, 0xff, 0xff, 0xff, 0xff, 0xbf, 0xff, 0xfe, 0xfd, 0xff, 0xfd, 0xff, 0x7f, 0xff, 0xff, 0xef,
  0xff, 0xff, 0x7f, 0xff, 0xfe, 0xff, 0xff, 0xff, 0xf7, 0xff, 0x7f, 0xfb, 0xff, 0xdf, 0xfe, 0xff,
  0xfd, 0xfd, 0xfd, 0xff, 0xfb, 0xfc, 0xb2, 0x9a, 0xd4, 0xba, 0xfe, 0x5b, 0xeb, 0xff, 0xff, 0xff,
  0xf7, 0xf7, 0xff, 0xff, 0xde, 0xfe, 0xd5, 0x5d, 0x52, 0xb5, 0x2e, 0xb5, 0xd7, 0xff, 0xff, 0xff,
  0xff, 0xff, 0xff, 0xef, 0x6a, 0xae, 0x51, 0xba, 0xa8, 0xaa, 0xad, 0x54, 0xeb, 0xff, 0xf7, 0xff,
  0xff, 0xff, 0xff, 0xff, 0xde, 0xbd, 0xa3, 0x5d, 0x52, 0x98, 0x56, 0xaa, 0xd3, 0xff, 0xdf, 0xff,
  0xff, 0xff, 0xff, 0xff, 0xed, 0x5e, 0x57, 0x5a, 0x55, 0x2a, 0xaa, 0xaa, 0xd5, 0xf7, 0x7f, 0xf7,
  0xff, 0xff, 0xfd, 0xff, 0x5d, 0x3d, 0x5b, 0x5a, 0xaa, 0xab, 0xa5, 0x22, 0x57, 0xff, 0xff, 0xdf,
  0xff, 0xdf, 0xf7, 0xff, 0xfe, 0x5e, 0xa7, 0x55, 0x52, 0xea, 0x85, 0x29, 0x53, 0xff, 0xff, 0xff,
  0xff, 0xff, 0xff, 0xf7, 0xd4, 0x7e, 0x95, 0x54, 0x69, 0x2a, 0x5a, 0x42, 0x95, 0xff, 0xff, 0xff,
  0xfb, 0xff, 0xbf, 0xff, 0xea, 0xbd, 0x29, 0xd1, 0xc6, 0xba, 0x0c, 0xaa, 0x53, 0xef, 0xff, 0xff,
  0xff, 0xfe, 0xff, 0xff, 0xfa, 0xfe, 0xbb, 0xda, 0xff, 0x7d, 0xfd, 0xdd, 0x6b, 0xff, 0xff, 0xff,
  0xff, 0xff, 0xff, 0xff, 0xff, 0xff, 0xff, 0xff, 0xf7, 0xff, 0x7f, 0xff, 0xff, 0xff, 0xff, 0x7f,
  0xff, 0xdf, 0xff, 0xff, 0x7f, 0xff, 0xff, 0xff, 0xff, 0xef, 0xff, 0xff, 0xff, 0xff, 0x7d, 0xff,
  0xff, 0xff, 0xff, 0xdd, 0xff, 0xff, 0xff, 0xf7, 0xff, 0xff, 0xff, 0xef, 0xff, 0xff, 0xff, 0xff,
  0xfd, 0xff, 0xff, 0x7f, 0xff, 0xff, 0xff, 0xbf, 0xff, 0xff, 0xff, 0x7f, 0xff, 0xfb, 0xff, 0xfb,
  0xf7, 0xff, 0xff, 0xff, 0xff, 0xdf, 0x7e, 0xff, 0xff, 0xff, 0xfd, 0xff, 0xbf, 0x7f, 0xff, 0xff,
  0xff, 0xfd, 0xfb, 0xff, 0xfb, 0xff, 0xff, 0xff, 0xff, 0xbf, 0xff, 0xff, 0xfd, 0xff, 0xf7, 0xff,
  0xff, 0xff, 0xef, 0xff, 0xff, 0xff, 0xff, 0xff, 0xdd, 0xff, 0xbf, 0xff, 0xff, 0xff, 0xff, 0xff,
  0xff, 0xff, 0xff, 0xff, 0xff, 0xff, 0xf7, 0xff, 0xff, 0xfe, 0xff, 0xff, 0xff, 0xff, 0xff, 0xff,
  0xff, 0xef, 0xff, 0xff, 0xff, 0xfb, 0xff, 0xff, 0xff, 0xff, 0xff, 0xfe, 0xff, 0xff, 0xbf, 0xdf,
  0xff, 0xff, 0xff, 0xff, 0x7f, 0xbf, 0xff, 0xfe, 0xff, 0xff, 0xff, 0xff, 0xff, 0xfb, 0xff, 0xff,
  0xff, 0xff, 0xff, 0xfb, 0xfb, 0xff, 0xff, 0xff, 0xff, 0xff, 0xff, 0xf7, 0xf7, 0xff, 0xff, 0x7f,
  0xfb, 0xff, 0x7f, 0xef, 0xff, 0xff, 0xdf, 0xdf, 0xff, 0xf7, 0xfd, 0xdf, 0xff, 0xdf, 0xff, 0xff,
  0xff, 0xdf, 0xff, 0xbf, 0xff, 0xff, 0xff, 0x7f, 0xfb, 0xdf, 0xff, 0xff, 0xff, 0xff, 0xff, 0xff,
  0xff, 0xff, 0xfb, 0xff, 0xff, 0xff, 0xff, 0xff, 0xef, 0xff, 0xef, 0xff, 0xff, 0xff, 0xf7, 0xff,
  0xff, 0xff, 0xff, 0xff, 0xff, 0xfd, 0xff, 0xff, 0xbf, 0xff, 0xff, 0xff, 0xff, 0x7f, 0xdf, 0xfb,
  0xff, 0xff, 0xff, 0xff, 0xfb, 0xdf, 0xfd, 0xfe, 0xff, 0xff, 0xff, 0xff, 0xdd, 0xff, 0x7f, 0xff,
  0xfb, 0xfd, 0xdf, 0xff, 0xef, 0xff, 0xf7, 0xff, 0xff, 0xff, 0xff, 0xff, 0xff, 0xff, 0xff, 0xdf,
  0xff, 0xdf, 0xff, 0xff, 0xff, 0xff, 0xff, 0xff, 0xff, 0xff, 0x7f, 0xff, 0xff, 0xff, 0xff, 0xff,
  0xff, 0xff, 0xff, 0xff, 0xff, 0xff, 0xff, 0xff, 0xff, 0xff, 0xfd, 0xdd, 0xff, 0xff, 0xff, 0xff,
  0xff, 0xff, 0xff, 0x7e, 0xff, 0xff, 0xbf, 0xff, 0xff, 0xef, 0xff, 0xff, 0xff, 0xfd, 0xff, 0xff,
  0xff, 0xff, 0xff, 0xfb, 0xff, 0xfd, 0xff, 0xf7, 0xff, 0xbf, 0xff, 0xff, 0xff, 0xff, 0xff, 0xff
};
// Author :- Ashish ( ashish_y_794 )
// Website : https://www.oledanimationmaker.com/

const uint8_t PROGMEM frame75[1024] = {
  0xff, 0xff, 0xff, 0xff, 0xff, 0xff, 0xff, 0xff, 0xff, 0xff, 0xff, 0xff, 0xff, 0xff, 0xff, 0xff,
  0xff, 0xff, 0xff, 0xff, 0xff, 0xff, 0xff, 0xff, 0xff, 0xff, 0xff, 0xff, 0xff, 0xff, 0xff, 0xff,
  0xff, 0xff, 0xff, 0xff, 0xff, 0xff, 0xff, 0xff, 0xff, 0xff, 0xff, 0xff, 0xff, 0xff, 0xff, 0xff,
  0xff, 0xff, 0xff, 0xff, 0xff, 0xff, 0xff, 0xff, 0xff, 0xff, 0xff, 0xff, 0xff, 0xff, 0xff, 0xff,
  0xff, 0xff, 0xff, 0xff, 0xff, 0xff, 0xff, 0xff, 0xff, 0xff, 0xff, 0xff, 0xff, 0xff, 0xff, 0xff,
  0xff, 0xff, 0xff, 0xff, 0xff, 0xff, 0xff, 0xff, 0xff, 0xff, 0xff, 0xff, 0xff, 0xff, 0xff, 0xff,
  0xff, 0xff, 0xff, 0xff, 0xff, 0xff, 0xff, 0xff, 0xff, 0xff, 0xff, 0xff, 0xff, 0xff, 0xff, 0xff,
  0xff, 0xbd, 0xef, 0x7b, 0xde, 0xf7, 0xbd, 0xef, 0x7b, 0xde, 0xf7, 0xbd, 0xef, 0x7b, 0xde, 0xf7,
  0xfe, 0xff, 0xff, 0xff, 0xff, 0xff, 0xff, 0xff, 0xff, 0xff, 0xff, 0xff, 0xff, 0xff, 0xff, 0xff,
  0xff, 0xff, 0xff, 0xff, 0xff, 0xff, 0xff, 0xff, 0xff, 0xff, 0xff, 0xff, 0xff, 0xff, 0xff, 0xff,
  0xff, 0xff, 0xff, 0xff, 0xff, 0xff, 0xff, 0xff, 0xff, 0xff, 0xff, 0xff, 0xff, 0xff, 0xff, 0xff,
  0xff, 0xff, 0xff, 0xff, 0xff, 0xff, 0xff, 0xff, 0xff, 0xff, 0xff, 0xff, 0xff, 0xff, 0xff, 0xff,
  0xfb, 0xff, 0xff, 0xff, 0xff, 0xff, 0xff, 0xff, 0xff, 0xff, 0xff, 0xff, 0xff, 0xff, 0xff, 0xff,
  0xff, 0xff, 0x77, 0x77, 0x77, 0x77, 0x77, 0x77, 0x77, 0x77, 0x77, 0x77, 0x77, 0x77, 0x77, 0x77,
  0xff, 0xfb, 0xff, 0xff, 0xff, 0xff, 0xff, 0xff, 0xff, 0xff, 0xff, 0xff, 0xff, 0xff, 0xff, 0xff,
  0xff, 0xff, 0xff, 0xff, 0xff, 0xff, 0xff, 0xff, 0xff, 0xff, 0xff, 0xff, 0xff, 0xff, 0xff, 0xff,
  0xff, 0xff, 0xff, 0xff, 0xff, 0xff, 0xff, 0xff, 0xff, 0xff, 0xff, 0xff, 0xff, 0xff, 0xff, 0xff,
  0xff, 0xbf, 0xff, 0xff, 0xff, 0xff, 0xff, 0xff, 0xff, 0xff, 0xff, 0xff, 0xff, 0xff, 0xff, 0xff,
  0xfd, 0xff, 0xff, 0xff, 0xff, 0xff, 0xff, 0xff, 0xff, 0xff, 0xff, 0xff, 0xff, 0xff, 0xff, 0xff,
  0xff, 0xff, 0xff, 0xdf, 0xbf, 0x7e, 0xfd, 0xfb, 0xf7, 0xef, 0xdf, 0xbf, 0x7e, 0xfd, 0xfb, 0xff,
  0xff, 0xff, 0xbd, 0xfe, 0xfd, 0xfb, 0xf7, 0xef, 0xff, 0xbf, 0x7e, 0xfd, 0xfb, 0xf7, 0xef, 0xdf,
  0xff, 0xfd, 0xff, 0xfb, 0xff, 0xff, 0xff, 0xff, 0x5f, 0xff, 0xff, 0xff, 0xff, 0xff, 0xff, 0xff,
  0xff, 0xff, 0xff, 0xff, 0xfb, 0xeb, 0xdf, 0x7d, 0xbb, 0xfd, 0xfe, 0xb6, 0xeb, 0xff, 0xff, 0xff,
  0xfb, 0xff, 0xff, 0xeb, 0xaf, 0xb7, 0xfe, 0xfe, 0x5f, 0xfa, 0xbf, 0x5d, 0xb7, 0xff, 0xff, 0xff,
  0xff, 0xef, 0xff, 0xff, 0xf5, 0xd7, 0xb7, 0xfb, 0xfb, 0xfa, 0xed, 0xb5, 0x6f, 0xff, 0xff, 0xff,
  0xff, 0xff, 0xff, 0xd5, 0x5f, 0x5f, 0xfd, 0xee, 0xbf, 0xed, 0x5b, 0x1e, 0xdb, 0xff, 0xff, 0xfb,
  0xff, 0xff, 0xfb, 0xff, 0xeb, 0xef, 0x56, 0xbd, 0x77, 0xfb, 0xee, 0xf7, 0x6f, 0xdf, 0xff, 0xef,
  0xff, 0xff, 0xef, 0xd5, 0x3f, 0xbf, 0xdd, 0xf7, 0xfd, 0x6f, 0x57, 0xeb, 0xbf, 0xff, 0x7d, 0xff,
  0xff, 0x7f, 0xbf, 0xeb, 0x6b, 0xff, 0x5a, 0xdd, 0x57, 0xba, 0xad, 0x57, 0xdf, 0xff, 0xff, 0xff,
  0xfb, 0xfe, 0xff, 0xee, 0xb7, 0x5f, 0xbb, 0xae, 0xda, 0xaf, 0x5e, 0xaf, 0x6f, 0xff, 0xff, 0xff,
  0xff, 0xff, 0xff, 0xf7, 0xfb, 0xff, 0x5d, 0xdb, 0x5d, 0x7d, 0xff, 0x7f, 0xdf, 0xff, 0xff, 0xff,
  0xff, 0xff, 0xff, 0xff, 0x7f, 0xff, 0xff, 0xfe, 0xff, 0xff, 0x7d, 0xdf, 0xff, 0xfb, 0xf7, 0xff,
  0xff, 0xff, 0xff, 0xef, 0xff, 0xff, 0xfb, 0xbf, 0xf5, 0xff, 0xff, 0xfd, 0xff, 0xef, 0xff, 0xdf,
  0xff, 0xfb, 0xff, 0xff, 0xfe, 0xfc, 0xb6, 0xda, 0xd5, 0x7a, 0xbe, 0x77, 0xeb, 0xff, 0xff, 0xff,
  0xff, 0xff, 0xff, 0xff, 0xd5, 0xbe, 0xd1, 0x5d, 0x69, 0x2a, 0xaf, 0x31, 0xab, 0xff, 0xff, 0xff,
  0xfd, 0xff, 0xff, 0xff, 0xfe, 0xdd, 0x55, 0xba, 0xa0, 0xb4, 0x5d, 0x5a, 0xeb, 0xff, 0xff, 0xff,
  0xff, 0xef, 0xff, 0x7f, 0x4d, 0x5e, 0xa2, 0x9d, 0x5a, 0x94, 0x56, 0xa5, 0x6b, 0xff, 0xde, 0xff,
  0xff, 0xff, 0xfd, 0xfd, 0xfa, 0x5d, 0x57, 0x7a, 0x4a, 0x95, 0xaa, 0x55, 0x53, 0xff, 0xff, 0xff,
  0xff, 0xff, 0xef, 0xff, 0xde, 0xbe, 0xaf, 0x55, 0x6a, 0x6b, 0xa5, 0x29, 0x6b, 0xbf, 0xff, 0xfb,
  0xff, 0xff, 0xff, 0xff, 0xdd, 0x3d, 0x25, 0xaa, 0x52, 0xaa, 0x85, 0x44, 0x95, 0xfd, 0xff, 0xff,
  0xfb, 0xff, 0xbf, 0xff, 0xea, 0x7e, 0x95, 0x54, 0xc9, 0x6a, 0x55, 0x29, 0x53, 0xff, 0xff, 0xff,
  0xff, 0xfe, 0xff, 0xff, 0xb4, 0x7d, 0x31, 0xa2, 0xe7, 0x3a, 0x1c, 0x52, 0x2b, 0xff, 0xff, 0xdf,
  0xff, 0xdf, 0xff, 0xff, 0xfb, 0xfe, 0xbf, 0xfb, 0xdd, 0xbd, 0xda, 0xef, 0x6b, 0xff, 0xf7, 0x7f,
  0xff, 0xff, 0xff, 0xfb, 0xff, 0xef, 0xfd, 0xef, 0xff, 0xff, 0x7f, 0xfd, 0xff, 0xff, 0xff, 0xff,
  0xff, 0xff, 0xff, 0xff, 0xff, 0xbf, 0xff, 0xff, 0xff, 0xff, 0xff, 0xff, 0xff, 0xff, 0xbf, 0xff,
  0xff, 0xff, 0xff, 0xff, 0xff, 0xff, 0xff, 0xff, 0xff, 0xff, 0xff, 0xff, 0xff, 0xee, 0xff, 0xff,
  0xfb, 0xff, 0xff, 0xbf, 0xff, 0xff, 0xff, 0xff, 0x7f, 0xff, 0xff, 0xff, 0xff, 0xbf, 0xff, 0xff,
  0xff, 0xde, 0xff, 0xff, 0xef, 0xff, 0xff, 0xff, 0xfb, 0xff, 0xff, 0xf7, 0xfb, 0xff, 0xff, 0xff,
  0xff, 0xff, 0xfd, 0xff, 0xbf, 0xff, 0xef, 0xff, 0xff, 0xef, 0xff, 0xff, 0xff, 0xff, 0xff, 0xff,
  0xff, 0xff, 0xff, 0xfe, 0xff, 0x7f, 0xbf, 0x77, 0xff, 0xff, 0x7f, 0xff, 0xdf, 0xff, 0xff, 0xfb,
  0xff, 0xff, 0xff, 0xff, 0xff, 0xff, 0xff, 0xff, 0xff, 0xff, 0xff, 0x7f, 0xff, 0xff, 0xfe, 0xef,
  0xff, 0xff, 0xf7, 0xff, 0xff, 0xff, 0xff, 0xff, 0xff, 0xff, 0xfd, 0xff, 0xff, 0xff, 0xff, 0xff,
  0xfb, 0xbf, 0xdf, 0xf7, 0xff, 0xfd, 0xff, 0xff, 0xdf, 0x7f, 0xff, 0xfe, 0xff, 0xff, 0xff, 0xff,
  0xff, 0xfd, 0xff, 0xff, 0xff, 0xff, 0xff, 0xff, 0xff, 0xfd, 0xff, 0xff, 0xff, 0xff, 0x77, 0xff,
  0xff, 0xff, 0xff, 0xff, 0xff, 0xff, 0xff, 0xff, 0xff, 0xff, 0xff, 0xff, 0xff, 0x77, 0xff, 0xff,
  0xff, 0xff, 0xff, 0xff, 0xff, 0xdf, 0xff, 0xbd, 0xff, 0xff, 0xf7, 0xff, 0xfd, 0xff, 0xff, 0xff,
  0xff, 0xff, 0xff, 0xff, 0xfd, 0xff, 0xfd, 0xff, 0xfd, 0xff, 0xff, 0xfb, 0xff, 0xff, 0xff, 0xff,
  0xff, 0xff, 0xff, 0xdf, 0xdf, 0xff, 0xef, 0xff, 0xf7, 0xf7, 0xff, 0xff, 0xef, 0xff, 0xff, 0xdf,
  0xfd, 0xef, 0xff, 0xfe, 0xff, 0xff, 0x7f, 0xff, 0xff, 0xff, 0xff, 0xff, 0xff, 0xff, 0xff, 0xff,
  0xff, 0xff, 0xbe, 0xff, 0xff, 0xff, 0xff, 0xff, 0xff, 0xff, 0xdf, 0xdf, 0xff, 0xff, 0xfe, 0xff,
  0xff, 0xff, 0xff, 0xff, 0xff, 0xff, 0xff, 0xff, 0xbf, 0xff, 0xff, 0xff, 0xff, 0xff, 0x77, 0xff,
  0xff, 0xff, 0xff, 0xff, 0xff, 0xf7, 0xff, 0xfe, 0xff, 0xff, 0xff, 0x7f, 0xff, 0xfd, 0xff, 0xff,
  0xff, 0xff, 0xff, 0xff, 0xff, 0xdf, 0xff, 0xfb, 0xff, 0xfe, 0xff, 0xff, 0x7f, 0xf7, 0xff, 0xff,
  0xfb, 0xfb, 0xff, 0xff, 0xfe, 0xff, 0xff, 0xef, 0xff, 0xef, 0xff, 0xff, 0xfd, 0xff, 0xff, 0xfd
};
// Author :- Ashish ( ashish_y_794 )
// Website : https://www.oledanimationmaker.com/

const uint8_t PROGMEM frame76[1024] = {
  0xff, 0xff, 0xff, 0xff, 0xff, 0xff, 0xff, 0xff, 0xff, 0xff, 0xff, 0xff, 0xff, 0xff, 0xff, 0xff,
  0xff, 0xff, 0xff, 0xff, 0xff, 0xff, 0xff, 0xff, 0xff, 0xff, 0xff, 0xff, 0xff, 0xff, 0xff, 0xff,
  0xff, 0xff, 0xff, 0xff, 0xff, 0xff, 0xff, 0xff, 0xff, 0xff, 0xff, 0xff, 0xff, 0xff, 0xff, 0xff,
  0xff, 0xff, 0xff, 0xff, 0xff, 0xff, 0xff, 0xff, 0xff, 0xff, 0xff, 0xff, 0xff, 0xff, 0xff, 0xff,
  0xff, 0xff, 0xff, 0xff, 0xff, 0xff, 0xff, 0xff, 0xff, 0xff, 0xff, 0xff, 0xff, 0xff, 0xff, 0xff,
  0xff, 0xff, 0xff, 0xff, 0xff, 0xff, 0xff, 0xff, 0xff, 0xff, 0xff, 0xff, 0xff, 0xff, 0xff, 0xff,
  0xff, 0xff, 0xff, 0xff, 0xff, 0xff, 0xff, 0xff, 0xff, 0xff, 0xff, 0xff, 0xff, 0xff, 0xff, 0xff,
  0xfe, 0xee, 0xee, 0xee, 0xee, 0xee, 0xee, 0xee, 0xee, 0xee, 0xee, 0xee, 0xee, 0xee, 0xee, 0xef,
  0xff, 0xff, 0xff, 0xff, 0xff, 0xff, 0xff, 0xff, 0xff, 0xff, 0xff, 0xff, 0xff, 0xff, 0xff, 0xff,
  0xff, 0xff, 0xff, 0xff, 0xff, 0xff, 0xff, 0xff, 0xff, 0xff, 0xff, 0xff, 0xff, 0xff, 0xff, 0xff,
  0xfb, 0xff, 0xff, 0xff, 0xff, 0xff, 0xff, 0xff, 0xff, 0xff, 0xff, 0xff, 0xff, 0xff, 0xff, 0xff,
  0xff, 0xff, 0xff, 0xff, 0xff, 0xff, 0xff, 0xff, 0xff, 0xff, 0xff, 0xff, 0xff, 0xff, 0xff, 0xff,
  0xff, 0xff, 0xff, 0xff, 0xff, 0xff, 0xff, 0xff, 0xff, 0xff, 0xff, 0xff, 0xff, 0xff, 0xff, 0xff,
  0xff, 0xf7, 0xbd, 0xef, 0x7b, 0xde, 0xf7, 0xbd, 0xef, 0x7b, 0xde, 0xf7, 0xbd, 0xef, 0x7b, 0xdf,
  0xff, 0xdf, 0xff, 0xff, 0xff, 0xff, 0xff, 0xff, 0xff, 0xff, 0xff, 0xff, 0xff, 0xff, 0xff, 0xff,
  0xff, 0x7f, 0xff, 0xff, 0xff, 0xff, 0xff, 0xff, 0xff, 0xff, 0xff, 0xff, 0xff, 0xff, 0xff, 0xff,
  0xfb, 0xff, 0xff, 0xff, 0xff, 0xff, 0xff, 0xff, 0xff, 0xff, 0xff, 0xff, 0xff, 0xff, 0xff, 0xff,
  0xff, 0xff, 0xff, 0xff, 0xff, 0xff, 0xff, 0xff, 0xff, 0xff, 0xff, 0xff, 0xff, 0xff, 0xff, 0xfb,
  0xff, 0xff, 0xf7, 0xbd, 0xef, 0x7b, 0xde, 0xf7, 0xbd, 0xef, 0x7b, 0xde, 0xf7, 0xbd, 0xef, 0x7f,
  0xff, 0xff, 0xdf, 0xff, 0xff, 0xff, 0xff, 0xff, 0xff, 0xff, 0xff, 0xff, 0xff, 0xff, 0xff, 0xff,
  0xff, 0xff, 0xff, 0xff, 0xff, 0xff, 0xff, 0xff, 0xff, 0xff, 0xff, 0xff, 0xff, 0xff, 0xff, 0xff,
  0xff, 0xff, 0xff, 0xf7, 0xbd, 0xef, 0xff, 0xfb, 0x7f, 0xff, 0xff, 0x7d, 0xfb, 0xff, 0xff, 0xff,
  0xfb, 0xfe, 0xff, 0xff, 0xff, 0xf7, 0xbd, 0x7d, 0xb5, 0xfa, 0xfd, 0xae, 0xb5, 0xff, 0xff, 0xff,
  0xff, 0xef, 0xff, 0xeb, 0x56, 0xd7, 0xef, 0xf6, 0x5f, 0xed, 0x5e, 0xbb, 0xdb, 0xfb, 0xde, 0xf7,
  0xff, 0xff, 0xff, 0xbf, 0xfb, 0xaf, 0x7b, 0x7f, 0xdb, 0xfa, 0xef, 0x55, 0x6f, 0xff, 0xff, 0xff,
  0xff, 0xff, 0xff, 0xf5, 0x57, 0x6f, 0xdd, 0xfa, 0xbf, 0xfa, 0xb5, 0x9e, 0xb7, 0xff, 0xff, 0xff,
  0xff, 0xbf, 0xfd, 0xef, 0xff, 0xdf, 0x6f, 0x6e, 0xfb, 0xdf, 0xd7, 0x76, 0xdf, 0xff, 0xff, 0xff,
  0xfd, 0xff, 0xf7, 0xf5, 0x2b, 0x7f, 0xb5, 0xdf, 0x7e, 0xf5, 0x6d, 0xf7, 0xef, 0xef, 0xff, 0xff,
  0xff, 0xff, 0xbf, 0xd7, 0x7f, 0xfe, 0xdd, 0x7a, 0xd7, 0xaf, 0x9e, 0xab, 0x5f, 0xff, 0xbe, 0xff,
  0xff, 0xff, 0xff, 0xea, 0xab, 0xbf, 0xb5, 0x9b, 0x5a, 0xba, 0xbb, 0x57, 0xef, 0xff, 0xff, 0xf7,
  0xff, 0xfe, 0xff, 0xf7, 0xfb, 0xdf, 0x5b, 0xfd, 0xbd, 0x7e, 0xfe, 0xdf, 0xbf, 0xff, 0xff, 0xff,
  0xf7, 0xff, 0xff, 0xff, 0x7f, 0xff, 0xff, 0xde, 0xfb, 0xff, 0xef, 0x7f, 0xff, 0xff, 0xff, 0xff,
  0xff, 0xff, 0xff, 0xff, 0xff, 0xff, 0xff, 0xff, 0xee, 0xfe, 0xff, 0xff, 0xff, 0xde, 0xfb, 0xff,
  0xff, 0xef, 0xff, 0xff, 0xfd, 0xbc, 0xb2, 0xb9, 0x6a, 0xb5, 0xbe, 0xb5, 0xeb, 0xff, 0xff, 0xff,
  0xff, 0xbf, 0xff, 0xbf, 0xee, 0xfe, 0xd5, 0x5d, 0xd1, 0x7a, 0x5e, 0xb5, 0xd5, 0xff, 0xff, 0xdf,
  0xff, 0xff, 0xfe, 0xff, 0xb5, 0xbd, 0x51, 0x9a, 0x50, 0x94, 0xad, 0x54, 0xeb, 0xff, 0xff, 0xff,
  0xff, 0xff, 0xdf, 0xfd, 0xde, 0x5e, 0xa3, 0x5d, 0x55, 0x54, 0x56, 0xaa, 0xd3, 0xff, 0xff, 0xff,
  0xfd, 0xff, 0xff, 0xff, 0xea, 0xba, 0xab, 0x5a, 0xaa, 0x95, 0x55, 0x2a, 0x55, 0xff, 0xbb, 0xff,
  0xff, 0xff, 0xff, 0xff, 0xbe, 0x5e, 0x9f, 0x6d, 0x55, 0x2b, 0xa5, 0x49, 0x6b, 0xfb, 0xff, 0xfd,
  0xff, 0xfe, 0xff, 0xff, 0xdd, 0x3d, 0x45, 0xaa, 0x52, 0xea, 0x95, 0x25, 0x53, 0xff, 0xff, 0xef,
  0xff, 0xff, 0xff, 0xff, 0xb4, 0x7e, 0x35, 0x54, 0xc9, 0x2a, 0x44, 0x28, 0x95, 0xff, 0xff, 0xff,
  0xff, 0xf7, 0xfb, 0xf7, 0xea, 0xbe, 0x95, 0xa2, 0xd6, 0xba, 0x9d, 0x52, 0x53, 0xff, 0xff, 0xff,
  0xf7, 0xbf, 0xff, 0xdf, 0xfa, 0xfe, 0xbb, 0xfa, 0xef, 0x7d, 0x5d, 0xd7, 0x6b, 0xff, 0xff, 0x7f,
  0xff, 0xff, 0xff, 0xff, 0xff, 0xff, 0xff, 0xdf, 0xff, 0xff, 0xff, 0xfe, 0xff, 0xef, 0x7b, 0xff,
  0xff, 0xff, 0xff, 0xff, 0xff, 0xff, 0xff, 0xff, 0xff, 0xef, 0xff, 0xff, 0xff, 0xff, 0xff, 0xff,
  0xff, 0xff, 0xef, 0xff, 0xff, 0xff, 0xfe, 0xff, 0xfd, 0xff, 0xff, 0x7f, 0xff, 0xff, 0xff, 0xff,
  0xff, 0xff, 0xff, 0xff, 0xbf, 0xfd, 0xff, 0xff, 0xff, 0xff, 0xff, 0xff, 0xff, 0xff, 0xff, 0xff,
  0xff, 0x7f, 0x7f, 0x7f, 0xfd, 0xef, 0xff, 0xfd, 0xef, 0xff, 0xbd, 0xff, 0xfb, 0xff, 0xff, 0xfb,
  0xfd, 0xff, 0xff, 0xff, 0xff, 0xff, 0xef, 0xff, 0xff, 0xff, 0xff, 0xff, 0xff, 0xde, 0xf7, 0xff,
  0xff, 0xff, 0xff, 0xfd, 0xff, 0xff, 0xff, 0xff, 0xff, 0xfd, 0xff, 0xfd, 0xff, 0xff, 0xff, 0xdf,
  0xff, 0xfb, 0xff, 0xff, 0xff, 0xff, 0xff, 0xef, 0xff, 0xef, 0xff, 0xff, 0xef, 0xff, 0xff, 0xff,
  0xff, 0xff, 0xff, 0xff, 0xff, 0xff, 0xff, 0x7f, 0xff, 0xbf, 0xff, 0xff, 0xff, 0xff, 0xff, 0xff,
  0xff, 0xff, 0xfb, 0xdf, 0xef, 0x7f, 0xff, 0xff, 0xdf, 0xff, 0xff, 0xef, 0xff, 0xff, 0xff, 0xff,
  0xf7, 0xff, 0xef, 0xff, 0xff, 0xfd, 0xdf, 0xff, 0xff, 0xff, 0xfb, 0xff, 0xff, 0xbd, 0xef, 0x7f,
  0xff, 0xff, 0xff, 0xff, 0xff, 0xff, 0xff, 0xff, 0xfe, 0xff, 0xff, 0xff, 0xff, 0xff, 0xff, 0xff,
  0xff, 0xdf, 0x7f, 0xfe, 0xff, 0xff, 0xff, 0xfe, 0xff, 0xff, 0xff, 0xff, 0x7d, 0xff, 0xff, 0xff,
  0xff, 0xff, 0xff, 0xff, 0xff, 0xf7, 0xfe, 0xff, 0xff, 0xff, 0xdf, 0xdf, 0xff, 0xff, 0xff, 0xfb,
  0xff, 0xff, 0xff, 0xff, 0xfb, 0xdf, 0xff, 0xff, 0xff, 0xff, 0xff, 0xff, 0xff, 0xff, 0xff, 0xff,
  0xfe, 0xff, 0xff, 0xdf, 0xff, 0xff, 0xff, 0xf7, 0xfb, 0xfe, 0xff, 0xff, 0xff, 0xfe, 0xfb, 0xff,
  0xff, 0xfd, 0xff, 0xff, 0xdf, 0xff, 0xf7, 0xff, 0xef, 0xfb, 0xfe, 0xff, 0xef, 0xf7, 0xff, 0xdf,
  0xff, 0xff, 0xfe, 0xfe, 0xff, 0xff, 0xdf, 0xff, 0xff, 0xef, 0xff, 0xfe, 0xff, 0xdf, 0xff, 0xff,
  0xfb, 0xff, 0xf7, 0xff, 0xff, 0xff, 0xff, 0xff, 0xff, 0xff, 0xff, 0xff, 0xff, 0x7f, 0xff, 0xff,
  0xff, 0xf7, 0xff, 0xff, 0xff, 0xff, 0xff, 0xdf, 0xbf, 0xff, 0xff, 0xfb, 0xff, 0xff, 0xff, 0xff,
  0xff, 0xff, 0xff, 0xff, 0xff, 0xbf, 0xff, 0xff, 0xff, 0xff, 0xff, 0xef, 0xff, 0xff, 0xf7, 0xff
};
// Author :- Ashish ( ashish_y_794 )
// Website : https://www.oledanimationmaker.com/

const uint8_t PROGMEM frame77[1024] = {
  0xff, 0xff, 0xff, 0xff, 0xff, 0xff, 0xff, 0xff, 0xff, 0xff, 0xff, 0xff, 0xff, 0xff, 0xff, 0xff,
  0xff, 0xff, 0xff, 0xff, 0xff, 0xff, 0xff, 0xff, 0xff, 0xff, 0xff, 0xff, 0xff, 0xff, 0xff, 0xff,
  0xff, 0xff, 0xff, 0xff, 0xff, 0xff, 0xff, 0xff, 0xff, 0xff, 0xff, 0xff, 0xff, 0xff, 0xff, 0xff,
  0xff, 0xff, 0xff, 0xff, 0xff, 0xff, 0xff, 0xff, 0xff, 0xff, 0xff, 0xff, 0xff, 0xff, 0xff, 0xff,
  0xff, 0xff, 0xff, 0xff, 0xff, 0xff, 0xff, 0xff, 0xff, 0xff, 0xff, 0xff, 0xff, 0xff, 0xff, 0xff,
  0xff, 0xff, 0xff, 0xff, 0xff, 0xff, 0xff, 0xff, 0xff, 0xff, 0xff, 0xff, 0xff, 0xff, 0xff, 0xff,
  0xff, 0xff, 0xff, 0xff, 0xff, 0xff, 0xff, 0xff, 0xff, 0xff, 0xff, 0xff, 0xff, 0xff, 0xff, 0xff,
  0xfe, 0xee, 0xee, 0xee, 0xee, 0xee, 0xee, 0xee, 0xee, 0xee, 0xee, 0xee, 0xee, 0xee, 0xee, 0xef,
  0xff, 0xff, 0xff, 0xff, 0xff, 0xff, 0xff, 0xff, 0xff, 0xff, 0xff, 0xff, 0xff, 0xff, 0xff, 0xff,
  0xff, 0xff, 0xff, 0xff, 0xff, 0xff, 0xff, 0xff, 0xff, 0xff, 0xff, 0xff, 0xff, 0xff, 0xff, 0xff,
  0xfb, 0xff, 0xff, 0xff, 0xff, 0xff, 0xff, 0xff, 0xff, 0xff, 0xff, 0xff, 0xff, 0xff, 0xff, 0xff,
  0xff, 0xff, 0xff, 0xff, 0xff, 0xff, 0xff, 0xff, 0xff, 0xff, 0xff, 0xff, 0xff, 0xff, 0xff, 0xff,
  0xff, 0xff, 0xff, 0xff, 0xff, 0xff, 0xff, 0xff, 0xff, 0xff, 0xff, 0xff, 0xff, 0xff, 0xff, 0xff,
  0xff, 0xf7, 0xbd, 0xef, 0x7b, 0xde, 0xf7, 0xbd, 0xef, 0x7b, 0xde, 0xf7, 0xbd, 0xef, 0x7b, 0xdf,
  0xff, 0xdf, 0xff, 0xff, 0xff, 0xff, 0xff, 0xff, 0xff, 0xff, 0xff, 0xff, 0xff, 0xff, 0xff, 0xff,
  0xff, 0x7f, 0xff, 0xff, 0xff, 0xff, 0xff, 0xff, 0xff, 0xff, 0xff, 0xff, 0xff, 0xff, 0xff, 0xff,
  0xfb, 0xff, 0xff, 0xff, 0xff, 0xff, 0xff, 0xff, 0xff, 0xff, 0xff, 0xff, 0xff, 0xff, 0xff, 0xff,
  0xff, 0xff, 0xff, 0xff, 0xff, 0xff, 0xff, 0xff, 0xff, 0xff, 0xff, 0xff, 0xff, 0xff, 0xff, 0xfb,
  0xff, 0xff, 0xf7, 0xbd, 0xef, 0x7b, 0xde, 0xf7, 0xbd, 0xef, 0x7b, 0xde, 0xf7, 0xbd, 0xef, 0x7f,
  0xff, 0xff, 0xdf, 0xff, 0xff, 0xff, 0xff, 0xff, 0xff, 0xff, 0xff, 0xff, 0xff, 0xff, 0xff, 0xff,
  0xff, 0xff, 0xff, 0xff, 0xff, 0xff, 0xff, 0xff, 0xff, 0xff, 0xff, 0xff, 0xff, 0xff, 0xff, 0xff,
  0xff, 0xff, 0xff, 0xf7, 0xbd, 0xef, 0xff, 0xfb, 0x7b, 0xff, 0xff, 0x7d, 0xfb, 0xff, 0xff, 0xff,
  0xfb, 0xfe, 0xff, 0xff, 0xff, 0xf7, 0xba, 0xfd, 0xaf, 0xfa, 0xbd, 0xae, 0xb5, 0xff, 0xff, 0xff,
  0xff, 0xef, 0xff, 0xd7, 0x55, 0xab, 0xef, 0xf6, 0x5f, 0xed, 0xfe, 0xbb, 0xdb, 0xfb, 0xde, 0xf7,
  0xff, 0xff, 0xff, 0xfb, 0xf7, 0xd7, 0xbe, 0xdf, 0xfb, 0xfa, 0x57, 0x54, 0xb7, 0xff, 0xff, 0xff,
  0xff, 0xff, 0xfe, 0xee, 0xbe, 0xbf, 0xeb, 0xfa, 0xbe, 0xf5, 0x7b, 0x9f, 0x6f, 0xff, 0xff, 0xff,
  0xff, 0xbf, 0xfb, 0xf5, 0xd7, 0xdf, 0x7e, 0xbe, 0xbb, 0xff, 0xcd, 0x75, 0xdf, 0xff, 0xff, 0xff,
  0xfd, 0xff, 0xef, 0xdf, 0x7b, 0x7f, 0xab, 0xdb, 0xff, 0xd6, 0xeb, 0xeb, 0x6f, 0xef, 0xff, 0xff,
  0xff, 0xff, 0xbf, 0xe5, 0x57, 0xfe, 0xdc, 0xee, 0xaa, 0xbb, 0x2e, 0xb7, 0xdf, 0xff, 0xbd, 0xef,
  0xff, 0xfe, 0xff, 0xee, 0xbb, 0xbf, 0x55, 0x9b, 0x5d, 0xb6, 0xdf, 0x57, 0xef, 0xff, 0xff, 0xff,
  0xff, 0xff, 0xff, 0xf7, 0xf7, 0xdf, 0xbd, 0xfd, 0xba, 0xff, 0x7d, 0xbf, 0xbf, 0xff, 0xff, 0xff,
  0xf7, 0xff, 0xff, 0xff, 0x7f, 0xff, 0xff, 0xde, 0xff, 0x7d, 0xfe, 0xff, 0xff, 0xfe, 0xff, 0xff,
  0xff, 0xff, 0xff, 0xff, 0xff, 0xfe, 0xff, 0xff, 0xeb, 0xff, 0xff, 0xff, 0xff, 0xbb, 0xff, 0xff,
  0xff, 0xef, 0xff, 0xf7, 0xfd, 0xfd, 0xb2, 0xba, 0xea, 0xba, 0xbe, 0xb2, 0xe5, 0xff, 0xff, 0x7f,
  0xff, 0xbf, 0xff, 0xff, 0xd6, 0xbe, 0xd5, 0x5d, 0x51, 0x5a, 0xae, 0xb5, 0xd7, 0xff, 0xfb, 0xfb,
  0xff, 0xff, 0xff, 0xff, 0xed, 0xba, 0x51, 0xaa, 0xa8, 0xaa, 0x5d, 0x54, 0xeb, 0xff, 0xff, 0xff,
  0xff, 0xff, 0xbf, 0x7f, 0x5e, 0xbe, 0xa3, 0x5d, 0x55, 0x54, 0x56, 0x95, 0x6b, 0xff, 0xff, 0xff,
  0xfd, 0xff, 0xff, 0xff, 0xfa, 0x5d, 0x56, 0xba, 0x55, 0x15, 0x25, 0x55, 0x52, 0xff, 0xff, 0xff,
  0xff, 0xff, 0xff, 0xff, 0x56, 0xbe, 0xaf, 0x5b, 0x55, 0x55, 0xd5, 0x22, 0xd5, 0xff, 0xff, 0xff,
  0xff, 0xff, 0xfd, 0xfb, 0xfd, 0x3d, 0x2b, 0x54, 0x52, 0xaa, 0xa4, 0x99, 0x2b, 0xfb, 0xdf, 0xf7,
  0xff, 0xfd, 0xff, 0xff, 0xaa, 0x7d, 0x15, 0xaa, 0xd1, 0x6a, 0x85, 0x22, 0x53, 0xff, 0xfe, 0xff,
  0xff, 0xf7, 0xff, 0xff, 0xec, 0x7e, 0xa9, 0x50, 0xc6, 0xba, 0x2c, 0xa9, 0x2b, 0xff, 0xff, 0xff,
  0xf7, 0xbf, 0xef, 0xff, 0xf5, 0xfe, 0xbb, 0xed, 0xff, 0x5d, 0xbe, 0xd6, 0xd3, 0xff, 0xff, 0xff,
  0xff, 0xff, 0xff, 0xef, 0xff, 0xf7, 0x7f, 0xf7, 0xef, 0xff, 0xff, 0xff, 0xff, 0xef, 0xff, 0xff,
  0xff, 0xff, 0xff, 0xff, 0xff, 0xff, 0xff, 0xff, 0xff, 0xff, 0xff, 0xff, 0xff, 0xff, 0xdf, 0xff,
  0xff, 0xff, 0xff, 0xff, 0xff, 0xff, 0xff, 0xff, 0xff, 0xff, 0xfd, 0xff, 0xff, 0xff, 0x7f, 0x77,
  0xff, 0xff, 0xff, 0x7f, 0xbf, 0xdf, 0xff, 0xbf, 0xff, 0xff, 0x77, 0xff, 0x7f, 0x7f, 0xff, 0xff,
  0xff, 0x7f, 0xfd, 0xff, 0xff, 0x7f, 0xff, 0xff, 0xff, 0xfd, 0xff, 0xfb, 0xfd, 0xff, 0xff, 0xff,
  0xfd, 0xff, 0xbf, 0xfe, 0xff, 0xff, 0xff, 0xff, 0xfe, 0xef, 0xff, 0xff, 0xff, 0xff, 0xff, 0xff,
  0xff, 0xfd, 0xff, 0xff, 0xff, 0xff, 0xfd, 0xff, 0x7b, 0xff, 0xff, 0xff, 0xff, 0xff, 0xff, 0xff,
  0xff, 0xff, 0xff, 0xff, 0xff, 0xff, 0xef, 0xfd, 0xff, 0xff, 0xff, 0xff, 0xff, 0xfd, 0xfd, 0xff,
  0xff, 0xff, 0xff, 0xff, 0xfd, 0xff, 0x7f, 0xff, 0xff, 0xff, 0xff, 0xef, 0xf7, 0xff, 0xff, 0xef,
  0xff, 0xff, 0xff, 0xf7, 0xff, 0xff, 0xff, 0xff, 0xff, 0xff, 0xff, 0xff, 0xff, 0xff, 0xf7, 0xff,
  0xf7, 0xff, 0xfd, 0xff, 0xff, 0xff, 0xff, 0xef, 0xff, 0xff, 0xff, 0x7f, 0xbf, 0xef, 0xff, 0xff,
  0xff, 0xef, 0xf7, 0xff, 0xdf, 0xfb, 0xff, 0xff, 0xff, 0xff, 0xf7, 0xff, 0xff, 0xff, 0xff, 0xff,
  0xff, 0xbf, 0x7f, 0xff, 0xff, 0xef, 0xff, 0xff, 0xff, 0xf7, 0xbf, 0xff, 0xff, 0xff, 0xbf, 0xff,
  0xff, 0xff, 0xff, 0xff, 0xff, 0xbf, 0xff, 0xff, 0xf7, 0x7f, 0xff, 0xff, 0xff, 0xbf, 0xff, 0xfb,
  0xff, 0xff, 0xff, 0xfb, 0xfe, 0xff, 0xfd, 0xff, 0xbf, 0xff, 0xff, 0xfd, 0xfe, 0xff, 0xff, 0xbf,
  0xff, 0xff, 0xff, 0xef, 0xff, 0xff, 0xf7, 0xef, 0xff, 0xff, 0xff, 0xff, 0xfb, 0xff, 0xff, 0xff,
  0xfd, 0xff, 0xff, 0xff, 0xef, 0xff, 0xff, 0xff, 0xff, 0xff, 0xff, 0xef, 0xff, 0xff, 0xfd, 0xff,
  0xff, 0xff, 0xff, 0xff, 0xff, 0xff, 0xff, 0xff, 0xff, 0xff, 0x7f, 0x7f, 0xff, 0xfe, 0xf7, 0xff,
  0xff, 0xfd, 0xef, 0x7f, 0xff, 0xff, 0xff, 0xff, 0xff, 0xfb, 0xfd, 0xff, 0xdf, 0xff, 0xff, 0xff,
  0xff, 0xf7, 0xff, 0xff, 0xff, 0xff, 0xbf, 0xfe, 0xff, 0xbf, 0xff, 0xff, 0xff, 0xff, 0xff, 0xff,
  0xfb, 0xff, 0xff, 0xff, 0xff, 0xff, 0xff, 0xfb, 0xf7, 0xff, 0xff, 0xff, 0xff, 0xff, 0xff, 0xff
};
// Author :- Ashish ( ashish_y_794 )
// Website : https://www.oledanimationmaker.com/

const uint8_t PROGMEM frame78[1024] = {
  0xff, 0xff, 0xff, 0xff, 0xff, 0xff, 0xff, 0xff, 0xff, 0xff, 0xff, 0xff, 0xff, 0xff, 0xff, 0xff,
  0xff, 0xff, 0xff, 0xff, 0xff, 0xff, 0xff, 0xff, 0xff, 0xff, 0xff, 0xff, 0xff, 0xff, 0xff, 0xff,
  0xff, 0xff, 0xff, 0xff, 0xff, 0xff, 0xff, 0xff, 0xff, 0xff, 0xff, 0xff, 0xff, 0xff, 0xff, 0xff,
  0xff, 0xff, 0xff, 0xff, 0xff, 0xff, 0xff, 0xff, 0xff, 0xff, 0xff, 0xff, 0xff, 0xff, 0xff, 0xff,
  0xff, 0xff, 0xff, 0xff, 0xff, 0xff, 0xff, 0xff, 0xff, 0xff, 0xff, 0xff, 0xff, 0xff, 0xff, 0xff,
  0xff, 0xff, 0xff, 0xff, 0xff, 0xff, 0xff, 0xff, 0xff, 0xff, 0xff, 0xff, 0xff, 0xff, 0xff, 0xff,
  0xff, 0x7b, 0xde, 0xf7, 0xbd, 0xef, 0x7b, 0xde, 0xf7, 0xbd, 0xef, 0x7b, 0xde, 0xf7, 0xbd, 0xef,
  0xfd, 0xff, 0xff, 0xff, 0xff, 0xff, 0xff, 0xff, 0xff, 0xff, 0xff, 0xff, 0xff, 0xff, 0xff, 0xff,
  0xff, 0xff, 0xff, 0xff, 0xff, 0xff, 0xff, 0xff, 0xff, 0xff, 0xff, 0xff, 0xff, 0xff, 0xff, 0xff,
  0xff, 0xff, 0xff, 0xff, 0xff, 0xff, 0xff, 0xff, 0xff, 0xff, 0xff, 0xff, 0xff, 0xff, 0xff, 0xff,
  0xff, 0xff, 0xff, 0xff, 0xff, 0xff, 0xff, 0xff, 0xff, 0xff, 0xff, 0xff, 0xff, 0xff, 0xff, 0xff,
  0xf7, 0xfd, 0xdd, 0xdd, 0xdd, 0xdd, 0xdd, 0xdd, 0xdd, 0xdd, 0xdd, 0xdd, 0xdd, 0xdd, 0xdd, 0xdf,
  0xff, 0xf7, 0xff, 0xff, 0xff, 0xff, 0xff, 0xff, 0xff, 0xff, 0xff, 0xff, 0xff, 0xff, 0xff, 0xff,
  0xff, 0xdf, 0xff, 0xff, 0xff, 0xff, 0xff, 0xff, 0xff, 0xff, 0xff, 0xff, 0xff, 0xff, 0xff, 0xff,
  0xff, 0xff, 0xff, 0xff, 0xff, 0xff, 0xff, 0xff, 0xff, 0xff, 0xff, 0xff, 0xff, 0xff, 0xff, 0xff,
  0xff, 0xff, 0xff, 0xff, 0xff, 0xff, 0xff, 0xff, 0xff, 0xff, 0xff, 0xff, 0xff, 0xff, 0xff, 0xfd,
  0xfe, 0xff, 0xff, 0xff, 0xff, 0xff, 0xff, 0xff, 0xff, 0xff, 0xff, 0xff, 0xff, 0xff, 0xff, 0xf7,
  0xfb, 0xff, 0xfb, 0xbb, 0xbb, 0xbb, 0xbb, 0xbb, 0xbb, 0xbb, 0xbb, 0xbb, 0xbb, 0xbb, 0xbb, 0xbf,
  0xff, 0xff, 0xef, 0xff, 0xff, 0xff, 0xff, 0xff, 0xff, 0xff, 0xff, 0xff, 0xff, 0xff, 0xff, 0xff,
  0xff, 0xff, 0xff, 0xff, 0xff, 0xff, 0xff, 0xff, 0xff, 0xff, 0xff, 0xff, 0xff, 0xff, 0xff, 0xff,
  0xff, 0xfe, 0xff, 0xff, 0xff, 0xff, 0xff, 0xff, 0xff, 0xff, 0xff, 0xff, 0xff, 0xff, 0xff, 0xff,
  0xff, 0xfb, 0xff, 0xf7, 0xbd, 0xef, 0xde, 0xfa, 0xdf, 0xff, 0xfe, 0xfd, 0x7b, 0xff, 0xff, 0xff,
  0xff, 0xef, 0xff, 0xff, 0xff, 0xf7, 0x7f, 0xff, 0x7b, 0xed, 0x7f, 0x57, 0xed, 0xff, 0xff, 0xff,
  0xf7, 0xbf, 0xff, 0xd6, 0xaa, 0xab, 0xfa, 0xf5, 0x2f, 0x7d, 0xb5, 0xbd, 0x5b, 0xee, 0xee, 0xf7,
  0xff, 0xff, 0xff, 0x7b, 0xf7, 0xd7, 0xdf, 0xff, 0xdd, 0xf4, 0x6f, 0x15, 0xb7, 0xff, 0xff, 0xff,
  0xff, 0xff, 0xfb, 0xf6, 0xbe, 0xdf, 0xb6, 0xba, 0xbf, 0xfd, 0xbd, 0xde, 0xef, 0xff, 0xff, 0xff,
  0xff, 0xff, 0xff, 0xef, 0xd7, 0xbf, 0xed, 0xee, 0xfb, 0xf7, 0xe7, 0x6b, 0x5f, 0xff, 0xff, 0xff,
  0xff, 0xff, 0xff, 0xf5, 0x7b, 0xfe, 0xbb, 0x7b, 0x7f, 0xdd, 0xad, 0xf7, 0xef, 0xbf, 0xff, 0xff,
  0xfd, 0xff, 0xef, 0xae, 0xaf, 0x7f, 0xad, 0xaf, 0xaa, 0xb6, 0xae, 0xab, 0x5f, 0xff, 0xbf, 0x7b,
  0xff, 0xff, 0xff, 0xe6, 0xb7, 0xbf, 0x5a, 0xda, 0xdd, 0x6e, 0xbe, 0xaf, 0xef, 0xfd, 0xfd, 0xff,
  0xff, 0xef, 0x7f, 0xfb, 0xfb, 0xdf, 0xbb, 0xdd, 0x5b, 0x7b, 0xdd, 0xdf, 0xbf, 0xff, 0xff, 0xff,
  0xff, 0xff, 0xff, 0xef, 0x7f, 0xff, 0xff, 0xff, 0xfd, 0xff, 0x7f, 0x7f, 0xff, 0xff, 0xff, 0xff,
  0xf7, 0xff, 0xff, 0xff, 0xff, 0xfd, 0xff, 0xbd, 0xf7, 0xbf, 0xff, 0xfb, 0xfd, 0xdf, 0xff, 0xff,
  0xff, 0xbf, 0xff, 0x7f, 0xfa, 0xfe, 0xb2, 0xde, 0xd4, 0xfa, 0xfe, 0xba, 0xe7, 0xff, 0xff, 0xff,
  0xff, 0xff, 0xfd, 0xff, 0xef, 0x7d, 0x69, 0x5a, 0xa9, 0x35, 0x2e, 0xaa, 0xeb, 0xff, 0xef, 0xf7,
  0xff, 0xfe, 0xf7, 0xff, 0xba, 0xae, 0xa3, 0x5d, 0x50, 0xac, 0xae, 0xb5, 0xd5, 0xfe, 0xff, 0xbf,
  0xff, 0xff, 0xff, 0xff, 0xdd, 0x7d, 0x52, 0xba, 0x55, 0x50, 0x55, 0x14, 0x6b, 0xff, 0xff, 0xff,
  0xfd, 0xff, 0xff, 0xff, 0x6a, 0x9d, 0x4b, 0x5d, 0x55, 0x1b, 0x2a, 0xd3, 0x69, 0xf7, 0xff, 0xff,
  0xff, 0xf7, 0xff, 0xfd, 0xde, 0x7e, 0xaf, 0xaa, 0x55, 0x55, 0xc5, 0x29, 0x57, 0xff, 0xfe, 0xff,
  0xff, 0xff, 0xff, 0xff, 0xfd, 0x3d, 0x2a, 0xb5, 0x52, 0xaa, 0xa5, 0x24, 0xa9, 0xff, 0xfb, 0xff,
  0xff, 0xff, 0xdf, 0xff, 0xaa, 0x7d, 0x15, 0x94, 0x62, 0xb5, 0x0a, 0x29, 0x4b, 0xff, 0xef, 0xff,
  0xf7, 0xdf, 0xff, 0xef, 0xe8, 0x7e, 0x69, 0xd1, 0xd5, 0x5a, 0x5d, 0x42, 0x29, 0xff, 0xbf, 0xff,
  0xff, 0xff, 0xff, 0x7f, 0xf7, 0xfd, 0x75, 0xd6, 0xef, 0x7d, 0x5c, 0xf7, 0x6b, 0xde, 0xff, 0xfb,
  0xff, 0xff, 0x7f, 0xff, 0xfe, 0xf7, 0xbf, 0xff, 0xff, 0xff, 0xff, 0xde, 0xf7, 0xff, 0xff, 0xff,
  0xff, 0xff, 0xff, 0xff, 0xff, 0xff, 0xff, 0xff, 0xff, 0xdf, 0xff, 0xff, 0xff, 0xff, 0xff, 0xff,
  0xff, 0x7f, 0xfd, 0xff, 0x7f, 0xff, 0xff, 0xfb, 0xff, 0xff, 0xff, 0xff, 0xff, 0xff, 0xff, 0xff,
  0xfd, 0xfd, 0xff, 0xff, 0xff, 0xff, 0xff, 0xff, 0xef, 0xff, 0xff, 0xff, 0xff, 0xff, 0xff, 0xff,
  0xff, 0xff, 0xff, 0xff, 0xff, 0xff, 0xff, 0xdf, 0xfe, 0xfe, 0xee, 0xff, 0xff, 0xfb, 0xff, 0xdf,
  0xff, 0xff, 0xff, 0xf7, 0xf7, 0xbf, 0xff, 0x7f, 0xff, 0xff, 0xff, 0xff, 0xff, 0xdf, 0xff, 0xff,
  0xff, 0xff, 0xf7, 0xff, 0xff, 0xff, 0xfb, 0xff, 0xff, 0xff, 0xff, 0xff, 0xfe, 0xff, 0xfd, 0xff,
  0xf7, 0xff, 0xdf, 0xff, 0xbf, 0xfd, 0xdf, 0xff, 0xbf, 0xf7, 0xff, 0xf7, 0x77, 0xff, 0xdf, 0xff,
  0xff, 0xf7, 0xff, 0xbf, 0xff, 0xff, 0xff, 0xff, 0xff, 0xff, 0xff, 0xff, 0xff, 0xff, 0xff, 0xfb,
  0xff, 0xff, 0xff, 0xff, 0xff, 0xff, 0xff, 0xff, 0xff, 0x7f, 0xff, 0xff, 0xff, 0xff, 0xff, 0xff,
  0xff, 0xbf, 0xff, 0xfe, 0xff, 0x7f, 0xff, 0xfe, 0xfd, 0xff, 0xbb, 0xbf, 0xff, 0xff, 0xff, 0xff,
  0xff, 0xff, 0x7f, 0xff, 0xff, 0xfb, 0xff, 0xff, 0xff, 0xff, 0xff, 0xff, 0xff, 0xfe, 0xff, 0xbf,
  0xff, 0xff, 0xff, 0xff, 0xfd, 0xff, 0xff, 0xf7, 0xff, 0xff, 0xff, 0xff, 0xff, 0xf7, 0xfb, 0xff,
  0xfb, 0xff, 0xfe, 0xf7, 0xff, 0xff, 0xef, 0x7f, 0xff, 0xfd, 0xff, 0xfd, 0xdd, 0xdf, 0xff, 0xff,
  0xff, 0xff, 0xfb, 0xff, 0xff, 0xff, 0xff, 0xff, 0xf7, 0xff, 0xff, 0xff, 0xff, 0xff, 0xff, 0xff,
  0xff, 0xef, 0xff, 0xff, 0xef, 0xff, 0xbf, 0xff, 0xff, 0xff, 0xff, 0xef, 0xff, 0xff, 0xff, 0xfb,
  0xff, 0xbf, 0x7f, 0xff, 0xbf, 0xf7, 0xff, 0xff, 0xff, 0xef, 0xee, 0xff, 0xff, 0xff, 0xef, 0xef,
  0xff, 0xff, 0xff, 0xff, 0xff, 0xdf, 0xff, 0xff, 0x7f, 0xbf, 0xff, 0xff, 0xff, 0xff, 0xff, 0x7f,
  0xf7, 0xff, 0xff, 0xfd, 0xff, 0xff, 0xff, 0x7b, 0xff, 0xff, 0xff, 0xff, 0xff, 0xff, 0xff, 0xff,
  0xff, 0xff, 0xff, 0xef, 0xff, 0xff, 0xff, 0xff, 0xfd, 0xff, 0x7f, 0xff, 0xbb, 0xbf, 0x7f, 0xff,
  0xff, 0xff, 0xf7, 0xbf, 0xff, 0x7f, 0xfb, 0xff, 0xff, 0xff, 0xff, 0xfe, 0xff, 0xfd, 0xff, 0xff
};
// Author :- Ashish ( ashish_y_794 )
// Website : https://www.oledanimationmaker.com/

const uint8_t PROGMEM frame79[1024] = {
  0xff, 0xff, 0xff, 0xff, 0xff, 0xff, 0xff, 0xff, 0xff, 0xff, 0xff, 0xff, 0xff, 0xff, 0xff, 0xff,
  0xff, 0xff, 0xff, 0xff, 0xff, 0xff, 0xff, 0xff, 0xff, 0xff, 0xff, 0xff, 0xff, 0xff, 0xff, 0xff,
  0xff, 0xff, 0xff, 0xff, 0xff, 0xff, 0xff, 0xff, 0xff, 0xff, 0xff, 0xff, 0xff, 0xff, 0xff, 0xff,
  0xff, 0xff, 0xff, 0xff, 0xff, 0xff, 0xff, 0xff, 0xff, 0xff, 0xff, 0xff, 0xff, 0xff, 0xff, 0xff,
  0xff, 0xff, 0xff, 0xff, 0xff, 0xff, 0xff, 0xff, 0xff, 0xff, 0xff, 0xff, 0xff, 0xff, 0xff, 0xff,
  0xff, 0xff, 0xff, 0xff, 0xff, 0xff, 0xff, 0xff, 0xff, 0xff, 0xff, 0xff, 0xff, 0xff, 0xff, 0xff,
  0xff, 0xef, 0xdf, 0xbf, 0x7e, 0xfd, 0xfb, 0xf7, 0xef, 0xdf, 0xbf, 0x7e, 0xfd, 0xfb, 0xf7, 0xef,
  0xfd, 0xff, 0x7e, 0xfd, 0xfb, 0xf7, 0xef, 0xdf, 0xbf, 0x7e, 0xfd, 0xfb, 0xf7, 0xef, 0xdf, 0xbf,
  0xff, 0xff, 0xff, 0xff, 0xff, 0xff, 0xff, 0xff, 0xff, 0xff, 0xff, 0xff, 0xff, 0xff, 0xff, 0xff,
  0xff, 0xff, 0xff, 0xff, 0xff, 0xff, 0xff, 0xff, 0xff, 0xff, 0xff, 0xff, 0xff, 0xff, 0xff, 0xff,
  0xff, 0xff, 0xff, 0xff, 0xff, 0xff, 0xff, 0xff, 0xff, 0xff, 0xff, 0xff, 0xff, 0xff, 0xff, 0xff,
  0xff, 0xdf, 0xff, 0xff, 0xff, 0xff, 0xff, 0xff, 0xff, 0xff, 0xff, 0xff, 0xff, 0xff, 0xff, 0xff,
  0xf7, 0x7e, 0xff, 0xff, 0xff, 0xff, 0xff, 0xff, 0xff, 0xff, 0xff, 0xff, 0xff, 0xff, 0xff, 0xff,
  0xff, 0xff, 0xfd, 0xf7, 0xef, 0xdf, 0xbf, 0x7e, 0xfd, 0xfb, 0xf7, 0xef, 0xdf, 0xbf, 0x7e, 0xff,
  0xff, 0xff, 0xf7, 0xff, 0xbf, 0x7e, 0xfd, 0xfb, 0xf7, 0xef, 0xdf, 0xbf, 0x7e, 0xfd, 0xfb, 0xf7,
  0xff, 0xff, 0xff, 0xff, 0xff, 0xff, 0xff, 0xff, 0xff, 0xff, 0xff, 0xff, 0xff, 0xff, 0xff, 0xff,
  0xff, 0xff, 0xff, 0xff, 0xff, 0xff, 0xff, 0xff, 0xff, 0xff, 0xff, 0xff, 0xff, 0xff, 0xff, 0xff,
  0xff, 0xff, 0xff, 0xff, 0xff, 0xff, 0xff, 0xff, 0xff, 0xff, 0xff, 0xff, 0xff, 0xff, 0xff, 0xff,
  0xfd, 0xfb, 0xbf, 0xef, 0xff, 0xff, 0xff, 0xff, 0xff, 0xff, 0xff, 0xff, 0xff, 0xff, 0xff, 0xff,
  0xff, 0xef, 0xff, 0xff, 0x7f, 0xff, 0xff, 0xff, 0xff, 0xff, 0xff, 0xff, 0xff, 0xff, 0xff, 0xff,
  0xff, 0xff, 0xff, 0xff, 0xfd, 0xfb, 0xf7, 0xef, 0xef, 0xdf, 0xff, 0xfd, 0xfb, 0xf7, 0xef, 0xdf,
  0xff, 0xff, 0xfe, 0xf7, 0xff, 0xdf, 0xbe, 0xfd, 0x7f, 0x7e, 0xf6, 0xbf, 0x7f, 0xbf, 0xbf, 0x7f,
  0xf7, 0xff, 0xff, 0xff, 0x5b, 0xef, 0xff, 0xfb, 0x5b, 0xfb, 0xbf, 0xd6, 0xe9, 0xff, 0xff, 0xff,
  0xff, 0xff, 0xfb, 0xeb, 0xfe, 0xe7, 0xbd, 0xfe, 0xbf, 0xfc, 0xfe, 0x5d, 0xb7, 0xff, 0xff, 0xff,
  0xff, 0xbf, 0xef, 0xfe, 0xab, 0xaf, 0xee, 0xf7, 0xdb, 0xf5, 0x5b, 0xaa, 0xdb, 0xff, 0xff, 0xff,
  0xff, 0xff, 0xbf, 0xd7, 0xf7, 0x5e, 0xbb, 0xbc, 0xbf, 0xfd, 0x6e, 0x9e, 0xef, 0xff, 0xff, 0xff,
  0xff, 0xfd, 0xff, 0xfa, 0xbf, 0xff, 0xee, 0xee, 0xfb, 0xef, 0xd5, 0xf7, 0x5f, 0xff, 0xff, 0xff,
  0xff, 0xff, 0xff, 0xd7, 0x6b, 0x6f, 0x5b, 0xbb, 0xbd, 0xbb, 0x6f, 0x75, 0xef, 0xfd, 0xfd, 0xf7,
  0xfb, 0xff, 0xff, 0xea, 0xb7, 0xbf, 0xb5, 0x6e, 0xd6, 0xed, 0x96, 0xd7, 0xbf, 0xf7, 0xef, 0xff,
  0xff, 0xdf, 0xff, 0xae, 0xef, 0xfe, 0xba, 0xdb, 0x5d, 0x5e, 0xdf, 0x57, 0xcf, 0xdf, 0xff, 0xff,
  0xff, 0xff, 0xff, 0xf7, 0x77, 0x5f, 0xbb, 0xdd, 0xbb, 0x7b, 0x7d, 0xaf, 0xbf, 0xff, 0xff, 0xff,
  0xff, 0xff, 0xff, 0xff, 0xff, 0xff, 0xff, 0xfe, 0xfd, 0xff, 0xfe, 0xff, 0xff, 0xff, 0xff, 0xff,
  0xff, 0xff, 0x7f, 0xff, 0xff, 0xff, 0xfb, 0xbf, 0xef, 0x7e, 0xff, 0xff, 0xff, 0x7f, 0xff, 0xdf,
  0xfd, 0xfd, 0xfd, 0xff, 0xfa, 0xfc, 0xad, 0xda, 0xd1, 0xfb, 0x6e, 0xb9, 0xeb, 0xff, 0xff, 0x7f,
  0xf7, 0xf7, 0xff, 0xee, 0xdf, 0xbe, 0xe9, 0x3d, 0x6a, 0x2c, 0xbf, 0x55, 0x6b, 0xff, 0xef, 0xff,
  0xff, 0xff, 0xff, 0xff, 0xe9, 0x7d, 0x22, 0xda, 0xa0, 0xb2, 0x4d, 0x35, 0xe9, 0xff, 0xff, 0xff,
  0xff, 0xff, 0xff, 0xff, 0xbe, 0xbd, 0x53, 0x5d, 0x5a, 0x94, 0x36, 0x94, 0x67, 0xff, 0x7f, 0xff,
  0xff, 0xff, 0xff, 0xff, 0x5a, 0x5d, 0x56, 0xba, 0x4a, 0x95, 0xa5, 0x53, 0x59, 0xfd, 0xff, 0xff,
  0xff, 0xff, 0xfd, 0xff, 0xed, 0x3e, 0xaf, 0x55, 0x6a, 0x55, 0xaa, 0xa9, 0x65, 0xff, 0xff, 0xfd,
  0xff, 0xdf, 0xf7, 0xf7, 0xbd, 0x7a, 0x93, 0x5a, 0x52, 0xea, 0xa2, 0x24, 0x95, 0xff, 0xfe, 0xf7,
  0xff, 0xff, 0xff, 0xff, 0xda, 0x3e, 0x2b, 0x48, 0xa2, 0x2a, 0x8d, 0x29, 0x53, 0xf7, 0xff, 0xff,
  0xfb, 0xff, 0xbf, 0xff, 0xe8, 0xfd, 0x55, 0xa5, 0xd5, 0xba, 0x2a, 0x42, 0x2b, 0xff, 0xff, 0xff,
  0xff, 0xfe, 0xff, 0xff, 0xf6, 0xfe, 0xb9, 0xf5, 0x6f, 0x7d, 0xbd, 0xf7, 0xb3, 0xff, 0xff, 0xff,
  0xff, 0xff, 0xff, 0xff, 0xbf, 0xff, 0x7f, 0xdf, 0xff, 0xdf, 0x7e, 0xde, 0xff, 0xff, 0xf7, 0xff,
  0xff, 0xdf, 0xff, 0xee, 0xff, 0xff, 0xff, 0xff, 0xff, 0xff, 0xff, 0xff, 0xff, 0xbf, 0xff, 0xdf,
  0xff, 0xff, 0xff, 0xff, 0xff, 0xef, 0xff, 0xff, 0xff, 0xff, 0xff, 0xff, 0xfe, 0xff, 0xbf, 0xff,
  0xfd, 0xff, 0xff, 0x7f, 0xff, 0xff, 0xff, 0xff, 0xff, 0xff, 0xff, 0xff, 0xfb, 0xfe, 0xff, 0xff,
  0xf7, 0xff, 0xff, 0xff, 0xff, 0xff, 0xff, 0xff, 0xff, 0xff, 0xff, 0xff, 0xff, 0xff, 0xff, 0xff,
  0xff, 0xfd, 0xfb, 0xff, 0xff, 0x7f, 0xfe, 0xfb, 0xdd, 0xff, 0xf7, 0xff, 0xef, 0xff, 0xff, 0x7f,
  0xff, 0xff, 0xef, 0xff, 0xff, 0xff, 0xf7, 0xff, 0xff, 0xee, 0xff, 0xff, 0x7f, 0xff, 0xff, 0xfb,
  0xff, 0xff, 0xff, 0xff, 0xff, 0xfd, 0xdf, 0xff, 0xff, 0xff, 0xff, 0xbb, 0xff, 0xff, 0xff, 0xff,
  0xff, 0xef, 0xff, 0xfb, 0xdd, 0xff, 0xff, 0xff, 0xff, 0xff, 0xff, 0xff, 0xff, 0xfd, 0xfd, 0xff,
  0xff, 0xff, 0xff, 0xff, 0xff, 0xff, 0xff, 0xff, 0xff, 0xff, 0xff, 0xff, 0xff, 0xff, 0xff, 0xff,
  0xff, 0xff, 0xff, 0xff, 0xff, 0xff, 0xff, 0xee, 0xff, 0xbf, 0xf7, 0xff, 0xff, 0xf7, 0xf7, 0xff,
  0xfb, 0xff, 0x7f, 0xdf, 0xff, 0xf7, 0xff, 0xff, 0xee, 0xff, 0xbf, 0xff, 0xff, 0xdf, 0xff, 0xff,
  0xff, 0xdf, 0xff, 0x7f, 0xff, 0xff, 0xff, 0xff, 0xff, 0xfe, 0xff, 0xbf, 0xff, 0x7f, 0xff, 0xef,
  0xff, 0xff, 0xfb, 0xff, 0x7f, 0xdf, 0xdf, 0xff, 0xff, 0xff, 0xff, 0xfe, 0xf7, 0xff, 0xff, 0xff,
  0xff, 0xff, 0xff, 0xff, 0xfb, 0xff, 0xfe, 0xff, 0xff, 0xff, 0xff, 0xff, 0xff, 0xff, 0xff, 0xff,
  0xff, 0xff, 0xff, 0xff, 0xff, 0xff, 0xff, 0xf7, 0xff, 0xff, 0xff, 0xff, 0xff, 0xff, 0xdf, 0xff,
  0xfd, 0xfd, 0xdf, 0xff, 0xff, 0xff, 0xff, 0xff, 0xbf, 0xff, 0xff, 0xfb, 0xff, 0xff, 0xfe, 0xff,
  0xf7, 0xf7, 0xff, 0xff, 0xff, 0xff, 0x7f, 0xff, 0xfe, 0xf7, 0xfe, 0xff, 0xff, 0xff, 0xff, 0xf7,
  0xff, 0xff, 0xff, 0xfd, 0xef, 0xfd, 0xff, 0xff, 0xff, 0xff, 0xfb, 0xff, 0xf7, 0xff, 0xff, 0xff,
  0xff, 0xff, 0xff, 0xf7, 0xff, 0x77, 0xfd, 0xff, 0xff, 0xff, 0xbf, 0xff, 0xff, 0xde, 0xff, 0xff,
  0xff, 0xff, 0xfe, 0xff, 0xff, 0xff, 0xff, 0xef, 0xfb, 0xff, 0xff, 0xff, 0xbf, 0xff, 0xfb, 0xff
};
// Author :- Ashish ( ashish_y_794 )
// Website : https://www.oledanimationmaker.com/

const uint8_t PROGMEM frame80[1024] = {
  0xff, 0xff, 0xff, 0xff, 0xff, 0xff, 0xff, 0xff, 0xff, 0xff, 0xff, 0xff, 0xff, 0xff, 0xff, 0xff,
  0xff, 0xff, 0xff, 0xff, 0xff, 0xff, 0xff, 0xff, 0xff, 0xff, 0xff, 0xff, 0xff, 0xff, 0xff, 0xff,
  0xff, 0xff, 0xff, 0xff, 0xff, 0xff, 0xff, 0xff, 0xff, 0xff, 0xff, 0xff, 0xff, 0xff, 0xff, 0xff,
  0xff, 0xff, 0xff, 0xff, 0xff, 0xff, 0xff, 0xff, 0xff, 0xff, 0xff, 0xff, 0xff, 0xff, 0xff, 0xff,
  0xff, 0xff, 0xff, 0xff, 0xff, 0xff, 0xff, 0xff, 0xff, 0xff, 0xff, 0xff, 0xff, 0xff, 0xff, 0xff,
  0xff, 0xff, 0xff, 0xff, 0xff, 0xff, 0xff, 0xff, 0xff, 0xff, 0xff, 0xff, 0xff, 0xff, 0xff, 0xff,
  0xff, 0x7b, 0xde, 0xf7, 0xbd, 0xef, 0x7b, 0xde, 0xf7, 0xbd, 0xef, 0x7b, 0xde, 0xf7, 0xbd, 0xef,
  0xfd, 0xff, 0xff, 0xff, 0xff, 0xff, 0xff, 0xff, 0xff, 0xff, 0xff, 0xff, 0xff, 0xff, 0xff, 0xff,
  0xff, 0xff, 0xff, 0xff, 0xff, 0xff, 0xff, 0xff, 0xff, 0xff, 0xff, 0xff, 0xff, 0xff, 0xff, 0xff,
  0xff, 0xff, 0xff, 0xff, 0xff, 0xff, 0xff, 0xff, 0xff, 0xff, 0xff, 0xff, 0xff, 0xff, 0xff, 0xff,
  0xff, 0xff, 0xff, 0xff, 0xff, 0xff, 0xff, 0xff, 0xff, 0xff, 0xff, 0xff, 0xff, 0xff, 0xff, 0xff,
  0xfb, 0xfe, 0xf7, 0xbd, 0xef, 0x7b, 0xde, 0xf7, 0xbd, 0xef, 0x7b, 0xde, 0xf7, 0xbd, 0xef, 0x7b,
  0xff, 0xfb, 0xff, 0xff, 0xff, 0xff, 0xff, 0xff, 0xff, 0xff, 0xff, 0xff, 0xff, 0xff, 0xff, 0xff,
  0xff, 0xef, 0xff, 0xff, 0xff, 0xff, 0xff, 0xff, 0xff, 0xff, 0xff, 0xff, 0xff, 0xff, 0xff, 0xff,
  0xff, 0xff, 0xff, 0xff, 0xff, 0xff, 0xff, 0xff, 0xff, 0xff, 0xff, 0xff, 0xff, 0xff, 0xff, 0xff,
  0xff, 0xff, 0xff, 0xff, 0xff, 0xff, 0xff, 0xff, 0xff, 0xff, 0xff, 0xff, 0xff, 0xff, 0xff, 0xff,
  0xfb, 0xff, 0xfd, 0xdd, 0xdd, 0xdd, 0xdd, 0xdd, 0xdd, 0xdd, 0xdd, 0xdd, 0xdd, 0xdd, 0xdd, 0xdf,
  0xff, 0xff, 0xf7, 0xff, 0xff, 0xff, 0xff, 0xff, 0xff, 0xff, 0xff, 0xff, 0xff, 0xff, 0xff, 0xff,
  0xff, 0xdf, 0xff, 0xff, 0xff, 0xff, 0xff, 0xff, 0xff, 0xff, 0xff, 0xff, 0xff, 0xff, 0xff, 0xff,
  0xff, 0xff, 0xff, 0xff, 0xff, 0xff, 0xff, 0xff, 0xff, 0xff, 0xff, 0xff, 0xff, 0xff, 0xff, 0xff,
  0xff, 0xff, 0x7f, 0xff, 0xff, 0xff, 0xff, 0xff, 0xff, 0xff, 0xff, 0xff, 0xff, 0xff, 0xff, 0xfd,
  0xf7, 0x7f, 0xff, 0xef, 0x7b, 0xdb, 0xbd, 0xf5, 0x5b, 0xfb, 0xfd, 0xbd, 0x75, 0xff, 0xff, 0xf7,
  0xff, 0xff, 0xff, 0xfb, 0xde, 0xef, 0xff, 0x7e, 0xff, 0xde, 0xbf, 0x6f, 0xbd, 0xee, 0xee, 0xff,
  0xff, 0xfd, 0xfd, 0xef, 0x77, 0xeb, 0xdb, 0xfb, 0x1b, 0xfa, 0xee, 0xb5, 0x6b, 0xff, 0xff, 0xff,
  0xff, 0xff, 0xf7, 0xf7, 0xdd, 0x57, 0xbe, 0xfe, 0xfe, 0xfc, 0xbb, 0x9d, 0xb7, 0xff, 0xff, 0xff,
  0xff, 0xff, 0xff, 0xda, 0xb7, 0xdf, 0xeb, 0xb7, 0x77, 0xf6, 0xd6, 0xaa, 0xdf, 0xff, 0xff, 0xff,
  0xff, 0xef, 0xff, 0xf7, 0xef, 0x6f, 0x7d, 0xfa, 0xbd, 0xfb, 0xef, 0xdf, 0x6f, 0xff, 0xff, 0xef,
  0xfb, 0xbf, 0xff, 0xdd, 0x5b, 0xbf, 0xab, 0x5f, 0xf7, 0xde, 0xaa, 0xf3, 0xbf, 0x7f, 0xff, 0xbf,
  0xff, 0xff, 0xdf, 0xe6, 0xbf, 0xff, 0x5d, 0xda, 0xae, 0xeb, 0x5f, 0x57, 0xd7, 0xfb, 0xbb, 0xff,
  0xff, 0xff, 0xff, 0xab, 0x67, 0x7f, 0xb5, 0x5d, 0xba, 0xb6, 0xad, 0x5f, 0x6f, 0xff, 0xff, 0xff,
  0xff, 0xff, 0xff, 0xf7, 0x7b, 0xbf, 0x7b, 0xda, 0xdd, 0x5f, 0x7f, 0x6f, 0xff, 0xff, 0xff, 0xff,
  0xff, 0xff, 0xff, 0xff, 0xff, 0xff, 0xff, 0xff, 0x7b, 0xff, 0xfd, 0xbf, 0xbf, 0xff, 0xff, 0xff,
  0xfb, 0xfe, 0xfd, 0xff, 0xff, 0xfd, 0xef, 0xbf, 0xf7, 0x7e, 0xff, 0xfb, 0xff, 0xef, 0xff, 0xff,
  0xff, 0xff, 0xff, 0xff, 0xfd, 0xfe, 0xb5, 0x7a, 0xd5, 0xfb, 0x7e, 0xbd, 0xeb, 0xbf, 0xff, 0x7f,
  0xff, 0xdf, 0xf7, 0xef, 0xae, 0xba, 0xd1, 0x9d, 0x50, 0x3a, 0x9f, 0x54, 0xea, 0xff, 0x77, 0xfb,
  0xff, 0xff, 0xff, 0xff, 0xf5, 0xbe, 0x55, 0x5a, 0xa9, 0xa8, 0x66, 0xb2, 0xeb, 0xff, 0xff, 0xff,
  0xff, 0xff, 0xff, 0xff, 0x5d, 0x5d, 0x52, 0xbd, 0x54, 0x94, 0x9a, 0x95, 0x69, 0xff, 0xff, 0xff,
  0xf7, 0xfd, 0xff, 0xff, 0xda, 0x7d, 0x53, 0x9a, 0x55, 0x2a, 0xa6, 0x55, 0x55, 0xff, 0xff, 0xff,
  0xff, 0x7f, 0xdf, 0xff, 0x76, 0xbe, 0xaf, 0x6d, 0x55, 0x55, 0xa9, 0x49, 0x6b, 0xff, 0xff, 0xff,
  0xff, 0xff, 0xff, 0xbd, 0xdc, 0x3a, 0x96, 0xb4, 0x52, 0xaa, 0xa5, 0x24, 0x91, 0xff, 0xfe, 0xef,
  0xff, 0xff, 0xff, 0xff, 0xed, 0x7e, 0x29, 0x92, 0xd2, 0xb5, 0x45, 0x29, 0x4d, 0xff, 0x77, 0xff,
  0xff, 0xff, 0xff, 0xff, 0xb4, 0x7d, 0x2b, 0x54, 0xc5, 0x34, 0x8c, 0xa2, 0x29, 0xfd, 0xff, 0xff,
  0xff, 0xf7, 0xfd, 0xff, 0xf5, 0xfe, 0xf5, 0xea, 0xf7, 0xbf, 0x3e, 0xdd, 0xb7, 0xff, 0xff, 0xff,
  0xfb, 0xdf, 0xbf, 0xff, 0xff, 0xff, 0x7f, 0xf7, 0xff, 0xfd, 0xff, 0xef, 0x77, 0xff, 0xff, 0xff,
  0xff, 0xff, 0xff, 0xf7, 0xff, 0xff, 0xff, 0xff, 0xff, 0xff, 0xff, 0xff, 0xff, 0xff, 0xff, 0xff,
  0xff, 0xff, 0xff, 0xff, 0xff, 0xef, 0xff, 0xff, 0xff, 0xff, 0xfd, 0xff, 0xff, 0xef, 0xff, 0xef,
  0xff, 0xff, 0xff, 0xdf, 0xbf, 0x7f, 0xfd, 0xff, 0xff, 0xdf, 0xff, 0xff, 0xff, 0xbf, 0xfe, 0xff,
  0xff, 0xff, 0xfd, 0xff, 0xfd, 0xff, 0xdf, 0xdf, 0xfe, 0xff, 0xff, 0xff, 0xff, 0xff, 0xef, 0xff,
  0xfb, 0xff, 0xbf, 0xff, 0xff, 0xff, 0x7f, 0xff, 0xbb, 0xff, 0xbf, 0xff, 0xff, 0xff, 0xbf, 0xff,
  0xff, 0xbd, 0xff, 0xff, 0xff, 0xff, 0xff, 0xfe, 0xff, 0xfe, 0xff, 0xdd, 0xfb, 0xff, 0xff, 0xff,
  0xff, 0xff, 0xff, 0xff, 0xff, 0xff, 0xff, 0xff, 0xff, 0xff, 0xfd, 0xff, 0xef, 0xff, 0xff, 0xfd,
  0xff, 0xff, 0xff, 0xfe, 0xf7, 0xff, 0xff, 0xff, 0xff, 0xff, 0xff, 0xff, 0xff, 0xff, 0xff, 0xef,
  0xff, 0xff, 0xfe, 0xf7, 0xff, 0xfd, 0xff, 0xf7, 0xff, 0xff, 0xff, 0xff, 0xff, 0xfb, 0xff, 0xbf,
  0xf7, 0xff, 0xfb, 0xff, 0xff, 0xf7, 0xfe, 0xff, 0xff, 0xfb, 0xff, 0xff, 0xff, 0xdf, 0xfe, 0xff,
  0xff, 0xdf, 0xef, 0xff, 0xff, 0xdf, 0xfb, 0xff, 0xff, 0xef, 0xff, 0xff, 0x7f, 0xff, 0xdf, 0xff,
  0xff, 0xfd, 0xff, 0xff, 0xff, 0xff, 0xff, 0xff, 0xfb, 0xff, 0xf7, 0xbb, 0xff, 0xff, 0xff, 0xff,
  0xff, 0xff, 0xff, 0xff, 0xf7, 0xff, 0xff, 0xff, 0xdf, 0xff, 0xff, 0xff, 0xfe, 0xff, 0xff, 0xff,
  0xff, 0x7f, 0xff, 0xff, 0xbf, 0xff, 0xff, 0xfd, 0xff, 0xff, 0xff, 0xff, 0xff, 0xff, 0xff, 0xff,
  0xfd, 0xff, 0xff, 0xfb, 0xff, 0xff, 0xef, 0xf7, 0xff, 0xff, 0xff, 0xff, 0xfb, 0xfe, 0xff, 0xff,
  0xff, 0xff, 0xff, 0xef, 0xff, 0xbf, 0xff, 0xff, 0xff, 0xbf, 0xbf, 0xff, 0xff, 0xfb, 0xf7, 0xff,
  0xff, 0xff, 0x77, 0xff, 0xff, 0xff, 0xff, 0xbf, 0xff, 0xfe, 0xfd, 0xef, 0xef, 0xff, 0xff, 0x7b,
  0xff, 0xfd, 0xff, 0xff, 0xff, 0xfe, 0xff, 0xff, 0xff, 0xff, 0xff, 0xff, 0xbf, 0xff, 0xff, 0xff,
  0xf7, 0xff, 0xff, 0xff, 0xfe, 0xff, 0xff, 0xff, 0xfb, 0xff, 0xff, 0xff, 0xff, 0xff, 0xff, 0xff,
  0xff, 0xff, 0xff, 0xbf, 0xfb, 0xff, 0xfb, 0xff, 0xef, 0xf7, 0xff, 0xff, 0xff, 0xef, 0xff, 0xff
};
// Author :- Ashish ( ashish_y_794 )
// Website : https://www.oledanimationmaker.com/

const uint8_t PROGMEM frame81[1024] = {
  0xff, 0xff, 0xff, 0xff, 0xff, 0xff, 0xff, 0xff, 0xff, 0xff, 0xff, 0xff, 0xff, 0xff, 0xff, 0xff,
  0xff, 0xff, 0xff, 0xff, 0xff, 0xff, 0xff, 0xff, 0xff, 0xff, 0xff, 0xff, 0xff, 0xff, 0xff, 0xff,
  0xff, 0xff, 0xff, 0xff, 0xff, 0xff, 0xff, 0xff, 0xff, 0xff, 0xff, 0xff, 0xff, 0xff, 0xff, 0xff,
  0xff, 0xff, 0xff, 0xff, 0xff, 0xff, 0xff, 0xff, 0xff, 0xff, 0xff, 0xff, 0xff, 0xff, 0xff, 0xff,
  0xff, 0xff, 0xff, 0xff, 0xff, 0xff, 0xff, 0xff, 0xff, 0xff, 0xff, 0xff, 0xff, 0xff, 0xff, 0xff,
  0xff, 0xff, 0xff, 0xff, 0xff, 0xff, 0xff, 0xff, 0xff, 0xff, 0xff, 0xff, 0xff, 0xff, 0xff, 0xff,
  0xfe, 0xf7, 0xbd, 0xef, 0x7b, 0xde, 0xf7, 0xbd, 0xef, 0x7b, 0xde, 0xf7, 0xbd, 0xef, 0x7b, 0xdf,
  0xfb, 0xff, 0xff, 0xff, 0xff, 0xff, 0xff, 0xff, 0xff, 0xff, 0xff, 0xff, 0xff, 0xff, 0xff, 0xff,
  0xff, 0xff, 0xff, 0xff, 0xff, 0xff, 0xff, 0xff, 0xff, 0xff, 0xff, 0xff, 0xff, 0xff, 0xff, 0xff,
  0xff, 0xff, 0xff, 0xff, 0xff, 0xff, 0xff, 0xff, 0xff, 0xff, 0xff, 0xff, 0xff, 0xff, 0xff, 0xfd,
  0xff, 0xff, 0xff, 0xff, 0xff, 0xff, 0xff, 0xff, 0xff, 0xff, 0xff, 0xff, 0xff, 0xff, 0xff, 0xff,
  0xff, 0xfb, 0xbb, 0xbb, 0xbb, 0xbb, 0xbb, 0xbb, 0xbb, 0xbb, 0xbb, 0xbb, 0xbb, 0xbb, 0xbb, 0xbf,
  0xff, 0xef, 0xff, 0xff, 0xff, 0xff, 0xff, 0xff, 0xff, 0xff, 0xff, 0xff, 0xff, 0xff, 0xff, 0xff,
  0xf7, 0xbf, 0xff, 0xff, 0xff, 0xff, 0xff, 0xff, 0xff, 0xff, 0xff, 0xff, 0xff, 0xff, 0xff, 0xff,
  0xff, 0xff, 0xff, 0xff, 0xff, 0xff, 0xff, 0xff, 0xff, 0xff, 0xff, 0xff, 0xff, 0xff, 0xff, 0xff,
  0xff, 0xff, 0xff, 0xff, 0xff, 0xff, 0xff, 0xff, 0xff, 0xff, 0xff, 0xff, 0xff, 0xff, 0xff, 0xfb,
  0xff, 0xff, 0xff, 0xff, 0xef, 0xfe, 0xff, 0xff, 0xef, 0xff, 0xfe, 0xff, 0xff, 0xef, 0xff, 0xdf,
  0xff, 0xff, 0xee, 0xee, 0xff, 0x77, 0xf7, 0x77, 0x7f, 0x77, 0x77, 0xf7, 0x77, 0x7f, 0x77, 0x7f,
  0xfd, 0xff, 0xff, 0xff, 0xff, 0xff, 0xff, 0xff, 0xff, 0xff, 0xff, 0xff, 0xff, 0xff, 0xff, 0xff,
  0xff, 0xff, 0x7f, 0xff, 0xff, 0xff, 0xff, 0xff, 0xff, 0xff, 0xff, 0xff, 0xff, 0xff, 0xff, 0xff,
  0xff, 0xef, 0xff, 0xff, 0xff, 0xff, 0xff, 0xff, 0xff, 0xff, 0xff, 0xff, 0xff, 0xff, 0xff, 0xff,
  0xf7, 0xff, 0xff, 0xef, 0x7b, 0xdf, 0xbd, 0xf5, 0x7b, 0xff, 0xfe, 0xde, 0xbb, 0xff, 0xff, 0xff,
  0xff, 0xff, 0xff, 0xfb, 0xde, 0xeb, 0xff, 0x7e, 0xaf, 0xed, 0x7f, 0x6d, 0xf5, 0xfb, 0xdf, 0xff,
  0xff, 0xff, 0xfb, 0xb7, 0x7b, 0xd7, 0xad, 0xfb, 0x5d, 0xfa, 0xad, 0xb6, 0xbb, 0xdf, 0xfe, 0xff,
  0xff, 0xbe, 0xff, 0xff, 0xd6, 0xdf, 0xff, 0xff, 0xff, 0xfc, 0xfe, 0x9a, 0xd7, 0xff, 0xff, 0xf7,
  0xff, 0xff, 0xff, 0xd5, 0x77, 0xaf, 0x55, 0x6a, 0x75, 0xeb, 0x2b, 0xae, 0xdf, 0xff, 0xff, 0xff,
  0xff, 0xff, 0xff, 0xfb, 0xbf, 0x7f, 0xff, 0xbe, 0xbf, 0xff, 0xed, 0xdb, 0x6f, 0xff, 0xff, 0xff,
  0xfb, 0xff, 0xef, 0xae, 0xd7, 0xfd, 0x55, 0xef, 0xf7, 0x6a, 0xa6, 0xf7, 0xdd, 0xff, 0xbb, 0xff,
  0xff, 0xf7, 0xff, 0xe5, 0x7b, 0x6f, 0xba, 0xba, 0xad, 0xbf, 0x5f, 0x55, 0xef, 0xfd, 0xff, 0xdf,
  0xff, 0xff, 0xbf, 0xae, 0xaf, 0xbf, 0x55, 0xdd, 0xba, 0xd5, 0xbd, 0x57, 0xaf, 0xef, 0xff, 0xff,
  0xff, 0xbf, 0xff, 0xf7, 0x77, 0xff, 0xbd, 0xb6, 0xb6, 0xbe, 0xdf, 0xbf, 0xff, 0xff, 0xff, 0xff,
  0xff, 0xff, 0xff, 0xff, 0xff, 0x7f, 0xff, 0xfd, 0xfd, 0xff, 0xfd, 0x7f, 0xdf, 0xff, 0xff, 0xff,
  0xf7, 0xff, 0xff, 0xff, 0xfd, 0xfe, 0xfb, 0xff, 0xef, 0xfe, 0xff, 0xfb, 0xff, 0xff, 0xff, 0xfd,
  0xff, 0xff, 0xfd, 0xdf, 0xff, 0xfd, 0xb7, 0x2d, 0x68, 0xbb, 0x7f, 0x5d, 0xf5, 0xdf, 0xfb, 0xbf,
  0xff, 0xfd, 0xf7, 0xff, 0xaa, 0xde, 0x69, 0x5a, 0xd2, 0xb5, 0x2e, 0xb4, 0xeb, 0xff, 0xdf, 0xff,
  0xff, 0xbf, 0xdf, 0xfe, 0xfd, 0x7d, 0xa1, 0xbd, 0x50, 0xaa, 0x56, 0x95, 0x65, 0xff, 0x7f, 0xff,
  0xff, 0xff, 0xff, 0xff, 0xad, 0xbc, 0xa6, 0x9a, 0x55, 0x28, 0x56, 0xaa, 0xd5, 0xff, 0xff, 0xff,
  0xfd, 0xff, 0xff, 0xff, 0xda, 0x5e, 0xab, 0x7d, 0x55, 0x15, 0x2a, 0x52, 0x6b, 0xff, 0xff, 0xff,
  0xff, 0xff, 0xff, 0xff, 0x7d, 0x3a, 0x97, 0x55, 0x55, 0x6b, 0xd2, 0x95, 0x51, 0xf7, 0xff, 0xf7,
  0xff, 0xfd, 0xff, 0xf7, 0xdc, 0xbe, 0x56, 0xaa, 0x52, 0xaa, 0xa5, 0x48, 0xad, 0xff, 0xff, 0xbf,
  0xf7, 0xf7, 0xff, 0xff, 0xb4, 0x7d, 0x2b, 0x54, 0xa1, 0x6a, 0x45, 0x22, 0x93, 0xff, 0xff, 0xff,
  0xff, 0xff, 0xff, 0xbf, 0xd5, 0x7e, 0x29, 0xa0, 0xd6, 0x9a, 0x8c, 0x55, 0x29, 0xff, 0xbd, 0xff,
  0xff, 0xff, 0xf7, 0xff, 0xf5, 0xfd, 0xbb, 0xdf, 0xef, 0x7d, 0x3e, 0xd5, 0x55, 0xef, 0xff, 0xff,
  0xff, 0xdf, 0xff, 0xff, 0xff, 0xff, 0x7d, 0xf5, 0xff, 0xbf, 0xfd, 0xff, 0x7b, 0xff, 0xff, 0xff,
  0xff, 0xff, 0xff, 0xff, 0x7f, 0x7f, 0xff, 0xff, 0xff, 0xff, 0xff, 0xff, 0xff, 0xff, 0xff, 0xff,
  0xfe, 0xff, 0xdf, 0xfd, 0xff, 0xff, 0xff, 0xff, 0xf7, 0xff, 0xff, 0xff, 0xff, 0xff, 0x7f, 0xf7,
  0xfb, 0xff, 0xff, 0xbf, 0xff, 0xfb, 0xff, 0xff, 0xff, 0xff, 0x7f, 0xf7, 0xff, 0xff, 0xfb, 0xdf,
  0xff, 0xff, 0xff, 0xff, 0xff, 0xff, 0xff, 0xef, 0xff, 0xfd, 0xff, 0xff, 0xff, 0xfb, 0xff, 0xff,
  0xff, 0xfe, 0xff, 0xff, 0xfd, 0xff, 0xff, 0x7f, 0xbf, 0xbf, 0xfb, 0xff, 0xff, 0xef, 0xff, 0xff,
  0xff, 0xff, 0xfd, 0xff, 0xff, 0xff, 0xef, 0xff, 0xff, 0xff, 0xff, 0xbf, 0xff, 0xff, 0xff, 0xff,
  0xff, 0xfb, 0xff, 0xfb, 0xff, 0xef, 0xbf, 0xff, 0xfe, 0xff, 0xff, 0xff, 0x77, 0x7f, 0xff, 0xff,
  0xff, 0xef, 0xff, 0xff, 0xef, 0xff, 0xff, 0xff, 0xff, 0xff, 0xff, 0xff, 0xff, 0xff, 0xee, 0xff,
  0xf7, 0xbf, 0xf7, 0xef, 0xff, 0xff, 0xff, 0xfe, 0xff, 0xff, 0xff, 0xff, 0xff, 0xff, 0xff, 0xff,
  0xff, 0xff, 0xff, 0xff, 0xff, 0xff, 0xff, 0xfb, 0xf7, 0xfb, 0xde, 0xfb, 0xff, 0xff, 0xff, 0xf7,
  0xff, 0xff, 0xff, 0xff, 0xff, 0x7d, 0xff, 0x7f, 0xff, 0xff, 0xff, 0xff, 0xff, 0xff, 0xbf, 0xff,
  0xff, 0xff, 0xff, 0xff, 0xff, 0xff, 0xfd, 0xff, 0xff, 0xff, 0xff, 0xff, 0xff, 0xfd, 0xff, 0xff,
  0xff, 0xff, 0xff, 0x7f, 0x77, 0xff, 0xff, 0xff, 0xff, 0xdf, 0xff, 0xff, 0xdd, 0xdf, 0xff, 0xdf,
  0xfd, 0xff, 0xdf, 0xff, 0xff, 0xff, 0xef, 0xff, 0xff, 0x7f, 0xfb, 0xff, 0xff, 0xff, 0xfe, 0xff,
  0xff, 0xff, 0x7f, 0xfb, 0xff, 0xef, 0xbf, 0xff, 0xfd, 0xff, 0x7f, 0xdd, 0xff, 0xff, 0xff, 0xff,
  0xff, 0xef, 0xff, 0xff, 0xff, 0xff, 0xff, 0xfb, 0xdf, 0xff, 0xff, 0xff, 0xff, 0xff, 0xff, 0xff,
  0xf7, 0xff, 0xff, 0xff, 0xff, 0x7f, 0xff, 0xff, 0xff, 0xff, 0xff, 0xff, 0xff, 0xff, 0xf7, 0xff,
  0xff, 0xff, 0xfe, 0xef, 0xfd, 0xff, 0xff, 0xff, 0xff, 0xff, 0xff, 0xff, 0xfb, 0xf7, 0xbf, 0xff,
  0xff, 0xff, 0xff, 0xff, 0xef, 0xfe, 0xff, 0xdf, 0xff, 0xff, 0xef, 0x7f, 0xdf, 0xdf, 0xff, 0xfb,
  0xff, 0xbe, 0xff, 0xff, 0xbf, 0xff, 0xff, 0x7f, 0xff, 0xfd, 0xff, 0xff, 0x7f, 0xff, 0xff, 0xdf
};
// Author :- Ashish ( ashish_y_794 )
// Website : https://www.oledanimationmaker.com/

const uint8_t PROGMEM frame82[1024] = {
  0xff, 0xff, 0xff, 0xff, 0xff, 0xff, 0xff, 0xff, 0xff, 0xff, 0xff, 0xff, 0xff, 0xff, 0xff, 0xff,
  0xff, 0xff, 0xff, 0xff, 0xff, 0xff, 0xff, 0xff, 0xff, 0xff, 0xff, 0xff, 0xff, 0xff, 0xff, 0xff,
  0xff, 0xff, 0xff, 0xff, 0xff, 0xff, 0xff, 0xff, 0xff, 0xff, 0xff, 0xff, 0xff, 0xff, 0xff, 0xff,
  0xff, 0xff, 0xff, 0xff, 0xff, 0xff, 0xff, 0xff, 0xff, 0xff, 0xff, 0xff, 0xff, 0xff, 0xff, 0xff,
  0xff, 0xff, 0xff, 0xff, 0xff, 0xff, 0xff, 0xff, 0xff, 0xff, 0xff, 0xff, 0xff, 0xff, 0xff, 0xff,
  0xff, 0xff, 0xff, 0xff, 0xff, 0xff, 0xff, 0xff, 0xff, 0xff, 0xff, 0xff, 0xff, 0xff, 0xff, 0xff,
  0xff, 0x7b, 0xde, 0xf7, 0xbd, 0xef, 0x7b, 0xde, 0xf7, 0xbd, 0xef, 0x7b, 0xde, 0xf7, 0xbd, 0xef,
  0xfd, 0xff, 0xff, 0xff, 0xff, 0xff, 0xff, 0xff, 0xff, 0xff, 0xff, 0xff, 0xff, 0xff, 0xff, 0xff,
  0xff, 0xff, 0xff, 0xff, 0xff, 0xff, 0xff, 0xff, 0xff, 0xff, 0xff, 0xff, 0xff, 0xff, 0xff, 0xff,
  0xff, 0xff, 0xff, 0xff, 0xff, 0xff, 0xff, 0xff, 0xff, 0xff, 0xff, 0xff, 0xff, 0xff, 0xff, 0xff,
  0xff, 0xff, 0xff, 0xff, 0xff, 0xff, 0xff, 0xff, 0xff, 0xff, 0xff, 0xff, 0xff, 0xff, 0xff, 0xff,
  0xf7, 0xfe, 0xee, 0xee, 0xee, 0xee, 0xee, 0xee, 0xee, 0xee, 0xee, 0xee, 0xee, 0xee, 0xee, 0xef,
  0xff, 0xf7, 0xff, 0xff, 0xff, 0xff, 0xff, 0xff, 0xff, 0xff, 0xff, 0xff, 0xff, 0xff, 0xff, 0xff,
  0xff, 0xff, 0xff, 0xff, 0xff, 0xff, 0xff, 0xff, 0xff, 0xff, 0xff, 0xff, 0xff, 0xff, 0xff, 0xff,
  0xff, 0xbf, 0xff, 0xff, 0xff, 0xff, 0xff, 0xff, 0xff, 0xff, 0xff, 0xff, 0xff, 0xff, 0xff, 0xff,
  0xff, 0xff, 0xff, 0xff, 0xff, 0xff, 0xff, 0xff, 0xff, 0xff, 0xff, 0xff, 0xff, 0xff, 0xff, 0xff,
  0xff, 0xff, 0xff, 0xff, 0xff, 0xff, 0xff, 0xff, 0xff, 0xff, 0xff, 0xff, 0xff, 0xff, 0xff, 0xfb,
  0xfb, 0xff, 0xee, 0xee, 0xee, 0xee, 0xee, 0xee, 0xee, 0xee, 0xee, 0xee, 0xee, 0xee, 0xee, 0xef,
  0xff, 0xff, 0x7f, 0xff, 0xff, 0xff, 0xff, 0xff, 0xff, 0xff, 0xff, 0xff, 0xff, 0xff, 0xff, 0xff,
  0xff, 0xf7, 0xff, 0xff, 0xff, 0xff, 0xff, 0xff, 0xff, 0xff, 0xff, 0xff, 0xff, 0xff, 0xff, 0xff,
  0xff, 0xdf, 0xff, 0xff, 0xff, 0xff, 0xff, 0xff, 0xff, 0xff, 0xff, 0xff, 0xff, 0xff, 0xff, 0xff,
  0xff, 0x7f, 0xff, 0xef, 0xbb, 0xef, 0xbe, 0xfa, 0xbb, 0xff, 0xfe, 0xde, 0xbb, 0xff, 0xff, 0xff,
  0xfb, 0xff, 0xff, 0xfb, 0xff, 0xb7, 0xff, 0xfe, 0xdf, 0xf5, 0x7f, 0x77, 0xfa, 0xff, 0xff, 0xff,
  0xff, 0xff, 0xfe, 0xef, 0x5a, 0xef, 0x6d, 0x76, 0xbb, 0xdd, 0x5b, 0x9c, 0xab, 0xf7, 0x77, 0x7f,
  0xff, 0xff, 0xef, 0xf6, 0xef, 0xab, 0xff, 0xfd, 0xdf, 0xfa, 0xee, 0xab, 0x77, 0xff, 0xff, 0xfb,
  0xff, 0xff, 0xff, 0xdb, 0xb6, 0xdf, 0xaa, 0xf6, 0xbb, 0xfd, 0x37, 0x5d, 0x5f, 0xff, 0xff, 0xff,
  0xff, 0xff, 0xbf, 0xee, 0xf7, 0xbf, 0x7d, 0xbe, 0xfd, 0xef, 0xeb, 0xd7, 0xef, 0xff, 0xff, 0xff,
  0xf7, 0xfe, 0xff, 0xb7, 0x5f, 0xff, 0xab, 0xdb, 0x6f, 0xba, 0xad, 0x7b, 0x5d, 0xff, 0xff, 0xff,
  0xff, 0xfb, 0xff, 0xd5, 0x6b, 0x7b, 0x5d, 0x6f, 0xba, 0xd7, 0xaf, 0xab, 0xef, 0xef, 0xff, 0xdf,
  0xff, 0xbf, 0xff, 0xd6, 0xb7, 0xbf, 0xb5, 0xba, 0xad, 0x7d, 0x5d, 0x57, 0xb7, 0xfe, 0xee, 0xff,
  0xff, 0xff, 0xff, 0xf7, 0x7f, 0xdf, 0x7b, 0xda, 0xdb, 0x5e, 0xff, 0x6f, 0xdf, 0xff, 0xff, 0xff,
  0xff, 0xff, 0xff, 0xdf, 0xf7, 0xff, 0xff, 0xbf, 0xbe, 0xff, 0xfd, 0xbf, 0xff, 0xff, 0xff, 0xff,
  0xfe, 0xff, 0xfe, 0xff, 0xff, 0x7f, 0xf7, 0xfe, 0xfb, 0xfe, 0xff, 0xff, 0xff, 0xff, 0xff, 0xff,
  0xfb, 0xff, 0xff, 0xff, 0xfd, 0xfc, 0xb5, 0x5b, 0xea, 0xbb, 0x5f, 0x5a, 0xeb, 0xef, 0xff, 0xfd,
  0xff, 0xff, 0xff, 0xff, 0xdb, 0xfe, 0xd2, 0xbc, 0x51, 0x5a, 0xae, 0xb9, 0x75, 0xff, 0xff, 0xf7,
  0xff, 0xfd, 0xef, 0xff, 0xad, 0x3a, 0x51, 0x9b, 0x50, 0xb4, 0x56, 0x95, 0xe9, 0xff, 0x77, 0x7f,
  0xff, 0xff, 0xff, 0xff, 0xdd, 0xbd, 0xa6, 0xbc, 0xaa, 0x88, 0x56, 0xaa, 0x65, 0xff, 0xff, 0xff,
  0xff, 0xff, 0xff, 0xfd, 0x7a, 0x5e, 0x53, 0x5a, 0xaa, 0x2d, 0x2a, 0xa9, 0x55, 0xff, 0xff, 0xff,
  0xff, 0xef, 0xff, 0x77, 0xdd, 0x3d, 0x57, 0x5a, 0x55, 0xab, 0xd5, 0x15, 0x6b, 0xfb, 0xff, 0xff,
  0xf7, 0xbf, 0xfd, 0xff, 0xbc, 0xbd, 0x2f, 0x55, 0x52, 0x69, 0x42, 0xa1, 0x29, 0xff, 0xff, 0xff,
  0xff, 0xff, 0xbf, 0xff, 0xd4, 0x7d, 0x11, 0xaa, 0x52, 0xaa, 0x95, 0x14, 0x95, 0xef, 0xfd, 0xff,
  0xff, 0xff, 0xff, 0xff, 0xea, 0xfe, 0x6b, 0x50, 0xe5, 0x3a, 0x0c, 0x52, 0x49, 0xff, 0xdf, 0xef,
  0xff, 0xff, 0xff, 0xff, 0xf5, 0x7d, 0x75, 0xd7, 0xd7, 0xbd, 0xbe, 0xed, 0xb5, 0xff, 0xff, 0xff,
  0xff, 0xff, 0xff, 0xff, 0xff, 0xff, 0x7f, 0xfb, 0xff, 0xff, 0x7d, 0xef, 0x77, 0xff, 0xff, 0xff,
  0xfd, 0xfe, 0xff, 0xff, 0xbf, 0xff, 0xff, 0xff, 0xff, 0xff, 0xff, 0xff, 0xff, 0xff, 0xff, 0xff,
  0xff, 0xf7, 0xf7, 0xbd, 0xff, 0xff, 0xff, 0xff, 0xff, 0xef, 0xff, 0xff, 0xff, 0xff, 0x7f, 0xbf,
  0xff, 0xff, 0xff, 0xff, 0xff, 0xf7, 0xfd, 0xdf, 0xff, 0xbf, 0xff, 0xff, 0xff, 0xfb, 0xfd, 0xff,
  0xff, 0xff, 0xff, 0xff, 0xff, 0x7f, 0xf7, 0xff, 0x7d, 0xff, 0xff, 0xff, 0xff, 0xef, 0xff, 0xff,
  0xf7, 0xbf, 0xff, 0xff, 0xfd, 0xff, 0xff, 0xff, 0xf7, 0xff, 0xff, 0xfb, 0xff, 0xbf, 0xff, 0xfd,
  0xff, 0xff, 0xff, 0xff, 0xff, 0xff, 0xff, 0xff, 0xff, 0xff, 0xde, 0xef, 0xde, 0xff, 0xff, 0xff,
  0xff, 0xff, 0xde, 0xef, 0xff, 0xff, 0xbf, 0xff, 0xff, 0xff, 0x7f, 0xff, 0xff, 0xff, 0xff, 0xff,
  0xff, 0xfe, 0xff, 0xff, 0x77, 0xff, 0xff, 0xfb, 0xff, 0xff, 0xff, 0xff, 0xff, 0xff, 0xf7, 0xef,
  0xff, 0xfb, 0xff, 0xff, 0xff, 0xfd, 0xff, 0xff, 0xff, 0xff, 0xff, 0xff, 0xff, 0xff, 0xff, 0xbf,
  0xfe, 0xff, 0xff, 0xff, 0xff, 0xff, 0xff, 0xbf, 0xdf, 0xff, 0xff, 0xff, 0xff, 0xff, 0xff, 0xff,
  0xfb, 0xff, 0xff, 0xff, 0xff, 0xf7, 0xfd, 0xff, 0xff, 0xef, 0xff, 0xff, 0xf7, 0xff, 0xdf, 0xff,
  0xff, 0xff, 0xfe, 0xfb, 0xff, 0xdf, 0xff, 0xff, 0xff, 0x7f, 0x7d, 0xdf, 0x7f, 0xff, 0x7f, 0xff,
  0xff, 0xff, 0xff, 0xff, 0xff, 0x7f, 0xff, 0xfe, 0xff, 0xff, 0xff, 0xff, 0xff, 0xdf, 0xff, 0xff,
  0xff, 0xf7, 0xf7, 0xff, 0xdd, 0xff, 0xef, 0xff, 0xfd, 0xff, 0xff, 0xff, 0xff, 0xff, 0xff, 0x7f,
  0xff, 0xff, 0xff, 0xff, 0xff, 0xff, 0xff, 0xff, 0xff, 0xff, 0xff, 0xff, 0xff, 0x7f, 0xff, 0xff,
  0xff, 0xff, 0xbf, 0xef, 0xff, 0xff, 0xff, 0xef, 0xff, 0xff, 0xf7, 0xfd, 0xfd, 0xff, 0xff, 0xfb,
  0xf7, 0xbf, 0xff, 0xff, 0xff, 0xff, 0xff, 0xbf, 0xef, 0xfd, 0xff, 0xf7, 0xf7, 0xfe, 0xff, 0xff,
  0xff, 0xff, 0xff, 0xff, 0x7f, 0xff, 0xfe, 0xff, 0xbf, 0xff, 0xff, 0xbf, 0xff, 0xff, 0xfb, 0xff,
  0xff, 0xff, 0xff, 0x7f, 0xff, 0xff, 0xbb, 0xff, 0xff, 0xef, 0xff, 0xff, 0xff, 0xff, 0xff, 0xdf,
  0xff, 0xfd, 0xff, 0xff, 0xfb, 0xfe, 0xff, 0xff, 0xff, 0xff, 0xdf, 0xff, 0xff, 0xff, 0xff, 0xff
};
// Author :- Ashish ( ashish_y_794 )
// Website : https://www.oledanimationmaker.com/

const uint8_t PROGMEM frame83[1024] = {
  0xff, 0xff, 0xff, 0xff, 0xff, 0xff, 0xff, 0xff, 0xff, 0xff, 0xff, 0xff, 0xff, 0xff, 0xff, 0xff,
  0xff, 0xff, 0xff, 0xff, 0xff, 0xff, 0xff, 0xff, 0xff, 0xff, 0xff, 0xff, 0xff, 0xff, 0xff, 0xff,
  0xff, 0xff, 0xff, 0xff, 0xff, 0xff, 0xff, 0xff, 0xff, 0xff, 0xff, 0xff, 0xff, 0xff, 0xff, 0xff,
  0xff, 0xff, 0xff, 0xff, 0xff, 0xff, 0xff, 0xff, 0xff, 0xff, 0xff, 0xff, 0xff, 0xff, 0xff, 0xff,
  0xff, 0xff, 0xff, 0xff, 0xff, 0xff, 0xff, 0xff, 0xff, 0xff, 0xff, 0xff, 0xff, 0xff, 0xff, 0xff,
  0xff, 0xff, 0xff, 0xff, 0xff, 0xff, 0xff, 0xff, 0xff, 0xff, 0xff, 0xff, 0xff, 0xff, 0xff, 0xff,
  0xfd, 0xdd, 0xdd, 0xdd, 0xdd, 0xdd, 0xdd, 0xdd, 0xdd, 0xdd, 0xdd, 0xdd, 0xdd, 0xdd, 0xdd, 0xdd,
  0xff, 0xff, 0xff, 0xff, 0xff, 0xff, 0xff, 0xff, 0xff, 0xff, 0xff, 0xff, 0xff, 0xff, 0xff, 0xff,
  0xff, 0xff, 0xff, 0xff, 0xff, 0xff, 0xff, 0xff, 0xff, 0xff, 0xff, 0xff, 0xff, 0xff, 0xff, 0xff,
  0xf7, 0xff, 0xff, 0xff, 0xff, 0xff, 0xff, 0xff, 0xff, 0xff, 0xff, 0xff, 0xff, 0xff, 0xff, 0xff,
  0xff, 0xff, 0xff, 0xff, 0xff, 0xff, 0xff, 0xff, 0xff, 0xff, 0xff, 0xff, 0xff, 0xff, 0xff, 0xff,
  0xff, 0xdd, 0xdd, 0xdd, 0xdd, 0xdd, 0xdd, 0xdd, 0xdd, 0xdd, 0xdd, 0xdd, 0xdd, 0xdd, 0xdd, 0xdf,
  0xff, 0xff, 0xff, 0xff, 0xff, 0xff, 0xff, 0xff, 0xff, 0xff, 0xff, 0xff, 0xff, 0xff, 0xff, 0xff,
  0xff, 0x7f, 0xff, 0xff, 0xff, 0xff, 0xff, 0xff, 0xff, 0xff, 0xff, 0xff, 0xff, 0xff, 0xff, 0xff,
  0xfb, 0xff, 0xff, 0xff, 0xff, 0xff, 0xff, 0xff, 0xff, 0xff, 0xff, 0xff, 0xff, 0xff, 0xff, 0xfd,
  0xff, 0xff, 0xff, 0xff, 0xff, 0xff, 0xff, 0xff, 0xff, 0xff, 0xff, 0xff, 0xff, 0xff, 0xff, 0xff,
  0xff, 0xff, 0xbe, 0xf7, 0xbd, 0xef, 0x7b, 0xde, 0xf7, 0xbd, 0xef, 0x7b, 0xde, 0xf7, 0xbd, 0xef,
  0xff, 0xfd, 0xff, 0xff, 0xff, 0xff, 0xff, 0xff, 0xff, 0xff, 0xff, 0xff, 0xff, 0xff, 0xff, 0xff,
  0xff, 0xff, 0xff, 0xff, 0xff, 0xff, 0xff, 0xff, 0xff, 0xff, 0xff, 0xff, 0xff, 0xff, 0xff, 0xff,
  0xf7, 0xdf, 0xff, 0xff, 0xff, 0xff, 0xff, 0xff, 0xff, 0xff, 0xff, 0xff, 0xff, 0xff, 0xff, 0xff,
  0xff, 0x7f, 0xfb, 0xdf, 0x7b, 0xfd, 0xff, 0xfb, 0xff, 0xf7, 0xfd, 0xfe, 0xfb, 0xfe, 0xff, 0xbf,
  0xff, 0xff, 0xff, 0xfd, 0xff, 0xaf, 0xdd, 0xbe, 0xb6, 0xff, 0x77, 0xb7, 0xbe, 0xef, 0xf7, 0xff,
  0xff, 0xff, 0xbf, 0xef, 0xbb, 0xf7, 0xfe, 0xfa, 0xdf, 0xfd, 0xdf, 0x5e, 0xf5, 0xff, 0xff, 0xff,
  0xff, 0xfe, 0xff, 0xf7, 0xee, 0xd7, 0x5b, 0xfe, 0x5b, 0xed, 0x7f, 0xb5, 0x5b, 0xff, 0xff, 0xfb,
  0xfb, 0xff, 0xff, 0x6d, 0x6d, 0xaf, 0xff, 0x77, 0xff, 0xfa, 0x6d, 0x5d, 0xeb, 0xff, 0xff, 0xff,
  0xff, 0xff, 0xff, 0xfb, 0xb7, 0xdf, 0xab, 0xfd, 0x5b, 0x7d, 0xb7, 0x8a, 0x5f, 0xff, 0x7d, 0xdf,
  0xff, 0xef, 0xff, 0xd6, 0xf7, 0x7e, 0xfd, 0x5a, 0xbd, 0xf7, 0xda, 0xff, 0xef, 0xfb, 0xff, 0xff,
  0xff, 0xbf, 0xfb, 0xbd, 0x5f, 0xbb, 0xab, 0xef, 0xff, 0xed, 0x67, 0x6b, 0xb7, 0xdf, 0xff, 0xff,
  0xf7, 0xff, 0xff, 0xc7, 0x76, 0xff, 0x5d, 0x5d, 0x55, 0x5d, 0x9d, 0xb5, 0xdf, 0xff, 0xff, 0xff,
  0xff, 0xff, 0x7f, 0xfa, 0xab, 0xbf, 0xb5, 0xbb, 0xbb, 0x76, 0xde, 0xd7, 0xef, 0xff, 0xf7, 0xff,
  0xff, 0xff, 0xff, 0xd7, 0xff, 0xff, 0x7b, 0xdd, 0x5d, 0x5f, 0x7f, 0x5f, 0xbe, 0xff, 0xff, 0xbb,
  0xff, 0xff, 0xff, 0xff, 0x77, 0xdf, 0xff, 0xfe, 0xfb, 0xfe, 0xfd, 0xff, 0xef, 0xff, 0xff, 0xff,
  0xff, 0x7f, 0xf7, 0x7f, 0xff, 0xfe, 0xf7, 0x7b, 0xf6, 0xff, 0xf7, 0xbb, 0xff, 0xfe, 0xff, 0xff,
  0xfb, 0xfb, 0xff, 0xff, 0xfe, 0xfd, 0x6b, 0x5d, 0xd5, 0x7a, 0xbf, 0x6d, 0x75, 0xf7, 0xf7, 0xff,
  0xff, 0xff, 0xdf, 0xff, 0xeb, 0xbe, 0xb1, 0x5a, 0x51, 0x5a, 0xae, 0xba, 0xeb, 0xff, 0xff, 0xff,
  0xff, 0xff, 0xff, 0xfb, 0xbd, 0x7a, 0xca, 0xbd, 0x68, 0xaa, 0x5e, 0x95, 0x75, 0xff, 0xff, 0x77,
  0xff, 0xff, 0xff, 0xff, 0xad, 0xbd, 0x23, 0x5a, 0x92, 0x94, 0x25, 0x52, 0xd1, 0xff, 0xff, 0xff,
  0xf7, 0xff, 0x7f, 0xdf, 0x7a, 0x5d, 0x56, 0xad, 0x55, 0x29, 0x56, 0xaa, 0x6d, 0xff, 0xdf, 0xff,
  0xff, 0xdd, 0xff, 0x7f, 0xac, 0xbd, 0x57, 0x5a, 0x55, 0x2b, 0xd2, 0x91, 0x53, 0xde, 0xff, 0xff,
  0xff, 0xff, 0xfd, 0xff, 0xfe, 0x7d, 0x2b, 0x6a, 0xaa, 0xea, 0x85, 0x2a, 0xa9, 0xff, 0xff, 0xff,
  0xff, 0xff, 0xff, 0xff, 0x50, 0x5d, 0x2b, 0x54, 0x51, 0x2a, 0x54, 0x88, 0x4a, 0xff, 0xfe, 0xef,
  0xfe, 0xff, 0xff, 0xff, 0xed, 0x7e, 0x51, 0x91, 0xc6, 0xb5, 0x0d, 0x23, 0x29, 0xff, 0xff, 0xff,
  0xfb, 0xff, 0xff, 0xff, 0xf5, 0xfd, 0x7b, 0xed, 0xf7, 0x5e, 0xbc, 0xf5, 0x55, 0xff, 0xfb, 0xff,
  0xff, 0xfb, 0xf7, 0xff, 0xdf, 0xff, 0x7f, 0xd7, 0xff, 0xff, 0x7f, 0xdf, 0x7b, 0xfb, 0xdf, 0xff,
  0xff, 0xff, 0xff, 0xfd, 0xff, 0xff, 0xfd, 0xff, 0xdf, 0xff, 0xff, 0xff, 0xff, 0xff, 0xff, 0xff,
  0xff, 0xff, 0xdf, 0xf7, 0xff, 0x7f, 0xff, 0xff, 0xff, 0xff, 0xff, 0xff, 0xff, 0xff, 0xff, 0xfb,
  0xff, 0xff, 0xff, 0xdf, 0xff, 0xff, 0xff, 0xff, 0xff, 0x7b, 0xfb, 0xff, 0xff, 0xff, 0xff, 0xef,
  0xf7, 0xdf, 0xff, 0xff, 0xff, 0xfb, 0xef, 0xff, 0x7f, 0xff, 0xff, 0xdf, 0xff, 0xff, 0x7f, 0xbf,
  0xff, 0xfe, 0xff, 0xff, 0xfd, 0xff, 0xff, 0xff, 0xff, 0xff, 0xff, 0xfe, 0xff, 0xef, 0xfe, 0xff,
  0xff, 0xff, 0xfe, 0xff, 0xf7, 0xff, 0xff, 0x7b, 0xfd, 0xff, 0xdf, 0xff, 0xff, 0x7f, 0xfb, 0xff,
  0xff, 0x7f, 0xff, 0xff, 0xff, 0xff, 0xbf, 0xff, 0xff, 0xff, 0x7f, 0x7f, 0xf7, 0xff, 0xff, 0xff,
  0xff, 0xff, 0xf7, 0xff, 0xbf, 0xef, 0xff, 0xff, 0xff, 0xef, 0xff, 0xff, 0xff, 0xff, 0xff, 0xff,
  0xfb, 0xfb, 0xdf, 0xfe, 0xff, 0xff, 0xff, 0xff, 0xef, 0xff, 0xff, 0xfb, 0xff, 0xfe, 0xef, 0xff,
  0xff, 0xff, 0xff, 0xef, 0xff, 0xff, 0xfd, 0xef, 0xbf, 0xff, 0xff, 0xff, 0xdf, 0xff, 0xff, 0xff,
  0xff, 0xff, 0xff, 0xff, 0xff, 0xfe, 0xf7, 0xff, 0xff, 0xbf, 0xfd, 0xff, 0xff, 0xf7, 0xff, 0xff,
  0xff, 0xff, 0xff, 0xff, 0xff, 0xbf, 0xff, 0xff, 0xff, 0xfe, 0xff, 0xff, 0xff, 0x7f, 0xff, 0xff,
  0xf7, 0xdf, 0xff, 0xbf, 0xfe, 0xff, 0xff, 0xff, 0xff, 0xff, 0xff, 0xef, 0xff, 0xff, 0xff, 0xdd,
  0xff, 0xfe, 0xfe, 0xff, 0xfb, 0xff, 0xff, 0xfd, 0xff, 0xff, 0xef, 0xff, 0x7d, 0xff, 0xee, 0xff,
  0xff, 0xff, 0xef, 0xfe, 0xff, 0xff, 0xdf, 0xef, 0xfd, 0xfb, 0xff, 0xff, 0xff, 0xff, 0x7f, 0xff,
  0xff, 0xff, 0xff, 0xff, 0xff, 0xfd, 0xff, 0xbf, 0xef, 0xef, 0xff, 0x7f, 0xff, 0xfd, 0xff, 0xff,
  0xfe, 0xf7, 0xff, 0xff, 0xff, 0xff, 0xff, 0xff, 0xff, 0xff, 0xff, 0xff, 0xf7, 0xf7, 0xff, 0xff,
  0xfb, 0xff, 0xff, 0xff, 0xef, 0xff, 0xff, 0xff, 0xff, 0xff, 0xff, 0xfb, 0xff, 0xff, 0xff, 0xff,
  0xff, 0xff, 0xff, 0xfb, 0xff, 0xff, 0xfd, 0xff, 0xff, 0xff, 0xef, 0xff, 0xdf, 0xff, 0xff, 0xf7,
  0xff, 0xff, 0x77, 0xbf, 0xff, 0xdf, 0xdf, 0xff, 0xbf, 0xbf, 0xff, 0xdf, 0xff, 0xdf, 0xfe, 0xff
};
// Author :- Ashish ( ashish_y_794 )
// Website : https://www.oledanimationmaker.com/

const uint8_t PROGMEM frame84[1024] = {
  0xff, 0xff, 0xff, 0xff, 0xff, 0xff, 0xff, 0xff, 0xff, 0xff, 0xff, 0xff, 0xff, 0xff, 0xff, 0xff,
  0xff, 0xff, 0xff, 0xff, 0xff, 0xff, 0xff, 0xff, 0xff, 0xff, 0xff, 0xff, 0xff, 0xff, 0xff, 0xff,
  0xff, 0xff, 0xff, 0xff, 0xff, 0xff, 0xff, 0xff, 0xff, 0xff, 0xff, 0xff, 0xff, 0xff, 0xff, 0xff,
  0xff, 0xff, 0xff, 0xff, 0xff, 0xff, 0xff, 0xff, 0xff, 0xff, 0xff, 0xff, 0xff, 0xff, 0xff, 0xff,
  0xff, 0xff, 0xff, 0xff, 0xff, 0xff, 0xff, 0xff, 0xff, 0xff, 0xff, 0xff, 0xff, 0xff, 0xff, 0xff,
  0xff, 0xff, 0xff, 0xff, 0xff, 0xff, 0xff, 0xff, 0xff, 0xff, 0xff, 0xff, 0xff, 0xff, 0xff, 0xff,
  0xfd, 0xdd, 0xdd, 0xdd, 0xdd, 0xdd, 0xdd, 0xdd, 0xdd, 0xdd, 0xdd, 0xdd, 0xdd, 0xdd, 0xdd, 0xdf,
  0xff, 0xff, 0xff, 0xff, 0xff, 0xff, 0xff, 0xff, 0xff, 0xff, 0xff, 0xff, 0xff, 0xff, 0xff, 0xff,
  0xff, 0xff, 0xff, 0xff, 0xff, 0xff, 0xff, 0xff, 0xff, 0xff, 0xff, 0xff, 0xff, 0xff, 0xff, 0xfd,
  0xff, 0xff, 0xff, 0xff, 0xff, 0xff, 0xff, 0xff, 0xff, 0xff, 0xff, 0xff, 0xff, 0xff, 0xff, 0xff,
  0xf7, 0xff, 0xff, 0xff, 0xff, 0xff, 0xff, 0xff, 0xff, 0xff, 0xff, 0xff, 0xff, 0xff, 0xff, 0xff,
  0xff, 0xdf, 0x7d, 0xf7, 0xdf, 0x7d, 0xf7, 0xdf, 0x7d, 0xf7, 0xdf, 0x7d, 0xf7, 0xdf, 0x7d, 0xef,
  0xff, 0xff, 0xff, 0xff, 0xff, 0xff, 0xff, 0xff, 0xff, 0xff, 0xff, 0xff, 0xff, 0xff, 0xff, 0xff,
  0xff, 0xff, 0xff, 0xff, 0xff, 0xff, 0xff, 0xff, 0xff, 0xff, 0xff, 0xff, 0xff, 0xff, 0xff, 0xff,
  0xfe, 0xfd, 0xf7, 0xdf, 0x7d, 0xf7, 0xdf, 0x7d, 0xf7, 0xdf, 0x7d, 0xf7, 0xdf, 0x7d, 0xf7, 0xff,
  0xfb, 0xff, 0xff, 0xff, 0xff, 0xff, 0xff, 0xff, 0xff, 0xff, 0xff, 0xff, 0xff, 0xff, 0xff, 0xff,
  0xff, 0xff, 0xff, 0xff, 0xff, 0xff, 0xff, 0xff, 0xff, 0xff, 0xff, 0xff, 0xff, 0xff, 0xff, 0xdf,
  0xff, 0xff, 0xff, 0xff, 0xff, 0xff, 0xff, 0xff, 0xff, 0xff, 0xff, 0xff, 0xff, 0xff, 0xff, 0xff,
  0xff, 0xf7, 0xff, 0x7f, 0xf7, 0xff, 0x7f, 0xf7, 0xff, 0x7f, 0xf7, 0xff, 0x7f, 0xf7, 0xff, 0x7f,
  0xff, 0xff, 0xbb, 0xfb, 0xbf, 0xbb, 0xfb, 0xbf, 0xbb, 0xfb, 0xbf, 0xbb, 0xfb, 0xbf, 0xbb, 0xff,
  0xf7, 0xff, 0xff, 0xff, 0xff, 0xff, 0xff, 0xff, 0xff, 0xff, 0xff, 0xff, 0xff, 0xff, 0xff, 0xfd,
  0xff, 0xbf, 0xff, 0xef, 0xff, 0xef, 0xff, 0xfd, 0x7f, 0xff, 0xfe, 0xff, 0x7d, 0xff, 0xff, 0xff,
  0xff, 0xff, 0xff, 0xff, 0x75, 0xf7, 0xbd, 0x7b, 0x5b, 0xfa, 0xbf, 0xad, 0xb5, 0xff, 0xff, 0xff,
  0xff, 0xfe, 0xff, 0xd7, 0xaf, 0x4f, 0xef, 0xfe, 0xbf, 0xed, 0xfd, 0x56, 0xdb, 0xff, 0xff, 0xff,
  0xff, 0xff, 0xff, 0xfa, 0xfb, 0xdb, 0xbb, 0x7b, 0xdb, 0xfc, 0x57, 0x9d, 0x6f, 0xfe, 0xf7, 0xef,
  0xfd, 0xfb, 0xf7, 0x6f, 0x56, 0xaf, 0xee, 0xfd, 0x7d, 0xf7, 0x6d, 0x56, 0xb7, 0xef, 0xff, 0xbf,
  0xf7, 0xef, 0xff, 0xeb, 0xff, 0xff, 0x5b, 0xd6, 0xb7, 0xfb, 0xd7, 0xed, 0xef, 0x7f, 0xff, 0xff,
  0xff, 0xff, 0xff, 0xbd, 0x57, 0x7f, 0xbd, 0x7f, 0xfe, 0xdd, 0x6d, 0x7b, 0xb7, 0xff, 0xff, 0xff,
  0xff, 0xff, 0xff, 0xc6, 0x77, 0xbe, 0xd5, 0xda, 0xab, 0x6b, 0xaf, 0x57, 0xdf, 0xff, 0xff, 0xff,
  0xff, 0xff, 0xff, 0xee, 0xd7, 0x7f, 0x5b, 0x5b, 0x5d, 0xbe, 0xad, 0xab, 0xef, 0xff, 0xbb, 0xff,
  0xff, 0xff, 0xef, 0x77, 0x7f, 0xff, 0xbb, 0xdd, 0x76, 0xb6, 0xfe, 0xdf, 0xbf, 0xfe, 0xff, 0xff,
  0xff, 0xff, 0xbf, 0xef, 0xf7, 0xbf, 0xff, 0xff, 0xdd, 0xff, 0xbf, 0x7f, 0xff, 0xfb, 0xff, 0xdf,
  0xfb, 0xbe, 0xff, 0xff, 0xff, 0xfb, 0x7f, 0x7b, 0xff, 0x7f, 0xff, 0xfd, 0xf6, 0xef, 0xff, 0xff,
  0xff, 0xfb, 0xff, 0xff, 0xfd, 0xfe, 0xe9, 0xbd, 0x61, 0xba, 0xbe, 0xb6, 0xf7, 0xff, 0xff, 0xff,
  0xff, 0xff, 0xff, 0xff, 0xb6, 0xfd, 0x52, 0x9a, 0xd4, 0xba, 0xaf, 0x59, 0xe9, 0xff, 0xff, 0x7d,
  0xff, 0xff, 0xff, 0xff, 0xdb, 0x3d, 0x52, 0xdd, 0x50, 0xaa, 0x56, 0x94, 0x6b, 0xff, 0xff, 0xff,
  0xff, 0xff, 0xff, 0x7e, 0xbd, 0xbd, 0x43, 0x5a, 0x55, 0x48, 0x2d, 0x55, 0xb5, 0xff, 0xfd, 0xff,
  0xf7, 0xbf, 0xff, 0xfb, 0xda, 0x5d, 0x56, 0xbd, 0x55, 0x15, 0xa5, 0x55, 0x69, 0xff, 0xf7, 0xff,
  0xff, 0xff, 0xff, 0xff, 0xbc, 0xbd, 0x37, 0x55, 0x4a, 0xab, 0xaa, 0x92, 0x55, 0xdf, 0xff, 0xff,
  0xff, 0xff, 0xfb, 0xff, 0xed, 0x3d, 0x4e, 0xaa, 0x52, 0x6a, 0xa2, 0x49, 0x52, 0xff, 0x7f, 0xfb,
  0xff, 0xfd, 0xef, 0xff, 0x58, 0x7d, 0x29, 0xa8, 0xa9, 0x54, 0x85, 0x24, 0xa9, 0xff, 0xff, 0xff,
  0xff, 0xf7, 0xff, 0xdf, 0xea, 0xfd, 0x2b, 0x54, 0xd3, 0x3a, 0x4e, 0x51, 0x0b, 0xff, 0xff, 0xff,
  0xfb, 0xbf, 0xff, 0xff, 0xea, 0xfe, 0x75, 0xd3, 0xee, 0xdf, 0x3d, 0x6e, 0xb5, 0xfd, 0xff, 0xef,
  0xff, 0xff, 0xff, 0xff, 0xff, 0xff, 0x7b, 0xff, 0xf7, 0xfd, 0xfe, 0xef, 0x7b, 0xff, 0xff, 0x7f,
  0xff, 0xff, 0xff, 0xfe, 0xff, 0xff, 0xff, 0xfd, 0xff, 0xff, 0xff, 0xff, 0xff, 0xdf, 0xf7, 0xff,
  0xff, 0xff, 0xff, 0xfb, 0xff, 0xef, 0xff, 0xf7, 0xff, 0xff, 0xef, 0xff, 0xff, 0xff, 0xff, 0xff,
  0xff, 0xff, 0xdd, 0xdf, 0xff, 0x7f, 0xff, 0xff, 0xff, 0xff, 0xff, 0xff, 0xff, 0xff, 0xff, 0xff,
  0xf7, 0x7f, 0x7f, 0xff, 0xfb, 0xff, 0xff, 0xff, 0xff, 0xdf, 0x7f, 0xff, 0xff, 0xff, 0x7f, 0xff,
  0xff, 0xfd, 0xff, 0xff, 0xff, 0xff, 0x7f, 0xbf, 0xef, 0xfd, 0xff, 0xfb, 0xfb, 0xbd, 0xff, 0xff,
  0xff, 0xff, 0xff, 0xff, 0xff, 0xff, 0xfb, 0xff, 0xff, 0x7f, 0xff, 0x7f, 0xdf, 0xff, 0xfb, 0xbb,
  0xff, 0xff, 0xff, 0xff, 0xff, 0xff, 0xff, 0xff, 0xff, 0xff, 0xff, 0xff, 0xff, 0xff, 0xff, 0xff,
  0xff, 0xf7, 0xff, 0xff, 0xdf, 0xfb, 0xff, 0xfe, 0xff, 0xff, 0xfd, 0xff, 0xff, 0xff, 0xff, 0xff,
  0xfd, 0xff, 0xff, 0x77, 0x7f, 0xdf, 0xff, 0xfb, 0xff, 0xff, 0xff, 0xff, 0x7f, 0xff, 0xff, 0xff,
  0xf7, 0xff, 0xfd, 0xff, 0xfe, 0xff, 0xef, 0xef, 0xfb, 0xff, 0xff, 0xfb, 0xff, 0xef, 0xff, 0xff,
  0xff, 0xff, 0xff, 0xff, 0xff, 0xff, 0xff, 0x7f, 0xff, 0xf7, 0xdf, 0xff, 0xfe, 0xff, 0x77, 0xbf,
  0xff, 0xff, 0xdf, 0xff, 0xff, 0xff, 0xff, 0xff, 0xff, 0xdf, 0xff, 0xff, 0xff, 0xff, 0xff, 0xff,
  0xff, 0xee, 0xff, 0xff, 0xff, 0xff, 0xbf, 0xff, 0xff, 0xff, 0xff, 0xbf, 0xff, 0xff, 0xff, 0xfb,
  0xff, 0xff, 0xff, 0xff, 0xff, 0xff, 0xff, 0xff, 0xf7, 0xff, 0xfd, 0xff, 0xf7, 0xff, 0xff, 0xff,
  0xff, 0xff, 0xff, 0xfb, 0xee, 0xfb, 0xff, 0xff, 0xff, 0xff, 0xbf, 0xfe, 0xff, 0xfb, 0xff, 0xff,
  0xfb, 0xbf, 0xff, 0xbf, 0xbf, 0xff, 0xfd, 0xff, 0xdf, 0xff, 0xff, 0xfb, 0xff, 0xdf, 0xee, 0xff,
  0xff, 0xff, 0xfd, 0xff, 0xff, 0xff, 0xff, 0xef, 0x7f, 0xbf, 0xff, 0xff, 0xff, 0xff, 0xff, 0xef,
  0xff, 0xff, 0xf7, 0xff, 0xff, 0xff, 0xef, 0xff, 0xff, 0xfd, 0xff, 0xff, 0xfe, 0xff, 0xff, 0xff,
  0xff, 0xfd, 0xdf, 0xff, 0xff, 0xef, 0xbf, 0xff, 0xff, 0xff, 0xfb, 0xff, 0xfb, 0xff, 0xbf, 0xff,
  0xff, 0xff, 0xff, 0xff, 0xff, 0xff, 0xff, 0xff, 0xff, 0xff, 0xef, 0xdf, 0xff, 0xff, 0xff, 0xff
};
// Author :- Ashish ( ashish_y_794 )
// Website : https://www.oledanimationmaker.com/

const uint8_t PROGMEM frame85[1024] = {
  0xff, 0xff, 0xff, 0xff, 0xff, 0xff, 0xff, 0xff, 0xff, 0xff, 0xff, 0xff, 0xff, 0xff, 0xff, 0xff,
  0xff, 0xff, 0xff, 0xff, 0xff, 0xff, 0xff, 0xff, 0xff, 0xff, 0xff, 0xff, 0xff, 0xff, 0xff, 0xff,
  0xff, 0xff, 0xff, 0xff, 0xff, 0xff, 0xff, 0xff, 0xff, 0xff, 0xff, 0xff, 0xff, 0xff, 0xff, 0xff,
  0xff, 0xff, 0xff, 0xff, 0xff, 0xff, 0xff, 0xff, 0xff, 0xff, 0xff, 0xff, 0xff, 0xff, 0xff, 0xff,
  0xff, 0xff, 0xff, 0xff, 0xff, 0xff, 0xff, 0xff, 0xff, 0xff, 0xff, 0xff, 0xff, 0xff, 0xff, 0xff,
  0xff, 0xff, 0xff, 0xff, 0xff, 0xff, 0xff, 0xff, 0xff, 0xff, 0xff, 0xff, 0xff, 0xff, 0xff, 0xff,
  0xff, 0x7b, 0xde, 0xf7, 0xbd, 0xef, 0x7b, 0xde, 0xf7, 0xbd, 0xef, 0x7b, 0xde, 0xf7, 0xbd, 0xef,
  0xfd, 0xff, 0xff, 0xff, 0xff, 0xff, 0xff, 0xff, 0xff, 0xff, 0xff, 0xff, 0xff, 0xff, 0xff, 0xff,
  0xff, 0xff, 0xff, 0xff, 0xff, 0xff, 0xff, 0xff, 0xff, 0xff, 0xff, 0xff, 0xff, 0xff, 0xff, 0xff,
  0xff, 0xff, 0xff, 0xff, 0xff, 0xff, 0xff, 0xff, 0xff, 0xff, 0xff, 0xff, 0xff, 0xff, 0xff, 0xff,
  0xff, 0xff, 0xff, 0xff, 0xff, 0xff, 0xff, 0xff, 0xff, 0xff, 0xff, 0xff, 0xff, 0xff, 0xff, 0xff,
  0xfb, 0xfe, 0xf7, 0xbd, 0xef, 0x7b, 0xde, 0xf7, 0xbd, 0xef, 0x7b, 0xde, 0xf7, 0xbd, 0xef, 0x7b,
  0xff, 0xfb, 0xff, 0xff, 0xff, 0xff, 0xff, 0xff, 0xff, 0xff, 0xff, 0xff, 0xff, 0xff, 0xff, 0xff,
  0xff, 0xef, 0xff, 0xff, 0xff, 0xff, 0xff, 0xff, 0xff, 0xff, 0xff, 0xff, 0xff, 0xff, 0xff, 0xff,
  0xff, 0xff, 0xff, 0xff, 0xff, 0xff, 0xff, 0xff, 0xff, 0xff, 0xff, 0xff, 0xff, 0xff, 0xff, 0xff,
  0xff, 0xff, 0xff, 0xff, 0xff, 0xff, 0xff, 0xff, 0xff, 0xff, 0xff, 0xff, 0xff, 0xff, 0xff, 0xff,
  0xfb, 0xff, 0xfd, 0xdd, 0xdd, 0xdd, 0xdd, 0xdd, 0xdd, 0xdd, 0xdd, 0xdd, 0xdd, 0xdd, 0xdd, 0xdf,
  0xff, 0xff, 0xf7, 0xff, 0xff, 0xff, 0xff, 0xff, 0xff, 0xff, 0xff, 0xff, 0xff, 0xff, 0xff, 0xff,
  0xff, 0xdf, 0xff, 0xff, 0xff, 0xff, 0xff, 0xff, 0xff, 0xff, 0xff, 0xff, 0xff, 0xff, 0xff, 0xff,
  0xff, 0xff, 0xff, 0xff, 0xff, 0xff, 0xff, 0xff, 0xff, 0xff, 0xff, 0xff, 0xff, 0xff, 0xff, 0xff,
  0xff, 0xff, 0x7f, 0xff, 0xff, 0xff, 0xff, 0xff, 0xff, 0xff, 0xff, 0xff, 0xff, 0xff, 0xff, 0xfd,
  0xfb, 0xff, 0xff, 0xef, 0x77, 0xaf, 0xbd, 0xf5, 0x5b, 0xfb, 0xfd, 0xbd, 0x75, 0xff, 0xff, 0xf7,
  0xff, 0xff, 0xff, 0xf7, 0xbd, 0xf7, 0xff, 0x7e, 0xbf, 0xde, 0xbf, 0x57, 0xbd, 0xdd, 0xdd, 0xdf,
  0xff, 0xdd, 0xfd, 0xde, 0xef, 0x57, 0x5b, 0xfb, 0x5b, 0xfa, 0xdd, 0xba, 0xd5, 0xff, 0xff, 0xff,
  0xff, 0xff, 0xf7, 0xf7, 0xb5, 0xdf, 0xfd, 0xfd, 0xfd, 0xfc, 0x6f, 0x4d, 0x77, 0xff, 0xff, 0xff,
  0xff, 0xff, 0xff, 0xda, 0xef, 0x57, 0x57, 0x5b, 0x5f, 0xeb, 0xb5, 0xae, 0xaf, 0xff, 0xff, 0xff,
  0xf7, 0x7f, 0xff, 0xef, 0x77, 0xff, 0xfd, 0xfe, 0x7b, 0xff, 0xd7, 0x75, 0xf7, 0xff, 0xff, 0xff,
  0xff, 0xff, 0xff, 0xb5, 0x5f, 0x7e, 0xab, 0x57, 0xf6, 0xea, 0xd5, 0xfb, 0xaf, 0xff, 0xff, 0xff,
  0xff, 0xff, 0xbf, 0xce, 0xeb, 0xbf, 0xb9, 0xdd, 0x5f, 0x5f, 0x5f, 0x4b, 0xf7, 0xee, 0xee, 0xff,
  0xff, 0xfd, 0xff, 0xea, 0xb7, 0xfe, 0xad, 0xbb, 0x59, 0x75, 0x5d, 0x6f, 0xaf, 0xff, 0xff, 0xf7,
  0xff, 0xff, 0xff, 0xb7, 0x7f, 0x5f, 0xbb, 0xdd, 0xbd, 0xbf, 0x7f, 0xaf, 0xff, 0xff, 0xff, 0xff,
  0xff, 0xef, 0xfe, 0xff, 0xf7, 0xff, 0xff, 0xbe, 0xf6, 0xff, 0xfd, 0x7f, 0xdf, 0xbf, 0xff, 0xff,
  0xfb, 0xbf, 0xff, 0xff, 0xff, 0xfe, 0xff, 0xfb, 0xff, 0xfd, 0xf7, 0xfd, 0xff, 0xff, 0xff, 0xff,
  0xff, 0xff, 0xff, 0xff, 0xfd, 0xfd, 0xe2, 0xbd, 0xc1, 0x5e, 0xbf, 0x5a, 0xf3, 0xff, 0xff, 0xbf,
  0xff, 0xff, 0xf7, 0xff, 0xdb, 0x7d, 0x39, 0x5a, 0x74, 0xb5, 0x5f, 0x5a, 0xe9, 0xfe, 0xee, 0xff,
  0xff, 0xff, 0xff, 0xff, 0x6d, 0xbd, 0x43, 0x5d, 0x48, 0xb4, 0x4e, 0xaa, 0xb5, 0xff, 0xff, 0xff,
  0xff, 0xff, 0xbf, 0xfd, 0xdd, 0x5d, 0x52, 0xba, 0xa9, 0x48, 0x2a, 0x95, 0x6b, 0xf7, 0xff, 0xff,
  0xfb, 0xff, 0xff, 0xef, 0xba, 0xbd, 0x57, 0x5a, 0x56, 0x15, 0xaa, 0xa9, 0x69, 0xdf, 0xff, 0xfd,
  0xff, 0xfd, 0xff, 0xbf, 0xdc, 0x7d, 0x2e, 0xad, 0x51, 0xab, 0xa5, 0x4a, 0x55, 0xff, 0xff, 0xff,
  0xff, 0xdf, 0xff, 0xff, 0x7a, 0xbd, 0x57, 0x55, 0x55, 0x69, 0x52, 0x25, 0x55, 0xff, 0xff, 0xff,
  0xff, 0xff, 0xfe, 0xff, 0xd4, 0x7d, 0x11, 0x54, 0x52, 0x55, 0x05, 0x28, 0x49, 0x7f, 0xef, 0xef,
  0xff, 0xff, 0xff, 0xff, 0xaa, 0xf6, 0x55, 0xa8, 0xc5, 0x3a, 0xad, 0x51, 0x29, 0xff, 0xfe, 0xff,
  0xfb, 0xff, 0xf7, 0xff, 0xfa, 0xde, 0x7b, 0xd5, 0xf7, 0xbd, 0x2e, 0x67, 0x55, 0xff, 0xbf, 0xff,
  0xff, 0xff, 0xdf, 0xff, 0xfd, 0xff, 0x7b, 0xf7, 0xff, 0xff, 0xfd, 0xfe, 0xfb, 0xff, 0xff, 0xff,
  0xff, 0xde, 0xff, 0xff, 0xff, 0xff, 0xff, 0xff, 0xff, 0xef, 0xff, 0xff, 0xff, 0xfe, 0xff, 0xff,
  0xff, 0xff, 0xff, 0xfe, 0xff, 0xff, 0xff, 0xff, 0xff, 0xbf, 0xff, 0xff, 0xff, 0xff, 0xff, 0xff,
  0xff, 0xff, 0xff, 0xfb, 0xff, 0xff, 0xff, 0xff, 0xfe, 0xff, 0xbf, 0xf7, 0xff, 0xff, 0xff, 0xef,
  0xf7, 0x7f, 0xff, 0xef, 0xf7, 0xff, 0xff, 0x7f, 0xbb, 0xff, 0xff, 0xff, 0xff, 0xf7, 0xff, 0x7f,
  0xff, 0xff, 0xff, 0xff, 0xff, 0xff, 0xfb, 0xfb, 0xff, 0xff, 0xff, 0xff, 0xef, 0xdf, 0xfd, 0xff,
  0xff, 0xfd, 0xff, 0x7f, 0xff, 0xef, 0x7f, 0xff, 0xff, 0xff, 0xff, 0x7f, 0xbf, 0xff, 0xff, 0xff,
  0xff, 0xff, 0xfd, 0xff, 0xff, 0xbf, 0xff, 0xff, 0xff, 0xff, 0xfb, 0xff, 0xff, 0xff, 0xef, 0xff,
  0xff, 0xff, 0xef, 0xff, 0xff, 0xff, 0xff, 0xff, 0xff, 0xff, 0x7f, 0xfd, 0xff, 0x7f, 0xff, 0xff,
  0xff, 0xef, 0xff, 0xff, 0xfd, 0xff, 0xff, 0xff, 0xff, 0xff, 0xff, 0xff, 0xff, 0xff, 0xff, 0xff,
  0xfb, 0xbf, 0xff, 0xff, 0xef, 0xff, 0xf7, 0xde, 0xef, 0xff, 0xff, 0xff, 0xff, 0xff, 0x7f, 0xfd,
  0xff, 0xff, 0xff, 0xff, 0xbf, 0xff, 0xdf, 0xff, 0xff, 0xf7, 0xff, 0xf7, 0xff, 0xff, 0xff, 0xf7,
  0xff, 0xff, 0xbf, 0xfd, 0xff, 0xff, 0x7f, 0xff, 0xff, 0x7f, 0xf7, 0xdf, 0xff, 0xff, 0xff, 0xbf,
  0xff, 0xff, 0xff, 0xff, 0xff, 0xfd, 0xff, 0xff, 0xff, 0xff, 0xdf, 0xff, 0xf7, 0xf7, 0xfb, 0xff,
  0xff, 0xff, 0xff, 0xdf, 0xff, 0xff, 0xff, 0xff, 0xff, 0xff, 0xff, 0xff, 0xff, 0x7f, 0xff, 0xff,
  0xfb, 0xff, 0xfd, 0xff, 0xff, 0xef, 0xff, 0xdd, 0xfb, 0xff, 0x7f, 0xff, 0xff, 0xff, 0xdf, 0xff,
  0xff, 0xfd, 0xff, 0xff, 0xff, 0xff, 0xff, 0xff, 0xef, 0xfd, 0xff, 0xff, 0xbf, 0xff, 0xff, 0xff,
  0xff, 0xdf, 0xef, 0xff, 0xff, 0x7f, 0xff, 0xff, 0xff, 0xf7, 0xff, 0xff, 0xff, 0xff, 0xff, 0xff,
  0xff, 0xff, 0xff, 0xfe, 0xfb, 0xff, 0xff, 0x7f, 0xff, 0xff, 0xff, 0xbf, 0xff, 0xfd, 0xff, 0xef,
  0xff, 0xff, 0xff, 0xfb, 0xff, 0xff, 0xff, 0xff, 0xff, 0xff, 0xff, 0xfd, 0xfd, 0xef, 0xff, 0x7f,
  0xfb, 0xff, 0xff, 0xdf, 0xff, 0xff, 0xfb, 0xff, 0xbf, 0xff, 0xff, 0xff, 0xff, 0xff, 0xfb, 0xff
};
// Author :- Ashish ( ashish_y_794 )
// Website : https://www.oledanimationmaker.com/

const uint8_t PROGMEM frame86[1024] = {
  0xff, 0xff, 0xff, 0xff, 0xff, 0xff, 0xff, 0xff, 0xff, 0xff, 0xff, 0xff, 0xff, 0xff, 0xff, 0xff,
  0xff, 0xff, 0xff, 0xff, 0xff, 0xff, 0xff, 0xff, 0xff, 0xff, 0xff, 0xff, 0xff, 0xff, 0xff, 0xff,
  0xff, 0xff, 0xff, 0xff, 0xff, 0xff, 0xff, 0xff, 0xff, 0xff, 0xff, 0xff, 0xff, 0xff, 0xff, 0xff,
  0xff, 0xff, 0xff, 0xff, 0xff, 0xff, 0xff, 0xff, 0xff, 0xff, 0xff, 0xff, 0xff, 0xff, 0xff, 0xff,
  0xff, 0xff, 0xff, 0xff, 0xff, 0xff, 0xff, 0xff, 0xff, 0xff, 0xff, 0xff, 0xff, 0xff, 0xff, 0xff,
  0xff, 0xff, 0xff, 0xff, 0xff, 0xff, 0xff, 0xff, 0xff, 0xff, 0xff, 0xff, 0xff, 0xff, 0xff, 0xff,
  0xff, 0xef, 0xdf, 0xbf, 0x7e, 0xfd, 0xfb, 0xf7, 0xef, 0xdf, 0xbf, 0x7e, 0xfd, 0xfb, 0xf7, 0xef,
  0xfd, 0xff, 0x7e, 0xfd, 0xfb, 0xf7, 0xef, 0xdf, 0xbf, 0x7e, 0xfd, 0xfb, 0xf7, 0xef, 0xdf, 0xbf,
  0xff, 0xff, 0xff, 0xff, 0xff, 0xff, 0xff, 0xff, 0xff, 0xff, 0xff, 0xff, 0xff, 0xff, 0xff, 0xff,
  0xff, 0xff, 0xff, 0xff, 0xff, 0xff, 0xff, 0xff, 0xff, 0xff, 0xff, 0xff, 0xff, 0xff, 0xff, 0xff,
  0xff, 0xff, 0xff, 0xff, 0xff, 0xff, 0xff, 0xff, 0xff, 0xff, 0xff, 0xff, 0xff, 0xff, 0xff, 0xff,
  0xff, 0xdf, 0xff, 0xff, 0xff, 0xff, 0xff, 0xff, 0xff, 0xff, 0xff, 0xff, 0xff, 0xff, 0xff, 0xff,
  0xf7, 0x7e, 0xff, 0xff, 0xff, 0xff, 0xff, 0xff, 0xff, 0xff, 0xff, 0xff, 0xff, 0xff, 0xff, 0xff,
  0xff, 0xff, 0xfd, 0xf7, 0xef, 0xdf, 0xbf, 0x7e, 0xfd, 0xfb, 0xf7, 0xef, 0xdf, 0xbf, 0x7e, 0xff,
  0xff, 0xff, 0xff, 0xff, 0xbf, 0x7e, 0xfd, 0xfb, 0xf7, 0xef, 0xdf, 0xbf, 0x7e, 0xfd, 0xfb, 0xf7,
  0xff, 0xff, 0xff, 0xff, 0xff, 0xff, 0xff, 0xff, 0xff, 0xff, 0xff, 0xff, 0xff, 0xff, 0xff, 0xff,
  0xff, 0xff, 0xef, 0xff, 0xff, 0xff, 0xff, 0xff, 0xff, 0xff, 0xff, 0xff, 0xff, 0xff, 0xff, 0xff,
  0xff, 0xff, 0xff, 0xdf, 0xff, 0xff, 0xff, 0xff, 0xff, 0xff, 0xff, 0xff, 0xff, 0xff, 0xff, 0xff,
  0xfd, 0xfb, 0xff, 0xff, 0xff, 0xff, 0xff, 0xff, 0xff, 0xff, 0xff, 0xff, 0xff, 0xff, 0xff, 0xff,
  0xff, 0xef, 0xff, 0xfe, 0xff, 0xff, 0xff, 0xff, 0xff, 0xff, 0xff, 0xff, 0xff, 0xff, 0xff, 0xff,
  0xff, 0xff, 0xfe, 0xff, 0xfb, 0xfd, 0xfb, 0xf7, 0xf7, 0xdf, 0xff, 0xfe, 0xfb, 0xfb, 0xf7, 0xef,
  0xff, 0xff, 0xdf, 0xef, 0xbf, 0xaf, 0xbf, 0xdd, 0x5f, 0xfd, 0xba, 0xaf, 0x7e, 0xef, 0xdf, 0xbf,
  0xf7, 0xff, 0xff, 0xfe, 0xfb, 0xf7, 0xfd, 0x7e, 0xbd, 0xfe, 0xff, 0xbb, 0xb5, 0xff, 0xff, 0xff,
  0xff, 0xff, 0xff, 0xd7, 0xae, 0xcf, 0xaf, 0xfb, 0x5b, 0xf5, 0x5e, 0xad, 0x6b, 0xff, 0xff, 0xff,
  0xff, 0xbf, 0xff, 0xfa, 0xfb, 0xb7, 0xfd, 0xfe, 0xff, 0xfc, 0xef, 0x9a, 0xdb, 0xff, 0xff, 0xff,
  0xff, 0xff, 0x7d, 0xd7, 0xae, 0xdf, 0x57, 0x7b, 0x77, 0xed, 0x35, 0x57, 0x6f, 0xff, 0xff, 0xff,
  0xff, 0xfd, 0xff, 0xed, 0x77, 0xbf, 0xfd, 0xdd, 0x5d, 0xfb, 0xeb, 0xed, 0xb7, 0xff, 0xff, 0xff,
  0xff, 0xff, 0xff, 0xbe, 0xdf, 0x7e, 0xab, 0x6f, 0xff, 0x6f, 0xae, 0xfb, 0xdf, 0xef, 0xbf, 0x7f,
  0xfb, 0xff, 0xff, 0xc5, 0x77, 0xff, 0x5d, 0xba, 0xaa, 0xda, 0xab, 0x57, 0xef, 0xff, 0xfd, 0xfb,
  0xff, 0xef, 0xff, 0xb6, 0xd7, 0x7f, 0x55, 0xad, 0xbd, 0x77, 0x5f, 0x57, 0xb7, 0xff, 0xff, 0xff,
  0xff, 0xff, 0xfd, 0xef, 0x7b, 0xbb, 0xbb, 0xde, 0xab, 0x5d, 0xbe, 0xde, 0xef, 0xbf, 0xff, 0xff,
  0xff, 0xff, 0xff, 0xff, 0xff, 0xff, 0xff, 0xfb, 0xfd, 0xff, 0xff, 0x7b, 0xff, 0xff, 0xff, 0xff,
  0xff, 0x7f, 0xef, 0xff, 0xff, 0xff, 0xff, 0x7f, 0xf7, 0xff, 0xff, 0xff, 0xff, 0xfe, 0xf7, 0xff,
  0xfd, 0xff, 0xbf, 0xff, 0xf6, 0xfc, 0xb3, 0x5c, 0xd4, 0xbd, 0x5f, 0x3a, 0xf5, 0xff, 0xff, 0xff,
  0xf7, 0xfe, 0xff, 0xff, 0xbb, 0xbe, 0xd5, 0x5b, 0x52, 0xb5, 0x6e, 0xaa, 0xea, 0xff, 0xff, 0xf7,
  0xff, 0xff, 0xff, 0xee, 0xdd, 0x7a, 0x51, 0x5c, 0xa8, 0x9a, 0x2e, 0xaa, 0x73, 0xff, 0xff, 0xdf,
  0xff, 0xff, 0xff, 0xff, 0xb5, 0xbd, 0x43, 0x5a, 0xa2, 0x48, 0x26, 0x95, 0x69, 0xfb, 0xff, 0xff,
  0xff, 0xff, 0xff, 0xff, 0xdc, 0x5d, 0x56, 0xbd, 0x5a, 0x95, 0x55, 0x55, 0x6a, 0xff, 0xde, 0xff,
  0xff, 0xff, 0xff, 0xbe, 0xba, 0xbd, 0x5f, 0x5a, 0x4a, 0x55, 0xd2, 0x91, 0x29, 0xff, 0xff, 0xff,
  0xff, 0xfb, 0xff, 0xff, 0xfc, 0x7d, 0x26, 0xaa, 0x65, 0x6a, 0xa5, 0x2a, 0xaa, 0xff, 0xff, 0xff,
  0xff, 0xff, 0xff, 0xff, 0xaa, 0xbd, 0x13, 0x54, 0xa9, 0x55, 0x04, 0x90, 0xa5, 0xff, 0xff, 0xff,
  0xff, 0xbf, 0xf7, 0xff, 0xd4, 0x7c, 0xb5, 0xa0, 0xd2, 0xb4, 0xae, 0x25, 0x11, 0xfb, 0xff, 0xff,
  0xfb, 0xff, 0xdf, 0xff, 0x75, 0xfe, 0x73, 0xae, 0xef, 0x5f, 0x2d, 0x75, 0x6d, 0xff, 0xdf, 0xff,
  0xff, 0xff, 0xff, 0xdd, 0xff, 0xff, 0x7d, 0xf7, 0xf7, 0xbe, 0xfe, 0xef, 0x77, 0xff, 0xfe, 0xef,
  0xff, 0xfe, 0xff, 0xff, 0xff, 0xff, 0xff, 0xff, 0xff, 0xff, 0xff, 0xff, 0xff, 0xdf, 0xff, 0xff,
  0xff, 0xff, 0xff, 0xff, 0xfe, 0xff, 0xff, 0xff, 0xff, 0xff, 0xff, 0xff, 0xff, 0xff, 0xff, 0xff,
  0xff, 0xf7, 0xff, 0xff, 0xff, 0xff, 0xff, 0xff, 0xff, 0xff, 0xff, 0xff, 0xff, 0xff, 0xff, 0xff,
  0xfb, 0xdf, 0xff, 0x7f, 0xff, 0xfb, 0xff, 0xff, 0xff, 0xff, 0xff, 0xff, 0xff, 0x7e, 0xf7, 0xff,
  0xff, 0xff, 0xff, 0xff, 0xff, 0xff, 0xff, 0xfb, 0xbf, 0xff, 0xdf, 0xff, 0xfd, 0xff, 0xff, 0xff,
  0xff, 0xff, 0xff, 0xff, 0xf7, 0xff, 0xee, 0xef, 0xfd, 0xfb, 0xfe, 0xfb, 0xdf, 0xff, 0xff, 0xbb,
  0xff, 0xff, 0xf7, 0xfb, 0xdf, 0xdf, 0xff, 0xff, 0xff, 0xef, 0xff, 0xff, 0xff, 0xff, 0xff, 0xff,
  0xff, 0xff, 0xdf, 0xff, 0xff, 0xff, 0xff, 0xff, 0xff, 0xff, 0xff, 0xff, 0xff, 0xff, 0xff, 0xff,
  0xfb, 0xff, 0xff, 0xdf, 0xff, 0xff, 0x7f, 0xff, 0xff, 0xff, 0xff, 0xff, 0xff, 0xfd, 0xde, 0xff,
  0xff, 0xdf, 0xff, 0xff, 0xff, 0xff, 0xff, 0xff, 0xff, 0xff, 0xf7, 0xef, 0xff, 0xff, 0xff, 0xff,
  0xff, 0xfe, 0xff, 0xff, 0xff, 0xff, 0xff, 0xff, 0xef, 0x7f, 0xdf, 0xff, 0x7f, 0xef, 0xff, 0xff,
  0xff, 0xff, 0xff, 0xff, 0xff, 0x7b, 0xfd, 0xff, 0xbf, 0xff, 0xff, 0xff, 0xfb, 0xbf, 0xff, 0xff,
  0xff, 0xff, 0xff, 0x7f, 0x7d, 0xff, 0xf7, 0xee, 0xff, 0xfe, 0xff, 0xff, 0xff, 0xff, 0xff, 0xf7,
  0xfb, 0xff, 0xff, 0xfd, 0xff, 0xff, 0xff, 0xff, 0xff, 0xfb, 0xff, 0xbf, 0xff, 0xff, 0xfb, 0xff,
  0xff, 0xdf, 0xf7, 0xff, 0xff, 0xff, 0xff, 0xff, 0xff, 0xff, 0xff, 0xff, 0xff, 0xff, 0xef, 0xff,
  0xff, 0xfe, 0xff, 0xff, 0xff, 0xff, 0xbf, 0xff, 0xff, 0xdf, 0xff, 0xfd, 0xef, 0xff, 0xbf, 0xdf,
  0xff, 0xff, 0xff, 0xff, 0xff, 0xff, 0xff, 0xff, 0xff, 0xff, 0xff, 0xff, 0xff, 0xff, 0xff, 0xff,
  0xff, 0xff, 0xff, 0xef, 0xfb, 0xf7, 0xff, 0xff, 0xff, 0x7f, 0xfe, 0xff, 0xff, 0xff, 0xff, 0xff,
  0xfb, 0xff, 0xff, 0xbf, 0xff, 0xff, 0xff, 0xbb, 0xfd, 0xff, 0xfb, 0xff, 0xff, 0x77, 0xff, 0xff,
  0xff, 0xdf, 0xf7, 0xff, 0xdf, 0xff, 0xfe, 0xff, 0xf7, 0xff, 0xff, 0xff, 0xff, 0xff, 0xff, 0xff
};
// Author :- Ashish ( ashish_y_794 )
// Website : https://www.oledanimationmaker.com/

const uint8_t PROGMEM frame87[1024] = {
  0xff, 0xff, 0xff, 0xff, 0xff, 0xff, 0xff, 0xff, 0xff, 0xff, 0xff, 0xff, 0xff, 0xff, 0xff, 0xff,
  0xff, 0xff, 0xff, 0xff, 0xff, 0xff, 0xff, 0xff, 0xff, 0xff, 0xff, 0xff, 0xff, 0xff, 0xff, 0xff,
  0xff, 0xff, 0xff, 0xff, 0xff, 0xff, 0xff, 0xff, 0xff, 0xff, 0xff, 0xff, 0xff, 0xff, 0xff, 0xff,
  0xff, 0xff, 0xff, 0xff, 0xff, 0xff, 0xff, 0xff, 0xff, 0xff, 0xff, 0xff, 0xff, 0xff, 0xff, 0xff,
  0xff, 0xff, 0xff, 0xff, 0xff, 0xff, 0xff, 0xff, 0xff, 0xff, 0xff, 0xff, 0xff, 0xff, 0xff, 0xff,
  0xff, 0xff, 0xff, 0xff, 0xff, 0xff, 0xff, 0xff, 0xff, 0xff, 0xff, 0xff, 0xff, 0xff, 0xff, 0xff,
  0xfe, 0xee, 0xee, 0xee, 0xee, 0xee, 0xee, 0xee, 0xee, 0xee, 0xee, 0xee, 0xee, 0xee, 0xee, 0xef,
  0xfb, 0xff, 0xff, 0xff, 0xff, 0xff, 0xff, 0xff, 0xff, 0xff, 0xff, 0xff, 0xff, 0xff, 0xff, 0xff,
  0xff, 0xff, 0xff, 0xff, 0xff, 0xff, 0xff, 0xff, 0xff, 0xff, 0xff, 0xff, 0xff, 0xff, 0xff, 0xff,
  0xff, 0xff, 0xff, 0xff, 0xff, 0xff, 0xff, 0xff, 0xff, 0xff, 0xff, 0xff, 0xff, 0xff, 0xff, 0xff,
  0xff, 0xff, 0xff, 0xff, 0xff, 0xff, 0xff, 0xff, 0xff, 0xff, 0xff, 0xff, 0xff, 0xff, 0xff, 0xff,
  0xff, 0xff, 0xff, 0xff, 0xff, 0xff, 0xff, 0xff, 0xff, 0xff, 0xff, 0xff, 0xff, 0xff, 0xff, 0xf7,
  0xff, 0xf7, 0x77, 0x77, 0x77, 0x77, 0x77, 0x77, 0x77, 0x77, 0x77, 0x77, 0x77, 0x77, 0x77, 0x7f,
  0xf7, 0xbf, 0xff, 0xff, 0xff, 0xff, 0xff, 0xff, 0xff, 0xff, 0xff, 0xff, 0xff, 0xff, 0xff, 0xff,
  0xff, 0xff, 0xff, 0xff, 0xff, 0xff, 0xff, 0xff, 0xff, 0xff, 0xff, 0xff, 0xff, 0xff, 0xff, 0xff,
  0xff, 0xff, 0xff, 0xff, 0xff, 0xff, 0xff, 0xff, 0xff, 0xff, 0xff, 0xff, 0xff, 0xff, 0xff, 0xff,
  0xff, 0xff, 0xff, 0xff, 0xff, 0xff, 0xff, 0xff, 0xff, 0xff, 0xff, 0xff, 0xff, 0xff, 0xff, 0xff,
  0xff, 0xff, 0xef, 0x7b, 0xde, 0xf7, 0xbd, 0xef, 0x7b, 0xde, 0xf7, 0xbd, 0xef, 0x7b, 0xde, 0xef,
  0xfb, 0xbd, 0xff, 0xff, 0xff, 0xff, 0xff, 0xff, 0xff, 0xff, 0xff, 0xff, 0xff, 0xff, 0xff, 0xff,
  0xff, 0xff, 0xff, 0xff, 0xff, 0xff, 0xff, 0xff, 0xff, 0xff, 0xff, 0xff, 0xff, 0xff, 0xff, 0xff,
  0xff, 0xff, 0xff, 0xff, 0xff, 0xff, 0xff, 0xff, 0xff, 0xff, 0xff, 0xff, 0xff, 0xff, 0xff, 0xff,
  0xff, 0xff, 0xff, 0xde, 0xf7, 0xaf, 0x7d, 0xf5, 0x5b, 0xfb, 0xfd, 0x6e, 0xba, 0xff, 0xff, 0xff,
  0xff, 0xff, 0xbb, 0xf7, 0xbd, 0xf7, 0xdf, 0x7e, 0xbf, 0xbe, 0xbf, 0xb7, 0x7a, 0xf7, 0x77, 0x7b,
  0xf7, 0xbb, 0xff, 0xde, 0xef, 0x57, 0xfb, 0xfa, 0xb5, 0xfa, 0xde, 0x9d, 0xab, 0xff, 0xff, 0xff,
  0xff, 0xff, 0xff, 0xeb, 0xab, 0xdf, 0x5e, 0xff, 0xdf, 0xfa, 0x6b, 0xaa, 0xdb, 0xff, 0xff, 0xff,
  0xff, 0xff, 0xff, 0xbd, 0xfe, 0xaf, 0xeb, 0xb5, 0x7b, 0xed, 0x76, 0xce, 0xb7, 0xff, 0xff, 0xff,
  0xff, 0xff, 0xff, 0xeb, 0x57, 0xde, 0xbd, 0xee, 0xbf, 0xff, 0xd7, 0x7b, 0xdf, 0xff, 0xff, 0xff,
  0xff, 0xff, 0xfd, 0xae, 0xee, 0xff, 0xd6, 0xbd, 0xf5, 0xea, 0xab, 0xeb, 0xb7, 0xfb, 0xf7, 0xdf,
  0xfd, 0xdf, 0x77, 0xd6, 0x77, 0xbe, 0xb9, 0xdb, 0x5e, 0xaf, 0xae, 0xb5, 0xef, 0xdf, 0xdf, 0xff,
  0xf7, 0xff, 0xff, 0xda, 0xd7, 0x7f, 0x57, 0x5d, 0xaa, 0xba, 0xbe, 0xab, 0xd7, 0xff, 0xff, 0xff,
  0xff, 0xff, 0xff, 0xef, 0x7f, 0xff, 0xbb, 0xda, 0xdd, 0xbf, 0x5f, 0x5f, 0xff, 0xff, 0xff, 0xfd,
  0xff, 0xff, 0xff, 0xff, 0xf7, 0xbf, 0xff, 0xff, 0x7e, 0xff, 0xfd, 0xff, 0xdf, 0xff, 0xff, 0xf7,
  0xff, 0xfd, 0xff, 0xdf, 0xff, 0xfd, 0xff, 0x7f, 0xf7, 0xfd, 0xff, 0xbf, 0xff, 0xff, 0xff, 0x7f,
  0xff, 0xff, 0xff, 0xff, 0xfd, 0xfe, 0xa9, 0xb9, 0x69, 0x5e, 0xbf, 0x59, 0x75, 0xbe, 0xff, 0xff,
  0xff, 0xef, 0xef, 0xff, 0x6b, 0xba, 0xe5, 0x5d, 0xd2, 0x75, 0x57, 0x5d, 0x75, 0xff, 0xf7, 0xff,
  0xfe, 0xff, 0xfe, 0xff, 0xbd, 0x7d, 0x29, 0x5a, 0x50, 0x98, 0x5e, 0xa9, 0x69, 0xff, 0xff, 0xff,
  0xf7, 0xff, 0xff, 0xfd, 0xda, 0xbd, 0x43, 0x5d, 0x54, 0xa4, 0x25, 0x55, 0x75, 0xff, 0xff, 0xff,
  0xff, 0xff, 0xff, 0xff, 0x75, 0x5d, 0x56, 0xba, 0x55, 0x1a, 0xaa, 0x92, 0xa9, 0xf7, 0xdf, 0xdf,
  0xff, 0xff, 0x7f, 0xff, 0xac, 0xbd, 0x2f, 0x5a, 0xa5, 0x4b, 0xd2, 0xa9, 0x6a, 0xff, 0xff, 0xff,
  0xff, 0xfd, 0xff, 0xef, 0xfd, 0x7c, 0xaa, 0xaa, 0x52, 0xb4, 0xa2, 0x89, 0x25, 0xff, 0xff, 0x7f,
  0xff, 0xf7, 0xfb, 0xbf, 0x54, 0x7d, 0x2b, 0x54, 0x52, 0xaa, 0x85, 0x24, 0xa8, 0xff, 0x7f, 0xff,
  0xff, 0xbf, 0xff, 0xff, 0xd8, 0xfd, 0x29, 0xa1, 0xca, 0xb5, 0x16, 0x29, 0x0a, 0xff, 0xff, 0xff,
  0xfb, 0xff, 0xff, 0xff, 0xea, 0xee, 0x75, 0xda, 0xf7, 0x5e, 0xae, 0xd5, 0x69, 0xfb, 0xfd, 0xfd,
  0xff, 0xff, 0xff, 0xff, 0xff, 0xff, 0x7b, 0xef, 0xef, 0xbe, 0xfe, 0xf7, 0x7b, 0xff, 0xff, 0xff,
  0xff, 0xff, 0xff, 0xff, 0x7f, 0xff, 0xff, 0xff, 0xff, 0xff, 0xff, 0xff, 0xff, 0xff, 0xff, 0xff,
  0xff, 0xff, 0xfb, 0xff, 0xff, 0xff, 0xff, 0xff, 0xff, 0xff, 0xff, 0xff, 0xff, 0xff, 0xf7, 0xf7,
  0xff, 0xff, 0xef, 0xf7, 0xfd, 0xff, 0xff, 0xfd, 0xff, 0xff, 0xff, 0xff, 0xff, 0xff, 0xdf, 0xff,
  0xf7, 0x7b, 0xff, 0xdf, 0xff, 0xef, 0xff, 0xff, 0xff, 0xff, 0xef, 0xff, 0xff, 0xf7, 0x7f, 0xff,
  0xff, 0xff, 0xff, 0xff, 0xff, 0xfe, 0xef, 0xbf, 0xdd, 0xfe, 0xff, 0x7f, 0xff, 0xdf, 0xff, 0xdf,
  0xff, 0xff, 0xff, 0xff, 0xdf, 0xff, 0xff, 0xff, 0xff, 0xef, 0xff, 0xf7, 0xbb, 0xff, 0xff, 0xff,
  0xff, 0xff, 0xbf, 0xff, 0xff, 0xff, 0xff, 0xff, 0xff, 0xff, 0xff, 0xff, 0xff, 0xff, 0xff, 0xff,
  0xff, 0xff, 0xff, 0xff, 0xfe, 0xff, 0xff, 0xfb, 0xff, 0xff, 0xff, 0xff, 0xff, 0xff, 0xff, 0xff,
  0xfd, 0xef, 0xfe, 0xff, 0x7f, 0xef, 0xfd, 0xff, 0xff, 0xff, 0xfb, 0xff, 0xff, 0xff, 0xff, 0xff,
  0xf7, 0xff, 0xff, 0xf7, 0xff, 0xff, 0xbf, 0xef, 0xdf, 0x7f, 0xbf, 0xff, 0xff, 0xff, 0xfe, 0xf7,
  0xff, 0xfe, 0xfb, 0xff, 0xff, 0xff, 0xff, 0xff, 0xff, 0xfb, 0xff, 0xdd, 0xde, 0xef, 0x7b, 0xff,
  0xff, 0xff, 0xff, 0xff, 0xfb, 0xff, 0xff, 0xff, 0xff, 0xff, 0xff, 0xff, 0xff, 0xff, 0xff, 0xff,
  0xff, 0xff, 0xff, 0xff, 0xff, 0xfd, 0xff, 0xff, 0xfd, 0xff, 0xff, 0xff, 0xff, 0xff, 0xff, 0xff,
  0xff, 0xf7, 0xff, 0xff, 0xff, 0xdf, 0xfb, 0xbf, 0xbf, 0xff, 0xfe, 0xff, 0xff, 0xff, 0xff, 0xff,
  0xff, 0xdf, 0xef, 0xde, 0xef, 0xff, 0xef, 0xfe, 0xff, 0xff, 0xf7, 0xff, 0xff, 0xff, 0xff, 0xf7,
  0xfe, 0xff, 0xff, 0xff, 0xff, 0xff, 0xff, 0xff, 0xff, 0xee, 0xff, 0xff, 0xee, 0xfb, 0xbf, 0xdf,
  0xf7, 0xff, 0xff, 0xff, 0xff, 0xff, 0xff, 0xff, 0xff, 0xff, 0xff, 0xf7, 0x7f, 0xff, 0xfb, 0xff,
  0xff, 0xff, 0xfe, 0xff, 0xff, 0x7f, 0x7f, 0xff, 0xff, 0x7f, 0xff, 0xff, 0xff, 0xff, 0xff, 0xff,
  0xff, 0xff, 0xbf, 0xff, 0xff, 0xfd, 0xff, 0xf7, 0xfd, 0xff, 0xff, 0xff, 0xff, 0xff, 0xff, 0xff,
  0xff, 0xff, 0xff, 0xf7, 0x7f, 0xff, 0xff, 0xdf, 0xff, 0xff, 0xef, 0xbf, 0xff, 0xef, 0xff, 0xff
};
// Author :- Ashish ( ashish_y_794 )
// Website : https://www.oledanimationmaker.com/

const uint8_t PROGMEM frame88[1024] = {
  0xff, 0xff, 0xff, 0xff, 0xff, 0xff, 0xff, 0xff, 0xff, 0xff, 0xff, 0xff, 0xff, 0xff, 0xff, 0xff,
  0xff, 0xff, 0xff, 0xff, 0xff, 0xff, 0xff, 0xff, 0xff, 0xff, 0xff, 0xff, 0xff, 0xff, 0xff, 0xff,
  0xff, 0xff, 0xff, 0xff, 0xff, 0xff, 0xff, 0xff, 0xff, 0xff, 0xff, 0xff, 0xff, 0xff, 0xff, 0xff,
  0xff, 0xff, 0xff, 0xff, 0xff, 0xff, 0xff, 0xff, 0xff, 0xff, 0xff, 0xff, 0xff, 0xff, 0xff, 0xff,
  0xff, 0xff, 0xff, 0xff, 0xff, 0xff, 0xff, 0xff, 0xff, 0xff, 0xff, 0xff, 0xff, 0xff, 0xff, 0xff,
  0xff, 0xff, 0xff, 0xff, 0xff, 0xff, 0xff, 0xff, 0xff, 0xff, 0xff, 0xff, 0xff, 0xff, 0xff, 0xff,
  0xff, 0xfe, 0xff, 0x7f, 0xbf, 0xdf, 0xef, 0xf7, 0xfb, 0xfd, 0xfe, 0xff, 0x7f, 0xbf, 0xdf, 0xef,
  0xfd, 0xdf, 0xf7, 0xfb, 0xfd, 0xfe, 0xff, 0x7f, 0xbf, 0xdf, 0xef, 0xf7, 0xfb, 0xfd, 0xfe, 0xff,
  0xff, 0xff, 0xff, 0xff, 0xff, 0xff, 0xff, 0xff, 0xff, 0xff, 0xff, 0xff, 0xff, 0xff, 0xff, 0xff,
  0xff, 0xff, 0xff, 0xff, 0xff, 0xff, 0xff, 0xff, 0xff, 0xff, 0xff, 0xff, 0xff, 0xff, 0xff, 0xff,
  0xff, 0xff, 0xff, 0xff, 0xff, 0xff, 0xff, 0xff, 0xff, 0xff, 0xff, 0xff, 0xff, 0xff, 0xff, 0xff,
  0xff, 0xfd, 0xff, 0xff, 0xff, 0xff, 0xff, 0xff, 0xff, 0xff, 0xff, 0xff, 0xff, 0xff, 0xff, 0xff,
  0xfb, 0xf7, 0xef, 0x77, 0xbb, 0xdd, 0xee, 0xf7, 0x7b, 0xbd, 0xde, 0xef, 0x77, 0xbb, 0xdd, 0xef,
  0xff, 0xdf, 0xff, 0xff, 0xff, 0xff, 0xff, 0xff, 0xff, 0xff, 0xff, 0xff, 0xff, 0xff, 0xff, 0xff,
  0xff, 0xff, 0xff, 0xff, 0xff, 0xff, 0xff, 0xff, 0xff, 0xff, 0xff, 0xff, 0xff, 0xff, 0xff, 0xff,
  0xff, 0xff, 0xff, 0xff, 0xff, 0xff, 0xff, 0xff, 0xff, 0xff, 0xff, 0xff, 0xff, 0xff, 0xff, 0xff,
  0xff, 0xff, 0xff, 0xff, 0xff, 0xff, 0xff, 0xff, 0xff, 0xff, 0xff, 0xff, 0xff, 0xff, 0xff, 0xff,
  0xfb, 0xff, 0xfd, 0xfe, 0xff, 0x7f, 0xbf, 0xdf, 0xef, 0xf7, 0xfb, 0xfd, 0xfe, 0xff, 0x7f, 0xbf,
  0xff, 0xff, 0xef, 0xef, 0xf7, 0xfb, 0xfd, 0xfe, 0xff, 0x7f, 0xbf, 0xdf, 0xef, 0xf7, 0xfb, 0xfd,
  0xff, 0xdf, 0xff, 0xff, 0xff, 0xff, 0xff, 0xff, 0xff, 0xff, 0xff, 0xff, 0xff, 0xff, 0xff, 0xff,
  0xff, 0xff, 0x7f, 0xff, 0xff, 0xff, 0xff, 0xff, 0xff, 0xff, 0xff, 0xff, 0xff, 0xff, 0xff, 0xff,
  0xff, 0xff, 0xff, 0xef, 0x7b, 0xdf, 0xbe, 0xf5, 0x5b, 0xfe, 0xfe, 0xde, 0xba, 0xff, 0xff, 0xff,
  0xfb, 0xff, 0xff, 0xff, 0xdf, 0xe7, 0xfb, 0xfe, 0xbf, 0xf7, 0x7f, 0x6f, 0x7d, 0xff, 0xff, 0xff,
  0xff, 0xff, 0xff, 0xaa, 0xed, 0x5f, 0x5f, 0x7b, 0x5b, 0xfc, 0xdd, 0x9a, 0xd5, 0xff, 0x77, 0xdf,
  0xff, 0xdd, 0xff, 0xff, 0x6f, 0xaf, 0xfb, 0xfe, 0xff, 0xda, 0x6f, 0x56, 0xb7, 0xf7, 0xff, 0xff,
  0xff, 0xff, 0xfb, 0xd5, 0xba, 0xdd, 0xae, 0xeb, 0x75, 0xfd, 0xb5, 0xcd, 0x6f, 0xff, 0xff, 0xff,
  0xff, 0xff, 0xff, 0xbe, 0xef, 0xbf, 0xfb, 0x7e, 0xbf, 0xf7, 0xd6, 0xfb, 0xb7, 0xff, 0xff, 0xff,
  0xfb, 0xff, 0xff, 0xcb, 0x77, 0xfe, 0xad, 0xdb, 0xf6, 0xed, 0x6b, 0x6d, 0xef, 0xff, 0xff, 0x7b,
  0xff, 0xff, 0xdf, 0x6d, 0x5e, 0xbf, 0xb5, 0x5d, 0x5d, 0xb7, 0xaf, 0xb3, 0xdf, 0x7f, 0xff, 0xff,
  0xff, 0xef, 0xff, 0xd6, 0xe7, 0xfe, 0xb5, 0xdb, 0x56, 0xbd, 0x5d, 0x57, 0xeb, 0xfb, 0xdf, 0xff,
  0xff, 0xbf, 0xff, 0xef, 0x7f, 0x7f, 0xbb, 0xbd, 0xba, 0xbe, 0xbf, 0xaf, 0xdf, 0xff, 0xff, 0xff,
  0xff, 0xff, 0xff, 0xff, 0xf7, 0xff, 0xff, 0xfb, 0xff, 0xfb, 0xfe, 0xff, 0xff, 0xff, 0xfe, 0xff,
  0xfb, 0xff, 0x7f, 0xbf, 0xff, 0xf6, 0xff, 0xff, 0x75, 0xff, 0xff, 0xbf, 0xff, 0xff, 0xff, 0xff,
  0xff, 0xff, 0xfd, 0xff, 0xfd, 0xfd, 0xa2, 0x9a, 0xd5, 0x5d, 0x7f, 0x79, 0x75, 0xff, 0xff, 0xf7,
  0xff, 0xff, 0xff, 0xff, 0x6e, 0xbe, 0x7a, 0xbd, 0x68, 0xba, 0x96, 0x9a, 0xf2, 0xfb, 0xdf, 0xff,
  0xff, 0xff, 0xff, 0xff, 0xb5, 0xfa, 0xa1, 0x5a, 0xa0, 0xaa, 0x57, 0x4a, 0x6b, 0xff, 0xff, 0xff,
  0xff, 0xff, 0xff, 0xfe, 0xdd, 0x3d, 0x43, 0x5d, 0x5a, 0x94, 0x2d, 0x5a, 0xb4, 0xff, 0xfe, 0xff,
  0xfd, 0xef, 0x77, 0xff, 0xda, 0xbd, 0x57, 0x5a, 0x4a, 0x49, 0x52, 0xa5, 0x69, 0xff, 0xff, 0xff,
  0xf7, 0xff, 0xff, 0xf7, 0x7c, 0x7d, 0x5e, 0xba, 0xaa, 0xab, 0xca, 0x90, 0xaa, 0xff, 0xff, 0xff,
  0xff, 0xff, 0xff, 0xff, 0xad, 0x3a, 0x27, 0x55, 0x52, 0xaa, 0xa2, 0x4a, 0xa5, 0xfb, 0xdf, 0xf7,
  0xff, 0xff, 0xff, 0xbf, 0xf4, 0x7d, 0x29, 0x54, 0x51, 0x6a, 0x45, 0x28, 0xa8, 0xff, 0xff, 0xff,
  0xff, 0xff, 0xff, 0xff, 0x54, 0xfd, 0x2b, 0x41, 0x66, 0x9a, 0x16, 0x92, 0x0a, 0xff, 0xff, 0x7f,
  0xff, 0xfd, 0xff, 0xff, 0xea, 0xfe, 0xb5, 0xf5, 0xeb, 0x5d, 0xae, 0x6b, 0xb5, 0xff, 0xfd, 0xff,
  0xff, 0xef, 0xef, 0xff, 0xfd, 0xfe, 0xfb, 0xdf, 0xff, 0xbf, 0x7d, 0xee, 0xfb, 0xff, 0xff, 0xff,
  0xff, 0xbf, 0xff, 0x7f, 0xff, 0xff, 0xff, 0xff, 0xff, 0xff, 0xff, 0xff, 0xff, 0xfe, 0xff, 0xff,
  0xfd, 0xff, 0xff, 0xff, 0xff, 0xff, 0xff, 0xfd, 0xef, 0xff, 0xff, 0xff, 0xff, 0xfb, 0xf7, 0xff,
  0xff, 0xff, 0xff, 0xfd, 0xff, 0xff, 0xff, 0xff, 0xff, 0xff, 0xff, 0xff, 0xff, 0xff, 0xff, 0xfb,
  0xff, 0xff, 0xff, 0xff, 0xef, 0xf7, 0xff, 0xff, 0xff, 0xff, 0xff, 0xff, 0xdf, 0xdf, 0xff, 0xff,
  0xff, 0xff, 0xf7, 0xff, 0xff, 0xff, 0x7f, 0xef, 0xff, 0xff, 0xff, 0xff, 0x7e, 0xff, 0xff, 0xff,
  0xf7, 0xff, 0xbf, 0xdf, 0xff, 0xff, 0xfb, 0xff, 0xff, 0xff, 0xbf, 0xdf, 0xff, 0xff, 0xff, 0xff,
  0xff, 0xff, 0xff, 0xff, 0xff, 0xbf, 0xff, 0xff, 0xde, 0xee, 0xfd, 0xff, 0xff, 0xff, 0xff, 0xbf,
  0xff, 0xfd, 0xff, 0xff, 0x7e, 0xff, 0xff, 0xff, 0xff, 0xff, 0xff, 0xff, 0xff, 0xff, 0xee, 0xff,
  0xff, 0xdf, 0xff, 0xff, 0xff, 0xff, 0xff, 0xdf, 0x7f, 0xff, 0xff, 0xff, 0xff, 0xff, 0xbf, 0xff,
  0xff, 0xff, 0xff, 0x7f, 0xff, 0xff, 0xdf, 0xff, 0xff, 0xff, 0xff, 0xfd, 0xff, 0xfe, 0xff, 0xff,
  0xfe, 0xff, 0xff, 0xfb, 0xf7, 0xfe, 0xff, 0x7f, 0xff, 0xff, 0xff, 0xff, 0xfb, 0xdf, 0xff, 0xfd,
  0xff, 0xff, 0xff, 0xff, 0xff, 0xff, 0xff, 0xff, 0xff, 0xff, 0xff, 0xdf, 0xef, 0xff, 0xff, 0xff,
  0xfb, 0xff, 0xf7, 0xff, 0xff, 0xff, 0xff, 0xff, 0xfd, 0xdf, 0xfb, 0xff, 0xff, 0xff, 0xff, 0xff,
  0xff, 0xff, 0x7f, 0xff, 0xff, 0xf7, 0xff, 0xfe, 0xff, 0xfe, 0xef, 0xff, 0xff, 0xff, 0xff, 0xff,
  0xff, 0xfd, 0xff, 0xef, 0xbf, 0xdf, 0xff, 0xff, 0xff, 0xff, 0xff, 0xff, 0xff, 0xff, 0xff, 0xef,
  0xff, 0xf7, 0xff, 0xbf, 0xfe, 0xff, 0xfb, 0xff, 0xf7, 0xff, 0xff, 0xfe, 0xff, 0xfb, 0xff, 0x7f,
  0xff, 0xff, 0xff, 0xff, 0xff, 0xff, 0xef, 0xdf, 0xff, 0xff, 0xff, 0xf7, 0xff, 0xdf, 0xf7, 0xff,
  0xff, 0xff, 0xff, 0xff, 0xff, 0xff, 0xff, 0xff, 0xff, 0xfb, 0xff, 0xdf, 0xfd, 0xff, 0xdf, 0xff,
  0xfb, 0xbf, 0xfe, 0xff, 0xff, 0xff, 0xff, 0xfe, 0xff, 0xef, 0xff, 0xff, 0xf7, 0xff, 0xff, 0xff,
  0xff, 0xff, 0xff, 0xff, 0xef, 0xff, 0xbf, 0xff, 0xff, 0xbf, 0xff, 0xff, 0xff, 0xff, 0xff, 0xff
};
// Author :- Ashish ( ashish_y_794 )
// Website : https://www.oledanimationmaker.com/

const uint8_t PROGMEM frame89[1024] = {
  0xff, 0xff, 0xff, 0xff, 0xff, 0xff, 0xff, 0xff, 0xff, 0xff, 0xff, 0xff, 0xff, 0xff, 0xff, 0xff,
  0xff, 0xff, 0xff, 0xff, 0xff, 0xff, 0xff, 0xff, 0xff, 0xff, 0xff, 0xff, 0xff, 0xff, 0xff, 0xff,
  0xff, 0xff, 0xff, 0xff, 0xff, 0xff, 0xff, 0xff, 0xff, 0xff, 0xff, 0xff, 0xff, 0xff, 0xff, 0xff,
  0xff, 0xff, 0xff, 0xff, 0xff, 0xff, 0xff, 0xff, 0xff, 0xff, 0xff, 0xff, 0xff, 0xff, 0xff, 0xff,
  0xff, 0xff, 0xff, 0xff, 0xff, 0xff, 0xff, 0xff, 0xff, 0xff, 0xff, 0xff, 0xff, 0xff, 0xff, 0xff,
  0xff, 0xff, 0xff, 0xff, 0xff, 0xff, 0xff, 0xff, 0xff, 0xff, 0xff, 0xff, 0xff, 0xff, 0xff, 0xff,
  0xff, 0xff, 0xff, 0xff, 0xff, 0xff, 0xff, 0xff, 0xff, 0xff, 0xff, 0xff, 0xff, 0xff, 0xff, 0xff,
  0xfe, 0xee, 0xee, 0xee, 0xee, 0xee, 0xee, 0xee, 0xee, 0xee, 0xee, 0xee, 0xee, 0xee, 0xee, 0xef,
  0xff, 0xff, 0xff, 0xff, 0xff, 0xff, 0xff, 0xff, 0xff, 0xff, 0xff, 0xff, 0xff, 0xff, 0xff, 0xff,
  0xff, 0xff, 0xff, 0xff, 0xff, 0xff, 0xff, 0xff, 0xff, 0xff, 0xff, 0xff, 0xff, 0xff, 0xff, 0xff,
  0xfb, 0xff, 0xff, 0xff, 0xff, 0xff, 0xff, 0xff, 0xff, 0xff, 0xff, 0xff, 0xff, 0xff, 0xff, 0xff,
  0xff, 0xff, 0xff, 0xff, 0xff, 0xff, 0xff, 0xff, 0xff, 0xff, 0xff, 0xff, 0xff, 0xff, 0xff, 0xff,
  0xff, 0xff, 0xff, 0xff, 0xff, 0xff, 0xff, 0xff, 0xff, 0xff, 0xff, 0xff, 0xff, 0xff, 0xff, 0xff,
  0xff, 0xf7, 0xbb, 0xbb, 0xbb, 0xbb, 0xbb, 0xbb, 0xbb, 0xbb, 0xbb, 0xbb, 0xbb, 0xbb, 0xbb, 0xbb,
  0xff, 0xdf, 0xff, 0xff, 0xff, 0xff, 0xff, 0xff, 0xff, 0xff, 0xff, 0xff, 0xff, 0xff, 0xff, 0xff,
  0xff, 0x7f, 0xff, 0xff, 0xff, 0xff, 0xff, 0xff, 0xff, 0xff, 0xff, 0xff, 0xff, 0xff, 0xff, 0xff,
  0xfb, 0xff, 0xff, 0xff, 0xff, 0xff, 0xff, 0xff, 0xff, 0xff, 0xff, 0xff, 0xff, 0xff, 0xff, 0xff,
  0xff, 0xff, 0xff, 0xff, 0xff, 0xff, 0xff, 0xff, 0xff, 0xff, 0xff, 0xff, 0xff, 0xff, 0xff, 0xff,
  0xff, 0xff, 0xff, 0xff, 0xff, 0xff, 0xff, 0xff, 0xff, 0xff, 0xff, 0xff, 0xff, 0xff, 0xff, 0xff,
  0xff, 0xff, 0xde, 0xfb, 0xef, 0xbe, 0xfb, 0xef, 0xbe, 0xfb, 0xef, 0xbe, 0xfb, 0xef, 0xbe, 0xff,
  0xff, 0xff, 0xff, 0xef, 0xff, 0xff, 0xff, 0xfe, 0xff, 0xff, 0xff, 0xff, 0xff, 0xff, 0xff, 0xf7,
  0xff, 0xff, 0xff, 0xff, 0x7b, 0xef, 0xde, 0xfb, 0xf7, 0xff, 0x7e, 0xef, 0x6d, 0xff, 0xff, 0xff,
  0xfb, 0xfe, 0xff, 0xdf, 0xff, 0xb7, 0xff, 0xfe, 0x3d, 0xf5, 0xff, 0x5b, 0xbd, 0x7f, 0xff, 0xff,
  0xff, 0xdf, 0xff, 0xf6, 0xaa, 0xd7, 0x5d, 0x76, 0xdb, 0xfe, 0x5d, 0xad, 0x6b, 0xfe, 0xfb, 0xff,
  0xff, 0xff, 0xfb, 0xbb, 0xef, 0xaf, 0xf7, 0xfd, 0xbf, 0xf4, 0xb7, 0x9d, 0x5b, 0xff, 0xff, 0xff,
  0xff, 0xff, 0xff, 0xee, 0xbd, 0xbf, 0x5d, 0xbb, 0x7b, 0xfe, 0xda, 0xcb, 0x77, 0xff, 0xff, 0xdf,
  0xff, 0xff, 0xff, 0xb7, 0x6f, 0x7f, 0xf7, 0x7e, 0xbf, 0xeb, 0xeb, 0xbd, 0xdf, 0xf7, 0xff, 0xff,
  0xfb, 0xff, 0x7f, 0xda, 0xf7, 0xee, 0xad, 0xd7, 0xf5, 0x7e, 0xae, 0xf7, 0xb7, 0xff, 0xff, 0xff,
  0xff, 0xdd, 0xff, 0x6d, 0x57, 0x7f, 0x5a, 0xdd, 0x5f, 0xab, 0x57, 0x53, 0xef, 0xff, 0xdd, 0xff,
  0xff, 0xff, 0xff, 0xad, 0x6f, 0x7f, 0x75, 0xba, 0xa9, 0x5d, 0xae, 0xdf, 0xd7, 0xbf, 0xff, 0xfd,
  0xff, 0xff, 0xfb, 0xef, 0xf7, 0xff, 0xbb, 0xdd, 0xde, 0xbe, 0xff, 0x57, 0xff, 0xff, 0xff, 0xf7,
  0xff, 0xff, 0xff, 0xfe, 0xff, 0xbf, 0x7f, 0xff, 0x7d, 0xff, 0xbf, 0xff, 0x6f, 0xff, 0x7f, 0xff,
  0xfd, 0xff, 0xff, 0xff, 0xff, 0xfd, 0xff, 0x7b, 0xf7, 0xff, 0xff, 0x7d, 0xff, 0xff, 0xff, 0xff,
  0xff, 0xff, 0xff, 0xff, 0xfb, 0xfe, 0xe5, 0xbd, 0x69, 0x7a, 0xbf, 0x5d, 0xfa, 0xfd, 0xff, 0xbf,
  0xff, 0xef, 0xff, 0xef, 0xad, 0x7a, 0xb2, 0x9a, 0xd2, 0x2d, 0x57, 0x5a, 0x73, 0xff, 0xfe, 0xff,
  0xff, 0xff, 0x7f, 0xbf, 0xfb, 0x7d, 0x52, 0xbd, 0x50, 0xd4, 0x5e, 0xa9, 0xb4, 0xff, 0xff, 0xff,
  0xf7, 0xff, 0xf7, 0xfe, 0x9d, 0xbd, 0x43, 0x5a, 0x54, 0x9a, 0x25, 0x4a, 0x6a, 0xff, 0xff, 0xff,
  0xff, 0xff, 0xff, 0xff, 0xf4, 0x5a, 0xab, 0x5a, 0xab, 0x24, 0x95, 0x2a, 0xb5, 0xf7, 0xfb, 0xff,
  0xff, 0xbf, 0xff, 0xff, 0x5a, 0xbd, 0x2e, 0xba, 0x54, 0x95, 0xd2, 0xa4, 0xa8, 0xff, 0xef, 0xff,
  0xff, 0xff, 0xff, 0xff, 0xbc, 0x7d, 0x57, 0x55, 0x52, 0xea, 0xa5, 0x12, 0xaa, 0xff, 0xff, 0xff,
  0xff, 0xfd, 0xff, 0xff, 0x75, 0x7d, 0x2a, 0xaa, 0x52, 0x2a, 0x85, 0x54, 0x49, 0xff, 0xff, 0xff,
  0xff, 0xff, 0xfd, 0xfd, 0xd4, 0x7c, 0x23, 0x40, 0xc5, 0xb4, 0x55, 0x11, 0x24, 0xff, 0xff, 0xfb,
  0xfd, 0xff, 0xef, 0xef, 0xe9, 0xfe, 0xf9, 0xfb, 0xf6, 0x9f, 0x1e, 0x6b, 0x5b, 0xff, 0x7f, 0xff,
  0xff, 0xff, 0xff, 0xff, 0xff, 0xfe, 0xbf, 0xd6, 0xef, 0xfe, 0xfd, 0xf7, 0x75, 0xff, 0xff, 0xef,
  0xff, 0xef, 0xff, 0xff, 0xff, 0xff, 0xff, 0xff, 0xff, 0xff, 0xff, 0xff, 0xff, 0xfd, 0xff, 0xbf,
  0xff, 0xff, 0xbf, 0xff, 0xff, 0xff, 0xff, 0xff, 0xff, 0xff, 0xff, 0xff, 0xff, 0xf7, 0xfd, 0xff,
  0xfb, 0xff, 0xff, 0xff, 0xff, 0xf7, 0xff, 0xff, 0xff, 0xff, 0xff, 0xff, 0xff, 0xff, 0xff, 0xff,
  0xff, 0xff, 0xff, 0xdf, 0xfb, 0xbf, 0xfd, 0xff, 0xff, 0xff, 0xff, 0xff, 0xff, 0xff, 0xff, 0xff,
  0xff, 0xff, 0xff, 0x7f, 0xbf, 0xff, 0xff, 0xff, 0xff, 0xf7, 0xff, 0xff, 0xff, 0xff, 0xff, 0xff,
  0xff, 0xee, 0xff, 0xff, 0xff, 0xff, 0xef, 0xef, 0xff, 0xbf, 0xef, 0x7b, 0xef, 0xbf, 0xff, 0xff,
  0xff, 0xbf, 0xfb, 0xff, 0xff, 0xff, 0xff, 0xff, 0x77, 0xff, 0xbf, 0xff, 0xff, 0xff, 0xf7, 0xff,
  0xfe, 0xff, 0xff, 0xff, 0xff, 0xff, 0xff, 0xff, 0xff, 0xff, 0xff, 0xff, 0xff, 0xff, 0xdf, 0xff,
  0xfb, 0xff, 0xff, 0xfe, 0xff, 0xff, 0x7f, 0xff, 0xff, 0xff, 0xff, 0xff, 0xff, 0xfe, 0xff, 0xbf,
  0xff, 0xff, 0xff, 0xff, 0xfd, 0xfb, 0xff, 0xbf, 0xff, 0xff, 0xff, 0xff, 0xbe, 0xfb, 0xff, 0xfd,
  0xff, 0xff, 0xff, 0xff, 0xf7, 0xef, 0xfe, 0xff, 0xff, 0xff, 0xff, 0xef, 0xff, 0xff, 0xff, 0xff,
  0xff, 0xff, 0xdf, 0xf7, 0xff, 0xff, 0xff, 0xfe, 0xfe, 0xf7, 0xff, 0x7f, 0xff, 0xff, 0xff, 0xff,
  0xff, 0xff, 0xfe, 0xff, 0xff, 0xff, 0xff, 0xff, 0xf7, 0xff, 0xbd, 0xff, 0xff, 0xff, 0xff, 0xff,
  0xff, 0xff, 0xff, 0xff, 0xff, 0xff, 0xfb, 0xff, 0xff, 0xff, 0xff, 0xff, 0xfb, 0xff, 0xff, 0xf7,
  0xfb, 0xfe, 0xff, 0xff, 0xdf, 0xff, 0xff, 0xff, 0xff, 0xff, 0xff, 0xff, 0x7f, 0xef, 0xff, 0x7f,
  0xff, 0xfb, 0xff, 0xff, 0xff, 0xff, 0xff, 0xff, 0xff, 0xff, 0xff, 0xff, 0xff, 0xff, 0xfd, 0xff,
  0xff, 0xef, 0xff, 0xef, 0x7f, 0xdf, 0xdf, 0xfb, 0xdf, 0xfb, 0xff, 0xff, 0xff, 0xff, 0xdf, 0xff,
  0xff, 0xff, 0xfb, 0xbf, 0xff, 0xff, 0x7f, 0xff, 0xff, 0xdf, 0xef, 0xff, 0xff, 0xff, 0x7f, 0xff,
  0xff, 0xff, 0xff, 0xff, 0xff, 0x7f, 0xff, 0xff, 0xff, 0xff, 0xff, 0xfb, 0xfd, 0xff, 0xff, 0xff,
  0xfd, 0xff, 0xff, 0xff, 0xff, 0xff, 0xff, 0xbf, 0xfe, 0xff, 0xff, 0xbf, 0xef, 0xef, 0xff, 0xff
};
// Author :- Ashish ( ashish_y_794 )
// Website : https://www.oledanimationmaker.com/

const uint8_t PROGMEM frame90[1024] = {
  0xff, 0xff, 0xff, 0xff, 0xff, 0xff, 0xff, 0xff, 0xff, 0xff, 0xff, 0xff, 0xff, 0xff, 0xff, 0xff,
  0xff, 0xff, 0xff, 0xff, 0xff, 0xff, 0xff, 0xff, 0xff, 0xff, 0xff, 0xff, 0xff, 0xff, 0xff, 0xff,
  0xff, 0xff, 0xff, 0xff, 0xff, 0xff, 0xff, 0xff, 0xff, 0xff, 0xff, 0xff, 0xff, 0xff, 0xff, 0xff,
  0xff, 0xff, 0xff, 0xff, 0xff, 0xff, 0xff, 0xff, 0xff, 0xff, 0xff, 0xff, 0xff, 0xff, 0xff, 0xff,
  0xff, 0xff, 0xff, 0xff, 0xff, 0xff, 0xff, 0xff, 0xff, 0xff, 0xff, 0xff, 0xff, 0xff, 0xff, 0xff,
  0xff, 0xff, 0xff, 0xff, 0xff, 0xff, 0xff, 0xff, 0xff, 0xff, 0xff, 0xff, 0xff, 0xff, 0xff, 0xff,
  0xff, 0xfb, 0xfb, 0xfb, 0xfb, 0xfb, 0xfb, 0xfb, 0xfb, 0xfb, 0xfb, 0xfb, 0xfb, 0xfb, 0xfb, 0xff,
  0xfd, 0xdf, 0xdf, 0xdf, 0xdf, 0xdf, 0xdf, 0xdf, 0xdf, 0xdf, 0xdf, 0xdf, 0xdf, 0xdf, 0xdf, 0xdf,
  0xff, 0xff, 0xff, 0xff, 0xff, 0xff, 0xff, 0xff, 0xff, 0xff, 0xff, 0xff, 0xff, 0xff, 0xff, 0xff,
  0xff, 0xff, 0xff, 0xff, 0xff, 0xff, 0xff, 0xff, 0xff, 0xff, 0xff, 0xff, 0xff, 0xff, 0xff, 0xff,
  0xff, 0xff, 0xff, 0xff, 0xff, 0xff, 0xff, 0xff, 0xff, 0xff, 0xff, 0xff, 0xff, 0xff, 0xff, 0xfd,
  0xff, 0xff, 0xff, 0xff, 0xff, 0xff, 0xff, 0xff, 0xff, 0xff, 0xff, 0xff, 0xff, 0xff, 0xff, 0xff,
  0xfb, 0xff, 0xbf, 0x7f, 0x7f, 0x7f, 0x7f, 0x7f, 0x7f, 0x7f, 0x7f, 0x7f, 0x7f, 0x7f, 0x7f, 0x7f,
  0xff, 0xde, 0xff, 0xfd, 0xfd, 0xfd, 0xfd, 0xfd, 0xfd, 0xfd, 0xfd, 0xfd, 0xfd, 0xfd, 0xfd, 0xff,
  0xff, 0xff, 0xff, 0xff, 0xff, 0xff, 0xff, 0xff, 0xff, 0xff, 0xff, 0xff, 0xff, 0xff, 0xff, 0xff,
  0xff, 0xff, 0xff, 0xff, 0xff, 0xff, 0xff, 0xff, 0xff, 0xff, 0xff, 0xff, 0xff, 0xff, 0xff, 0xff,
  0xff, 0xff, 0xfd, 0xf7, 0xff, 0xff, 0xff, 0xff, 0xff, 0xff, 0xff, 0xff, 0xff, 0xff, 0xff, 0xfb,
  0xfb, 0xff, 0xff, 0xff, 0xff, 0xff, 0xff, 0xff, 0xff, 0xff, 0xff, 0xff, 0xff, 0xff, 0xff, 0xff,
  0xff, 0xdf, 0xff, 0xff, 0xfb, 0xf7, 0xf7, 0xf7, 0xf7, 0xf7, 0xf7, 0xf7, 0xf7, 0xf7, 0xf7, 0xff,
  0xff, 0xfe, 0xff, 0xff, 0xff, 0xff, 0xff, 0xff, 0xff, 0xff, 0xff, 0xff, 0xff, 0xff, 0xff, 0xff,
  0xff, 0xff, 0xf7, 0xdf, 0xef, 0xff, 0xbf, 0xff, 0x7f, 0xdf, 0xff, 0xff, 0x7f, 0xbf, 0xbf, 0xbf,
  0xff, 0xff, 0xff, 0xfe, 0xbf, 0xaf, 0xfe, 0xf5, 0xdd, 0xff, 0x7e, 0xaf, 0xbd, 0xff, 0xff, 0xff,
  0xfb, 0xff, 0xff, 0xd7, 0xfb, 0xf7, 0xbd, 0xfe, 0x5f, 0xfd, 0xbf, 0xba, 0xf4, 0xff, 0xff, 0xff,
  0xff, 0xdf, 0xff, 0xfe, 0xde, 0xaf, 0xef, 0xfb, 0xbb, 0xfa, 0xdd, 0x9e, 0xaf, 0xff, 0xff, 0xfb,
  0xff, 0xfe, 0xff, 0x6b, 0xab, 0xd7, 0x7d, 0x7e, 0xfd, 0xfc, 0x6e, 0xca, 0xdb, 0xff, 0xff, 0xff,
  0xff, 0xff, 0xf7, 0xde, 0xfe, 0xbf, 0xaf, 0xd5, 0x5b, 0xeb, 0xb7, 0x5d, 0x77, 0xfd, 0xfb, 0xbf,
  0xff, 0xff, 0xff, 0xeb, 0x57, 0xde, 0xf5, 0x7e, 0xbf, 0xff, 0xd5, 0xeb, 0xaf, 0xf7, 0xef, 0xff,
  0xfb, 0xff, 0xff, 0x5d, 0xff, 0x7f, 0xbb, 0xdb, 0xfb, 0xb5, 0x6b, 0x7b, 0xf7, 0xbf, 0xff, 0xff,
  0xff, 0xdf, 0xff, 0xd6, 0x57, 0xfe, 0x99, 0x6e, 0xad, 0x6e, 0xaf, 0xab, 0xdf, 0xff, 0xff, 0xff,
  0xff, 0xfe, 0xff, 0xad, 0xee, 0xbf, 0x77, 0xbb, 0x5d, 0xbb, 0xae, 0xab, 0xeb, 0xff, 0xff, 0xff,
  0xff, 0xff, 0xf7, 0xee, 0xb7, 0xff, 0xbb, 0xbd, 0xba, 0xbe, 0xbf, 0x5f, 0xbf, 0xff, 0xff, 0xff,
  0xff, 0xff, 0xff, 0xff, 0xff, 0xbf, 0xff, 0xee, 0xff, 0x7f, 0xfe, 0xff, 0xef, 0xff, 0xff, 0xef,
  0xfb, 0xff, 0xff, 0xff, 0xff, 0xfd, 0xf7, 0x7f, 0xeb, 0xff, 0xff, 0xfd, 0xff, 0xff, 0xef, 0xbf,
  0xff, 0xdf, 0xff, 0xdf, 0xfd, 0xfe, 0xb5, 0xba, 0xd4, 0xba, 0x7f, 0x2d, 0x7a, 0xff, 0x7f, 0xff,
  0xff, 0xfe, 0xff, 0x7f, 0xb7, 0x7a, 0xd2, 0xba, 0xd2, 0xbb, 0x2f, 0x5a, 0xf5, 0xf7, 0xff, 0xff,
  0xff, 0xff, 0xf7, 0xfe, 0xd9, 0xbd, 0x52, 0x9d, 0x50, 0xa8, 0xaa, 0xaa, 0xb2, 0xff, 0xff, 0xff,
  0xff, 0xff, 0xff, 0xff, 0xbd, 0x7d, 0x23, 0x5a, 0x54, 0x94, 0x2b, 0x55, 0x6a, 0xff, 0xff, 0xff,
  0xfb, 0xff, 0xff, 0xfe, 0xf4, 0xba, 0xa6, 0xbd, 0x56, 0x95, 0x4a, 0x94, 0xb5, 0xff, 0xfe, 0xff,
  0xff, 0xdf, 0xff, 0xff, 0xad, 0x5d, 0x5f, 0x5a, 0x52, 0x4b, 0xaa, 0xa2, 0x68, 0xff, 0xff, 0xff,
  0xff, 0xfe, 0xff, 0xff, 0xbc, 0x7d, 0x26, 0xaa, 0x52, 0xb4, 0xd2, 0x55, 0x25, 0xff, 0x7f, 0xf7,
  0xff, 0xff, 0xf7, 0xfe, 0xf4, 0xbc, 0x93, 0x54, 0xc9, 0x6a, 0x42, 0x88, 0x94, 0xfb, 0xfb, 0xff,
  0xff, 0xff, 0xff, 0xdf, 0xa8, 0xfe, 0x29, 0xa0, 0xd2, 0x9a, 0x8d, 0x22, 0x94, 0xff, 0xff, 0xff,
  0xfb, 0xff, 0xff, 0xff, 0xea, 0xfd, 0x77, 0xad, 0xef, 0x5e, 0x5e, 0x75, 0x55, 0xff, 0xff, 0xff,
  0xff, 0xdf, 0xff, 0xff, 0xff, 0xfe, 0xfb, 0xf7, 0xef, 0xbf, 0xbd, 0xd7, 0x7b, 0xff, 0xff, 0xff,
  0xff, 0xfe, 0xff, 0x7f, 0xff, 0xff, 0xff, 0xff, 0xff, 0xff, 0xff, 0xff, 0xff, 0xff, 0xff, 0xdf,
  0xff, 0xff, 0xf7, 0xff, 0xff, 0xff, 0xff, 0xff, 0xff, 0xff, 0xff, 0xff, 0xff, 0xff, 0xef, 0xff,
  0xff, 0xff, 0xff, 0xfd, 0xef, 0xff, 0xff, 0xff, 0x7f, 0xff, 0xff, 0xff, 0xff, 0xee, 0xff, 0xff,
  0xfb, 0xff, 0xff, 0xff, 0xff, 0xef, 0xdf, 0x7b, 0xff, 0xff, 0xff, 0xff, 0xff, 0xbf, 0xff, 0x7f,
  0xff, 0xdf, 0xff, 0xff, 0xff, 0x7f, 0x7f, 0xff, 0xfd, 0xfe, 0xf7, 0xff, 0xfe, 0xff, 0xff, 0xff,
  0xff, 0xfe, 0xff, 0xff, 0xff, 0xff, 0xff, 0xff, 0xff, 0xff, 0xff, 0xff, 0xf7, 0xff, 0xff, 0xfd,
  0xff, 0xff, 0xf7, 0xbf, 0xff, 0xff, 0xff, 0xff, 0xff, 0xf7, 0xff, 0xbf, 0xdf, 0xff, 0xff, 0xff,
  0xff, 0xff, 0xff, 0xfd, 0xdf, 0xff, 0xff, 0xff, 0xff, 0xff, 0xff, 0xfd, 0xff, 0xff, 0xf7, 0xff,
  0xfb, 0xff, 0xff, 0xff, 0xfe, 0xff, 0xfe, 0xef, 0xef, 0xdf, 0xff, 0xff, 0xff, 0xff, 0xdf, 0xdf,
  0xff, 0xdf, 0xff, 0xff, 0xff, 0xff, 0xff, 0xff, 0x7f, 0x7f, 0xfb, 0xff, 0xff, 0xff, 0xff, 0xff,
  0xff, 0xfe, 0xff, 0xff, 0xff, 0xfb, 0xf7, 0xff, 0xff, 0xff, 0xdf, 0xff, 0xff, 0xff, 0xff, 0xff,
  0xff, 0xff, 0xf7, 0xbf, 0xff, 0xff, 0xbf, 0xff, 0xff, 0xff, 0xff, 0xef, 0xff, 0xfd, 0xff, 0xff,
  0xff, 0xff, 0xff, 0xfd, 0xfb, 0xff, 0xff, 0xff, 0xff, 0xff, 0xff, 0xff, 0xff, 0xf7, 0xff, 0xff,
  0xfb, 0xff, 0xff, 0xff, 0xef, 0xff, 0xff, 0xff, 0xff, 0xff, 0xff, 0xff, 0x7b, 0xdf, 0xff, 0x7b,
  0xff, 0xdf, 0xff, 0xff, 0xff, 0xef, 0xff, 0xf7, 0xfd, 0xff, 0x7f, 0xff, 0xff, 0xff, 0xfd, 0xff,
  0xff, 0xfe, 0xff, 0xff, 0xff, 0xff, 0xff, 0xdf, 0xbf, 0xff, 0xff, 0x7f, 0xff, 0xff, 0xf7, 0xff,
  0xff, 0xff, 0xf7, 0x7f, 0xff, 0xff, 0xff, 0x7f, 0xff, 0xfb, 0xfd, 0xfd, 0xff, 0xff, 0xff, 0xff,
  0xff, 0xff, 0xff, 0xfb, 0xff, 0xff, 0x7b, 0xff, 0xff, 0xef, 0xff, 0xff, 0xff, 0xff, 0xff, 0xff,
  0xfb, 0xff, 0xff, 0xff, 0xdf, 0xff, 0xff, 0xff, 0xff, 0xff, 0xff, 0xff, 0xfb, 0xff, 0xff, 0xff,
  0xff, 0xdf, 0xff, 0xff, 0xff, 0x7b, 0xff, 0xff, 0xfd, 0xff, 0xff, 0xff, 0xff, 0xdf, 0xdf, 0xff
};
// Author :- Ashish ( ashish_y_794 )
// Website : https://www.oledanimationmaker.com/

const uint8_t PROGMEM frame91[1024] = {
  0xff, 0xff, 0xff, 0xff, 0xff, 0xff, 0xff, 0xff, 0xff, 0xff, 0xff, 0xff, 0xff, 0xff, 0xff, 0xff,
  0xff, 0xff, 0xff, 0xff, 0xff, 0xff, 0xff, 0xff, 0xff, 0xff, 0xff, 0xff, 0xff, 0xff, 0xff, 0xff,
  0xff, 0xff, 0xff, 0xff, 0xff, 0xff, 0xff, 0xff, 0xff, 0xff, 0xff, 0xff, 0xff, 0xff, 0xff, 0xff,
  0xff, 0xff, 0xff, 0xff, 0xff, 0xff, 0xff, 0xff, 0xff, 0xff, 0xff, 0xff, 0xff, 0xff, 0xff, 0xff,
  0xff, 0xff, 0xff, 0xff, 0xff, 0xff, 0xff, 0xff, 0xff, 0xff, 0xff, 0xff, 0xff, 0xff, 0xff, 0xff,
  0xff, 0xff, 0xff, 0xff, 0xff, 0xff, 0xff, 0xff, 0xff, 0xff, 0xff, 0xff, 0xff, 0xff, 0xff, 0xff,
  0xfe, 0xee, 0xee, 0xee, 0xee, 0xee, 0xee, 0xee, 0xee, 0xee, 0xee, 0xee, 0xee, 0xee, 0xee, 0xef,
  0xfb, 0xff, 0xff, 0xff, 0xff, 0xff, 0xff, 0xff, 0xff, 0xff, 0xff, 0xff, 0xff, 0xff, 0xff, 0xff,
  0xff, 0xff, 0xff, 0xff, 0xff, 0xff, 0xff, 0xff, 0xff, 0xff, 0xff, 0xff, 0xff, 0xff, 0xff, 0xff,
  0xff, 0xff, 0xff, 0xff, 0xff, 0xff, 0xff, 0xff, 0xff, 0xff, 0xff, 0xff, 0xff, 0xff, 0xff, 0xff,
  0xff, 0xff, 0xff, 0xff, 0xff, 0xff, 0xff, 0xff, 0xff, 0xff, 0xff, 0xff, 0xff, 0xff, 0xff, 0xff,
  0xff, 0xff, 0xff, 0xff, 0xff, 0xff, 0xff, 0xff, 0xff, 0xff, 0xff, 0xff, 0xff, 0xff, 0xff, 0xfb,
  0xff, 0xfb, 0xbb, 0xbb, 0xbb, 0xbb, 0xbb, 0xbb, 0xbb, 0xbb, 0xbb, 0xbb, 0xbb, 0xbb, 0xbb, 0xbf,
  0xf7, 0xbf, 0xff, 0xff, 0xff, 0xff, 0xff, 0xff, 0xff, 0xff, 0xff, 0xff, 0xff, 0xff, 0xff, 0xff,
  0xff, 0xff, 0xff, 0xff, 0xff, 0xff, 0xff, 0xff, 0xff, 0xff, 0xff, 0xff, 0xff, 0xff, 0xff, 0xff,
  0xff, 0xff, 0xff, 0xff, 0xff, 0xff, 0xff, 0xff, 0xff, 0xff, 0xff, 0xff, 0xff, 0xff, 0xff, 0xff,
  0xff, 0xff, 0xff, 0xff, 0xff, 0xff, 0xff, 0xff, 0xff, 0xff, 0xff, 0xff, 0xff, 0xff, 0xff, 0xff,
  0xff, 0xff, 0xef, 0xdf, 0xbe, 0xfd, 0xfb, 0xef, 0xdf, 0xbe, 0xfd, 0xfb, 0xef, 0xdf, 0xbe, 0xf7,
  0xfd, 0xdd, 0xff, 0x7e, 0xff, 0xf7, 0xef, 0xff, 0x7e, 0xff, 0xf7, 0xef, 0xff, 0x7e, 0xff, 0xff,
  0xff, 0xff, 0xff, 0xff, 0xff, 0xff, 0xff, 0xff, 0xff, 0xff, 0xff, 0xff, 0xff, 0xff, 0xff, 0xff,
  0xff, 0xff, 0xff, 0xff, 0xff, 0xff, 0xff, 0xff, 0xff, 0xff, 0xff, 0xff, 0xbf, 0xff, 0xff, 0xff,
  0xf7, 0xff, 0xff, 0xef, 0xf7, 0xaf, 0xbe, 0xf5, 0x7b, 0xfd, 0xff, 0x6f, 0x7a, 0xff, 0xff, 0xff,
  0xff, 0xff, 0xdd, 0xfe, 0xbd, 0xef, 0xff, 0xfe, 0x9f, 0xf6, 0xbf, 0xbe, 0xdd, 0xff, 0xfb, 0xbf,
  0xff, 0xfe, 0xff, 0xd7, 0xd7, 0x57, 0x6d, 0x76, 0xdb, 0xfd, 0x6d, 0x4b, 0x75, 0xff, 0xff, 0xfb,
  0xff, 0xbb, 0xff, 0xfa, 0xee, 0xdf, 0xdf, 0xfd, 0xbe, 0xf4, 0xb7, 0xad, 0x5b, 0xf7, 0x7f, 0xff,
  0xff, 0xff, 0xff, 0xaf, 0x7f, 0xaf, 0x75, 0xbb, 0x7b, 0xff, 0x6d, 0xad, 0xaf, 0xff, 0xff, 0xff,
  0xff, 0xff, 0xff, 0xda, 0xd6, 0xff, 0xbe, 0xee, 0xbf, 0xeb, 0xd6, 0xeb, 0xf7, 0xdf, 0xff, 0xff,
  0xfb, 0xff, 0xff, 0x6e, 0xef, 0xbe, 0xd5, 0xbd, 0xf5, 0xfd, 0xb7, 0x7d, 0xaf, 0xff, 0xfb, 0xff,
  0xff, 0xff, 0xfd, 0xda, 0xb6, 0xff, 0x5b, 0xdb, 0x5e, 0x96, 0xcd, 0xa5, 0xf7, 0xff, 0xff, 0xdf,
  0xff, 0xdf, 0xf7, 0xad, 0x6f, 0xbe, 0xb5, 0x5d, 0xab, 0x7f, 0x5f, 0x5b, 0xdb, 0xff, 0xef, 0xff,
  0xff, 0xff, 0xdf, 0xef, 0xf7, 0xff, 0xbb, 0xb6, 0xdd, 0x5a, 0xbd, 0xaf, 0xef, 0xff, 0x7f, 0xff,
  0xfe, 0xfe, 0xff, 0xfe, 0xff, 0x7f, 0xff, 0xff, 0x7e, 0xff, 0xff, 0xff, 0xff, 0xef, 0xff, 0xfd,
  0xf7, 0xff, 0xff, 0xff, 0xff, 0xfd, 0xff, 0xfd, 0xf7, 0xff, 0xff, 0x7f, 0xff, 0xff, 0xff, 0xff,
  0xff, 0xff, 0xff, 0xff, 0xf7, 0xfe, 0xe5, 0x3b, 0xd4, 0xbd, 0x5f, 0xac, 0xf5, 0xff, 0xff, 0xbf,
  0xff, 0xff, 0xff, 0xf7, 0xba, 0xf5, 0x32, 0xac, 0x69, 0x5a, 0xae, 0xaa, 0xb4, 0xff, 0xff, 0xff,
  0xff, 0xfb, 0xff, 0xff, 0xdb, 0x3d, 0x49, 0x5d, 0xa0, 0xb4, 0x57, 0x5a, 0xf5, 0xfd, 0xfd, 0xff,
  0xff, 0xff, 0xff, 0xde, 0xbd, 0xbd, 0x63, 0x5a, 0x54, 0x8a, 0x2a, 0x8a, 0x34, 0xf7, 0xef, 0xff,
  0xff, 0xdf, 0xff, 0x7f, 0xd4, 0x7d, 0x16, 0xbd, 0x56, 0x94, 0x95, 0x69, 0x6a, 0xff, 0xff, 0xfb,
  0xfb, 0xff, 0xdd, 0xff, 0x7a, 0xba, 0xd7, 0x5a, 0x52, 0x2b, 0xe5, 0x15, 0x32, 0xff, 0xff, 0xff,
  0xff, 0xff, 0xff, 0xff, 0xac, 0x7d, 0x2e, 0xaa, 0xa9, 0xe9, 0x52, 0xa4, 0xa9, 0xff, 0xff, 0xff,
  0xff, 0xff, 0xff, 0xff, 0x7a, 0x7c, 0x93, 0x54, 0x52, 0x35, 0x05, 0x11, 0x4a, 0xff, 0xff, 0xef,
  0xff, 0xfe, 0xff, 0xff, 0xa8, 0xfa, 0x29, 0xa1, 0xc5, 0x95, 0x4a, 0x94, 0x94, 0xff, 0xff, 0xbf,
  0xff, 0x7b, 0xff, 0xff, 0xea, 0xfe, 0xf5, 0xda, 0xf6, 0xbe, 0x2e, 0x6a, 0xa9, 0xf7, 0xbb, 0xff,
  0xf7, 0xff, 0xff, 0xff, 0xfd, 0xfe, 0x7b, 0xeb, 0xef, 0xff, 0xff, 0xf7, 0x77, 0xdf, 0xff, 0xff,
  0xff, 0xff, 0xfb, 0xfb, 0xff, 0xff, 0xff, 0xff, 0xff, 0xff, 0xff, 0x7f, 0xff, 0x7f, 0xff, 0xff,
  0xff, 0xff, 0xff, 0xdf, 0xff, 0xff, 0xff, 0xff, 0xff, 0xfb, 0xff, 0xff, 0xff, 0xff, 0xff, 0xff,
  0xff, 0xff, 0xff, 0xff, 0xdf, 0xff, 0xff, 0xff, 0xff, 0xdf, 0xdf, 0xff, 0xff, 0xff, 0xff, 0xff,
  0xff, 0xdf, 0xdf, 0xff, 0xff, 0xf7, 0xff, 0xff, 0xff, 0xff, 0xff, 0xff, 0xff, 0xff, 0xef, 0xbf,
  0xfd, 0xfe, 0xff, 0xff, 0xff, 0xff, 0xef, 0x7f, 0x7e, 0xff, 0xff, 0xff, 0xbf, 0xff, 0xbf, 0xff,
  0xff, 0xff, 0xff, 0x7f, 0xfe, 0xff, 0xbf, 0xf7, 0xfb, 0xff, 0xfd, 0xee, 0xfd, 0xff, 0xff, 0xfd,
  0xff, 0xff, 0xff, 0xfe, 0xfb, 0xff, 0xff, 0xff, 0xff, 0xff, 0xff, 0xff, 0xff, 0xfd, 0xff, 0xff,
  0xf7, 0xff, 0xff, 0xff, 0xff, 0xff, 0xff, 0xff, 0xff, 0xfe, 0xef, 0xff, 0xff, 0xf7, 0xff, 0xff,
  0xff, 0xf7, 0xfd, 0xfb, 0xff, 0xfb, 0xff, 0xff, 0xff, 0xff, 0xff, 0xff, 0xff, 0xdf, 0xfe, 0xef,
  0xff, 0xdf, 0xf7, 0xff, 0xff, 0xff, 0xff, 0xbf, 0xdf, 0xfb, 0xff, 0xff, 0xff, 0xff, 0xff, 0xff,
  0xff, 0xff, 0xdf, 0xff, 0xff, 0xff, 0xfe, 0xfe, 0xff, 0xef, 0xff, 0xbf, 0xfd, 0xff, 0xff, 0xff,
  0xff, 0xff, 0xff, 0xff, 0xef, 0xdf, 0xdf, 0xff, 0xff, 0xbf, 0xff, 0xfb, 0xdf, 0xff, 0xff, 0xff,
  0xfe, 0xff, 0xff, 0xff, 0xff, 0x7f, 0x7f, 0xff, 0xfe, 0xff, 0xff, 0xff, 0xff, 0xff, 0xf7, 0xff,
  0xfb, 0xff, 0xff, 0xef, 0x7f, 0xff, 0xff, 0xff, 0xff, 0xff, 0xfb, 0xff, 0xff, 0xff, 0xff, 0xdf,
  0xff, 0xff, 0x7f, 0xff, 0xff, 0xff, 0xff, 0xff, 0xff, 0xff, 0xef, 0xff, 0xff, 0xff, 0xbf, 0xff,
  0xff, 0xfd, 0xff, 0xff, 0xff, 0xff, 0xff, 0xf7, 0xef, 0xff, 0xff, 0xef, 0xff, 0xbd, 0xff, 0xff,
  0xff, 0xff, 0xff, 0xff, 0xff, 0xff, 0xfe, 0xff, 0x7f, 0xff, 0xff, 0xff, 0x7b, 0xff, 0xff, 0x7f,
  0xff, 0xff, 0xfe, 0xff, 0xfb, 0xfd, 0xff, 0xff, 0xff, 0xff, 0xff, 0xff, 0xff, 0xff, 0xff, 0xfd,
  0xf7, 0xef, 0xfb, 0xf7, 0x7f, 0xdf, 0xf7, 0xff, 0xff, 0xff, 0x7f, 0xff, 0xff, 0xff, 0xff, 0xff,
  0xff, 0xbf, 0xff, 0xff, 0xff, 0xff, 0xff, 0xff, 0xff, 0x7b, 0xff, 0x7f, 0xff, 0xff, 0xfb, 0xff
};
// Author :- Ashish ( ashish_y_794 )
// Website : https://www.oledanimationmaker.com/

const uint8_t PROGMEM frame92[1024] = {
  0xff, 0xff, 0xff, 0xff, 0xff, 0xff, 0xff, 0xff, 0xff, 0xff, 0xff, 0xff, 0xff, 0xff, 0xff, 0xff,
  0xff, 0xff, 0xff, 0xff, 0xff, 0xff, 0xff, 0xff, 0xff, 0xff, 0xff, 0xff, 0xff, 0xff, 0xff, 0xff,
  0xff, 0xff, 0xff, 0xff, 0xff, 0xff, 0xff, 0xff, 0xff, 0xff, 0xff, 0xff, 0xff, 0xff, 0xff, 0xff,
  0xff, 0xff, 0xff, 0xff, 0xff, 0xff, 0xff, 0xff, 0xff, 0xff, 0xff, 0xff, 0xff, 0xff, 0xff, 0xff,
  0xff, 0xff, 0xff, 0xff, 0xff, 0xff, 0xff, 0xff, 0xff, 0xff, 0xff, 0xff, 0xff, 0xff, 0xff, 0xff,
  0xff, 0xff, 0xff, 0xff, 0xff, 0xff, 0xff, 0xff, 0xff, 0xff, 0xff, 0xff, 0xff, 0xff, 0xff, 0xff,
  0xfd, 0xdd, 0xdd, 0xdd, 0xdd, 0xdd, 0xdd, 0xdd, 0xdd, 0xdd, 0xdd, 0xdd, 0xdd, 0xdd, 0xdd, 0xdf,
  0xff, 0xff, 0xff, 0xff, 0xff, 0xff, 0xff, 0xff, 0xff, 0xff, 0xff, 0xff, 0xff, 0xff, 0xff, 0xfd,
  0xff, 0xff, 0xff, 0xff, 0xff, 0xff, 0xff, 0xff, 0xff, 0xff, 0xff, 0xff, 0xff, 0xff, 0xff, 0xff,
  0xf7, 0xff, 0xff, 0xff, 0xff, 0xff, 0xff, 0xff, 0xff, 0xff, 0xff, 0xff, 0xff, 0xff, 0xff, 0xff,
  0xff, 0xff, 0xff, 0xff, 0xff, 0xff, 0xff, 0xff, 0xff, 0xff, 0xff, 0xff, 0xff, 0xff, 0xff, 0xff,
  0xff, 0xef, 0x7b, 0xde, 0xf7, 0xbd, 0xef, 0x7b, 0xde, 0xf7, 0xbd, 0xef, 0x7b, 0xde, 0xf7, 0xbf,
  0xff, 0xbf, 0xff, 0xff, 0xff, 0xff, 0xff, 0xff, 0xff, 0xff, 0xff, 0xff, 0xff, 0xff, 0xff, 0xff,
  0xff, 0xff, 0xff, 0xff, 0xff, 0xff, 0xff, 0xff, 0xff, 0xff, 0xff, 0xff, 0xff, 0xff, 0xff, 0xfb,
  0xfd, 0xff, 0xff, 0xff, 0xff, 0xff, 0xff, 0xff, 0xff, 0xff, 0xff, 0xff, 0xff, 0xff, 0xff, 0xff,
  0xf7, 0xff, 0xff, 0x7f, 0xdf, 0xf7, 0xfd, 0xff, 0x7f, 0xdf, 0xf7, 0xfd, 0xff, 0x7f, 0xdf, 0xff,
  0xff, 0xff, 0x77, 0xfb, 0xfe, 0xff, 0xbf, 0xef, 0xfb, 0xfe, 0xff, 0xbf, 0xef, 0xfb, 0xfe, 0xff,
  0xff, 0xff, 0xff, 0xff, 0xff, 0xff, 0xff, 0xff, 0xff, 0xff, 0xff, 0xff, 0xff, 0xff, 0xff, 0xef,
  0xff, 0xfd, 0xff, 0xff, 0xff, 0xff, 0xff, 0xff, 0xff, 0xff, 0xff, 0xff, 0xff, 0xff, 0xff, 0xff,
  0xff, 0xf7, 0xff, 0xff, 0xff, 0xff, 0xff, 0xff, 0xff, 0xff, 0xff, 0xff, 0xff, 0xff, 0xff, 0xff,
  0xff, 0xff, 0xff, 0xbe, 0xef, 0xbb, 0xf7, 0xbb, 0x77, 0xbb, 0xee, 0xfb, 0x7b, 0xbe, 0xef, 0xff,
  0xfb, 0xbf, 0xfd, 0xef, 0xbb, 0xef, 0x7e, 0xfe, 0xdf, 0xff, 0x7f, 0xaf, 0xbe, 0xfb, 0xfe, 0xff,
  0xff, 0xff, 0xff, 0xfe, 0xff, 0xb7, 0xdf, 0xfa, 0xbb, 0xfd, 0xfe, 0xde, 0xda, 0xff, 0xff, 0xf7,
  0xff, 0xff, 0xf7, 0xd7, 0xda, 0xdf, 0xfa, 0xff, 0x5e, 0xf6, 0x5f, 0x55, 0x6d, 0xff, 0xff, 0xff,
  0xff, 0xff, 0xff, 0xfa, 0xef, 0xaf, 0x5f, 0xf5, 0xfb, 0xfa, 0x6b, 0x9e, 0xb7, 0xff, 0xff, 0xff,
  0xff, 0xff, 0xbf, 0xaf, 0x5d, 0xbf, 0xea, 0xbe, 0xbf, 0xfd, 0xb6, 0xe5, 0xb7, 0xff, 0xff, 0xff,
  0xf7, 0xfb, 0xff, 0xda, 0xef, 0x6d, 0x7f, 0xea, 0xb5, 0xef, 0xdb, 0x6f, 0xdb, 0xef, 0xee, 0xef,
  0xff, 0x7f, 0xff, 0x6e, 0xf7, 0xff, 0xa9, 0x7f, 0xff, 0xba, 0xd5, 0xf9, 0xef, 0xff, 0xbf, 0xff,
  0xff, 0xff, 0xff, 0xaa, 0xae, 0xbe, 0xb5, 0xaa, 0xaa, 0xd7, 0x4f, 0x57, 0xb7, 0xff, 0xff, 0xff,
  0xff, 0xff, 0xff, 0xad, 0x6f, 0xff, 0x5b, 0xbd, 0xbd, 0x5d, 0x7e, 0xab, 0xef, 0xbf, 0xff, 0xff,
  0xff, 0xff, 0xf7, 0xef, 0xf7, 0x7f, 0xbb, 0xd6, 0xab, 0x7f, 0xaf, 0xaf, 0xdf, 0xfe, 0xff, 0xff,
  0xfb, 0xee, 0xff, 0xde, 0xff, 0xff, 0xff, 0xbf, 0xfd, 0xfe, 0xfe, 0xff, 0xfd, 0xff, 0xff, 0xfb,
  0xff, 0xff, 0xff, 0xff, 0xff, 0xf6, 0xff, 0xfd, 0xf7, 0x7f, 0xff, 0xdd, 0xff, 0xff, 0xff, 0x7f,
  0xff, 0xff, 0xff, 0xff, 0xfb, 0x7d, 0xe2, 0xbd, 0x55, 0xba, 0xbf, 0x7d, 0x75, 0xff, 0xfd, 0xff,
  0xff, 0xff, 0xfd, 0xff, 0xdb, 0xfd, 0x35, 0x5a, 0xd0, 0xba, 0xaf, 0x15, 0x74, 0xf7, 0xf7, 0xff,
  0xff, 0x7f, 0xdf, 0xff, 0x6d, 0x5d, 0x52, 0xbd, 0x50, 0x94, 0x56, 0xda, 0xb5, 0xff, 0xdf, 0xff,
  0xf7, 0xfb, 0xff, 0xff, 0xba, 0xbd, 0x42, 0x9a, 0x55, 0x54, 0x2a, 0x89, 0x74, 0xff, 0xff, 0xff,
  0xff, 0xff, 0xff, 0xee, 0xda, 0xba, 0xab, 0x5a, 0xaa, 0x8a, 0x95, 0x6a, 0xaa, 0xff, 0xff, 0xfb,
  0xff, 0xff, 0xff, 0xbf, 0x78, 0xbd, 0x57, 0x7a, 0x55, 0x2b, 0xd2, 0x89, 0x34, 0xfe, 0xff, 0xff,
  0xff, 0xff, 0xfe, 0xff, 0xae, 0x7d, 0x2e, 0x95, 0x52, 0xe9, 0x52, 0xa4, 0xa5, 0xfb, 0xff, 0xff,
  0xff, 0xbe, 0xef, 0xff, 0x78, 0xfc, 0x93, 0x54, 0x52, 0x35, 0x45, 0x11, 0x28, 0xff, 0xff, 0xef,
  0xfb, 0xfb, 0xff, 0xff, 0xd4, 0x7a, 0x29, 0xa2, 0xd2, 0x9a, 0x0a, 0x54, 0x94, 0xff, 0xff, 0xbf,
  0xff, 0xff, 0xff, 0xff, 0xd3, 0xfe, 0xf5, 0xd9, 0xef, 0xbd, 0x5e, 0xaa, 0xaa, 0xff, 0xfb, 0xff,
  0xff, 0xff, 0xff, 0xff, 0xfd, 0xfe, 0x7b, 0xef, 0xee, 0xff, 0xbe, 0xf7, 0x7b, 0xf7, 0xff, 0xff,
  0xff, 0xff, 0xff, 0xfe, 0xff, 0xff, 0xff, 0xfe, 0xff, 0xef, 0xff, 0xff, 0xff, 0xff, 0xef, 0xff,
  0xff, 0xdf, 0xfd, 0xfb, 0xff, 0xff, 0xff, 0xff, 0xff, 0xff, 0xff, 0xff, 0xff, 0xff, 0xff, 0xff,
  0xf7, 0x7f, 0xf7, 0xef, 0xff, 0xef, 0xff, 0xff, 0xff, 0xff, 0xff, 0xff, 0xff, 0xbf, 0xff, 0xff,
  0xff, 0xff, 0xbf, 0xff, 0xff, 0xff, 0xff, 0xef, 0xff, 0xff, 0xfb, 0xef, 0xf7, 0xff, 0x7f, 0xfb,
  0xff, 0xff, 0xff, 0xff, 0xfb, 0xff, 0xbb, 0xbf, 0xf7, 0x7e, 0xef, 0xff, 0xdf, 0xff, 0xff, 0x7f,
  0xff, 0xfe, 0xff, 0xff, 0xff, 0xfe, 0xff, 0xff, 0xbf, 0xfb, 0xff, 0xff, 0x7f, 0xff, 0xff, 0xff,
  0xff, 0xff, 0xff, 0xff, 0xff, 0xbf, 0xff, 0xff, 0xff, 0xff, 0xff, 0xff, 0xff, 0xf7, 0xfb, 0xff,
  0xfb, 0xff, 0xff, 0xff, 0xef, 0xff, 0xff, 0xff, 0xff, 0xff, 0xff, 0xdf, 0xff, 0xdf, 0xef, 0xff,
  0xff, 0xef, 0xff, 0xbf, 0xbf, 0xff, 0xff, 0xff, 0xff, 0xff, 0xff, 0xff, 0xff, 0xff, 0xbf, 0xf7,
  0xff, 0xff, 0xfd, 0xfd, 0xff, 0xfb, 0xff, 0xfd, 0xff, 0xdf, 0xff, 0xff, 0xff, 0xff, 0xff, 0xff,
  0xff, 0xbf, 0xef, 0xff, 0xff, 0xff, 0xfb, 0xbf, 0xf7, 0x7f, 0xfe, 0xfd, 0xfe, 0xff, 0xff, 0xff,
  0xfe, 0xff, 0x7f, 0xff, 0xff, 0xbf, 0xef, 0xff, 0xdf, 0xff, 0x77, 0xff, 0xfb, 0xff, 0xff, 0xff,
  0xf7, 0xff, 0xff, 0xff, 0xff, 0xff, 0xff, 0xff, 0xff, 0xff, 0xff, 0xff, 0xef, 0xff, 0xff, 0xdf,
  0xff, 0xff, 0xff, 0xff, 0xff, 0xff, 0xbf, 0xff, 0xff, 0xff, 0xff, 0xf7, 0xff, 0xfd, 0xff, 0xff,
  0xff, 0xff, 0xff, 0xee, 0xfd, 0xfe, 0xff, 0xfb, 0xff, 0xff, 0xff, 0xff, 0xff, 0xff, 0xfe, 0xff,
  0xff, 0xfe, 0xff, 0xff, 0xf7, 0xfb, 0xff, 0xff, 0xff, 0xfd, 0xff, 0xff, 0xff, 0xf7, 0xdf, 0xff,
  0xff, 0xff, 0xfd, 0xff, 0xff, 0xff, 0xff, 0xdf, 0xff, 0xf7, 0xff, 0x7f, 0xbf, 0xff, 0xff, 0xfd,
  0xff, 0xf7, 0xf7, 0xff, 0xff, 0xff, 0xff, 0xff, 0xbb, 0xbf, 0xef, 0xff, 0xff, 0xff, 0xff, 0xff,
  0xf7, 0x7f, 0xff, 0xff, 0xff, 0xef, 0xff, 0xff, 0xff, 0xff, 0xff, 0xfb, 0xff, 0xbf, 0xff, 0xef,
  0xff, 0xff, 0xff, 0xef, 0x7f, 0xff, 0xfe, 0xff, 0xff, 0xff, 0xff, 0xff, 0xfd, 0xff, 0xfb, 0xbf
};
// Author :- Ashish ( ashish_y_794 )
// Website : https://www.oledanimationmaker.com/

const uint8_t PROGMEM frame93[1024] = {
  0xff, 0xff, 0xff, 0xff, 0xff, 0xff, 0xff, 0xff, 0xff, 0xff, 0xff, 0xff, 0xff, 0xff, 0xff, 0xff,
  0xff, 0xff, 0xff, 0xff, 0xff, 0xff, 0xff, 0xff, 0xff, 0xff, 0xff, 0xff, 0xff, 0xff, 0xff, 0xff,
  0xff, 0xff, 0xff, 0xff, 0xff, 0xff, 0xff, 0xff, 0xff, 0xff, 0xff, 0xff, 0xff, 0xff, 0xff, 0xff,
  0xff, 0xff, 0xff, 0xff, 0xff, 0xff, 0xff, 0xff, 0xff, 0xff, 0xff, 0xff, 0xff, 0xff, 0xff, 0xff,
  0xff, 0xff, 0xff, 0xff, 0xff, 0xff, 0xff, 0xff, 0xff, 0xff, 0xff, 0xff, 0xff, 0xff, 0xff, 0xff,
  0xff, 0xff, 0xff, 0xff, 0xff, 0xff, 0xff, 0xff, 0xff, 0xff, 0xff, 0xff, 0xff, 0xff, 0xff, 0xff,
  0xfd, 0xdd, 0xdd, 0xdd, 0xdd, 0xdd, 0xdd, 0xdd, 0xdd, 0xdd, 0xdd, 0xdd, 0xdd, 0xdd, 0xdd, 0xdd,
  0xff, 0xff, 0xff, 0xff, 0xff, 0xff, 0xff, 0xff, 0xff, 0xff, 0xff, 0xff, 0xff, 0xff, 0xff, 0xff,
  0xff, 0xff, 0xff, 0xff, 0xff, 0xff, 0xff, 0xff, 0xff, 0xff, 0xff, 0xff, 0xff, 0xff, 0xff, 0xff,
  0xf7, 0xff, 0xff, 0xff, 0xff, 0xff, 0xff, 0xff, 0xff, 0xff, 0xff, 0xff, 0xff, 0xff, 0xff, 0xff,
  0xff, 0xff, 0xff, 0xff, 0xff, 0xff, 0xff, 0xff, 0xff, 0xff, 0xff, 0xff, 0xff, 0xff, 0xff, 0xff,
  0xff, 0xde, 0xee, 0xee, 0xee, 0xee, 0xee, 0xee, 0xee, 0xee, 0xee, 0xee, 0xee, 0xee, 0xee, 0xef,
  0xff, 0xff, 0xff, 0xff, 0xff, 0xff, 0xff, 0xff, 0xff, 0xff, 0xff, 0xff, 0xff, 0xff, 0xff, 0xff,
  0xff, 0xff, 0xff, 0xff, 0xff, 0xff, 0xff, 0xff, 0xff, 0xff, 0xff, 0xff, 0xff, 0xff, 0xff, 0xff,
  0xfd, 0xff, 0xff, 0xff, 0xff, 0xff, 0xff, 0xff, 0xff, 0xff, 0xff, 0xff, 0xff, 0xff, 0xff, 0xff,
  0xf7, 0xfb, 0xff, 0xff, 0xff, 0xff, 0xff, 0xff, 0xff, 0xff, 0xff, 0xff, 0xff, 0xff, 0xff, 0xff,
  0xff, 0xef, 0xef, 0xbf, 0x7e, 0xfd, 0xfb, 0xf7, 0xef, 0xdf, 0xbf, 0x7e, 0xfd, 0xfb, 0xf7, 0xef,
  0xff, 0xff, 0xff, 0xfd, 0xfb, 0xf7, 0xef, 0xdf, 0xbf, 0x7e, 0xfd, 0xfb, 0xf7, 0xef, 0xdf, 0xbf,
  0xff, 0xff, 0xff, 0xff, 0xff, 0xff, 0xff, 0xff, 0xff, 0xff, 0xff, 0xff, 0xff, 0xff, 0xff, 0xff,
  0xff, 0xff, 0xfe, 0xff, 0xff, 0xff, 0xff, 0xff, 0xff, 0xff, 0xff, 0xff, 0xff, 0xff, 0xff, 0xff,
  0xff, 0xbf, 0xbf, 0xff, 0xff, 0xff, 0xff, 0xff, 0xff, 0xff, 0xff, 0xff, 0xff, 0xff, 0xff, 0xff,
  0xfb, 0xff, 0xff, 0xde, 0xf7, 0xd7, 0xbd, 0xf5, 0x5b, 0xfd, 0xfe, 0xde, 0xba, 0xff, 0xff, 0xff,
  0xff, 0xff, 0xff, 0xef, 0xbd, 0xdf, 0xff, 0x7e, 0xbf, 0xf7, 0x5f, 0x57, 0xdd, 0x7f, 0x7e, 0xff,
  0xff, 0xfd, 0xfb, 0xf6, 0xd7, 0x6f, 0x5b, 0xfb, 0x5b, 0xbc, 0xef, 0xad, 0x6b, 0xfb, 0xfb, 0xf7,
  0xff, 0xff, 0xff, 0xaf, 0x7d, 0x97, 0xfd, 0xfd, 0xfd, 0xfa, 0x3a, 0xcd, 0x35, 0xff, 0xff, 0xff,
  0xf7, 0xef, 0xff, 0xfa, 0xd7, 0xdf, 0x57, 0x6e, 0xb7, 0xff, 0xd7, 0x57, 0xbf, 0xff, 0xff, 0xff,
  0xff, 0xbf, 0xef, 0x57, 0xee, 0xbf, 0xfb, 0xba, 0xbf, 0xeb, 0x75, 0xed, 0xd7, 0xff, 0xff, 0xff,
  0xff, 0xff, 0xff, 0xdc, 0xbf, 0xfe, 0x9a, 0xef, 0xf5, 0xbd, 0xd7, 0x7b, 0xb7, 0xff, 0xff, 0xff,
  0xff, 0xff, 0xff, 0x56, 0xd6, 0xff, 0x6b, 0x5a, 0xae, 0xd6, 0xab, 0xaa, 0xf7, 0xde, 0xef, 0xef,
  0xff, 0xff, 0xbf, 0xda, 0xef, 0x7e, 0xbb, 0xbd, 0xbb, 0x5f, 0x5e, 0xab, 0xef, 0xff, 0xff, 0x7f,
  0xfb, 0xff, 0xff, 0xaf, 0x77, 0xbf, 0xb5, 0xd6, 0xba, 0xbd, 0xbf, 0x6f, 0xdf, 0xff, 0xff, 0xff,
  0xff, 0xfd, 0xff, 0xff, 0xff, 0xff, 0xff, 0xff, 0xee, 0xff, 0xff, 0xbf, 0xfd, 0xff, 0xff, 0xff,
  0xff, 0xdf, 0xfd, 0xff, 0xff, 0xfd, 0xff, 0xbd, 0xfb, 0xff, 0x7d, 0xff, 0xff, 0xf7, 0xff, 0xff,
  0xff, 0xff, 0xff, 0xff, 0xed, 0xfd, 0x65, 0x7d, 0x55, 0x7a, 0xdf, 0x5a, 0x75, 0xff, 0xbb, 0xff,
  0xfe, 0xff, 0xff, 0xfe, 0xfb, 0x76, 0xb2, 0x9a, 0xd1, 0x2d, 0x57, 0xad, 0x74, 0xff, 0xff, 0xf7,
  0xf7, 0xff, 0xef, 0xfb, 0x9a, 0xbd, 0x49, 0x5d, 0x50, 0xb4, 0x5e, 0x95, 0x75, 0xff, 0xff, 0xdf,
  0xff, 0xff, 0xbf, 0xef, 0xfb, 0x7c, 0xa3, 0x5a, 0x54, 0x94, 0x26, 0xaa, 0xb4, 0xfd, 0xff, 0xff,
  0xff, 0xfb, 0xff, 0xbf, 0x54, 0xba, 0xa6, 0xbd, 0x56, 0x95, 0x52, 0xa9, 0x55, 0xef, 0xff, 0xff,
  0xff, 0xff, 0xff, 0xff, 0xba, 0xbd, 0x5f, 0x5a, 0x52, 0xab, 0xd5, 0x24, 0x74, 0xff, 0xfb, 0xff,
  0xff, 0xef, 0xff, 0xfe, 0xec, 0x7d, 0x26, 0xaa, 0xa9, 0x69, 0x42, 0x92, 0x92, 0xff, 0xef, 0xff,
  0xfd, 0xff, 0xff, 0xff, 0xba, 0xfa, 0x2b, 0x54, 0x52, 0x54, 0xa5, 0x14, 0x94, 0xff, 0xff, 0xdf,
  0xf7, 0xff, 0xfd, 0xff, 0xd0, 0x7d, 0x51, 0xa1, 0x65, 0x36, 0x0a, 0xa8, 0x92, 0xff, 0xff, 0xff,
  0xff, 0xff, 0xef, 0xff, 0x6d, 0xfc, 0x77, 0xad, 0xeb, 0x9d, 0x5e, 0x53, 0x54, 0xf7, 0x7f, 0xff,
  0xff, 0xff, 0x7f, 0xff, 0xfb, 0xff, 0x7b, 0xf5, 0xef, 0xff, 0xbe, 0xf7, 0x7b, 0xff, 0xff, 0xff,
  0xff, 0xfd, 0xff, 0xef, 0xff, 0xff, 0xff, 0xff, 0xff, 0xff, 0xff, 0xff, 0xff, 0xff, 0xff, 0xfb,
  0xff, 0xdf, 0xff, 0xff, 0xff, 0xff, 0xff, 0xbf, 0xff, 0xff, 0xff, 0xff, 0xff, 0xff, 0xfd, 0xdf,
  0xff, 0xff, 0xff, 0xff, 0xff, 0xef, 0xfe, 0xff, 0xff, 0xfe, 0xff, 0xff, 0xff, 0xef, 0xf7, 0xff,
  0xfb, 0xff, 0xff, 0x7e, 0xef, 0xbf, 0xfb, 0xff, 0xff, 0xbb, 0xfb, 0xff, 0xef, 0xbf, 0xdf, 0xff,
  0xff, 0xff, 0xff, 0xff, 0xff, 0xff, 0x7f, 0xff, 0xfe, 0xff, 0xff, 0xef, 0xbf, 0xff, 0x7f, 0xff,
  0xff, 0xff, 0xfb, 0xff, 0xff, 0xff, 0xff, 0xff, 0x77, 0xff, 0xff, 0xff, 0xff, 0xff, 0xff, 0xff,
  0xff, 0xbb, 0xdf, 0xfb, 0xff, 0xff, 0xff, 0xfd, 0xff, 0xff, 0xff, 0xff, 0xff, 0xff, 0xff, 0xff,
  0xf7, 0xff, 0xff, 0xff, 0xfd, 0xff, 0xff, 0xff, 0xff, 0xff, 0xff, 0x7f, 0xff, 0xff, 0xff, 0xf7,
  0xff, 0xff, 0xff, 0xff, 0xf7, 0xfd, 0xef, 0xff, 0xff, 0xff, 0xef, 0xfd, 0xfe, 0xff, 0xff, 0xdf,
  0xff, 0xff, 0xff, 0xdf, 0xdf, 0xf7, 0xff, 0xef, 0xff, 0xff, 0x7f, 0xff, 0xff, 0xf7, 0xff, 0xff,
  0xff, 0xff, 0xff, 0xff, 0xff, 0xff, 0xff, 0x7f, 0xff, 0xef, 0xff, 0xff, 0xef, 0xff, 0x7e, 0xff,
  0xff, 0x77, 0x7d, 0xfe, 0xff, 0xff, 0xff, 0xff, 0xf7, 0x7f, 0xff, 0xef, 0xff, 0xff, 0xfb, 0xff,
  0xfb, 0xff, 0xf7, 0xff, 0xff, 0xff, 0xff, 0xff, 0xdf, 0xff, 0xfe, 0xff, 0xff, 0xdf, 0xff, 0xff,
  0xff, 0xff, 0xff, 0xff, 0xff, 0xdf, 0xf7, 0xff, 0x7f, 0xff, 0xff, 0xff, 0x7f, 0x7f, 0xff, 0xff,
  0xff, 0xff, 0xff, 0xf7, 0xff, 0xff, 0xbf, 0xfd, 0xff, 0xfe, 0xf7, 0xff, 0xfd, 0xff, 0xff, 0xff,
  0xff, 0xff, 0xff, 0xff, 0xff, 0xff, 0xff, 0xdf, 0xff, 0xff, 0xff, 0xff, 0xff, 0xff, 0x7f, 0xfb,
  0xff, 0xfd, 0xff, 0xff, 0xee, 0xfe, 0xff, 0x7f, 0xff, 0xff, 0xff, 0xf7, 0xff, 0xff, 0xf7, 0xef,
  0xf7, 0xbf, 0xef, 0xbf, 0xbf, 0xff, 0xff, 0xff, 0xff, 0xdf, 0xff, 0xdf, 0xef, 0xff, 0xff, 0xbf,
  0xff, 0xff, 0xff, 0xff, 0xff, 0xf7, 0xff, 0xff, 0xff, 0x7f, 0xbf, 0x7f, 0xbf, 0xff, 0xff, 0xff,
  0xff, 0xff, 0xff, 0xfd, 0xff, 0xff, 0xff, 0xff, 0xff, 0xfe, 0xfd, 0xff, 0xff, 0xfd, 0xff, 0xff
};
// Author :- Ashish ( ashish_y_794 )
// Website : https://www.oledanimationmaker.com/

const uint8_t PROGMEM frame94[1024] = {
  0xff, 0xff, 0xff, 0xff, 0xff, 0xff, 0xff, 0xff, 0xff, 0xff, 0xff, 0xff, 0xff, 0xff, 0xff, 0xff,
  0xff, 0xff, 0xff, 0xff, 0xff, 0xff, 0xff, 0xff, 0xff, 0xff, 0xff, 0xff, 0xff, 0xff, 0xff, 0xff,
  0xff, 0xff, 0xff, 0xff, 0xff, 0xff, 0xff, 0xff, 0xff, 0xff, 0xff, 0xff, 0xff, 0xff, 0xff, 0xff,
  0xff, 0xff, 0xff, 0xff, 0xff, 0xff, 0xff, 0xff, 0xff, 0xff, 0xff, 0xff, 0xff, 0xff, 0xff, 0xff,
  0xff, 0xff, 0xff, 0xff, 0xff, 0xff, 0xff, 0xff, 0xff, 0xff, 0xff, 0xff, 0xff, 0xff, 0xff, 0xff,
  0xfd, 0xdd, 0xdd, 0xdd, 0xdd, 0xdd, 0xdd, 0xdd, 0xdd, 0xdd, 0xdd, 0xdd, 0xdd, 0xdd, 0xdd, 0xdf,
  0xf7, 0xff, 0xff, 0xff, 0xff, 0xff, 0xff, 0xff, 0xff, 0xff, 0xff, 0xff, 0xff, 0xff, 0xff, 0xfd,
  0xff, 0xff, 0xff, 0xff, 0xff, 0xff, 0xff, 0xff, 0xff, 0xff, 0xff, 0xff, 0xff, 0xff, 0xff, 0xff,
  0xff, 0xff, 0xff, 0xff, 0xff, 0xff, 0xff, 0xff, 0xff, 0xff, 0xff, 0xff, 0xff, 0xff, 0xff, 0xff,
  0xff, 0xff, 0xff, 0xff, 0xff, 0xff, 0xff, 0xff, 0xff, 0xff, 0xff, 0xff, 0xff, 0xff, 0xff, 0xff,
  0xff, 0xee, 0xee, 0xee, 0xee, 0xee, 0xee, 0xee, 0xee, 0xee, 0xee, 0xee, 0xee, 0xee, 0xee, 0xef,
  0xfe, 0xff, 0xff, 0xff, 0xff, 0xff, 0xff, 0xff, 0xff, 0xff, 0xff, 0xff, 0xff, 0xff, 0xff, 0xff,
  0xf7, 0xff, 0xff, 0xff, 0xff, 0xff, 0xff, 0xff, 0xff, 0xff, 0xff, 0xff, 0xff, 0xff, 0xff, 0xff,
  0xff, 0xff, 0xff, 0xff, 0xff, 0xff, 0xff, 0xff, 0xff, 0xff, 0xff, 0xff, 0xff, 0xff, 0xff, 0xff,
  0xff, 0xff, 0xfb, 0xfb, 0xfb, 0xfb, 0xfb, 0xfb, 0xfb, 0xfb, 0xfb, 0xfb, 0xfb, 0xfb, 0xfb, 0xfb,
  0xff, 0xee, 0xef, 0xdf, 0xdf, 0xdf, 0xdf, 0xdf, 0xdf, 0xdf, 0xdf, 0xdf, 0xdf, 0xdf, 0xdf, 0xdf,
  0xff, 0xbf, 0xff, 0xff, 0xff, 0xff, 0xff, 0xff, 0xff, 0xff, 0xff, 0xff, 0xff, 0xff, 0xff, 0xff,
  0xf7, 0xff, 0xff, 0xff, 0xff, 0xff, 0xff, 0xff, 0xff, 0xff, 0xff, 0xff, 0xff, 0xff, 0xff, 0xff,
  0xff, 0xff, 0xff, 0xff, 0xff, 0xff, 0xff, 0xff, 0xff, 0xff, 0xff, 0xff, 0xff, 0xff, 0xff, 0xff,
  0xff, 0xff, 0xff, 0xbe, 0xfd, 0xfd, 0xfd, 0xfe, 0xfd, 0xfd, 0xfd, 0xfd, 0xfd, 0xfd, 0xfd, 0xff,
  0xfe, 0xfe, 0xee, 0xff, 0xef, 0xdf, 0xdf, 0xdb, 0xef, 0xdf, 0xef, 0xef, 0xbf, 0xdf, 0xdf, 0xdd,
  0xfb, 0xfb, 0xff, 0xef, 0x7f, 0xef, 0xfe, 0xfe, 0xbf, 0xff, 0x7f, 0x5f, 0xdd, 0x7f, 0xff, 0xff,
  0xef, 0xff, 0xff, 0xfd, 0xf5, 0xb7, 0x7b, 0xfa, 0xbb, 0xfa, 0xff, 0xb6, 0xba, 0xff, 0xff, 0xff,
  0xff, 0xff, 0xff, 0xd7, 0x5f, 0xcf, 0xde, 0xff, 0x5d, 0xfd, 0x5d, 0x9b, 0x6d, 0xff, 0xff, 0xff,
  0xff, 0xff, 0xff, 0xbd, 0xed, 0x5f, 0x77, 0xf5, 0xf7, 0xec, 0xaf, 0x4d, 0x57, 0xfe, 0xf7, 0x7f,
  0xff, 0xef, 0xf7, 0xee, 0xbf, 0xbf, 0xdd, 0x7e, 0xbd, 0xfb, 0x73, 0xee, 0xbb, 0xff, 0xff, 0xf7,
  0xff, 0xff, 0xbf, 0x55, 0xed, 0x7d, 0x6b, 0xaa, 0xbf, 0xff, 0xda, 0xb5, 0xef, 0xf7, 0xff, 0xff,
  0xff, 0xff, 0xff, 0xde, 0xb7, 0xef, 0xbd, 0xff, 0xf5, 0xaa, 0xd7, 0xfb, 0xd7, 0xdf, 0xff, 0xff,
  0xfb, 0xbe, 0xff, 0x55, 0x6f, 0x7e, 0xaa, 0x9a, 0xae, 0xde, 0xaa, 0x95, 0xfb, 0xff, 0xdf, 0xff,
  0xff, 0xff, 0xff, 0xad, 0xd7, 0x7f, 0x5b, 0xdd, 0x5b, 0x57, 0x5f, 0x6b, 0xd7, 0xff, 0xfd, 0xdf,
  0xff, 0xff, 0xff, 0xde, 0xff, 0xff, 0x7b, 0x76, 0xdd, 0x7d, 0xbf, 0xaf, 0xef, 0xff, 0xff, 0xff,
  0xff, 0xff, 0xfb, 0xff, 0xef, 0x7f, 0xff, 0xdf, 0xbd, 0xbf, 0xfd, 0x7f, 0xff, 0xff, 0x7f, 0xff,
  0xef, 0xf7, 0xef, 0xff, 0xff, 0xfb, 0xf7, 0xfd, 0xfb, 0xff, 0x7f, 0xfd, 0xff, 0x7b, 0xff, 0xfd,
  0xfe, 0xff, 0x7f, 0xff, 0x7b, 0xfd, 0x6a, 0xba, 0xea, 0xbd, 0xbf, 0x9d, 0x75, 0xff, 0xff, 0xf7,
  0xff, 0xff, 0xff, 0xdd, 0xed, 0x7d, 0x55, 0x5d, 0x51, 0x5a, 0x57, 0x55, 0x74, 0xff, 0xfb, 0xbf,
  0xff, 0xff, 0xff, 0xff, 0xb6, 0xba, 0xa2, 0xba, 0xa8, 0xb5, 0x56, 0xaa, 0xb5, 0xff, 0xff, 0xff,
  0xff, 0xef, 0xff, 0xff, 0xbb, 0x7d, 0x52, 0x9a, 0xa2, 0x48, 0x16, 0x95, 0x74, 0xef, 0xdf, 0xff,
  0xfb, 0xff, 0xff, 0x7e, 0xd8, 0xba, 0xa7, 0x5d, 0x5a, 0x95, 0x52, 0xaa, 0x35, 0x7f, 0x7f, 0xff,
  0xff, 0xfe, 0xf7, 0xff, 0x7d, 0x7c, 0x9e, 0xba, 0x4a, 0x2a, 0xd5, 0x49, 0x54, 0xff, 0xff, 0xff,
  0xff, 0xbf, 0xff, 0xfb, 0xaa, 0x7a, 0x56, 0xaa, 0x52, 0xeb, 0x52, 0x94, 0xaa, 0xff, 0xfe, 0xef,
  0xff, 0xff, 0xff, 0xff, 0x78, 0xbd, 0x23, 0x54, 0xa9, 0x28, 0x82, 0x48, 0x91, 0x7f, 0xff, 0xff,
  0xef, 0xff, 0xff, 0xff, 0xaa, 0xfa, 0x59, 0xa0, 0xd2, 0x9a, 0xad, 0x12, 0x4a, 0xfd, 0xff, 0xff,
  0xff, 0xfb, 0xbd, 0xdf, 0xe8, 0xfd, 0x6b, 0xaa, 0xe7, 0x5e, 0x16, 0xea, 0x94, 0xff, 0xf7, 0xff,
  0xfe, 0xff, 0xff, 0xff, 0xf7, 0xfe, 0xbb, 0xef, 0xff, 0xbf, 0xfe, 0x77, 0x7b, 0xff, 0xff, 0xfb,
  0xff, 0xff, 0xff, 0xfe, 0xff, 0xff, 0xff, 0xff, 0xff, 0xff, 0xff, 0xff, 0xff, 0xef, 0xdf, 0xbf,
  0xff, 0xef, 0xff, 0xff, 0xff, 0xff, 0xff, 0xff, 0xef, 0xff, 0xff, 0xff, 0xff, 0xff, 0xff, 0xff,
  0xfb, 0xff, 0xef, 0xf7, 0xff, 0xef, 0xff, 0x7b, 0xbf, 0xff, 0x77, 0xff, 0xff, 0xbf, 0x7f, 0xff,
  0xff, 0xff, 0x7e, 0xff, 0xff, 0xbf, 0xff, 0xff, 0xff, 0xfd, 0xff, 0xfd, 0xfe, 0xff, 0xff, 0xff,
  0xff, 0xff, 0xff, 0xff, 0xdd, 0xfe, 0xef, 0xff, 0xfe, 0xf7, 0xff, 0xef, 0xef, 0xff, 0xfe, 0xf7,
  0xff, 0xbd, 0xff, 0xff, 0xff, 0xff, 0xff, 0xff, 0xff, 0xff, 0xff, 0xbf, 0xff, 0xff, 0xff, 0xff,
  0xef, 0xff, 0xff, 0xde, 0xff, 0xff, 0xff, 0x77, 0xff, 0xff, 0xff, 0xff, 0xff, 0xfd, 0xf7, 0xff,
  0xff, 0xff, 0xff, 0xff, 0xff, 0xff, 0xff, 0xff, 0xbf, 0xff, 0xfb, 0xff, 0xff, 0xff, 0xff, 0xff,
  0xfe, 0xff, 0xf7, 0x7f, 0xff, 0xff, 0xfb, 0xff, 0xfd, 0xdf, 0xff, 0xff, 0xbf, 0xff, 0xff, 0xdf,
  0xff, 0xf7, 0xff, 0xff, 0xf7, 0xbb, 0xbf, 0xff, 0xff, 0xff, 0xdf, 0xff, 0xfb, 0xbf, 0xbf, 0xff,
  0xff, 0xff, 0xbf, 0xff, 0xbf, 0xff, 0xff, 0xfe, 0xff, 0xfe, 0xff, 0xfb, 0xff, 0xfb, 0xfe, 0xfd,
  0xfb, 0xff, 0xff, 0xfb, 0xff, 0xff, 0xff, 0xdf, 0xff, 0xff, 0xff, 0x7f, 0xff, 0xff, 0xff, 0xff,
  0xff, 0xff, 0xff, 0xff, 0xff, 0xff, 0xff, 0x7f, 0xf7, 0xfb, 0xff, 0xff, 0xff, 0xff, 0xfb, 0xff,
  0xff, 0xde, 0xfd, 0xdf, 0xff, 0x7f, 0xef, 0xff, 0xff, 0x7f, 0xff, 0xff, 0xbf, 0xdf, 0xff, 0xff,
  0xff, 0xff, 0xff, 0xff, 0xfd, 0xfb, 0xbf, 0xff, 0xbf, 0xff, 0xfb, 0xee, 0xfb, 0x7f, 0xbf, 0xef,
  0xef, 0xff, 0xf7, 0xff, 0xbf, 0xff, 0xff, 0xfd, 0xff, 0xff, 0xef, 0xff, 0xff, 0xfe, 0xff, 0xff,
  0xfe, 0xff, 0xff, 0xfe, 0xff, 0xff, 0xff, 0xff, 0xff, 0xf7, 0xff, 0xff, 0xff, 0xff, 0xff, 0xff,
  0xff, 0xfb, 0xff, 0xfb, 0xff, 0xff, 0xfe, 0xf7, 0xfe, 0xff, 0xbf, 0xff, 0xff, 0xff, 0xfe, 0xff,
  0xff, 0xff, 0xbf, 0xdf, 0xff, 0xf7, 0xff, 0xff, 0xfb, 0xff, 0xff, 0xbf, 0xff, 0xff, 0xfb, 0xfb,
  0xff, 0xef, 0xff, 0x7f, 0xfd, 0xdf, 0xbf, 0xff, 0xff, 0xff, 0xff, 0xfb, 0xef, 0xfb, 0xff, 0xff
};
// Author :- Ashish ( ashish_y_794 )
// Website : https://www.oledanimationmaker.com/

const uint8_t PROGMEM frame95[1024] = {
  0xff, 0xff, 0xff, 0xff, 0xff, 0xff, 0xff, 0xff, 0xff, 0xff, 0xff, 0xff, 0xff, 0xff, 0xff, 0xff,
  0xff, 0xff, 0xff, 0xff, 0xff, 0xff, 0xff, 0xff, 0xff, 0xff, 0xff, 0xff, 0xff, 0xff, 0xff, 0xff,
  0xff, 0xff, 0xff, 0xff, 0xff, 0xff, 0xff, 0xff, 0xff, 0xff, 0xff, 0xff, 0xff, 0xff, 0xff, 0xff,
  0xff, 0xff, 0xff, 0xff, 0xff, 0xff, 0xff, 0xff, 0xff, 0xff, 0xff, 0xff, 0xff, 0xff, 0xff, 0xff,
  0xff, 0xff, 0xff, 0xff, 0xff, 0xff, 0xff, 0xff, 0xff, 0xff, 0xff, 0xff, 0xff, 0xff, 0xff, 0xff,
  0xfb, 0xbb, 0xbb, 0xbb, 0xbb, 0xbb, 0xbb, 0xbb, 0xbb, 0xbb, 0xbb, 0xbb, 0xbb, 0xbb, 0xbb, 0xbb,
  0xff, 0xff, 0xff, 0xff, 0xff, 0xff, 0xff, 0xff, 0xff, 0xff, 0xff, 0xff, 0xff, 0xff, 0xff, 0xff,
  0xff, 0xff, 0xff, 0xff, 0xff, 0xff, 0xff, 0xff, 0xff, 0xff, 0xff, 0xff, 0xff, 0xff, 0xff, 0xff,
  0xff, 0xff, 0xff, 0xff, 0xff, 0xff, 0xff, 0xff, 0xff, 0xff, 0xff, 0xff, 0xff, 0xff, 0xff, 0xff,
  0xee, 0xf7, 0xbd, 0xef, 0x7b, 0xde, 0xf7, 0xbd, 0xef, 0x7b, 0xde, 0xf7, 0xbd, 0xef, 0x7b, 0xdf,
  0xff, 0xff, 0xff, 0xff, 0xff, 0xff, 0xff, 0xff, 0xff, 0xff, 0xff, 0xff, 0xff, 0xff, 0xff, 0xff,
  0xff, 0xff, 0xff, 0xff, 0xff, 0xff, 0xff, 0xff, 0xff, 0xff, 0xff, 0xff, 0xff, 0xff, 0xff, 0xfd,
  0xff, 0xff, 0xff, 0xff, 0xff, 0xff, 0xff, 0xff, 0xff, 0xff, 0xff, 0xff, 0xff, 0xff, 0xff, 0xff,
  0xff, 0xbd, 0xdd, 0xdd, 0xdd, 0xdd, 0xdd, 0xdd, 0xdd, 0xdd, 0xdd, 0xdd, 0xdd, 0xdd, 0xdd, 0xdf,
  0xf7, 0xff, 0xff, 0xff, 0xff, 0xff, 0xff, 0xff, 0xff, 0xff, 0xff, 0xff, 0xff, 0xff, 0xff, 0xff,
  0xff, 0xff, 0xff, 0xff, 0xff, 0xff, 0xff, 0xff, 0xff, 0xff, 0xff, 0xff, 0xff, 0xff, 0xff, 0xff,
  0xff, 0xf7, 0xff, 0xff, 0xff, 0xff, 0xff, 0xff, 0xff, 0xff, 0xff, 0xff, 0xff, 0xff, 0xff, 0xff,
  0xfe, 0xff, 0xf7, 0xf7, 0xf7, 0xf7, 0xf7, 0xf7, 0xf7, 0xf7, 0xf7, 0xf7, 0xf7, 0xf7, 0xf7, 0xf7,
  0xfb, 0xff, 0xbf, 0x7f, 0x7f, 0x7f, 0x7f, 0x7f, 0x7f, 0x7f, 0x7f, 0x7f, 0x7f, 0x7f, 0x7f, 0x7f,
  0xef, 0xff, 0xff, 0xff, 0xff, 0xff, 0xff, 0xff, 0xff, 0xff, 0xff, 0xff, 0xff, 0xff, 0xff, 0xff,
  0xff, 0xfb, 0xff, 0xff, 0xff, 0xff, 0xff, 0xff, 0xff, 0xff, 0xff, 0xff, 0xff, 0xff, 0xff, 0xff,
  0xff, 0xef, 0xff, 0xde, 0xeb, 0xd7, 0xbb, 0xf5, 0x5b, 0xfb, 0xbe, 0xae, 0xba, 0xff, 0xff, 0xff,
  0xff, 0xff, 0xfb, 0xef, 0x7f, 0x6f, 0xfe, 0xfe, 0xbd, 0xee, 0xff, 0xdb, 0xdd, 0x77, 0xbb, 0xdd,
  0xff, 0xff, 0xdf, 0xbb, 0xb5, 0xd7, 0x5b, 0xf5, 0x57, 0xfc, 0xad, 0x56, 0x6a, 0xff, 0xff, 0xff,
  0xff, 0xbf, 0xff, 0xed, 0xdf, 0x5f, 0xee, 0xbf, 0xff, 0xf6, 0x77, 0x8d, 0x5b, 0xff, 0xff, 0xff,
  0xf7, 0xff, 0xff, 0x5b, 0x6d, 0xbe, 0xbb, 0xf5, 0x3a, 0xfd, 0xaa, 0xef, 0xb7, 0xff, 0xff, 0xff,
  0xff, 0xfe, 0xff, 0xee, 0xdf, 0x6f, 0xee, 0xde, 0xff, 0xef, 0xed, 0xb5, 0xdb, 0xfd, 0xde, 0xef,
  0xff, 0xff, 0xff, 0x5a, 0xef, 0xfe, 0xb5, 0xbb, 0x55, 0xba, 0xa7, 0xfa, 0xef, 0xf7, 0xff, 0xff,
  0xfe, 0xf7, 0xef, 0xad, 0x6d, 0x7f, 0x5b, 0x6d, 0xfe, 0xd7, 0x5d, 0x55, 0xf7, 0xff, 0xff, 0xff,
  0xfb, 0xff, 0xfe, 0xda, 0xd7, 0xbe, 0xb5, 0xbb, 0x15, 0x5d, 0xaf, 0x57, 0xd7, 0xbf, 0xff, 0xff,
  0xef, 0xff, 0xff, 0xaf, 0xff, 0x7f, 0x7b, 0xad, 0xfb, 0x7e, 0xbf, 0xaf, 0xff, 0xff, 0xf7, 0xbd,
  0xff, 0xff, 0xbf, 0xfe, 0xef, 0xff, 0xff, 0xfe, 0xbd, 0xbf, 0xfd, 0x7f, 0xdd, 0xff, 0xdf, 0xff,
  0xff, 0xfd, 0xff, 0xff, 0xff, 0xfd, 0xf7, 0xbf, 0xf7, 0xff, 0xff, 0xfb, 0x7f, 0xff, 0x7f, 0xff,
  0xff, 0xef, 0xff, 0xff, 0xfb, 0xfa, 0xd5, 0x7a, 0xd4, 0xba, 0x5f, 0xad, 0xfa, 0xfb, 0xff, 0xff,
  0xff, 0xff, 0xfb, 0xff, 0xb6, 0xbd, 0x6a, 0x9a, 0xd2, 0xbd, 0x57, 0x5c, 0x75, 0xff, 0xff, 0xbb,
  0xff, 0xbf, 0xff, 0xbd, 0xda, 0xfa, 0xa2, 0xbd, 0x50, 0x92, 0x57, 0x25, 0xb4, 0xdf, 0xff, 0xff,
  0xf7, 0xff, 0xff, 0xff, 0x7b, 0x5d, 0x43, 0x5a, 0x54, 0xaa, 0x2a, 0xaa, 0x75, 0x7f, 0xfe, 0xff,
  0xff, 0xff, 0xbf, 0xff, 0xa8, 0xbd, 0x2e, 0xba, 0xaa, 0x88, 0x96, 0x95, 0x34, 0xff, 0xff, 0xff,
  0xff, 0xfe, 0xfd, 0xfa, 0xbd, 0x7a, 0xab, 0x5a, 0x52, 0x2f, 0xd1, 0x52, 0xaa, 0xff, 0x77, 0xff,
  0xfe, 0xfb, 0xff, 0xef, 0xec, 0x7d, 0x56, 0xaa, 0xaa, 0xe8, 0xa5, 0x48, 0x94, 0xfd, 0xff, 0xfb,
  0xfb, 0xff, 0xff, 0xff, 0x72, 0xfa, 0x2b, 0x54, 0x51, 0x35, 0x42, 0x94, 0x52, 0xff, 0xff, 0xef,
  0xef, 0xff, 0xff, 0xff, 0xa8, 0xbc, 0x92, 0xa1, 0x65, 0x55, 0x16, 0x11, 0x48, 0xbf, 0xff, 0xbf,
  0xff, 0xff, 0xfb, 0xff, 0xd5, 0xfd, 0x75, 0xd5, 0xd7, 0x3d, 0x4e, 0xd5, 0x34, 0xff, 0xff, 0xff,
  0xff, 0xef, 0xff, 0xbf, 0xfb, 0xfe, 0x7b, 0xed, 0xf7, 0xde, 0xbe, 0xf7, 0xbb, 0xff, 0xfb, 0xff,
  0xff, 0xff, 0xdf, 0xfe, 0xff, 0xff, 0xff, 0xff, 0xff, 0xff, 0xff, 0xff, 0xff, 0xfb, 0xbf, 0xff,
  0xff, 0xfe, 0xff, 0xfb, 0xff, 0xf7, 0xff, 0xff, 0xff, 0xff, 0xff, 0xff, 0xff, 0xff, 0xff, 0xff,
  0xff, 0xbf, 0xff, 0xff, 0xff, 0xbf, 0xff, 0xff, 0xff, 0xff, 0xff, 0x7f, 0xff, 0xff, 0xff, 0xff,
  0xf7, 0xff, 0xfe, 0xff, 0xfe, 0xff, 0xef, 0x77, 0xde, 0xf7, 0xfd, 0xf7, 0x77, 0xbf, 0xfe, 0xdd,
  0xff, 0xff, 0xff, 0xff, 0xef, 0xff, 0xff, 0xff, 0xff, 0xff, 0xef, 0xff, 0xff, 0xfd, 0xf7, 0xff,
  0xff, 0xfb, 0xf7, 0xef, 0xff, 0xff, 0x7f, 0xff, 0x7f, 0xff, 0x7f, 0xff, 0xff, 0xff, 0xdf, 0xff,
  0xfe, 0xff, 0xdf, 0xff, 0xbf, 0xff, 0xff, 0xff, 0xff, 0xdf, 0xff, 0xff, 0xff, 0xf7, 0xff, 0xff,
  0xfb, 0xff, 0xff, 0xfe, 0xff, 0xfb, 0xfd, 0xdf, 0xfd, 0xff, 0xff, 0xff, 0xfd, 0xdf, 0xff, 0xff,
  0xef, 0xef, 0xff, 0xff, 0xff, 0xdf, 0xf7, 0xff, 0xff, 0xff, 0xff, 0xee, 0xdf, 0xff, 0xff, 0xf7,
  0xff, 0xff, 0x7f, 0x77, 0xfe, 0xff, 0xff, 0xfd, 0xef, 0xfd, 0xfe, 0xff, 0xff, 0xff, 0xff, 0xbf,
  0xff, 0xff, 0xff, 0xff, 0xff, 0xff, 0xff, 0xff, 0xff, 0xff, 0xef, 0xff, 0xff, 0xff, 0xde, 0xff,
  0xff, 0xff, 0xff, 0xff, 0xfb, 0xff, 0xbf, 0xff, 0xff, 0xbf, 0xff, 0xff, 0xff, 0x7f, 0x7f, 0xff,
  0xff, 0xfd, 0xfb, 0xff, 0xff, 0xff, 0xff, 0xdf, 0xff, 0xff, 0xff, 0xfb, 0xfb, 0xfd, 0xff, 0xff,
  0xff, 0xbf, 0xef, 0xff, 0x7f, 0xfb, 0xfe, 0xfe, 0xee, 0xfb, 0xbf, 0xbf, 0xdf, 0xff, 0xff, 0xff,
  0xf7, 0xff, 0xff, 0xdd, 0xff, 0xef, 0xfb, 0xff, 0xff, 0xff, 0xfd, 0xff, 0xff, 0xff, 0xff, 0xfb,
  0xff, 0xff, 0xff, 0xff, 0xff, 0x7f, 0xef, 0xff, 0xff, 0xff, 0xff, 0xff, 0xff, 0xf7, 0xfd, 0xef,
  0xff, 0xf7, 0xbf, 0xff, 0xf7, 0xff, 0xff, 0xff, 0xff, 0xff, 0xff, 0xfe, 0xff, 0xdf, 0xff, 0xff,
  0xfe, 0xff, 0xff, 0xff, 0xff, 0xff, 0xbf, 0xfb, 0xdf, 0xef, 0xef, 0xfb, 0xff, 0x7f, 0xf7, 0xff,
  0xfb, 0xff, 0xfe, 0xef, 0xff, 0xff, 0xff, 0xff, 0xfe, 0xfe, 0xff, 0xdf, 0xf7, 0xff, 0xdf, 0xff,
  0xef, 0xff, 0xff, 0xff, 0x7f, 0xff, 0xff, 0xef, 0xff, 0xff, 0xff, 0x7f, 0xff, 0xff, 0xff, 0xdf
};
// Author :- Ashish ( ashish_y_794 )
// Website : https://www.oledanimationmaker.com/

const uint8_t PROGMEM frame96[1024] = {
  0xff, 0xff, 0xff, 0xff, 0xff, 0xff, 0xff, 0xff, 0xff, 0xff, 0xff, 0xff, 0xff, 0xff, 0xff, 0xff,
  0xff, 0xff, 0xff, 0xff, 0xff, 0xff, 0xff, 0xff, 0xff, 0xff, 0xff, 0xff, 0xff, 0xff, 0xff, 0xff,
  0xff, 0xff, 0xff, 0xff, 0xff, 0xff, 0xff, 0xff, 0xff, 0xff, 0xff, 0xff, 0xff, 0xff, 0xff, 0xff,
  0xff, 0xff, 0xff, 0xff, 0xff, 0xff, 0xff, 0xff, 0xff, 0xff, 0xff, 0xff, 0xff, 0xff, 0xff, 0xff,
  0xff, 0xff, 0xff, 0xff, 0xff, 0xff, 0xff, 0xff, 0xff, 0xff, 0xff, 0xff, 0xff, 0xff, 0xff, 0xff,
  0xfb, 0xb6, 0xdb, 0x6d, 0xb6, 0xdb, 0x6d, 0xb6, 0xdb, 0x6d, 0xb6, 0xdb, 0x6d, 0xb6, 0xdb, 0x6f,
  0xff, 0xff, 0xff, 0xff, 0xff, 0xff, 0xff, 0xff, 0xff, 0xff, 0xff, 0xff, 0xff, 0xff, 0xff, 0xff,
  0xff, 0xff, 0xff, 0xff, 0xff, 0xff, 0xff, 0xff, 0xff, 0xff, 0xff, 0xff, 0xff, 0xff, 0xff, 0xff,
  0xf7, 0xff, 0xff, 0xff, 0xff, 0xff, 0xff, 0xff, 0xff, 0xff, 0xff, 0xff, 0xff, 0xff, 0xff, 0xff,
  0xff, 0xff, 0xff, 0xff, 0xff, 0xff, 0xff, 0xff, 0xff, 0xff, 0xff, 0xff, 0xff, 0xff, 0xff, 0xfd,
  0xff, 0xbb, 0xff, 0xff, 0xff, 0xff, 0xff, 0xff, 0xff, 0xff, 0xff, 0xff, 0xff, 0xff, 0xff, 0xdf,
  0xff, 0xff, 0xb6, 0xdb, 0x6d, 0xb6, 0xdb, 0x6d, 0xb6, 0xdb, 0x6d, 0xb6, 0xdb, 0x6d, 0xb6, 0xff,
  0xf7, 0xff, 0xff, 0xff, 0xff, 0xff, 0xff, 0xff, 0xff, 0xff, 0xff, 0xff, 0xff, 0xff, 0xff, 0xff,
  0xff, 0xff, 0xff, 0xff, 0xff, 0xff, 0xff, 0xff, 0xff, 0xff, 0xff, 0xff, 0xff, 0xff, 0xff, 0xff,
  0xff, 0x77, 0xff, 0xff, 0xff, 0xff, 0xff, 0xff, 0xff, 0xff, 0xff, 0xff, 0xff, 0xff, 0xff, 0xff,
  0xff, 0xff, 0xff, 0xff, 0xff, 0xff, 0xff, 0xff, 0xff, 0xff, 0xff, 0xff, 0xff, 0xff, 0xff, 0xf7,
  0xf7, 0xff, 0x77, 0xfb, 0xfe, 0xff, 0xbf, 0xef, 0xfb, 0xfe, 0xff, 0xbf, 0xef, 0xfb, 0xff, 0x7f,
  0xff, 0xff, 0xff, 0x6f, 0xdb, 0xf6, 0xfd, 0xbf, 0x6f, 0xdb, 0xf6, 0xfd, 0xbf, 0x6f, 0xdb, 0xff,
  0xff, 0xdf, 0xff, 0xff, 0xff, 0xff, 0xff, 0xff, 0xff, 0xff, 0xff, 0xff, 0xff, 0xff, 0xff, 0xff,
  0xff, 0x7f, 0xff, 0xff, 0xff, 0xff, 0xff, 0xff, 0xff, 0xff, 0xff, 0xff, 0xff, 0xff, 0xff, 0xff,
  0xf7, 0xfd, 0xdf, 0xff, 0xff, 0xff, 0xff, 0xfd, 0xff, 0xff, 0xff, 0xff, 0xfe, 0xff, 0xff, 0xf7,
  0xff, 0xff, 0xfe, 0xde, 0xb7, 0xaf, 0xba, 0xf7, 0x5b, 0xbe, 0xfe, 0xae, 0xbb, 0x7f, 0xbf, 0xdf,
  0xff, 0xff, 0xff, 0xf7, 0xfd, 0xd7, 0xff, 0xfc, 0xbf, 0xfb, 0x5b, 0xd7, 0x5d, 0xfe, 0xfd, 0xff,
  0xff, 0xff, 0xff, 0xde, 0xaf, 0x6e, 0xad, 0xf7, 0x5b, 0xfc, 0xef, 0x5a, 0xea, 0xfb, 0xff, 0xff,
  0xf7, 0x7b, 0xf7, 0xb7, 0xda, 0xaf, 0xfe, 0xdd, 0xfd, 0xed, 0x3d, 0xae, 0xb5, 0xff, 0xff, 0xff,
  0xff, 0xff, 0xbf, 0xda, 0xaf, 0xbf, 0x57, 0x7e, 0xb7, 0xfb, 0x57, 0xa5, 0xaf, 0xff, 0xff, 0xff,
  0xff, 0xff, 0xff, 0x6e, 0xfe, 0xff, 0xfb, 0xea, 0xbd, 0xfd, 0xf2, 0xfd, 0xdb, 0xff, 0xfb, 0xdf,
  0xff, 0xff, 0xff, 0xba, 0xd7, 0xbd, 0x2d, 0x5f, 0xf7, 0x57, 0x57, 0x55, 0xf7, 0xef, 0xff, 0xfd,
  0xf7, 0xde, 0xfe, 0xcd, 0x6e, 0xff, 0xb5, 0xba, 0xad, 0xdd, 0xad, 0xeb, 0xdb, 0xff, 0xdf, 0xff,
  0xff, 0x7f, 0xff, 0xad, 0xdf, 0x7e, 0xb5, 0xdd, 0xba, 0xb6, 0xaf, 0x2b, 0xef, 0xff, 0x7f, 0xff,
  0xff, 0xff, 0xf7, 0xde, 0xef, 0xfb, 0x7b, 0x5a, 0xae, 0xbf, 0x7f, 0xb7, 0xb7, 0xfd, 0xff, 0x7f,
  0xff, 0xff, 0xff, 0xff, 0xff, 0x6f, 0xff, 0xff, 0xfb, 0x7d, 0xfe, 0xdf, 0xff, 0xdf, 0xff, 0xf7,
  0xf7, 0xfd, 0xff, 0xff, 0xfb, 0xff, 0xef, 0xfd, 0xff, 0xff, 0xfb, 0xff, 0xff, 0xff, 0xff, 0xff,
  0xff, 0xff, 0xdf, 0x7b, 0xbf, 0xfd, 0x72, 0xb6, 0xc0, 0xbd, 0x5f, 0xac, 0xb9, 0x7f, 0xfd, 0xff,
  0xff, 0xbf, 0xff, 0xff, 0xea, 0xfd, 0x55, 0x5a, 0xba, 0xb6, 0xaf, 0x5d, 0x75, 0xff, 0xff, 0xff,
  0xfe, 0xff, 0xff, 0xff, 0x5a, 0xba, 0xa2, 0x9d, 0x40, 0x98, 0x57, 0x4a, 0xba, 0xff, 0xef, 0xef,
  0xf7, 0xfd, 0xfd, 0xfd, 0xbb, 0x7d, 0x43, 0x5a, 0xb4, 0xa6, 0x2a, 0xaa, 0x74, 0xf7, 0x7f, 0xff,
  0xff, 0xff, 0xf7, 0xef, 0xe9, 0x75, 0x56, 0xbd, 0x4a, 0x98, 0x95, 0x49, 0x55, 0x7f, 0xff, 0xbf,
  0xff, 0xff, 0xdf, 0xfe, 0xbc, 0xbc, 0xaf, 0x5a, 0x55, 0x26, 0xe2, 0xa5, 0x34, 0xff, 0xff, 0xff,
  0xff, 0xff, 0xff, 0xff, 0xba, 0x7a, 0x56, 0xaa, 0x52, 0xa9, 0xaa, 0x94, 0x92, 0xff, 0xfe, 0xff,
  0xf7, 0xee, 0xff, 0xfe, 0xe8, 0xfd, 0x2a, 0xa9, 0x52, 0xb5, 0x02, 0x48, 0xaa, 0x77, 0xf7, 0xfd,
  0xff, 0xbf, 0xff, 0xef, 0xaa, 0x7a, 0x23, 0x54, 0xc9, 0x55, 0x55, 0x12, 0x51, 0x7f, 0x7f, 0xff,
  0xff, 0xff, 0xff, 0xbf, 0xd5, 0xfd, 0x79, 0xc2, 0xe7, 0x3e, 0x0e, 0xb2, 0x94, 0xff, 0xff, 0xff,
  0xff, 0xff, 0xfe, 0xff, 0xfb, 0xfe, 0xef, 0xfb, 0xff, 0xdf, 0xfe, 0xef, 0x7b, 0xff, 0xff, 0xef,
  0xf7, 0xff, 0xef, 0xff, 0xff, 0xef, 0xff, 0xff, 0xff, 0xff, 0xff, 0xff, 0xff, 0xff, 0xff, 0xbf,
  0xff, 0xfd, 0xff, 0xff, 0x7f, 0xbf, 0xbf, 0x7f, 0xdf, 0xfd, 0xff, 0xff, 0xff, 0xf7, 0xbb, 0xff,
  0xff, 0x77, 0xff, 0xff, 0xfd, 0xff, 0xff, 0xff, 0x7d, 0xff, 0xdf, 0xff, 0xef, 0xbf, 0xff, 0xff,
  0xff, 0xff, 0xff, 0xfd, 0xf7, 0xff, 0xfd, 0xf7, 0xff, 0xef, 0xfe, 0xf7, 0xbf, 0xff, 0xff, 0xff,
  0xf7, 0xff, 0xef, 0xf7, 0xff, 0xff, 0xff, 0xff, 0xff, 0xff, 0xff, 0xff, 0xff, 0xff, 0xff, 0xff,
  0xff, 0xff, 0xfe, 0xff, 0xff, 0xfd, 0xef, 0xff, 0xff, 0xff, 0xff, 0xff, 0xff, 0xfe, 0xef, 0x7b,
  0xff, 0xbf, 0xbf, 0xff, 0xff, 0xff, 0xff, 0xff, 0xff, 0x7e, 0xf7, 0xdf, 0xfe, 0xf7, 0xff, 0xff,
  0xff, 0xfe, 0xff, 0xff, 0xff, 0xef, 0xff, 0xde, 0xf7, 0xfb, 0xff, 0xfe, 0xff, 0xff, 0xff, 0xff,
  0xf7, 0xfb, 0xff, 0xdf, 0xde, 0xff, 0xff, 0x7f, 0xff, 0xff, 0xff, 0x7f, 0xf7, 0xff, 0xff, 0xff,
  0xff, 0xff, 0xff, 0x7f, 0x7f, 0xff, 0xbd, 0xff, 0xff, 0xff, 0xff, 0xff, 0xff, 0xff, 0xfb, 0xbb,
  0xff, 0x7f, 0xfd, 0xff, 0xff, 0xff, 0xff, 0xff, 0xff, 0xbf, 0xef, 0xff, 0xff, 0xbe, 0xef, 0xff,
  0xff, 0xff, 0xff, 0xff, 0xff, 0xfd, 0xff, 0xfe, 0xee, 0xff, 0xff, 0xfb, 0xbf, 0xfb, 0xff, 0xff,
  0xf7, 0xf7, 0xff, 0xfd, 0xfd, 0xdf, 0xff, 0xff, 0xff, 0xfd, 0xfe, 0xff, 0xfd, 0xff, 0xff, 0xff,
  0xff, 0xff, 0xef, 0xff, 0xff, 0xff, 0xef, 0xfb, 0xff, 0xff, 0xff, 0xff, 0xff, 0xff, 0xff, 0xff,
  0xff, 0xbf, 0xbf, 0xff, 0xef, 0xff, 0xff, 0xdf, 0xff, 0xff, 0xdf, 0xef, 0xff, 0xff, 0xff, 0xbb,
  0xff, 0xff, 0xff, 0xef, 0xff, 0xff, 0x7e, 0xff, 0xfb, 0xf7, 0xff, 0xff, 0xdf, 0xdf, 0xf7, 0xff,
  0xf7, 0xff, 0xff, 0x7f, 0xbf, 0xf7, 0xff, 0xff, 0xdf, 0xdf, 0xfd, 0xfe, 0xff, 0x7e, 0xff, 0xff,
  0xff, 0xfd, 0xff, 0xff, 0xff, 0x7f, 0xff, 0xff, 0xff, 0xff, 0xff, 0xff, 0xfd, 0xff, 0xff, 0xff,
  0xff, 0x77, 0xfd, 0xfe, 0xff, 0xff, 0xfb, 0xff, 0x7f, 0xff, 0xbf, 0xdf, 0xff, 0xff, 0xfe, 0xef,
  0xff, 0xff, 0xf7, 0xff, 0xff, 0xff, 0xef, 0xf7, 0xff, 0xff, 0xff, 0xff, 0xff, 0xff, 0xdf, 0xff
};
// Author :- Ashish ( ashish_y_794 )
// Website : https://www.oledanimationmaker.com/

const uint8_t PROGMEM frame97[1024] = {
  0xff, 0xff, 0xff, 0xff, 0xff, 0xff, 0xff, 0xff, 0xff, 0xff, 0xff, 0xff, 0xff, 0xff, 0xff, 0xff,
  0xff, 0xff, 0xff, 0xff, 0xff, 0xff, 0xff, 0xff, 0xff, 0xff, 0xff, 0xff, 0xff, 0xff, 0xff, 0xff,
  0xff, 0xff, 0xff, 0xff, 0xff, 0xff, 0xff, 0xff, 0xff, 0xff, 0xff, 0xff, 0xff, 0xff, 0xff, 0xff,
  0xff, 0xff, 0xff, 0xff, 0xff, 0xff, 0xff, 0xff, 0xff, 0xff, 0xff, 0xff, 0xff, 0xff, 0xff, 0xff,
  0xfd, 0xee, 0xf7, 0x7b, 0xbd, 0xde, 0xef, 0x77, 0xbb, 0xdd, 0xee, 0xf7, 0x7b, 0xbd, 0xde, 0xef,
  0xf7, 0xff, 0xff, 0xff, 0xff, 0xff, 0xff, 0xff, 0xff, 0xff, 0xff, 0xff, 0xff, 0xff, 0xff, 0xff,
  0xff, 0xff, 0xff, 0xff, 0xff, 0xff, 0xff, 0xff, 0xff, 0xff, 0xff, 0xff, 0xff, 0xff, 0xff, 0xff,
  0xff, 0xff, 0xdf, 0xef, 0xf7, 0xfb, 0xfd, 0xfe, 0xff, 0x7f, 0xbf, 0xdf, 0xef, 0xf7, 0xfb, 0xfd,
  0xff, 0xbb, 0xfe, 0xff, 0x7f, 0xbf, 0xdf, 0xef, 0xf7, 0xfb, 0xfd, 0xfe, 0xff, 0x7f, 0xbf, 0xdf,
  0xff, 0xff, 0xff, 0xff, 0xff, 0xff, 0xff, 0xff, 0xff, 0xff, 0xff, 0xff, 0xff, 0xff, 0xff, 0xff,
  0xee, 0xff, 0xff, 0xff, 0xff, 0xff, 0xff, 0xff, 0xff, 0xff, 0xff, 0xff, 0xff, 0xff, 0xff, 0xff,
  0xff, 0xff, 0x77, 0xf7, 0xfb, 0xfd, 0xfe, 0xff, 0x7f, 0xbf, 0xdf, 0xef, 0xf7, 0xfb, 0xfd, 0xff,
  0xff, 0xfd, 0xff, 0xbf, 0x7f, 0xbf, 0xdf, 0xef, 0xf7, 0xfb, 0xfd, 0xfe, 0xff, 0x7f, 0xbf, 0xdd,
  0xff, 0xef, 0xff, 0xff, 0xff, 0xff, 0xff, 0xff, 0xff, 0xff, 0xff, 0xff, 0xff, 0xff, 0xff, 0xff,
  0xf7, 0xbf, 0xfe, 0xff, 0xff, 0xff, 0xff, 0xff, 0xff, 0xff, 0xff, 0xff, 0xff, 0xff, 0xff, 0xff,
  0xff, 0xff, 0xfb, 0xff, 0xee, 0xf7, 0x7b, 0xbd, 0xde, 0xef, 0x77, 0xbb, 0xdd, 0xee, 0xf7, 0x7f,
  0xff, 0xff, 0xef, 0xfb, 0xbf, 0xff, 0xff, 0xff, 0xff, 0xff, 0xff, 0xff, 0xff, 0xff, 0xff, 0xff,
  0xfe, 0xff, 0xbf, 0xff, 0xff, 0xff, 0xff, 0xff, 0xff, 0xff, 0xff, 0xff, 0xff, 0xff, 0xff, 0xf7,
  0xef, 0xfe, 0xff, 0xff, 0xff, 0xff, 0xff, 0xff, 0xff, 0xff, 0xff, 0xff, 0xff, 0xff, 0xff, 0xff,
  0xff, 0xfb, 0xff, 0xef, 0xff, 0x77, 0x77, 0x77, 0x77, 0x77, 0x77, 0x77, 0x77, 0x77, 0x77, 0x7f,
  0xff, 0xef, 0xff, 0xfe, 0xf7, 0xff, 0xff, 0xff, 0xff, 0xff, 0xff, 0xff, 0xff, 0xff, 0xff, 0xff,
  0xff, 0xbf, 0xff, 0xbf, 0xff, 0xdf, 0xdd, 0xfa, 0xbb, 0xff, 0xff, 0x5f, 0x5d, 0x7f, 0xff, 0xfb,
  0xfb, 0xff, 0xfe, 0xee, 0xb5, 0xae, 0xff, 0xf6, 0xaf, 0xf5, 0x3f, 0xab, 0x7a, 0xff, 0xff, 0xef,
  0xef, 0xff, 0xff, 0xdb, 0xdf, 0x6b, 0xba, 0xfe, 0xbb, 0xbc, 0xd6, 0xdd, 0x56, 0xfb, 0xbb, 0xbf,
  0xff, 0xff, 0xf7, 0xf6, 0xdb, 0x9f, 0xdf, 0x77, 0xdd, 0xfe, 0x7b, 0x46, 0xbb, 0xff, 0xff, 0xff,
  0xff, 0xff, 0xbf, 0x5d, 0xae, 0xef, 0x75, 0xdc, 0x7f, 0xf5, 0xad, 0xd7, 0xab, 0xff, 0xff, 0xff,
  0xff, 0xbd, 0xff, 0xd6, 0xff, 0x7f, 0xaf, 0x7b, 0x75, 0xff, 0xd5, 0xba, 0xf7, 0xef, 0xff, 0xff,
  0xff, 0xff, 0xff, 0x5d, 0xad, 0xbe, 0xb9, 0xdf, 0xdf, 0x6a, 0xab, 0x7b, 0xdf, 0xbf, 0x7b, 0xff,
  0xf7, 0xff, 0xff, 0xaa, 0xef, 0x7f, 0x55, 0x5a, 0xb5, 0xb6, 0xd7, 0xa9, 0xeb, 0xff, 0xff, 0xbf,
  0xff, 0xf7, 0xfb, 0x5d, 0x57, 0xfd, 0x7b, 0xb5, 0x5d, 0x5d, 0x5e, 0xd7, 0xb7, 0xff, 0xff, 0xfb,
  0xff, 0x7f, 0xdf, 0xee, 0xfe, 0xbf, 0xb7, 0xde, 0xda, 0xbf, 0xbf, 0x57, 0xef, 0xff, 0xef, 0xff,
  0xff, 0xff, 0x7f, 0xbf, 0xef, 0xff, 0xfe, 0xfb, 0xff, 0xfe, 0xff, 0xbf, 0xff, 0x7d, 0xff, 0xff,
  0xef, 0xff, 0xff, 0xff, 0xff, 0xfd, 0xf7, 0xff, 0x75, 0x7b, 0xfb, 0xfe, 0xfd, 0xff, 0xfe, 0xef,
  0xff, 0xef, 0xff, 0xff, 0xfb, 0xfa, 0xd6, 0x9a, 0xd5, 0xbe, 0xaf, 0x5b, 0x77, 0xff, 0xff, 0xff,
  0xfe, 0xff, 0xff, 0xfe, 0xdd, 0x7d, 0x69, 0x7a, 0xd0, 0xb5, 0x5f, 0x4c, 0xb8, 0xef, 0x77, 0xff,
  0xff, 0xfe, 0xfd, 0xf7, 0xb5, 0xba, 0x92, 0x9d, 0x50, 0x9a, 0x57, 0x55, 0x75, 0x7f, 0xff, 0xff,
  0xfb, 0xff, 0xf7, 0xdf, 0x7a, 0xbd, 0x42, 0xba, 0x54, 0xa4, 0x2a, 0xaa, 0xb4, 0xff, 0xff, 0xdd,
  0xef, 0xf7, 0xff, 0xfe, 0xa9, 0x7a, 0xa7, 0x5a, 0xab, 0x14, 0x92, 0x94, 0xb5, 0x7f, 0xff, 0x7f,
  0xff, 0xdf, 0xff, 0xff, 0xfa, 0x7a, 0x5e, 0xba, 0x54, 0xab, 0xd5, 0x4a, 0x54, 0xfd, 0xdd, 0xff,
  0xff, 0xff, 0xdf, 0xfe, 0xac, 0xbd, 0x26, 0x95, 0x4a, 0xa9, 0x52, 0xa1, 0x32, 0xf7, 0xff, 0xff,
  0xff, 0xff, 0xff, 0xff, 0xb4, 0x7a, 0x56, 0xd4, 0x61, 0x75, 0x42, 0x14, 0x94, 0x7f, 0xff, 0xff,
  0xff, 0xff, 0x7e, 0xee, 0xd1, 0xfd, 0x29, 0x48, 0xd5, 0x15, 0x0b, 0x48, 0x85, 0x7f, 0xff, 0xff,
  0xfb, 0xbf, 0xff, 0xff, 0xec, 0xfa, 0x6b, 0xa5, 0xc6, 0xbd, 0x2e, 0x36, 0xb4, 0xff, 0xef, 0xf7,
  0xef, 0xfd, 0xff, 0xff, 0xf7, 0xfe, 0xf5, 0xf5, 0xff, 0xdf, 0xbd, 0xeb, 0x5a, 0xff, 0xbf, 0x7f,
  0xff, 0xff, 0xfb, 0xff, 0xbf, 0xff, 0xbf, 0xff, 0xff, 0xff, 0xff, 0xff, 0xff, 0xfd, 0xff, 0xff,
  0xff, 0xff, 0xff, 0xdd, 0xff, 0xff, 0xff, 0xff, 0xff, 0xfe, 0xff, 0xff, 0xff, 0xf7, 0xff, 0xff,
  0xff, 0xdf, 0xef, 0xff, 0xff, 0x77, 0xff, 0xef, 0xee, 0xff, 0xff, 0xff, 0xff, 0xff, 0xff, 0xfb,
  0xff, 0x7e, 0xff, 0xff, 0xfd, 0xff, 0xff, 0xbf, 0xbf, 0xf7, 0xf7, 0x7f, 0xff, 0xff, 0xfd, 0xdf,
  0xf7, 0xff, 0xff, 0x7f, 0xf7, 0xfe, 0xfd, 0xff, 0xff, 0xff, 0xff, 0xf6, 0xee, 0xff, 0xf7, 0xff,
  0xff, 0xff, 0xff, 0xfb, 0xdf, 0xff, 0xef, 0xff, 0xff, 0xdf, 0xdf, 0xff, 0xff, 0xef, 0xdf, 0xff,
  0xff, 0xff, 0xfb, 0xff, 0xff, 0xff, 0xff, 0xfe, 0xff, 0x7f, 0x7f, 0xff, 0xff, 0xff, 0x7f, 0xff,
  0xff, 0xf7, 0x6f, 0xff, 0xff, 0xf7, 0xff, 0xff, 0xfd, 0xff, 0xff, 0x7f, 0xff, 0xff, 0xff, 0xfb,
  0xee, 0xff, 0xff, 0xef, 0x7f, 0xff, 0xbf, 0xf7, 0xf7, 0xff, 0xff, 0xfb, 0xdd, 0xff, 0xff, 0xdf,
  0xff, 0xff, 0xff, 0xff, 0xff, 0xbf, 0xfe, 0xff, 0xff, 0xff, 0xff, 0xff, 0xff, 0xdd, 0xff, 0xff,
  0xff, 0xff, 0xff, 0xbf, 0xfe, 0xff, 0xfb, 0xff, 0xdf, 0xfd, 0xfb, 0xef, 0xff, 0xff, 0xfe, 0xff,
  0xff, 0xdd, 0xff, 0xff, 0xf7, 0xfd, 0xff, 0xff, 0x7f, 0xff, 0xef, 0xff, 0xff, 0xff, 0xfb, 0xff,
  0xfb, 0xff, 0xdd, 0xfd, 0xdf, 0xff, 0xef, 0xef, 0xff, 0xf7, 0xff, 0xbf, 0x77, 0xff, 0xdf, 0xff,
  0xef, 0xff, 0xff, 0xff, 0xff, 0xff, 0xff, 0xff, 0xff, 0xdf, 0xff, 0xff, 0xff, 0x77, 0x7f, 0xf7,
  0xff, 0xff, 0xff, 0xff, 0xff, 0xff, 0xbf, 0xff, 0xff, 0x7f, 0xbf, 0xff, 0xff, 0xff, 0xff, 0xff,
  0xff, 0xbb, 0xff, 0xdf, 0xff, 0xee, 0xff, 0xbd, 0xfd, 0xff, 0xff, 0xfd, 0xff, 0xff, 0xff, 0xdf,
  0xff, 0xff, 0xbb, 0xfd, 0xff, 0x7f, 0xff, 0xff, 0xef, 0xff, 0xfd, 0xef, 0xef, 0xff, 0xff, 0x7f,
  0xff, 0xff, 0xff, 0xff, 0xdd, 0xff, 0xfe, 0xff, 0xff, 0xff, 0xff, 0xff, 0xfe, 0xef, 0xfd, 0xff,
  0xf7, 0xff, 0xff, 0xff, 0xff, 0xff, 0xff, 0xff, 0xbf, 0xfe, 0xef, 0xff, 0xff, 0xfe, 0xef, 0xff,
  0xff, 0x77, 0xff, 0x77, 0xff, 0xff, 0xf7, 0xfb, 0xff, 0xfb, 0xff, 0xbf, 0xbf, 0xff, 0xff, 0xff
};
// Author :- Ashish ( ashish_y_794 )
// Website : https://www.oledanimationmaker.com/

const uint8_t PROGMEM frame98[1024] = {
  0xff, 0xff, 0xff, 0xff, 0xff, 0xff, 0xff, 0xff, 0xff, 0xff, 0xff, 0xff, 0xff, 0xff, 0xff, 0xff,
  0xff, 0xff, 0xff, 0xff, 0xff, 0xff, 0xff, 0xff, 0xff, 0xff, 0xff, 0xff, 0xff, 0xff, 0xff, 0xff,
  0xff, 0xff, 0xff, 0xff, 0xff, 0xff, 0xff, 0xff, 0xff, 0xff, 0xff, 0xff, 0xff, 0xff, 0xff, 0xff,
  0xff, 0xff, 0xff, 0xff, 0xff, 0xff, 0xff, 0xff, 0xff, 0xff, 0xff, 0xff, 0xff, 0xff, 0xff, 0xff,
  0xfb, 0xbb, 0xbb, 0xbb, 0xbb, 0xbb, 0xbb, 0xbb, 0xbb, 0xbb, 0xbb, 0xbb, 0xbb, 0xbb, 0xbb, 0xbb,
  0xff, 0xff, 0xff, 0xff, 0xff, 0xff, 0xff, 0xff, 0xff, 0xff, 0xff, 0xff, 0xff, 0xff, 0xff, 0xff,
  0xef, 0xff, 0xff, 0xff, 0xff, 0xff, 0xff, 0xff, 0xff, 0xff, 0xff, 0xff, 0xff, 0xff, 0xff, 0xff,
  0xff, 0xff, 0xff, 0xff, 0xff, 0xff, 0xff, 0xff, 0xff, 0xff, 0xff, 0xff, 0xff, 0xff, 0xff, 0xff,
  0xff, 0xbb, 0xbb, 0xbb, 0xbb, 0xbb, 0xbb, 0xbb, 0xbb, 0xbb, 0xbb, 0xbb, 0xbb, 0xbb, 0xbb, 0xbb,
  0xfe, 0xff, 0xff, 0xff, 0xff, 0xff, 0xff, 0xff, 0xff, 0xff, 0xff, 0xff, 0xff, 0xff, 0xff, 0xff,
  0xff, 0xff, 0xff, 0xff, 0xff, 0xff, 0xff, 0xff, 0xff, 0xff, 0xff, 0xff, 0xff, 0xff, 0xff, 0xff,
  0xef, 0xff, 0xff, 0xff, 0xff, 0xff, 0xff, 0xff, 0xff, 0xff, 0xff, 0xff, 0xff, 0xff, 0xff, 0xff,
  0xff, 0xfd, 0xdd, 0xdd, 0xdd, 0xdd, 0xdd, 0xdd, 0xdd, 0xdd, 0xdd, 0xdd, 0xdd, 0xdd, 0xdd, 0xdf,
  0xff, 0xef, 0xff, 0xff, 0xff, 0xff, 0xff, 0xff, 0xff, 0xff, 0xff, 0xff, 0xff, 0xff, 0xff, 0xfd,
  0xfd, 0xff, 0xff, 0xff, 0xff, 0xff, 0xff, 0xff, 0xff, 0xff, 0xff, 0xff, 0xff, 0xff, 0xff, 0xff,
  0xf7, 0xff, 0xff, 0xff, 0xff, 0xff, 0xff, 0xff, 0xff, 0xff, 0xff, 0xff, 0xff, 0xff, 0xff, 0xff,
  0xff, 0xff, 0xbb, 0xbb, 0xbb, 0xbb, 0xbb, 0xbb, 0xbb, 0xbb, 0xbb, 0xbb, 0xbb, 0xbb, 0xbb, 0xbf,
  0xff, 0xdd, 0xff, 0xff, 0xff, 0xff, 0xff, 0xff, 0xff, 0xff, 0xff, 0xff, 0xff, 0xff, 0xff, 0xfb,
  0xff, 0xff, 0xff, 0xff, 0xff, 0xff, 0xff, 0xff, 0xff, 0xff, 0xff, 0xff, 0xff, 0xff, 0xff, 0xff,
  0xef, 0x7f, 0xff, 0xff, 0xff, 0xff, 0xff, 0xff, 0xff, 0xff, 0xff, 0xff, 0xff, 0xff, 0xff, 0xff,
  0xff, 0xff, 0xf7, 0x76, 0xee, 0xdd, 0xee, 0xed, 0xbb, 0xbb, 0xee, 0xfd, 0xbb, 0x77, 0x77, 0x7f,
  0xff, 0xfd, 0xdf, 0xdf, 0xbb, 0xef, 0xbf, 0xfe, 0xdf, 0xff, 0x7f, 0xaf, 0xde, 0xff, 0xff, 0xf7,
  0xff, 0xf7, 0xff, 0xfe, 0xff, 0xaf, 0xfa, 0xf5, 0x5b, 0xfd, 0xbf, 0x56, 0xba, 0xff, 0xff, 0xff,
  0xf7, 0x7f, 0xff, 0xaf, 0xb5, 0xde, 0xbf, 0xfe, 0xbd, 0xec, 0x6d, 0xdb, 0x6d, 0xff, 0xff, 0xff,
  0xff, 0xff, 0xff, 0xf5, 0x5e, 0xaf, 0xea, 0xeb, 0xf7, 0xfa, 0xb7, 0x4d, 0x55, 0xdd, 0xdd, 0xdf,
  0xff, 0xff, 0xfd, 0x5d, 0xef, 0xbe, 0xbf, 0x7e, 0x5d, 0xff, 0x5b, 0xa6, 0xbb, 0xff, 0xff, 0xff,
  0xff, 0xff, 0x77, 0xd6, 0xbd, 0x7f, 0xd5, 0xdb, 0x7f, 0xeb, 0xea, 0xfb, 0xd7, 0xff, 0xff, 0xfd,
  0xee, 0xef, 0xff, 0xba, 0xef, 0xf6, 0xbb, 0x6e, 0xf5, 0x7d, 0x57, 0x6d, 0xff, 0xff, 0xff, 0xff,
  0xff, 0xff, 0xff, 0x55, 0xae, 0xbf, 0x55, 0xbb, 0x9f, 0xa7, 0x6b, 0xb5, 0xd5, 0xee, 0xee, 0xef,
  0xff, 0xfd, 0xff, 0xae, 0xef, 0x7e, 0xbb, 0x5d, 0x69, 0x5d, 0xae, 0xab, 0xf7, 0xff, 0xff, 0xff,
  0xff, 0xff, 0xef, 0xbd, 0xd7, 0xff, 0x75, 0xd5, 0x5e, 0xbe, 0xbf, 0xaf, 0xaf, 0xff, 0xff, 0xff,
  0xf7, 0x77, 0xff, 0xff, 0xff, 0x7f, 0xff, 0xff, 0xfb, 0x7f, 0xfe, 0xfb, 0xff, 0xbf, 0xff, 0xff,
  0xff, 0xff, 0xfe, 0xff, 0xff, 0xfb, 0xf7, 0xbe, 0xfd, 0xff, 0xff, 0xdf, 0xfd, 0xfd, 0xdd, 0xdd,
  0xff, 0xff, 0xbf, 0xee, 0xfb, 0xfd, 0x6a, 0xfb, 0x45, 0x7a, 0x5b, 0xbc, 0xbb, 0xff, 0xff, 0xff,
  0xff, 0xff, 0xff, 0xff, 0xd6, 0xed, 0x55, 0x1a, 0xf1, 0x2d, 0x57, 0x4d, 0x7a, 0x7f, 0xff, 0xff,
  0xee, 0xef, 0xfb, 0xff, 0x7a, 0xbc, 0xa2, 0xdd, 0x10, 0xb4, 0xaf, 0x55, 0x74, 0xf7, 0xff, 0xff,
  0xff, 0xfe, 0xff, 0xfd, 0xab, 0x7a, 0xa3, 0x5a, 0xd4, 0x94, 0x13, 0x4a, 0x35, 0x7f, 0xbb, 0xbb,
  0xff, 0xff, 0xff, 0xbf, 0x78, 0xbd, 0x4e, 0xba, 0x2b, 0x15, 0x55, 0x29, 0xb4, 0xff, 0xff, 0xff,
  0xff, 0xff, 0xef, 0xfd, 0xad, 0x7a, 0xab, 0x5a, 0xa9, 0x4a, 0xd2, 0xa4, 0x55, 0x7f, 0xff, 0xff,
  0xf7, 0x77, 0xff, 0xff, 0x78, 0xbc, 0x56, 0xaa, 0x54, 0xb5, 0xa9, 0x52, 0x94, 0xfb, 0xff, 0xff,
  0xff, 0xff, 0xbe, 0xf7, 0xb4, 0xfb, 0x2b, 0x54, 0xa2, 0xb4, 0x42, 0x88, 0xaa, 0x7f, 0xbb, 0xbf,
  0xff, 0xff, 0xff, 0xff, 0x54, 0xfc, 0x2a, 0xa2, 0xd2, 0x95, 0x26, 0x14, 0x44, 0xef, 0xff, 0xfb,
  0xff, 0xfe, 0xff, 0xff, 0xe9, 0xfa, 0xe9, 0xd4, 0xe7, 0x5e, 0x8e, 0xb3, 0x54, 0x7f, 0xff, 0xff,
  0xee, 0xef, 0xff, 0xdf, 0xf7, 0xde, 0x77, 0xb5, 0xff, 0xbe, 0xfd, 0x6d, 0xbb, 0xff, 0xff, 0xff,
  0xff, 0xff, 0xfb, 0xfe, 0xff, 0xff, 0xff, 0xff, 0xef, 0xff, 0xbf, 0xff, 0xff, 0xff, 0x77, 0x7f,
  0xff, 0xff, 0xff, 0xff, 0xfe, 0xff, 0xff, 0xff, 0xfe, 0xff, 0xff, 0xff, 0xff, 0xfd, 0xff, 0xf7,
  0xff, 0xff, 0xbf, 0xbf, 0xef, 0xff, 0xff, 0xff, 0xff, 0xfb, 0xff, 0xff, 0xdd, 0xef, 0xff, 0xff,
  0xf7, 0x76, 0xfe, 0xff, 0xbf, 0xf7, 0x77, 0x77, 0xbf, 0xff, 0xfb, 0xff, 0x7f, 0xff, 0xff, 0xff,
  0xff, 0xff, 0xff, 0xfb, 0xff, 0xff, 0xff, 0xff, 0xff, 0xef, 0xef, 0xef, 0xff, 0xff, 0xfb, 0xbf,
  0xff, 0xff, 0xfb, 0xff, 0xff, 0xbf, 0xff, 0xff, 0xfb, 0xbf, 0xbf, 0xff, 0xff, 0xbf, 0xef, 0xfb,
  0xff, 0xff, 0xff, 0xff, 0xfe, 0xff, 0xff, 0xfe, 0xff, 0xff, 0xff, 0xff, 0xfe, 0xff, 0x7f, 0xff,
  0xee, 0xef, 0xff, 0xff, 0xfb, 0xfd, 0xdd, 0xdf, 0xff, 0xff, 0xff, 0xbd, 0xf7, 0xfd, 0xff, 0xff,
  0xff, 0xff, 0x7f, 0xee, 0xef, 0xff, 0xff, 0xff, 0xef, 0xff, 0xff, 0xff, 0xdf, 0xff, 0xff, 0xdf,
  0xff, 0xff, 0xf7, 0x7f, 0xff, 0xff, 0xff, 0xff, 0xff, 0x7d, 0xfe, 0xff, 0xff, 0xff, 0xff, 0x7f,
  0xff, 0xfd, 0xff, 0xff, 0xff, 0xff, 0xff, 0xf7, 0x7f, 0xff, 0xdf, 0xff, 0xff, 0xf7, 0xfd, 0xff,
  0xf7, 0x77, 0xff, 0xff, 0xff, 0xee, 0xee, 0xff, 0xff, 0xf7, 0xff, 0xf6, 0xff, 0xdf, 0xef, 0xfd,
  0xff, 0xff, 0xff, 0xfd, 0xdf, 0xff, 0xff, 0xff, 0xfb, 0xff, 0xff, 0xff, 0xfe, 0xff, 0xbf, 0xff,
  0xff, 0xff, 0xee, 0xf7, 0xfe, 0xff, 0xff, 0xef, 0xef, 0xdf, 0xf7, 0x7f, 0xf7, 0xff, 0xff, 0xff,
  0xff, 0xff, 0xff, 0xff, 0xff, 0xff, 0xff, 0xbf, 0x7f, 0xff, 0x7f, 0xff, 0xdf, 0xff, 0xff, 0xf7,
  0xee, 0xef, 0xbf, 0xff, 0xff, 0xee, 0xee, 0xff, 0xff, 0xff, 0xff, 0xf7, 0xff, 0xfe, 0xff, 0xdf,
  0xff, 0xff, 0xff, 0xdf, 0xef, 0xff, 0xff, 0xff, 0xff, 0xff, 0xff, 0xff, 0xff, 0xf7, 0xfd, 0xff,
  0xff, 0xfe, 0xfe, 0xff, 0x7e, 0xff, 0xff, 0xff, 0xfe, 0xef, 0xf7, 0x7f, 0x7f, 0xbf, 0xf7, 0xff,
  0xff, 0xff, 0xfb, 0xff, 0xff, 0xff, 0xff, 0xfd, 0xf7, 0xfe, 0xff, 0xff, 0xfe, 0xff, 0xff, 0xff,
  0xf7, 0x77, 0xff, 0xfd, 0xff, 0xee, 0xef, 0xff, 0xdf, 0xff, 0xff, 0xf7, 0xfb, 0xff, 0xdf, 0xff
};
// Author :- Ashish ( ashish_y_794 )
// Website : https://www.oledanimationmaker.com/

const uint8_t PROGMEM frame99[1024] = {
  0xff, 0xff, 0xff, 0xff, 0xff, 0xff, 0xff, 0xff, 0xff, 0xff, 0xff, 0xff, 0xff, 0xff, 0xff, 0xff,
  0xff, 0xff, 0xff, 0xff, 0xff, 0xff, 0xff, 0xff, 0xff, 0xff, 0xff, 0xff, 0xff, 0xff, 0xff, 0xff,
  0xff, 0xff, 0xff, 0xff, 0xff, 0xff, 0xff, 0xff, 0xff, 0xff, 0xff, 0xff, 0xff, 0xff, 0xff, 0xff,
  0xff, 0xff, 0xff, 0xff, 0xff, 0xff, 0xff, 0xff, 0xff, 0xff, 0xff, 0xff, 0xff, 0xff, 0xff, 0xff,
  0xfd, 0xef, 0x7b, 0xde, 0xf7, 0xbd, 0xef, 0x7b, 0xde, 0xf7, 0xbd, 0xef, 0x7b, 0xde, 0xf7, 0xbf,
  0xf7, 0xff, 0xff, 0xff, 0xff, 0xff, 0xff, 0xff, 0xff, 0xff, 0xff, 0xff, 0xff, 0xff, 0xff, 0xfb,
  0xff, 0xff, 0xff, 0xff, 0xff, 0xff, 0xff, 0xff, 0xff, 0xff, 0xff, 0xff, 0xff, 0xff, 0xff, 0xff,
  0xff, 0xfd, 0xef, 0x7b, 0xde, 0xf7, 0xbd, 0xef, 0x7b, 0xde, 0xf7, 0xbd, 0xef, 0x7b, 0xde, 0xff,
  0xff, 0xdf, 0xff, 0xff, 0xff, 0xff, 0xff, 0xff, 0xff, 0xff, 0xff, 0xff, 0xff, 0xff, 0xff, 0xff,
  0xff, 0x7f, 0xff, 0xff, 0xff, 0xff, 0xff, 0xff, 0xff, 0xff, 0xff, 0xff, 0xff, 0xff, 0xff, 0xef,
  0xef, 0xff, 0xff, 0xff, 0xff, 0xff, 0xff, 0xff, 0xff, 0xff, 0xff, 0xff, 0xff, 0xff, 0xff, 0xff,
  0xff, 0xff, 0x77, 0x77, 0x77, 0x77, 0x77, 0x77, 0x77, 0x77, 0x77, 0x77, 0x77, 0x77, 0x77, 0x7f,
  0xff, 0xfd, 0xff, 0xff, 0xff, 0xff, 0xff, 0xff, 0xff, 0xff, 0xff, 0xff, 0xff, 0xff, 0xff, 0xff,
  0xfd, 0xf7, 0xff, 0xff, 0xff, 0xff, 0xff, 0xff, 0xff, 0xff, 0xff, 0xff, 0xff, 0xff, 0xff, 0xfb,
  0xff, 0xdf, 0xff, 0xff, 0xff, 0xff, 0xff, 0xff, 0xff, 0xff, 0xff, 0xff, 0xff, 0xff, 0xff, 0xff,
  0xef, 0xff, 0xfd, 0xef, 0x7b, 0xdd, 0xef, 0x7b, 0xde, 0xf7, 0xbd, 0xef, 0x7b, 0xde, 0xf7, 0xdf,
  0xff, 0xff, 0xf7, 0xff, 0xff, 0xff, 0xff, 0xff, 0xff, 0xff, 0xff, 0xff, 0xff, 0xff, 0xff, 0x7f,
  0xff, 0xff, 0xff, 0xff, 0xff, 0xff, 0xff, 0xff, 0xff, 0xff, 0xff, 0xff, 0xff, 0xff, 0xff, 0xff,
  0xfe, 0xff, 0xdf, 0xfd, 0xef, 0x7f, 0xbd, 0xef, 0x7b, 0xde, 0xf7, 0xbd, 0xef, 0x7b, 0xdf, 0xff,
  0xfb, 0xf7, 0x7f, 0xdf, 0xff, 0xfd, 0xff, 0xff, 0xff, 0xff, 0xff, 0xff, 0xff, 0xff, 0xff, 0xff,
  0xff, 0xff, 0xff, 0xff, 0xff, 0xf7, 0xff, 0xfd, 0xff, 0xff, 0xff, 0xff, 0xbf, 0xff, 0xfd, 0xfb,
  0xff, 0xff, 0xff, 0x6e, 0xeb, 0xaf, 0xfb, 0x77, 0x5b, 0xfb, 0x7e, 0xaf, 0x7d, 0x7f, 0xff, 0xef,
  0xef, 0xff, 0xff, 0xff, 0x7f, 0xdf, 0xbe, 0xfc, 0xbd, 0xee, 0xdf, 0xd5, 0xd6, 0xee, 0xef, 0xff,
  0xff, 0xbb, 0xfd, 0xad, 0xd5, 0x57, 0xdb, 0xfb, 0xaf, 0xfd, 0x6d, 0x5e, 0x6d, 0x7f, 0xff, 0xff,
  0xff, 0xff, 0xef, 0xf7, 0x5f, 0xaf, 0x7e, 0xfe, 0xfb, 0xba, 0x37, 0xa5, 0xb5, 0xff, 0xff, 0x7f,
  0xff, 0xff, 0xbf, 0xad, 0xed, 0x7f, 0xab, 0xb6, 0xbd, 0xfd, 0xda, 0xd6, 0xaf, 0xff, 0xff, 0xff,
  0xfb, 0xff, 0xff, 0x76, 0xbf, 0xbe, 0xfd, 0xed, 0x77, 0xf7, 0xeb, 0xbb, 0xf7, 0xfe, 0xf7, 0xfb,
  0xff, 0xbb, 0xff, 0xad, 0xd6, 0xff, 0x55, 0x5f, 0xbd, 0xdd, 0x55, 0xed, 0xb5, 0xfb, 0xff, 0xef,
  0xef, 0xff, 0xfe, 0xda, 0xdf, 0xfd, 0xb5, 0xea, 0xd6, 0xb6, 0xd7, 0x55, 0xef, 0xef, 0xff, 0xbf,
  0xff, 0xff, 0xff, 0x5d, 0x6e, 0x77, 0x35, 0x9d, 0x5a, 0xbb, 0x5f, 0x57, 0xf7, 0xff, 0xfe, 0xff,
  0xff, 0xff, 0xbb, 0xdd, 0xef, 0xff, 0x7b, 0xfb, 0xbd, 0xbe, 0xdd, 0xb7, 0xb7, 0xbf, 0xef, 0xff,
  0xff, 0x7b, 0xff, 0xff, 0xff, 0xbf, 0xff, 0xbe, 0xfb, 0x7f, 0xff, 0xde, 0xff, 0xff, 0xff, 0xff,
  0xfd, 0xff, 0xff, 0xff, 0xfd, 0xfe, 0xf7, 0xff, 0xef, 0xf7, 0x7f, 0xff, 0xfe, 0xff, 0xff, 0xff,
  0xf7, 0xff, 0xff, 0xdd, 0xdf, 0xfb, 0x6a, 0xb4, 0xd1, 0x5d, 0xbf, 0x2d, 0x7b, 0xff, 0x7f, 0xff,
  0xff, 0xff, 0xdf, 0x7f, 0xf5, 0xfc, 0xd2, 0x9b, 0x6a, 0x7d, 0x4b, 0xad, 0x68, 0xfd, 0xfb, 0xf7,
  0xff, 0xf7, 0x7f, 0xff, 0x55, 0x3a, 0xaa, 0xbc, 0x90, 0x94, 0x37, 0x54, 0xbd, 0x77, 0xff, 0xbf,
  0xff, 0xff, 0xfd, 0xfd, 0xbb, 0x7a, 0xa2, 0xba, 0xa8, 0x94, 0x4a, 0xaa, 0xb2, 0xff, 0xff, 0xff,
  0xff, 0xff, 0xff, 0xff, 0xb4, 0xbd, 0x47, 0x5a, 0x56, 0x95, 0x2b, 0x4a, 0x5a, 0x7f, 0xff, 0xff,
  0xee, 0xff, 0xff, 0xfe, 0xfa, 0x7a, 0x5d, 0x5a, 0xa9, 0x2a, 0xd2, 0x91, 0x55, 0x7f, 0xee, 0xff,
  0xff, 0xee, 0xff, 0xf7, 0x59, 0x7a, 0xa7, 0x55, 0x52, 0xaa, 0xd1, 0x4a, 0x34, 0xff, 0xff, 0xfb,
  0xff, 0xff, 0xf7, 0xdf, 0xb4, 0xfd, 0x16, 0xaa, 0x49, 0x75, 0x25, 0x14, 0x92, 0x77, 0x7f, 0xff,
  0xff, 0xff, 0xff, 0x7e, 0xd0, 0xfa, 0x52, 0xa4, 0xd2, 0x94, 0x85, 0x48, 0xa4, 0xff, 0xff, 0xef,
  0xfb, 0xbf, 0xff, 0xff, 0xd5, 0xdc, 0x6b, 0xa8, 0xe7, 0x5e, 0x56, 0x32, 0x94, 0x7f, 0xfd, 0xff,
  0xef, 0xfd, 0xdf, 0xff, 0xfb, 0xff, 0x7b, 0xd7, 0xff, 0xbf, 0xbf, 0xef, 0x5b, 0xff, 0xf7, 0xff,
  0xff, 0xff, 0xff, 0xff, 0xff, 0xfd, 0xff, 0xff, 0xef, 0xfd, 0xff, 0xff, 0xff, 0xfb, 0xdf, 0xff,
  0xff, 0xff, 0xfd, 0xff, 0x7f, 0xff, 0xff, 0xff, 0xbe, 0xff, 0xff, 0x7d, 0xff, 0xff, 0xff, 0xef,
  0xff, 0xef, 0xff, 0xf7, 0xff, 0xef, 0xfd, 0xfe, 0xff, 0xff, 0xf7, 0xff, 0xff, 0xdf, 0xff, 0xff,
  0xff, 0x7f, 0x7f, 0xdf, 0xf7, 0x7f, 0xef, 0xef, 0xff, 0xf7, 0xdf, 0xff, 0xff, 0x7f, 0xff, 0xff,
  0xfb, 0xff, 0xf7, 0xff, 0xff, 0xff, 0xbf, 0xff, 0xff, 0xff, 0xff, 0xf7, 0xfb, 0xfe, 0xff, 0x7d,
  0xef, 0xff, 0xff, 0xff, 0xdf, 0xff, 0xff, 0xff, 0xff, 0xbf, 0xff, 0xdf, 0xdf, 0xff, 0xef, 0xff,
  0xff, 0xfd, 0xff, 0xff, 0x7f, 0xfd, 0xff, 0xbf, 0xfb, 0xfe, 0xff, 0x7f, 0xff, 0xff, 0xff, 0xf7,
  0xff, 0xf7, 0xfe, 0xfd, 0xff, 0xdf, 0xff, 0xfd, 0xef, 0xff, 0xff, 0xff, 0xff, 0xff, 0xff, 0xff,
  0xff, 0xff, 0xef, 0xef, 0xfe, 0xff, 0xfd, 0xff, 0xff, 0xff, 0xf7, 0xff, 0x7f, 0xee, 0xfd, 0xdf,
  0xff, 0xbf, 0xff, 0xff, 0xff, 0xff, 0xf7, 0xff, 0xff, 0xef, 0xdf, 0xff, 0xfe, 0xff, 0xf7, 0xff,
  0xfb, 0xff, 0xff, 0xff, 0xff, 0xff, 0xbf, 0xf7, 0xbf, 0xbe, 0xff, 0xff, 0xfb, 0xff, 0xff, 0xff,
  0xef, 0xff, 0xbf, 0x7f, 0xfb, 0xfb, 0xff, 0xff, 0xff, 0xff, 0xff, 0xbb, 0xef, 0xff, 0xdf, 0xff,
  0xff, 0xfe, 0xfd, 0xff, 0xef, 0xef, 0xff, 0xdf, 0xfd, 0xff, 0xff, 0xff, 0xff, 0xfb, 0xff, 0xfd,
  0xff, 0xef, 0xff, 0xfb, 0xbf, 0xff, 0xff, 0xff, 0xff, 0xff, 0xfe, 0xff, 0xff, 0xef, 0xff, 0xbf,
  0xff, 0xbf, 0xff, 0xff, 0xff, 0xff, 0xfe, 0xfe, 0xef, 0xff, 0xfb, 0xff, 0x7f, 0xff, 0xff, 0xff,
  0xff, 0xff, 0xff, 0xff, 0xff, 0xbf, 0xbb, 0xff, 0xff, 0xee, 0xef, 0xfd, 0xff, 0xff, 0xbd, 0xff,
  0xfb, 0xff, 0xf7, 0xef, 0xff, 0xff, 0xff, 0xff, 0xff, 0xbf, 0xff, 0xf7, 0xfd, 0xff, 0xff, 0xf7,
  0xef, 0xff, 0x7f, 0xbf, 0xff, 0xfd, 0xff, 0xf7, 0xfe, 0xff, 0xff, 0xff, 0xf7, 0xdf, 0xff, 0xff,
  0xff, 0xfd, 0xff, 0xfe, 0xee, 0xff, 0xff, 0xff, 0xbf, 0xff, 0xff, 0xff, 0xff, 0xfe, 0xff, 0xdf,
  0xff, 0xdf, 0xff, 0xff, 0xff, 0xff, 0xef, 0xdf, 0xff, 0xff, 0x7f, 0xdf, 0xff, 0xff, 0xf7, 0x7f
};
// Author :- Ashish ( ashish_y_794 )
// Website : https://www.oledanimationmaker.com/

const uint8_t PROGMEM frame100[1024] = {
  0x00, 0x00, 0x00, 0x00, 0x00, 0x00, 0x00, 0x00, 0x00, 0x00, 0x00, 0x00, 0x00, 0x00, 0x00, 0x00,
  0x00, 0x00, 0x00, 0x00, 0x00, 0x00, 0x00, 0x00, 0x00, 0x00, 0x00, 0x00, 0x00, 0x00, 0x00, 0x00,
  0x00, 0x00, 0x00, 0x00, 0x00, 0x00, 0x00, 0x00, 0x00, 0x00, 0x00, 0x00, 0x00, 0x00, 0x00, 0x00,
  0x00, 0x00, 0x00, 0x00, 0x00, 0x00, 0x00, 0x00, 0x00, 0x00, 0x00, 0x00, 0x00, 0x00, 0x00, 0x00,
  0x00, 0x00, 0x00, 0x00, 0x00, 0x00, 0x00, 0x00, 0x00, 0x00, 0x00, 0x00, 0x00, 0x00, 0x00, 0x00,
  0x00, 0x00, 0x00, 0x00, 0x00, 0x00, 0x00, 0x00, 0x00, 0x00, 0x00, 0x00, 0x00, 0x00, 0x00, 0x00,
  0x00, 0x00, 0x00, 0x00, 0x00, 0x00, 0x00, 0x00, 0x00, 0x00, 0x00, 0x00, 0x00, 0x00, 0x00, 0x00,
  0x00, 0x00, 0x00, 0x00, 0x00, 0x00, 0x00, 0x00, 0x00, 0x00, 0x00, 0x00, 0x00, 0x00, 0x00, 0x00,
  0x00, 0x00, 0x00, 0x00, 0x00, 0x00, 0x00, 0x00, 0x00, 0x00, 0x00, 0x00, 0x00, 0x00, 0x00, 0x00,
  0x00, 0x00, 0x00, 0x00, 0x00, 0x00, 0x00, 0x00, 0x00, 0x00, 0x00, 0x00, 0x00, 0x00, 0x00, 0x00,
  0x00, 0x00, 0x00, 0x00, 0x00, 0x00, 0x00, 0x00, 0x00, 0x00, 0x00, 0x00, 0x00, 0x00, 0x00, 0x00,
  0x00, 0x00, 0x00, 0x00, 0x00, 0x00, 0x00, 0x00, 0x00, 0x00, 0x00, 0x00, 0x00, 0x00, 0x00, 0x00,
  0x00, 0x00, 0x00, 0x00, 0x00, 0x00, 0x00, 0x00, 0x00, 0x00, 0x00, 0x00, 0x00, 0x00, 0x00, 0x00,
  0x00, 0x00, 0x00, 0x00, 0x00, 0x00, 0x00, 0x00, 0x00, 0x00, 0x00, 0x00, 0x00, 0x00, 0x00, 0x00,
  0x00, 0x00, 0x00, 0x00, 0x00, 0x00, 0x00, 0x00, 0x00, 0x00, 0x00, 0x00, 0x00, 0x00, 0x00, 0x00,
  0x00, 0x00, 0x00, 0x00, 0x00, 0x00, 0x00, 0x00, 0x00, 0x00, 0x00, 0x00, 0x00, 0x00, 0x00, 0x00,
  0x00, 0x00, 0x00, 0x00, 0x00, 0x00, 0x00, 0x00, 0x00, 0x00, 0x00, 0x00, 0x00, 0x00, 0x00, 0x00,
  0x00, 0x00, 0x00, 0x00, 0x00, 0x00, 0x00, 0x00, 0x00, 0x00, 0x00, 0x00, 0x00, 0x00, 0x00, 0x00,
  0x00, 0x00, 0x00, 0x00, 0x00, 0x00, 0x00, 0x00, 0x00, 0x00, 0x00, 0x00, 0x00, 0x00, 0x00, 0x00,
  0x00, 0x00, 0x00, 0x00, 0x00, 0x0a, 0x40, 0x28, 0x4a, 0x48, 0x10, 0x00, 0x00, 0x00, 0x00, 0x00,
  0x00, 0x00, 0x00, 0x00, 0x00, 0x00, 0x09, 0x02, 0x00, 0x02, 0x40, 0x00, 0x00, 0x00, 0x00, 0x00,
  0x00, 0x00, 0x00, 0x00, 0x00, 0x11, 0x20, 0x00, 0x10, 0x00, 0x04, 0x00, 0x00, 0x00, 0x00, 0x00,
  0x00, 0x00, 0x00, 0x00, 0x00, 0x00, 0x00, 0x00, 0x00, 0x00, 0x00, 0x00, 0x00, 0x00, 0x00, 0x00,
  0x00, 0x00, 0x00, 0x00, 0x00, 0x00, 0x00, 0x00, 0x00, 0x00, 0x00, 0x00, 0x00, 0x00, 0x00, 0x00,
  0x00, 0x00, 0x00, 0x00, 0x00, 0x00, 0x00, 0x00, 0x00, 0x00, 0x00, 0x00, 0x00, 0x00, 0x00, 0x00,
  0x00, 0x00, 0x00, 0x00, 0x00, 0x00, 0x00, 0x00, 0x00, 0x00, 0x00, 0x00, 0x00, 0x00, 0x00, 0x00,
  0x00, 0x00, 0x00, 0x00, 0x00, 0x00, 0x00, 0x00, 0x00, 0x00, 0x00, 0x00, 0x00, 0x00, 0x00, 0x00,
  0x00, 0x00, 0x00, 0x28, 0x28, 0x20, 0x88, 0x84, 0x5c, 0x01, 0x50, 0x44, 0x00, 0x00, 0x00, 0x00,
  0x00, 0x00, 0x00, 0xda, 0x5e, 0x51, 0x6a, 0xc6, 0x6e, 0x80, 0x98, 0xa8, 0x6b, 0x00, 0x00, 0x00,
  0x00, 0x00, 0x00, 0xad, 0x6b, 0x79, 0xd5, 0xe5, 0x6a, 0x00, 0xd4, 0x54, 0x29, 0x40, 0x00, 0x00,
  0x00, 0x00, 0x01, 0xa2, 0xc5, 0x7d, 0xed, 0xea, 0xc2, 0x01, 0x68, 0xed, 0x1e, 0x00, 0x00, 0x00,
  0x00, 0x00, 0x01, 0x41, 0x43, 0x6f, 0xad, 0x77, 0x56, 0x80, 0xd8, 0x54, 0x2d, 0x00, 0x00, 0x00,
  0x00, 0x00, 0x01, 0x81, 0xa3, 0x76, 0xd5, 0xae, 0xcb, 0x01, 0x5a, 0xac, 0x16, 0x00, 0x00, 0x00,
  0x00, 0x00, 0x01, 0x4a, 0xc5, 0x55, 0x5a, 0xbe, 0xd7, 0x15, 0xd8, 0xed, 0x0c, 0x00, 0x00, 0x00,
  0x00, 0x00, 0x00, 0xec, 0xb6, 0xa0, 0xcd, 0x8e, 0x6a, 0x0d, 0x4e, 0xad, 0x4a, 0x00, 0x00, 0x00,
  0x00, 0x00, 0x00, 0x5a, 0x5c, 0x50, 0x54, 0x84, 0x3d, 0x0b, 0x8b, 0x87, 0x48, 0x00, 0x00, 0x00,
  0x00, 0x00, 0x00, 0x20, 0x22, 0x00, 0x00, 0x02, 0x00, 0x04, 0x04, 0x48, 0x80, 0x00, 0x00, 0x00,
  0x00, 0x00, 0x00, 0x00, 0x00, 0x00, 0x00, 0x00, 0x10, 0x00, 0x00, 0x00, 0x00, 0x00, 0x00, 0x00,
  0x00, 0x00, 0x00, 0x00, 0x00, 0x00, 0x00, 0x00, 0x00, 0x00, 0x00, 0x00, 0x00, 0x00, 0x00, 0x00,
  0x00, 0x00, 0x00, 0x00, 0x00, 0x00, 0x00, 0x00, 0x00, 0x00, 0x00, 0x00, 0x00, 0x00, 0x00, 0x00,
  0x00, 0x00, 0x00, 0x00, 0x00, 0x00, 0x00, 0x00, 0x00, 0x00, 0x00, 0x00, 0x00, 0x00, 0x00, 0x00,
  0x00, 0x00, 0x00, 0x00, 0x00, 0x00, 0x00, 0x00, 0x00, 0x00, 0x00, 0x00, 0x00, 0x00, 0x00, 0x00,
  0x00, 0x00, 0x00, 0x00, 0x00, 0x00, 0x00, 0x00, 0x00, 0x00, 0x00, 0x00, 0x00, 0x00, 0x00, 0x00,
  0x00, 0x00, 0x00, 0x00, 0x00, 0x00, 0x00, 0x00, 0x00, 0x00, 0x00, 0x00, 0x00, 0x00, 0x00, 0x00,
  0x00, 0x00, 0x00, 0x00, 0x00, 0x00, 0x00, 0x00, 0x00, 0x00, 0x00, 0x00, 0x00, 0x00, 0x00, 0x00,
  0x00, 0x00, 0x00, 0x00, 0x00, 0x00, 0x00, 0x00, 0x00, 0x00, 0x00, 0x00, 0x00, 0x00, 0x00, 0x00,
  0x00, 0x00, 0x00, 0x00, 0x00, 0x00, 0x00, 0x00, 0x00, 0x00, 0x00, 0x00, 0x00, 0x00, 0x00, 0x00,
  0x00, 0x00, 0x00, 0x00, 0x00, 0x00, 0x00, 0x00, 0x00, 0x00, 0x00, 0x00, 0x00, 0x00, 0x00, 0x00,
  0x00, 0x00, 0x00, 0x00, 0x00, 0x00, 0x00, 0x00, 0x00, 0x00, 0x00, 0x00, 0x00, 0x00, 0x00, 0x00,
  0x00, 0x00, 0x00, 0x00, 0x00, 0x00, 0x00, 0x00, 0x00, 0x00, 0x00, 0x00, 0x00, 0x00, 0x00, 0x00,
  0x00, 0x00, 0x00, 0x00, 0x00, 0x00, 0x00, 0x00, 0x00, 0x00, 0x00, 0x00, 0x00, 0x00, 0x00, 0x00,
  0x00, 0x00, 0x00, 0x00, 0x00, 0x00, 0x00, 0x00, 0x00, 0x00, 0x00, 0x00, 0x00, 0x00, 0x00, 0x00,
  0x00, 0x00, 0x00, 0x00, 0x00, 0x00, 0x00, 0x00, 0x00, 0x00, 0x00, 0x00, 0x00, 0x00, 0x00, 0x00,
  0x00, 0x00, 0x00, 0x00, 0x00, 0x00, 0x00, 0x00, 0x00, 0x00, 0x00, 0x00, 0x00, 0x00, 0x00, 0x00,
  0x00, 0x00, 0x00, 0x00, 0x00, 0x00, 0x00, 0x00, 0x00, 0x00, 0x00, 0x00, 0x00, 0x00, 0x00, 0x00,
  0x00, 0x00, 0x00, 0x00, 0x00, 0x00, 0x00, 0x00, 0x00, 0x00, 0x00, 0x00, 0x00, 0x00, 0x00, 0x00,
  0x00, 0x00, 0x00, 0x00, 0x00, 0x00, 0x00, 0x00, 0x00, 0x00, 0x00, 0x00, 0x00, 0x00, 0x00, 0x00,
  0x00, 0x00, 0x00, 0x00, 0x00, 0x00, 0x00, 0x00, 0x00, 0x00, 0x00, 0x00, 0x00, 0x00, 0x00, 0x00,
  0x00, 0x00, 0x00, 0x00, 0x00, 0x00, 0x00, 0x00, 0x00, 0x00, 0x00, 0x00, 0x00, 0x00, 0x00, 0x00,
  0x00, 0x00, 0x00, 0x00, 0x00, 0x00, 0x00, 0x00, 0x00, 0x00, 0x00, 0x00, 0x00, 0x00, 0x00, 0x00,
  0x00, 0x00, 0x00, 0x00, 0x00, 0x00, 0x00, 0x00, 0x00, 0x00, 0x00, 0x00, 0x00, 0x00, 0x00, 0x00,
  0x00, 0x00, 0x00, 0x00, 0x00, 0x00, 0x00, 0x00, 0x00, 0x00, 0x00, 0x00, 0x00, 0x00, 0x00, 0x00,
  0x00, 0x00, 0x00, 0x00, 0x00, 0x00, 0x00, 0x00, 0x00, 0x00, 0x00, 0x00, 0x00, 0x00, 0x00, 0x00,
  0x00, 0x00, 0x00, 0x00, 0x00, 0x00, 0x00, 0x00, 0x00, 0x00, 0x00, 0x00, 0x00, 0x00, 0x00, 0x00
};
// Author :- Ashish ( ashish_y_794 )
// Website : https://www.oledanimationmaker.com/

const uint8_t PROGMEM frame101[1024] = {
  0x00, 0x00, 0x00, 0x00, 0x00, 0x00, 0x00, 0x00, 0x00, 0x00, 0x00, 0x00, 0x00, 0x00, 0x00, 0x00,
  0x00, 0x00, 0x00, 0x00, 0x00, 0x00, 0x00, 0x00, 0x00, 0x00, 0x00, 0x00, 0x00, 0x00, 0x00, 0x00,
  0x00, 0x00, 0x00, 0x00, 0x00, 0x00, 0x00, 0x00, 0x00, 0x00, 0x00, 0x00, 0x00, 0x00, 0x00, 0x00,
  0x00, 0x00, 0x00, 0x00, 0x00, 0x00, 0x00, 0x00, 0x00, 0x00, 0x00, 0x00, 0x00, 0x00, 0x00, 0x00,
  0x00, 0x00, 0x00, 0x00, 0x00, 0x00, 0x00, 0x00, 0x00, 0x00, 0x00, 0x00, 0x00, 0x00, 0x00, 0x00,
  0x00, 0x00, 0x00, 0x00, 0x00, 0x00, 0x00, 0x00, 0x00, 0x00, 0x00, 0x00, 0x00, 0x00, 0x00, 0x00,
  0x00, 0x00, 0x00, 0x00, 0x00, 0x00, 0x00, 0x00, 0x00, 0x00, 0x00, 0x00, 0x00, 0x00, 0x00, 0x00,
  0x00, 0x00, 0x00, 0x00, 0x00, 0x00, 0x00, 0x00, 0x00, 0x00, 0x00, 0x00, 0x00, 0x00, 0x00, 0x00,
  0x00, 0x00, 0x00, 0x00, 0x00, 0x00, 0x00, 0x00, 0x00, 0x00, 0x00, 0x00, 0x00, 0x00, 0x00, 0x00,
  0x00, 0x00, 0x00, 0x00, 0x00, 0x00, 0x00, 0x00, 0x00, 0x00, 0x00, 0x00, 0x00, 0x00, 0x00, 0x00,
  0x00, 0x00, 0x00, 0x00, 0x00, 0x00, 0x00, 0x00, 0x00, 0x00, 0x00, 0x00, 0x00, 0x00, 0x00, 0x00,
  0x00, 0x00, 0x00, 0x00, 0x00, 0x00, 0x00, 0x00, 0x00, 0x00, 0x00, 0x00, 0x00, 0x00, 0x00, 0x00,
  0x00, 0x00, 0x00, 0x00, 0x00, 0x00, 0x00, 0x00, 0x00, 0x00, 0x00, 0x00, 0x00, 0x00, 0x00, 0x00,
  0x00, 0x00, 0x00, 0x00, 0x00, 0x00, 0x00, 0x00, 0x00, 0x00, 0x00, 0x00, 0x00, 0x00, 0x00, 0x00,
  0x00, 0x00, 0x00, 0x00, 0x00, 0x00, 0x00, 0x00, 0x00, 0x00, 0x00, 0x00, 0x00, 0x00, 0x00, 0x00,
  0x00, 0x00, 0x00, 0x00, 0x00, 0x00, 0x00, 0x00, 0x00, 0x00, 0x00, 0x00, 0x00, 0x00, 0x00, 0x00,
  0x00, 0x00, 0x00, 0x00, 0x00, 0x00, 0x00, 0x00, 0x00, 0x00, 0x00, 0x00, 0x00, 0x00, 0x00, 0x00,
  0x00, 0x00, 0x00, 0x00, 0x00, 0x00, 0x00, 0x00, 0x00, 0x00, 0x00, 0x00, 0x00, 0x00, 0x00, 0x00,
  0x00, 0x00, 0x00, 0x00, 0x00, 0x00, 0x00, 0x00, 0x00, 0x00, 0x00, 0x00, 0x00, 0x00, 0x00, 0x00,
  0x00, 0x00, 0x00, 0x00, 0x00, 0x00, 0x00, 0x00, 0x00, 0x00, 0x00, 0x00, 0x00, 0x00, 0x00, 0x00,
  0x00, 0x00, 0x00, 0x00, 0x00, 0x00, 0x00, 0x00, 0x00, 0x00, 0x00, 0x00, 0x00, 0x00, 0x00, 0x00,
  0x00, 0x00, 0x00, 0x00, 0x00, 0x02, 0x48, 0x08, 0x10, 0x88, 0x40, 0x00, 0x00, 0x00, 0x00, 0x00,
  0x00, 0x00, 0x00, 0x00, 0x08, 0x00, 0x00, 0x21, 0x00, 0x00, 0x00, 0x00, 0x00, 0x00, 0x00, 0x00,
  0x00, 0x00, 0x00, 0x00, 0x00, 0x00, 0x01, 0x00, 0x08, 0x01, 0x00, 0x00, 0x00, 0x00, 0x00, 0x40,
  0x00, 0x00, 0x00, 0x00, 0x00, 0x00, 0x00, 0x00, 0x00, 0x00, 0x00, 0x00, 0x00, 0x00, 0x02, 0x00,
  0x00, 0x00, 0x00, 0x00, 0x00, 0x00, 0x00, 0x00, 0x00, 0x00, 0x00, 0x00, 0x00, 0x00, 0x40, 0x00,
  0x00, 0x00, 0x00, 0x00, 0x40, 0x00, 0x00, 0x00, 0x00, 0x00, 0x00, 0x00, 0x00, 0x02, 0x00, 0x00,
  0x00, 0x00, 0x00, 0x00, 0x00, 0x00, 0x00, 0x00, 0x00, 0x00, 0x00, 0x00, 0x00, 0x00, 0x00, 0x00,
  0x00, 0x00, 0x00, 0x01, 0x41, 0xa4, 0x2a, 0x02, 0x28, 0x04, 0x84, 0x08, 0x00, 0x00, 0x00, 0x00,
  0x00, 0x00, 0x00, 0x01, 0xf3, 0x67, 0x1a, 0x62, 0x7c, 0x06, 0x85, 0x88, 0xc0, 0x00, 0x00, 0x00,
  0x00, 0x00, 0x00, 0x05, 0x16, 0x33, 0x3a, 0x76, 0x40, 0x02, 0xc5, 0x87, 0x80, 0x00, 0x00, 0x00,
  0x00, 0x00, 0x00, 0x03, 0x02, 0x17, 0xf3, 0x72, 0xc4, 0x04, 0x8c, 0x85, 0x00, 0x00, 0x00, 0x00,
  0x00, 0x00, 0x00, 0x02, 0x04, 0x14, 0xda, 0x4e, 0x8e, 0x06, 0xc5, 0x83, 0x00, 0x00, 0x00, 0x00,
  0x00, 0x00, 0x00, 0x03, 0x16, 0x32, 0x0a, 0x4e, 0x44, 0x64, 0x8c, 0x82, 0x00, 0x00, 0x00, 0x00,
  0x00, 0x00, 0x00, 0x01, 0xf3, 0xe4, 0x1a, 0x46, 0x7c, 0x3c, 0x71, 0xf3, 0x00, 0x10, 0x00, 0x00,
  0x00, 0x00, 0x00, 0x00, 0x00, 0x02, 0x00, 0x40, 0x10, 0x00, 0x28, 0x00, 0x00, 0x00, 0x00, 0x00,
  0x00, 0x00, 0x00, 0x40, 0x00, 0x00, 0x00, 0x00, 0x00, 0x00, 0x00, 0x00, 0x00, 0x00, 0x00, 0x00,
  0x00, 0x00, 0x00, 0x00, 0x00, 0x00, 0x00, 0x00, 0x00, 0x00, 0x00, 0x00, 0x00, 0x00, 0x00, 0x00,
  0x00, 0x00, 0x00, 0x00, 0x00, 0x00, 0x00, 0x00, 0x00, 0x00, 0x00, 0x00, 0x00, 0x00, 0x00, 0x00,
  0x00, 0x00, 0x00, 0x00, 0x00, 0x00, 0x00, 0x00, 0x00, 0x00, 0x00, 0x00, 0x00, 0x00, 0x00, 0x00,
  0x00, 0x00, 0x00, 0x00, 0x00, 0x00, 0x00, 0x00, 0x00, 0x00, 0x00, 0x00, 0x00, 0x00, 0x00, 0x00,
  0x00, 0x00, 0x00, 0x00, 0x00, 0x00, 0x00, 0x00, 0x00, 0x00, 0x00, 0x00, 0x00, 0x00, 0x00, 0x00,
  0x00, 0x00, 0x02, 0x00, 0x00, 0x00, 0x00, 0x00, 0x00, 0x00, 0x00, 0x00, 0x00, 0x00, 0x00, 0x10,
  0x00, 0x00, 0x00, 0x00, 0x00, 0x00, 0x00, 0x00, 0x00, 0x00, 0x00, 0x00, 0x00, 0x00, 0x00, 0x40,
  0x00, 0x00, 0x00, 0x00, 0x00, 0x00, 0x00, 0x00, 0x00, 0x00, 0x00, 0x00, 0x00, 0x00, 0x00, 0x00,
  0x00, 0x00, 0x00, 0x00, 0x00, 0x00, 0x00, 0x00, 0x00, 0x00, 0x00, 0x00, 0x00, 0x00, 0x00, 0x00,
  0x00, 0x00, 0x00, 0x00, 0x10, 0x00, 0x00, 0x00, 0x00, 0x00, 0x00, 0x00, 0x00, 0x10, 0x02, 0x00,
  0x00, 0x00, 0x00, 0x00, 0x00, 0x00, 0x00, 0x00, 0x00, 0x00, 0x00, 0x00, 0x00, 0x00, 0x00, 0x00,
  0x00, 0x00, 0x00, 0x00, 0x00, 0x00, 0x00, 0x00, 0x00, 0x00, 0x00, 0x00, 0x00, 0x00, 0x00, 0x00,
  0x00, 0x00, 0x00, 0x00, 0x00, 0x00, 0x00, 0x00, 0x00, 0x00, 0x00, 0x00, 0x00, 0x00, 0x00, 0x00,
  0x00, 0x00, 0x00, 0x00, 0x00, 0x00, 0x00, 0x00, 0x00, 0x00, 0x00, 0x00, 0x00, 0x00, 0x00, 0x00,
  0x00, 0x00, 0x00, 0x00, 0x80, 0x00, 0x00, 0x00, 0x00, 0x00, 0x00, 0x00, 0x00, 0x00, 0x00, 0x00,
  0x00, 0x00, 0x00, 0x00, 0x00, 0x00, 0x00, 0x00, 0x00, 0x00, 0x00, 0x00, 0x00, 0x40, 0x00, 0x00,
  0x00, 0x00, 0x08, 0x00, 0x00, 0x00, 0x00, 0x00, 0x00, 0x00, 0x00, 0x00, 0x00, 0x00, 0x00, 0x00,
  0x00, 0x00, 0x00, 0x00, 0x00, 0x00, 0x00, 0x00, 0x00, 0x00, 0x00, 0x00, 0x00, 0x00, 0x00, 0x00,
  0x00, 0x00, 0x00, 0x00, 0x00, 0x00, 0x00, 0x00, 0x00, 0x00, 0x00, 0x00, 0x00, 0x00, 0x02, 0x00,
  0x00, 0x00, 0x00, 0x04, 0x00, 0x00, 0x00, 0x00, 0x00, 0x00, 0x00, 0x00, 0x00, 0x00, 0x00, 0x00,
  0x00, 0x00, 0x00, 0x00, 0x00, 0x00, 0x00, 0x00, 0x00, 0x00, 0x00, 0x00, 0x00, 0x00, 0x00, 0x00,
  0x00, 0x00, 0x00, 0x00, 0x00, 0x00, 0x00, 0x00, 0x00, 0x00, 0x00, 0x00, 0x00, 0x00, 0x00, 0x00,
  0x00, 0x00, 0x00, 0x00, 0x00, 0x00, 0x00, 0x00, 0x00, 0x00, 0x00, 0x00, 0x00, 0x00, 0x00, 0x00,
  0x00, 0x00, 0x00, 0x00, 0x00, 0x02, 0x00, 0x00, 0x00, 0x00, 0x00, 0x00, 0x00, 0x40, 0x00, 0x00,
  0x00, 0x00, 0x00, 0x00, 0x02, 0x00, 0x00, 0x00, 0x00, 0x00, 0x00, 0x00, 0x00, 0x00, 0x00, 0x00,
  0x00, 0x00, 0x00, 0x00, 0x00, 0x00, 0x00, 0x00, 0x00, 0x00, 0x00, 0x00, 0x00, 0x00, 0x00, 0x00,
  0x00, 0x00, 0x00, 0x00, 0x00, 0x00, 0x00, 0x00, 0x00, 0x00, 0x00, 0x00, 0x00, 0x00, 0x00, 0x00
};
// Author :- Ashish ( ashish_y_794 )
// Website : https://www.oledanimationmaker.com/

const uint8_t PROGMEM frame102[1024] = {
  0x00, 0x00, 0x00, 0x00, 0x00, 0x00, 0x00, 0x00, 0x00, 0x00, 0x00, 0x00, 0x00, 0x00, 0x00, 0x00,
  0x00, 0x00, 0x00, 0x00, 0x00, 0x00, 0x00, 0x00, 0x00, 0x00, 0x00, 0x00, 0x00, 0x00, 0x00, 0x00,
  0x00, 0x00, 0x00, 0x00, 0x00, 0x00, 0x00, 0x00, 0x00, 0x00, 0x00, 0x00, 0x00, 0x00, 0x00, 0x00,
  0x00, 0x00, 0x00, 0x00, 0x00, 0x00, 0x00, 0x00, 0x00, 0x00, 0x00, 0x00, 0x00, 0x00, 0x00, 0x00,
  0x00, 0x00, 0x00, 0x00, 0x00, 0x00, 0x00, 0x00, 0x00, 0x00, 0x00, 0x00, 0x00, 0x00, 0x00, 0x00,
  0x00, 0x00, 0x00, 0x00, 0x00, 0x00, 0x00, 0x00, 0x00, 0x00, 0x00, 0x00, 0x00, 0x00, 0x00, 0x00,
  0x00, 0x00, 0x00, 0x00, 0x00, 0x00, 0x00, 0x00, 0x00, 0x00, 0x00, 0x00, 0x00, 0x00, 0x00, 0x20,
  0x00, 0x00, 0x00, 0x00, 0x00, 0x00, 0x00, 0x00, 0x00, 0x00, 0x00, 0x00, 0x00, 0x00, 0x00, 0x00,
  0x00, 0x00, 0x00, 0x00, 0x00, 0x00, 0x00, 0x00, 0x00, 0x00, 0x00, 0x00, 0x00, 0x00, 0x00, 0x80,
  0x00, 0x00, 0x00, 0x00, 0x00, 0x00, 0x00, 0x00, 0x00, 0x00, 0x00, 0x00, 0x00, 0x00, 0x02, 0x00,
  0x00, 0x00, 0x00, 0x00, 0x00, 0x00, 0x00, 0x00, 0x00, 0x00, 0x00, 0x00, 0x00, 0x00, 0x00, 0x00,
  0x00, 0x00, 0x00, 0x00, 0x00, 0x00, 0x00, 0x00, 0x00, 0x00, 0x00, 0x00, 0x00, 0x00, 0x00, 0x00,
  0x00, 0x00, 0x00, 0x00, 0x00, 0x00, 0x00, 0x00, 0x00, 0x00, 0x00, 0x00, 0x00, 0x20, 0x20, 0x00,
  0x00, 0x00, 0x00, 0x00, 0x00, 0x00, 0x00, 0x00, 0x00, 0x00, 0x00, 0x00, 0x00, 0x00, 0x00, 0x00,
  0x00, 0x00, 0x00, 0x00, 0x00, 0x00, 0x00, 0x00, 0x00, 0x00, 0x00, 0x00, 0x00, 0x00, 0x00, 0x04,
  0x00, 0x00, 0x00, 0x00, 0x00, 0x00, 0x00, 0x00, 0x00, 0x00, 0x00, 0x00, 0x00, 0x00, 0x00, 0x10,
  0x00, 0x00, 0x00, 0x00, 0x08, 0x00, 0x00, 0x00, 0x00, 0x00, 0x00, 0x00, 0x00, 0x00, 0x00, 0x40,
  0x00, 0x00, 0x00, 0x00, 0x20, 0x00, 0x00, 0x00, 0x00, 0x00, 0x00, 0x00, 0x00, 0x00, 0x01, 0x00,
  0x00, 0x00, 0x00, 0x00, 0x00, 0x00, 0x00, 0x00, 0x00, 0x00, 0x00, 0x00, 0x00, 0x00, 0x40, 0x00,
  0x00, 0x00, 0x00, 0x00, 0x00, 0x00, 0x00, 0x00, 0x00, 0x00, 0x00, 0x00, 0x00, 0x40, 0x00, 0x00,
  0x00, 0x00, 0x00, 0x00, 0x00, 0x00, 0x00, 0x00, 0x00, 0x00, 0x00, 0x00, 0x00, 0x00, 0x00, 0x00,
  0x00, 0x00, 0x00, 0x01, 0x00, 0x02, 0x40, 0x08, 0x09, 0x20, 0x00, 0x00, 0x00, 0x00, 0x00, 0x00,
  0x00, 0x00, 0x00, 0x00, 0x00, 0x00, 0x11, 0x21, 0x20, 0x02, 0x80, 0x00, 0x00, 0x00, 0x00, 0x00,
  0x00, 0x00, 0x00, 0x00, 0x00, 0x01, 0x04, 0x00, 0x08, 0x08, 0x00, 0x00, 0x00, 0x00, 0x02, 0x00,
  0x00, 0x00, 0x00, 0x00, 0x00, 0x00, 0x00, 0x00, 0x00, 0x00, 0x00, 0x00, 0x00, 0x00, 0x08, 0x10,
  0x00, 0x00, 0x00, 0x00, 0x00, 0x00, 0x00, 0x00, 0x00, 0x00, 0x00, 0x00, 0x00, 0x40, 0x40, 0x00,
  0x00, 0x00, 0x00, 0x08, 0x00, 0x00, 0x00, 0x00, 0x00, 0x00, 0x00, 0x00, 0x00, 0x00, 0x00, 0x00,
  0x00, 0x00, 0x00, 0x00, 0x00, 0x00, 0x00, 0x00, 0x00, 0x00, 0x00, 0x00, 0x00, 0x00, 0x00, 0x00,
  0x00, 0x00, 0x00, 0x00, 0x50, 0xa1, 0x00, 0x02, 0x20, 0x00, 0x01, 0x00, 0x00, 0x00, 0x00, 0x00,
  0x00, 0x00, 0x00, 0x00, 0xf9, 0xf3, 0x1f, 0x62, 0x7c, 0x07, 0x8d, 0x1b, 0x00, 0x00, 0x00, 0x00,
  0x00, 0x00, 0x00, 0x40, 0x8b, 0x1b, 0xb9, 0x76, 0x40, 0x04, 0x8b, 0x1a, 0x00, 0x00, 0x00, 0x10,
  0x00, 0x00, 0x00, 0x01, 0x81, 0x0a, 0xab, 0x3a, 0xcc, 0x05, 0x8d, 0x0e, 0x00, 0x80, 0x00, 0x00,
  0x00, 0x00, 0x10, 0x00, 0x83, 0x0a, 0xe9, 0x4a, 0x8c, 0x05, 0x8b, 0x04, 0x00, 0x00, 0x40, 0x40,
  0x00, 0x00, 0x40, 0x00, 0xc9, 0x1a, 0x0b, 0x26, 0x46, 0x55, 0x99, 0x04, 0x00, 0x00, 0x01, 0x00,
  0x00, 0x00, 0x00, 0x00, 0xf9, 0xf2, 0x0d, 0x46, 0x78, 0x3c, 0xf3, 0xe4, 0x00, 0x00, 0x00, 0x00,
  0x00, 0x00, 0x00, 0x00, 0x00, 0x00, 0x00, 0x00, 0x00, 0x00, 0x00, 0x00, 0x00, 0x00, 0x00, 0x00,
  0x00, 0x00, 0x00, 0x00, 0x00, 0x00, 0x00, 0x00, 0x00, 0x00, 0x00, 0x00, 0x00, 0x80, 0x00, 0x00,
  0x00, 0x00, 0x00, 0x00, 0x00, 0x00, 0x00, 0x00, 0x00, 0x00, 0x00, 0x00, 0x00, 0x00, 0x00, 0x00,
  0x00, 0x00, 0x00, 0x00, 0x00, 0x00, 0x00, 0x00, 0x00, 0x00, 0x00, 0x00, 0x00, 0x00, 0x80, 0x00,
  0x00, 0x02, 0x00, 0x00, 0x00, 0x00, 0x00, 0x00, 0x00, 0x00, 0x00, 0x00, 0x00, 0x00, 0x04, 0x00,
  0x00, 0x00, 0x00, 0x00, 0x00, 0x00, 0x00, 0x00, 0x00, 0x00, 0x00, 0x00, 0x00, 0x00, 0x00, 0x20,
  0x00, 0x00, 0x00, 0x00, 0x00, 0x00, 0x00, 0x00, 0x00, 0x00, 0x00, 0x00, 0x01, 0x00, 0x00, 0x00,
  0x00, 0x00, 0x00, 0x00, 0x00, 0x00, 0x00, 0x00, 0x00, 0x00, 0x00, 0x00, 0x00, 0x00, 0x00, 0x00,
  0x00, 0x00, 0x00, 0x00, 0x00, 0x00, 0x00, 0x00, 0x00, 0x00, 0x00, 0x00, 0x00, 0x00, 0x00, 0x00,
  0x00, 0x00, 0x00, 0x02, 0x00, 0x00, 0x00, 0x00, 0x00, 0x00, 0x00, 0x00, 0x00, 0x00, 0x00, 0x00,
  0x00, 0x00, 0x00, 0x00, 0x00, 0x00, 0x00, 0x00, 0x00, 0x00, 0x00, 0x00, 0x00, 0x01, 0x02, 0x20,
  0x00, 0x00, 0x00, 0x00, 0x00, 0x00, 0x00, 0x00, 0x00, 0x00, 0x00, 0x00, 0x00, 0x04, 0x08, 0x00,
  0x00, 0x00, 0x00, 0x00, 0x04, 0x00, 0x00, 0x00, 0x00, 0x00, 0x00, 0x00, 0x00, 0x40, 0x00, 0x00,
  0x00, 0x00, 0x00, 0x00, 0x00, 0x00, 0x00, 0x00, 0x00, 0x00, 0x00, 0x00, 0x00, 0x00, 0x00, 0x00,
  0x00, 0x00, 0x00, 0x00, 0x00, 0x00, 0x00, 0x00, 0x00, 0x00, 0x00, 0x00, 0x00, 0x00, 0x00, 0x00,
  0x00, 0x02, 0x00, 0x10, 0x00, 0x00, 0x00, 0x00, 0x00, 0x00, 0x00, 0x00, 0x00, 0x00, 0x00, 0x00,
  0x00, 0x00, 0x00, 0x00, 0x00, 0x00, 0x00, 0x00, 0x00, 0x00, 0x00, 0x00, 0x00, 0x00, 0x00, 0x04,
  0x00, 0x00, 0x00, 0x80, 0x20, 0x00, 0x00, 0x00, 0x00, 0x00, 0x00, 0x00, 0x00, 0x80, 0x00, 0x10,
  0x00, 0x00, 0x04, 0x00, 0x00, 0x00, 0x00, 0x00, 0x00, 0x00, 0x00, 0x00, 0x00, 0x00, 0x00, 0x00,
  0x00, 0x00, 0x00, 0x00, 0x00, 0x00, 0x00, 0x00, 0x00, 0x00, 0x00, 0x00, 0x00, 0x00, 0x00, 0x80,
  0x00, 0x00, 0x00, 0x00, 0x00, 0x00, 0x00, 0x00, 0x00, 0x00, 0x00, 0x00, 0x00, 0x00, 0x00, 0x00,
  0x00, 0x00, 0x00, 0x00, 0x00, 0x00, 0x00, 0x00, 0x00, 0x00, 0x00, 0x00, 0x00, 0x00, 0x04, 0x00,
  0x00, 0x00, 0x00, 0x00, 0x00, 0x00, 0x00, 0x00, 0x00, 0x00, 0x00, 0x00, 0x00, 0x00, 0x00, 0x00,
  0x00, 0x00, 0x00, 0x00, 0x00, 0x00, 0x00, 0x00, 0x00, 0x08, 0x00, 0x00, 0x00, 0x80, 0x20, 0x00,
  0x00, 0x00, 0x00, 0x00, 0x00, 0x00, 0x00, 0x10, 0x20, 0x20, 0x00, 0x00, 0x00, 0x00, 0x00, 0x00,
  0x00, 0x00, 0x40, 0x00, 0x00, 0x00, 0x00, 0x00, 0x00, 0x00, 0x00, 0x00, 0x00, 0x00, 0x00, 0x00,
  0x00, 0x01, 0x00, 0x00, 0x00, 0x00, 0x00, 0x00, 0x00, 0x00, 0x00, 0x00, 0x00, 0x00, 0x00, 0x10,
  0x00, 0x00, 0x00, 0x00, 0x08, 0x00, 0x01, 0x00, 0x00, 0x00, 0x00, 0x00, 0x00, 0x00, 0x00, 0x00,
  0x00, 0x00, 0x00, 0x00, 0x20, 0x00, 0x00, 0x00, 0x00, 0x00, 0x01, 0x00, 0x01, 0x00, 0x80, 0x00
};
// Author :- Ashish ( ashish_y_794 )
// Website : https://www.oledanimationmaker.com/

const uint8_t PROGMEM frame103[1024] = {
  0x00, 0x00, 0x00, 0x00, 0x00, 0x00, 0x00, 0x00, 0x00, 0x00, 0x00, 0x00, 0x00, 0x00, 0x00, 0x00,
  0x00, 0x00, 0x00, 0x00, 0x00, 0x00, 0x00, 0x00, 0x00, 0x00, 0x00, 0x00, 0x00, 0x00, 0x02, 0x00,
  0x00, 0x00, 0x00, 0x00, 0x00, 0x00, 0x00, 0x00, 0x00, 0x00, 0x00, 0x00, 0x00, 0x00, 0x10, 0x90,
  0x00, 0x00, 0x00, 0x00, 0x00, 0x00, 0x00, 0x00, 0x00, 0x00, 0x00, 0x00, 0x00, 0x00, 0x80, 0x00,
  0x00, 0x00, 0x00, 0x00, 0x00, 0x00, 0x00, 0x00, 0x00, 0x00, 0x00, 0x00, 0x00, 0x02, 0x04, 0x80,
  0x00, 0x00, 0x00, 0x00, 0x00, 0x00, 0x00, 0x00, 0x00, 0x00, 0x00, 0x00, 0x00, 0x40, 0x00, 0x10,
  0x00, 0x00, 0x00, 0x00, 0x00, 0x00, 0x00, 0x00, 0x00, 0x00, 0x00, 0x00, 0x00, 0x00, 0x12, 0x40,
  0x00, 0x00, 0x00, 0x00, 0x00, 0x00, 0x00, 0x00, 0x00, 0x00, 0x00, 0x00, 0x00, 0x00, 0x40, 0x02,
  0x00, 0x00, 0x00, 0x00, 0x00, 0x00, 0x00, 0x00, 0x00, 0x00, 0x00, 0x00, 0x01, 0x04, 0x01, 0x08,
  0x00, 0x00, 0x00, 0x00, 0x00, 0x00, 0x00, 0x00, 0x00, 0x00, 0x00, 0x00, 0x00, 0x00, 0x04, 0x20,
  0x00, 0x00, 0x00, 0x00, 0x00, 0x00, 0x00, 0x00, 0x00, 0x00, 0x00, 0x00, 0x00, 0x00, 0x20, 0x80,
  0x00, 0x10, 0x00, 0x00, 0x00, 0x00, 0x00, 0x00, 0x00, 0x00, 0x00, 0x00, 0x00, 0x10, 0x80, 0x00,
  0x00, 0x40, 0x00, 0x01, 0x08, 0x00, 0x00, 0x00, 0x00, 0x00, 0x00, 0x00, 0x00, 0x40, 0x05, 0x00,
  0x00, 0x00, 0x20, 0x08, 0x00, 0x00, 0x00, 0x00, 0x00, 0x00, 0x00, 0x00, 0x01, 0x00, 0x00, 0x20,
  0x00, 0x00, 0x00, 0x80, 0x00, 0x00, 0x00, 0x00, 0x00, 0x00, 0x00, 0x00, 0x00, 0x00, 0x41, 0x04,
  0x00, 0x00, 0x00, 0x00, 0x00, 0x00, 0x00, 0x00, 0x00, 0x00, 0x00, 0x00, 0x00, 0x01, 0x08, 0x10,
  0x00, 0x00, 0x00, 0x00, 0x00, 0x00, 0x00, 0x00, 0x00, 0x00, 0x00, 0x00, 0x00, 0x00, 0x01, 0x00,
  0x00, 0x00, 0x00, 0x00, 0x00, 0x00, 0x00, 0x00, 0x00, 0x00, 0x00, 0x00, 0x00, 0x00, 0x04, 0x20,
  0x00, 0x00, 0x00, 0x00, 0x00, 0x00, 0x00, 0x00, 0x00, 0x00, 0x00, 0x00, 0x01, 0x00, 0x20, 0x80,
  0x00, 0x40, 0x00, 0x00, 0x00, 0x00, 0x00, 0x00, 0x00, 0x00, 0x00, 0x00, 0x00, 0x09, 0x00, 0x00,
  0x00, 0x00, 0x00, 0x00, 0x00, 0x00, 0x00, 0x00, 0x00, 0x00, 0x00, 0x00, 0x00, 0x00, 0x04, 0x88,
  0x00, 0x00, 0x00, 0x00, 0x01, 0x02, 0x40, 0x08, 0x09, 0x00, 0x00, 0x00, 0x00, 0x00, 0x10, 0x00,
  0x00, 0x00, 0x21, 0x00, 0x04, 0x00, 0x15, 0x21, 0x20, 0x22, 0x80, 0x00, 0x01, 0x00, 0x41, 0x20,
  0x00, 0x00, 0x00, 0x00, 0x80, 0x01, 0x00, 0x00, 0x08, 0x08, 0x00, 0x00, 0x00, 0x01, 0x00, 0x00,
  0x00, 0x00, 0x00, 0x02, 0x00, 0x00, 0x00, 0x00, 0x00, 0x00, 0x00, 0x00, 0x00, 0x10, 0x04, 0x84,
  0x00, 0x40, 0x00, 0x00, 0x00, 0x00, 0x00, 0x00, 0x00, 0x00, 0x00, 0x00, 0x00, 0x00, 0x00, 0x10,
  0x00, 0x01, 0x00, 0x00, 0x00, 0x00, 0x00, 0x00, 0x00, 0x00, 0x00, 0x00, 0x02, 0x00, 0x22, 0x00,
  0x00, 0x00, 0x00, 0x00, 0x00, 0x00, 0x00, 0x00, 0x00, 0x00, 0x00, 0x00, 0x00, 0x01, 0x00, 0x80,
  0x00, 0x00, 0x00, 0x00, 0x10, 0x40, 0x00, 0x00, 0x20, 0x00, 0x00, 0x00, 0x00, 0x10, 0x04, 0x10,
  0x00, 0x00, 0x00, 0x00, 0x7c, 0xfb, 0x9d, 0x66, 0x7c, 0x0d, 0x9b, 0x33, 0x00, 0x40, 0x10, 0x40,
  0x00, 0x00, 0x00, 0x00, 0xc5, 0x8b, 0x9b, 0x72, 0xc0, 0x05, 0x1a, 0x1a, 0x01, 0x00, 0x41, 0x00,
  0x00, 0x80, 0x00, 0x20, 0x81, 0x0a, 0xe9, 0x3a, 0x8a, 0x05, 0x8a, 0x0c, 0x00, 0x00, 0x00, 0x04,
  0x00, 0x00, 0x01, 0x00, 0xc1, 0x0b, 0x6d, 0x4e, 0x9c, 0x0d, 0x1a, 0x0c, 0x00, 0x01, 0x04, 0x40,
  0x00, 0x00, 0x00, 0x00, 0x45, 0x99, 0x0b, 0x66, 0x44, 0x45, 0x92, 0x08, 0x00, 0x00, 0x01, 0x00,
  0x00, 0x01, 0x00, 0x00, 0x7c, 0xf2, 0x09, 0x22, 0x78, 0x38, 0xf3, 0xe4, 0x02, 0x00, 0x20, 0x10,
  0x00, 0x00, 0x00, 0x00, 0x00, 0x00, 0x00, 0x00, 0x00, 0x00, 0x00, 0x00, 0x00, 0x00, 0x84, 0x40,
  0x00, 0x00, 0x00, 0x00, 0x00, 0x00, 0x00, 0x00, 0x00, 0x00, 0x00, 0x00, 0x00, 0x04, 0x01, 0x00,
  0x00, 0x00, 0x00, 0x00, 0x00, 0x00, 0x00, 0x00, 0x00, 0x00, 0x00, 0x00, 0x00, 0x10, 0x00, 0x04,
  0x00, 0x80, 0x04, 0x00, 0x00, 0x00, 0x00, 0x00, 0x00, 0x00, 0x00, 0x00, 0x00, 0x80, 0x12, 0x20,
  0x00, 0x00, 0x00, 0x00, 0x00, 0x00, 0x00, 0x00, 0x00, 0x00, 0x00, 0x00, 0x02, 0x00, 0x40, 0x80,
  0x00, 0x02, 0x00, 0x00, 0x00, 0x00, 0x00, 0x00, 0x00, 0x00, 0x00, 0x00, 0x00, 0x00, 0x00, 0x00,
  0x00, 0x00, 0x00, 0x01, 0x00, 0x00, 0x00, 0x00, 0x00, 0x00, 0x00, 0x00, 0x00, 0x00, 0x04, 0x10,
  0x00, 0x00, 0x00, 0x00, 0x00, 0x00, 0x00, 0x00, 0x00, 0x00, 0x00, 0x00, 0x00, 0x01, 0x11, 0x00,
  0x00, 0x00, 0x00, 0x00, 0x04, 0x00, 0x00, 0x00, 0x00, 0x00, 0x00, 0x00, 0x00, 0x00, 0x00, 0x42,
  0x00, 0x40, 0x00, 0x08, 0x00, 0x00, 0x00, 0x00, 0x00, 0x00, 0x00, 0x00, 0x02, 0x00, 0x01, 0x08,
  0x01, 0x00, 0x00, 0x00, 0x00, 0x00, 0x00, 0x00, 0x00, 0x00, 0x00, 0x00, 0x00, 0x11, 0x24, 0x00,
  0x00, 0x00, 0x04, 0x00, 0x00, 0x00, 0x00, 0x00, 0x00, 0x00, 0x00, 0x00, 0x00, 0x00, 0x00, 0x20,
  0x00, 0x00, 0x00, 0x00, 0x00, 0x00, 0x00, 0x00, 0x00, 0x00, 0x00, 0x00, 0x00, 0x00, 0x01, 0x00,
  0x00, 0x00, 0x00, 0x00, 0x00, 0x00, 0x00, 0x00, 0x00, 0x00, 0x00, 0x00, 0x01, 0x00, 0x48, 0x00,
  0x00, 0x00, 0x20, 0x00, 0x00, 0x00, 0x00, 0x00, 0x00, 0x00, 0x00, 0x00, 0x00, 0x02, 0x01, 0x24,
  0x00, 0x00, 0x00, 0x00, 0x20, 0x00, 0x00, 0x00, 0x00, 0x00, 0x00, 0x00, 0x00, 0x08, 0x00, 0x00,
  0x00, 0x00, 0x00, 0x04, 0x00, 0x80, 0x00, 0x00, 0x00, 0x00, 0x00, 0x00, 0x02, 0x00, 0x12, 0x00,
  0x00, 0x00, 0x00, 0x00, 0x00, 0x00, 0x00, 0x00, 0x00, 0x00, 0x00, 0x00, 0x00, 0x00, 0x40, 0x90,
  0x01, 0x00, 0x00, 0x00, 0x00, 0x00, 0x00, 0x00, 0x00, 0x00, 0x00, 0x00, 0x00, 0x00, 0x00, 0x00,
  0x00, 0x01, 0x00, 0x00, 0x00, 0x00, 0x00, 0x00, 0x00, 0x00, 0x00, 0x00, 0x00, 0x21, 0x04, 0x80,
  0x00, 0x00, 0x00, 0x20, 0x00, 0x00, 0x00, 0x00, 0x00, 0x00, 0x00, 0x00, 0x02, 0x00, 0x00, 0x10,
  0x00, 0x00, 0x00, 0x00, 0x00, 0x00, 0x00, 0x00, 0x00, 0x00, 0x00, 0x00, 0x00, 0x00, 0x22, 0x02,
  0x00, 0x00, 0x00, 0x00, 0x00, 0x00, 0x00, 0x00, 0x00, 0x00, 0x08, 0x00, 0x00, 0x00, 0x00, 0x80,
  0x00, 0x00, 0x01, 0x00, 0x10, 0x00, 0x00, 0x00, 0x00, 0x00, 0x00, 0x00, 0x00, 0x02, 0x08, 0x10,
  0x00, 0x10, 0x00, 0x00, 0x00, 0x00, 0x00, 0x00, 0x00, 0x00, 0x00, 0x00, 0x02, 0x10, 0x41, 0x00,
  0x01, 0x00, 0x00, 0x00, 0x00, 0x40, 0x00, 0x00, 0x00, 0x00, 0x00, 0x00, 0x00, 0x00, 0x00, 0x00,
  0x00, 0x00, 0x00, 0x00, 0x00, 0x00, 0x00, 0x80, 0x00, 0x00, 0x00, 0x00, 0x00, 0x00, 0x09, 0x24,
  0x00, 0x00, 0x10, 0x00, 0x80, 0x00, 0x04, 0x00, 0x00, 0x00, 0x00, 0x00, 0x00, 0x00, 0x80, 0x00,
  0x00, 0x00, 0x00, 0x00, 0x00, 0x00, 0x00, 0x00, 0x00, 0x00, 0x00, 0x00, 0x04, 0x42, 0x01, 0x00
};
// Author :- Ashish ( ashish_y_794 )
// Website : https://www.oledanimationmaker.com/

const uint8_t PROGMEM frame104[1024] = {
  0x00, 0x00, 0x00, 0x00, 0x00, 0x00, 0x00, 0x00, 0x00, 0x00, 0x00, 0x00, 0x00, 0x00, 0x08, 0x00,
  0x00, 0x00, 0x00, 0x00, 0x00, 0x00, 0x00, 0x00, 0x00, 0x00, 0x00, 0x00, 0x00, 0x04, 0xa5, 0x40,
  0x00, 0x00, 0x00, 0x00, 0x00, 0x00, 0x00, 0x00, 0x00, 0x00, 0x00, 0x00, 0x00, 0x40, 0x12, 0x10,
  0x00, 0x00, 0x00, 0x00, 0x00, 0x00, 0x00, 0x00, 0x00, 0x00, 0x00, 0x00, 0x00, 0x09, 0x49, 0x40,
  0x00, 0x00, 0x00, 0x00, 0x00, 0x00, 0x00, 0x00, 0x00, 0x00, 0x00, 0x00, 0x00, 0x20, 0x04, 0x00,
  0x40, 0x02, 0x00, 0x00, 0x00, 0x00, 0x00, 0x00, 0x00, 0x00, 0x00, 0x00, 0x01, 0x02, 0x55, 0x48,
  0x00, 0x08, 0x00, 0x00, 0x00, 0x00, 0x00, 0x00, 0x00, 0x00, 0x00, 0x00, 0x00, 0x08, 0x08, 0x00,
  0x00, 0x00, 0x00, 0x00, 0x00, 0x00, 0x00, 0x00, 0x00, 0x00, 0x00, 0x00, 0x00, 0x21, 0x45, 0x40,
  0x00, 0x00, 0x00, 0x00, 0x00, 0x00, 0x00, 0x00, 0x00, 0x00, 0x00, 0x00, 0x00, 0x80, 0x14, 0x10,
  0x00, 0x00, 0x00, 0x00, 0x00, 0x00, 0x00, 0x00, 0x00, 0x00, 0x00, 0x00, 0x02, 0x04, 0x89, 0x42,
  0x01, 0x00, 0x01, 0x00, 0x00, 0x00, 0x00, 0x00, 0x00, 0x00, 0x00, 0x00, 0x00, 0x00, 0x24, 0x00,
  0x40, 0x08, 0x04, 0x00, 0x00, 0x00, 0x00, 0x00, 0x00, 0x00, 0x00, 0x00, 0x00, 0x24, 0x92, 0xa0,
  0x00, 0x00, 0x00, 0x00, 0x04, 0x00, 0x00, 0x00, 0x00, 0x00, 0x00, 0x00, 0x00, 0x00, 0x08, 0x08,
  0x00, 0x00, 0x00, 0x00, 0x80, 0x00, 0x00, 0x00, 0x00, 0x00, 0x00, 0x00, 0x02, 0x12, 0xa5, 0x40,
  0x00, 0x00, 0x40, 0x00, 0x00, 0x00, 0x00, 0x00, 0x00, 0x00, 0x00, 0x00, 0x00, 0x40, 0x12, 0x00,
  0x00, 0x08, 0x00, 0x00, 0x00, 0x00, 0x00, 0x00, 0x00, 0x00, 0x00, 0x00, 0x00, 0x02, 0x48, 0xa0,
  0x21, 0x00, 0x00, 0x00, 0x00, 0x00, 0x00, 0x00, 0x00, 0x00, 0x00, 0x00, 0x00, 0x08, 0x05, 0x04,
  0x00, 0x00, 0x00, 0x00, 0x00, 0x00, 0x00, 0x00, 0x00, 0x00, 0x00, 0x00, 0x04, 0x41, 0x28, 0x40,
  0x00, 0x00, 0x00, 0x00, 0x00, 0x00, 0x00, 0x00, 0x00, 0x00, 0x00, 0x00, 0x00, 0x04, 0x15, 0x10,
  0x00, 0x04, 0x00, 0x00, 0x00, 0x00, 0x00, 0x00, 0x00, 0x00, 0x00, 0x00, 0x00, 0x20, 0x82, 0x40,
  0x00, 0x00, 0x00, 0x04, 0x10, 0x20, 0x00, 0x00, 0x00, 0x00, 0x00, 0x00, 0x00, 0x82, 0x28, 0x00,
  0x40, 0x00, 0x11, 0x00, 0x00, 0x01, 0x44, 0x08, 0x08, 0x40, 0x00, 0x00, 0x02, 0x08, 0x45, 0x48,
  0x00, 0x20, 0x00, 0x00, 0x00, 0x00, 0x08, 0x81, 0x21, 0x01, 0x00, 0x00, 0x00, 0x00, 0x14, 0x00,
  0x02, 0x00, 0x00, 0x00, 0x00, 0x00, 0x40, 0x10, 0x08, 0x14, 0x00, 0x00, 0x00, 0x05, 0x42, 0xa0,
  0x00, 0x02, 0x00, 0x00, 0x00, 0x00, 0x00, 0x00, 0x00, 0x00, 0x00, 0x00, 0x00, 0x40, 0x14, 0x00,
  0x00, 0x00, 0x00, 0x00, 0x00, 0x00, 0x00, 0x00, 0x00, 0x00, 0x00, 0x00, 0x04, 0x11, 0x22, 0x90,
  0x40, 0x00, 0x00, 0x00, 0x00, 0x00, 0x00, 0x00, 0x00, 0x00, 0x00, 0x00, 0x00, 0x04, 0x08, 0x42,
  0x00, 0x00, 0x00, 0x00, 0x04, 0x00, 0x00, 0x00, 0x00, 0x00, 0x00, 0x00, 0x00, 0x40, 0xa5, 0x00,
  0x00, 0x08, 0x10, 0x00, 0x50, 0x51, 0x00, 0x00, 0x20, 0x00, 0x00, 0x00, 0x01, 0x02, 0x12, 0x20,
  0x04, 0x00, 0x00, 0x41, 0x3c, 0xf3, 0x1d, 0xb2, 0x7c, 0x0d, 0x1a, 0x73, 0x04, 0x08, 0x48, 0x84,
  0x10, 0x00, 0x00, 0x00, 0x45, 0x8d, 0x9b, 0x72, 0xc0, 0x05, 0x9a, 0x16, 0x00, 0x01, 0x05, 0x10,
  0x40, 0x00, 0x80, 0x00, 0xc1, 0x0b, 0x79, 0x3a, 0x8a, 0x0d, 0x16, 0x1c, 0x00, 0x20, 0x28, 0x40,
  0x00, 0x10, 0x00, 0x00, 0x41, 0x8d, 0x6d, 0x4e, 0xdc, 0x05, 0x1a, 0x08, 0x00, 0x04, 0x85, 0x00,
  0x00, 0x00, 0x00, 0x00, 0x45, 0x89, 0x09, 0x66, 0x44, 0x4d, 0x92, 0x0c, 0x00, 0x80, 0x28, 0x40,
  0x00, 0x00, 0x00, 0x00, 0x7c, 0x7b, 0x0b, 0x22, 0x78, 0x38, 0xf3, 0xc8, 0x02, 0x12, 0x85, 0x10,
  0x00, 0x02, 0x00, 0x00, 0x00, 0x00, 0x00, 0x00, 0x00, 0x00, 0x00, 0x00, 0x00, 0x00, 0x24, 0x40,
  0x40, 0x00, 0x02, 0x00, 0x00, 0x00, 0x00, 0x00, 0x00, 0x00, 0x00, 0x00, 0x00, 0x09, 0x12, 0x04,
  0x00, 0x10, 0x00, 0x08, 0x00, 0x00, 0x00, 0x00, 0x00, 0x00, 0x00, 0x00, 0x00, 0x40, 0x48, 0xa0,
  0x01, 0x00, 0x00, 0x00, 0x00, 0x00, 0x00, 0x00, 0x00, 0x00, 0x00, 0x00, 0x00, 0x04, 0x05, 0x00,
  0x04, 0x00, 0x00, 0x00, 0x00, 0x00, 0x00, 0x00, 0x00, 0x00, 0x00, 0x00, 0x04, 0x11, 0x50, 0x20,
  0x20, 0x00, 0x10, 0x00, 0x00, 0x00, 0x00, 0x00, 0x00, 0x00, 0x00, 0x00, 0x00, 0x40, 0x0a, 0x80,
  0x00, 0x00, 0x40, 0x00, 0x00, 0x00, 0x00, 0x00, 0x00, 0x00, 0x00, 0x00, 0x00, 0x02, 0x44, 0x24,
  0x00, 0x02, 0x00, 0x00, 0x00, 0x00, 0x00, 0x00, 0x00, 0x00, 0x00, 0x00, 0x00, 0x08, 0x12, 0x80,
  0x00, 0x00, 0x00, 0x00, 0x10, 0x00, 0x00, 0x00, 0x00, 0x00, 0x00, 0x00, 0x02, 0x41, 0x48, 0x10,
  0x40, 0x00, 0x00, 0x00, 0x00, 0x00, 0x00, 0x00, 0x00, 0x00, 0x00, 0x00, 0x00, 0x04, 0x05, 0x40,
  0x00, 0x08, 0x00, 0x20, 0x80, 0x00, 0x00, 0x00, 0x00, 0x00, 0x00, 0x00, 0x00, 0x10, 0x50, 0x00,
  0x04, 0x00, 0x00, 0x00, 0x00, 0x20, 0x00, 0x00, 0x00, 0x00, 0x00, 0x00, 0x04, 0x41, 0x0a, 0x90,
  0x00, 0x00, 0x00, 0x00, 0x00, 0x00, 0x00, 0x00, 0x00, 0x00, 0x00, 0x00, 0x00, 0x00, 0x24, 0x40,
  0x40, 0x00, 0x00, 0x00, 0x00, 0x00, 0x00, 0x00, 0x00, 0x00, 0x00, 0x00, 0x00, 0x09, 0x09, 0x00,
  0x00, 0x10, 0x00, 0x00, 0x00, 0x00, 0x00, 0x00, 0x00, 0x00, 0x00, 0x00, 0x00, 0x40, 0x44, 0x48,
  0x00, 0x40, 0x41, 0x00, 0x00, 0x00, 0x00, 0x00, 0x00, 0x00, 0x00, 0x00, 0x04, 0x04, 0x29, 0x00,
  0x08, 0x00, 0x00, 0x00, 0x00, 0x00, 0x00, 0x00, 0x00, 0x00, 0x00, 0x00, 0x00, 0x11, 0x04, 0x40,
  0x40, 0x00, 0x00, 0x00, 0x00, 0x00, 0x00, 0x00, 0x00, 0x00, 0x00, 0x00, 0x00, 0x40, 0x52, 0x10,
  0x00, 0x00, 0x00, 0x00, 0x41, 0x00, 0x00, 0x00, 0x00, 0x00, 0x00, 0x00, 0x01, 0x02, 0x08, 0x80,
  0x00, 0x02, 0x00, 0x01, 0x00, 0x00, 0x00, 0x00, 0x00, 0x00, 0x00, 0x00, 0x08, 0x00, 0xa4, 0x44,
  0x00, 0x00, 0x04, 0x00, 0x00, 0x00, 0x00, 0x00, 0x00, 0x00, 0x00, 0x00, 0x00, 0x12, 0x02, 0x10,
  0x44, 0x00, 0x00, 0x00, 0x00, 0x00, 0x00, 0x00, 0x00, 0x00, 0x00, 0x00, 0x00, 0x00, 0x54, 0x80,
  0x00, 0x10, 0x00, 0x00, 0x00, 0x00, 0x00, 0x00, 0x00, 0x00, 0x00, 0x00, 0x00, 0x44, 0x02, 0x40,
  0x00, 0x00, 0x00, 0x08, 0x00, 0x00, 0x00, 0x00, 0x00, 0x00, 0x00, 0x00, 0x04, 0x01, 0x28, 0x10,
  0x00, 0x00, 0x20, 0x00, 0x00, 0x00, 0x00, 0x00, 0x00, 0x00, 0x00, 0x00, 0x00, 0x10, 0x45, 0x40,
  0x44, 0x01, 0x00, 0x00, 0x00, 0x00, 0x00, 0x00, 0x00, 0x00, 0x00, 0x00, 0x00, 0x42, 0x10, 0x00,
  0x00, 0x04, 0x00, 0x00, 0x00, 0x00, 0x00, 0x00, 0x00, 0x00, 0x00, 0x00, 0x08, 0x00, 0x8a, 0xa4,
  0x00, 0x10, 0x00, 0x00, 0x00, 0x00, 0x00, 0x00, 0x00, 0x00, 0x00, 0x10, 0x00, 0x08, 0x24, 0x00,
  0x00, 0x00, 0x00, 0x40, 0x02, 0x10, 0x00, 0x00, 0x00, 0x00, 0x00, 0x40, 0x00, 0x42, 0x89, 0x40
};
// Author :- Ashish ( ashish_y_794 )
// Website : https://www.oledanimationmaker.com/

const uint8_t PROGMEM frame105[1024] = {
  0x00, 0x00, 0x00, 0x00, 0x00, 0x00, 0x00, 0x00, 0x00, 0x00, 0x00, 0x00, 0x00, 0x00, 0x28, 0x00,
  0x00, 0x00, 0x00, 0x00, 0x00, 0x00, 0x00, 0x00, 0x00, 0x00, 0x00, 0x00, 0x00, 0x25, 0x4a, 0xa0,
  0x20, 0x00, 0x00, 0x00, 0x00, 0x00, 0x00, 0x00, 0x00, 0x00, 0x00, 0x00, 0x00, 0x80, 0x29, 0x00,
  0x00, 0x00, 0x00, 0x00, 0x00, 0x00, 0x00, 0x00, 0x00, 0x00, 0x00, 0x00, 0x00, 0x12, 0x94, 0x40,
  0x20, 0x01, 0x00, 0x00, 0x00, 0x00, 0x00, 0x00, 0x00, 0x00, 0x00, 0x00, 0x00, 0x40, 0x49, 0x12,
  0x00, 0x00, 0x00, 0x00, 0x00, 0x00, 0x00, 0x00, 0x00, 0x00, 0x00, 0x00, 0x02, 0x0a, 0x2a, 0x40,
  0x00, 0x04, 0x00, 0x00, 0x00, 0x00, 0x00, 0x00, 0x00, 0x00, 0x00, 0x00, 0x00, 0x01, 0x49, 0x00,
  0x20, 0x00, 0x00, 0x00, 0x00, 0x00, 0x00, 0x00, 0x00, 0x00, 0x00, 0x00, 0x00, 0xa4, 0x24, 0x40,
  0x00, 0x00, 0x20, 0x00, 0x00, 0x00, 0x00, 0x00, 0x00, 0x00, 0x00, 0x00, 0x00, 0x01, 0x15, 0x10,
  0x20, 0x41, 0x01, 0x00, 0x00, 0x00, 0x00, 0x00, 0x00, 0x00, 0x00, 0x00, 0x00, 0x10, 0xa8, 0x80,
  0x00, 0x00, 0x00, 0x00, 0x00, 0x00, 0x00, 0x00, 0x00, 0x00, 0x00, 0x00, 0x04, 0x84, 0x25, 0x04,
  0x00, 0x00, 0x00, 0x00, 0x00, 0x00, 0x00, 0x00, 0x00, 0x00, 0x00, 0x00, 0x00, 0x22, 0x94, 0x50,
  0x20, 0x04, 0x00, 0x00, 0x00, 0x00, 0x00, 0x00, 0x00, 0x00, 0x00, 0x00, 0x00, 0x08, 0x52, 0x00,
  0x00, 0x00, 0x00, 0x04, 0x20, 0x00, 0x00, 0x00, 0x00, 0x00, 0x00, 0x00, 0x00, 0x81, 0x14, 0x80,
  0x21, 0x00, 0x80, 0x00, 0x01, 0x00, 0x00, 0x00, 0x00, 0x00, 0x00, 0x00, 0x02, 0x12, 0x49, 0x20,
  0x00, 0x00, 0x00, 0x20, 0x00, 0x00, 0x00, 0x00, 0x00, 0x00, 0x00, 0x00, 0x00, 0x00, 0x2a, 0x04,
  0x20, 0x04, 0x04, 0x00, 0x00, 0x00, 0x00, 0x00, 0x00, 0x00, 0x00, 0x00, 0x00, 0x4a, 0x91, 0x40,
  0x00, 0x00, 0x00, 0x00, 0x00, 0x00, 0x00, 0x00, 0x00, 0x00, 0x00, 0x00, 0x00, 0x00, 0x4a, 0x10,
  0x00, 0x00, 0x00, 0x00, 0x00, 0x00, 0x00, 0x00, 0x00, 0x00, 0x00, 0x00, 0x04, 0x92, 0x28, 0x80,
  0x20, 0x01, 0x00, 0x00, 0x00, 0x00, 0x00, 0x00, 0x00, 0x00, 0x00, 0x00, 0x00, 0x01, 0x4a, 0x40,
  0x00, 0x44, 0x00, 0x00, 0x00, 0x00, 0x00, 0x00, 0x00, 0x00, 0x00, 0x00, 0x00, 0x48, 0x29, 0x08,
  0x21, 0x00, 0x00, 0x00, 0x00, 0x01, 0x20, 0x00, 0x01, 0x00, 0x00, 0x00, 0x00, 0x05, 0x24, 0x40,
  0x00, 0x00, 0x08, 0x00, 0x00, 0x00, 0x09, 0x29, 0x28, 0x21, 0x00, 0x00, 0x04, 0x90, 0x92, 0x80,
  0x20, 0x00, 0x00, 0x40, 0x04, 0x01, 0x00, 0x00, 0x00, 0x04, 0x00, 0x00, 0x00, 0x02, 0x28, 0x20,
  0x00, 0x00, 0x80, 0x00, 0x10, 0x08, 0x00, 0x00, 0x00, 0x00, 0x00, 0x00, 0x00, 0x48, 0x95, 0x04,
  0x20, 0x00, 0x00, 0x00, 0x00, 0x00, 0x00, 0x00, 0x00, 0x00, 0x00, 0x00, 0x00, 0x00, 0x48, 0xa0,
  0x00, 0x02, 0x00, 0x00, 0x00, 0x00, 0x00, 0x00, 0x00, 0x00, 0x00, 0x00, 0x04, 0x92, 0x95, 0x00,
  0x00, 0x00, 0x00, 0x00, 0x00, 0x00, 0x00, 0x00, 0x00, 0x00, 0x00, 0x00, 0x00, 0x00, 0x22, 0x20,
  0x48, 0x80, 0x00, 0x00, 0x90, 0x20, 0x09, 0x00, 0x20, 0x00, 0x00, 0x00, 0x00, 0x25, 0x54, 0x80,
  0x00, 0x01, 0x02, 0x00, 0x3c, 0xf9, 0x8d, 0x72, 0xbc, 0x0d, 0x9a, 0x72, 0x00, 0x80, 0x12, 0x10,
  0x20, 0x04, 0x00, 0x00, 0x65, 0x8b, 0x99, 0x32, 0xc4, 0x0d, 0x1a, 0x16, 0x08, 0x15, 0x49, 0x40,
  0x00, 0x00, 0x00, 0x04, 0x41, 0x0d, 0x7d, 0x6a, 0x88, 0x05, 0x12, 0x1c, 0x00, 0x40, 0x28, 0x02,
  0x00, 0x00, 0x00, 0x00, 0x41, 0x85, 0x65, 0x2e, 0xdc, 0x0d, 0x1a, 0x08, 0x00, 0x05, 0x25, 0x48,
  0x20, 0x00, 0x08, 0x00, 0x64, 0x8b, 0x09, 0x46, 0x44, 0x49, 0x96, 0x08, 0x01, 0x10, 0x94, 0x00,
  0x02, 0x02, 0x20, 0x00, 0x38, 0xf9, 0x0d, 0x66, 0x78, 0x79, 0xf3, 0xcc, 0x00, 0x42, 0x22, 0xa0,
  0x20, 0x10, 0x00, 0x00, 0x00, 0x00, 0x00, 0x00, 0x00, 0x00, 0x00, 0x00, 0x04, 0x08, 0x94, 0x00,
  0x00, 0x00, 0x00, 0x00, 0x00, 0x00, 0x00, 0x00, 0x00, 0x00, 0x00, 0x00, 0x00, 0x00, 0x49, 0x40,
  0x20, 0x00, 0x00, 0x10, 0x00, 0x00, 0x00, 0x00, 0x00, 0x00, 0x00, 0x00, 0x00, 0x92, 0x24, 0x10,
  0x00, 0x01, 0x00, 0x00, 0x00, 0x00, 0x00, 0x00, 0x00, 0x00, 0x00, 0x00, 0x00, 0x01, 0x2a, 0x80,
  0x22, 0x00, 0x00, 0x00, 0x00, 0x00, 0x00, 0x00, 0x00, 0x00, 0x00, 0x00, 0x00, 0x48, 0x90, 0x42,
  0x00, 0x04, 0x00, 0x00, 0x00, 0x00, 0x00, 0x00, 0x00, 0x00, 0x00, 0x00, 0x04, 0x04, 0x4a, 0x88,
  0x20, 0x10, 0x00, 0x00, 0x08, 0x00, 0x00, 0x00, 0x00, 0x00, 0x00, 0x00, 0x00, 0x91, 0x24, 0x20,
  0x00, 0x00, 0x02, 0x00, 0x20, 0x00, 0x00, 0x00, 0x00, 0x00, 0x00, 0x00, 0x00, 0x00, 0x92, 0x80,
  0x21, 0x00, 0x20, 0x00, 0x00, 0x00, 0x00, 0x00, 0x00, 0x00, 0x00, 0x00, 0x00, 0x4a, 0x28, 0x00,
  0x00, 0x00, 0x80, 0x00, 0x00, 0x00, 0x00, 0x00, 0x00, 0x00, 0x00, 0x00, 0x04, 0x00, 0x8a, 0xa0,
  0x20, 0x00, 0x00, 0x04, 0x00, 0x00, 0x00, 0x00, 0x00, 0x00, 0x00, 0x00, 0x00, 0x49, 0x24, 0x00,
  0x04, 0x02, 0x00, 0x00, 0x00, 0x00, 0x00, 0x00, 0x00, 0x00, 0x00, 0x00, 0x00, 0x00, 0x52, 0xa4,
  0x20, 0x00, 0x00, 0x00, 0x00, 0x08, 0x00, 0x00, 0x00, 0x00, 0x00, 0x00, 0x01, 0x25, 0x08, 0x00,
  0x00, 0x00, 0x00, 0x00, 0x00, 0x00, 0x00, 0x00, 0x00, 0x00, 0x00, 0x00, 0x08, 0x00, 0x55, 0x40,
  0x20, 0x10, 0x00, 0x20, 0x00, 0x00, 0x00, 0x00, 0x00, 0x00, 0x00, 0x00, 0x00, 0x2a, 0x22, 0x10,
  0x00, 0x81, 0x00, 0x00, 0x00, 0x00, 0x00, 0x00, 0x00, 0x00, 0x00, 0x00, 0x00, 0x80, 0x94, 0x80,
  0x22, 0x00, 0x02, 0x00, 0x00, 0x00, 0x00, 0x00, 0x00, 0x00, 0x00, 0x00, 0x00, 0x04, 0x49, 0x20,
  0x00, 0x00, 0x08, 0x00, 0x08, 0x00, 0x00, 0x00, 0x00, 0x00, 0x00, 0x00, 0x00, 0x21, 0x24, 0x00,
  0x20, 0x00, 0x00, 0x00, 0x00, 0x00, 0x00, 0x00, 0x00, 0x00, 0x00, 0x00, 0x04, 0x88, 0x92, 0x90,
  0x00, 0x01, 0x00, 0x00, 0x00, 0x20, 0x00, 0x00, 0x00, 0x00, 0x00, 0x00, 0x00, 0x02, 0x28, 0x40,
  0x24, 0x00, 0x00, 0x00, 0x00, 0x00, 0x00, 0x00, 0x00, 0x00, 0x00, 0x00, 0x00, 0x20, 0x85, 0x00,
  0x00, 0x00, 0x00, 0x00, 0x20, 0x00, 0x00, 0x00, 0x00, 0x00, 0x00, 0x00, 0x00, 0x8a, 0x28, 0x90,
  0x20, 0x04, 0x40, 0x00, 0x00, 0x00, 0x00, 0x00, 0x00, 0x00, 0x00, 0x00, 0x08, 0x00, 0x95, 0x00,
  0x00, 0x40, 0x00, 0x00, 0x00, 0x00, 0x00, 0x00, 0x00, 0x00, 0x00, 0x00, 0x00, 0x24, 0x48, 0x42,
  0x44, 0x00, 0x00, 0x00, 0x00, 0x00, 0x00, 0x00, 0x00, 0x00, 0x00, 0x00, 0x00, 0x81, 0x25, 0x10,
  0x00, 0x00, 0x00, 0x82, 0x00, 0x00, 0x00, 0x00, 0x00, 0x00, 0x00, 0x00, 0x00, 0x12, 0x10, 0x80,
  0x20, 0x01, 0x04, 0x00, 0x00, 0x00, 0x00, 0x00, 0x00, 0x00, 0x00, 0x00, 0x04, 0x40, 0xaa, 0x20,
  0x00, 0x00, 0x00, 0x00, 0x00, 0x00, 0x00, 0x00, 0x00, 0x00, 0x00, 0x00, 0x00, 0x08, 0x09, 0x00,
  0x22, 0x04, 0x00, 0x00, 0x00, 0x80, 0x00, 0x00, 0x00, 0x00, 0x00, 0x00, 0x00, 0x22, 0xa4, 0x88
};
// Author :- Ashish ( ashish_y_794 )
// Website : https://www.oledanimationmaker.com/

const uint8_t PROGMEM frame106[1024] = {
  0x00, 0x00, 0x00, 0x00, 0x00, 0x00, 0x00, 0x00, 0x00, 0x00, 0x00, 0x00, 0x00, 0x02, 0xa9, 0x00,
  0x04, 0x00, 0x00, 0x00, 0x00, 0x00, 0x00, 0x00, 0x00, 0x00, 0x00, 0x00, 0x01, 0x28, 0xa4, 0x00,
  0x00, 0x00, 0x20, 0x00, 0x00, 0x00, 0x00, 0x00, 0x00, 0x00, 0x00, 0x00, 0x00, 0x05, 0x55, 0x40,
  0x04, 0x00, 0x00, 0x00, 0x00, 0x00, 0x00, 0x00, 0x00, 0x00, 0x00, 0x00, 0x01, 0x51, 0x50, 0x08,
  0x00, 0x00, 0x80, 0x00, 0x00, 0x00, 0x00, 0x00, 0x00, 0x00, 0x00, 0x00, 0x00, 0x04, 0xab, 0x20,
  0x0a, 0x00, 0x10, 0x00, 0x00, 0x00, 0x00, 0x00, 0x00, 0x00, 0x00, 0x00, 0x02, 0x49, 0x48, 0x80,
  0x00, 0x08, 0x00, 0x80, 0x00, 0x00, 0x00, 0x00, 0x00, 0x00, 0x00, 0x00, 0x00, 0x04, 0xaa, 0x02,
  0x04, 0x20, 0x40, 0x00, 0x00, 0x00, 0x00, 0x00, 0x00, 0x00, 0x00, 0x00, 0x02, 0xa2, 0xa9, 0x00,
  0x10, 0x00, 0x00, 0x00, 0x00, 0x00, 0x00, 0x00, 0x00, 0x00, 0x00, 0x00, 0x00, 0x09, 0x54, 0x90,
  0x02, 0x00, 0x10, 0x00, 0x00, 0x00, 0x00, 0x00, 0x00, 0x00, 0x00, 0x00, 0x01, 0x24, 0xa2, 0x00,
  0x00, 0x00, 0x40, 0x00, 0x00, 0x00, 0x00, 0x00, 0x00, 0x00, 0x00, 0x00, 0x08, 0x02, 0x54, 0x82,
  0x08, 0x00, 0x00, 0x00, 0x00, 0x00, 0x00, 0x00, 0x00, 0x00, 0x00, 0x00, 0x00, 0xa9, 0x52, 0x20,
  0x02, 0x00, 0x01, 0x10, 0x00, 0x00, 0x00, 0x00, 0x00, 0x00, 0x00, 0x00, 0x01, 0x04, 0xa9, 0x00,
  0x00, 0x01, 0x20, 0x00, 0x21, 0x00, 0x00, 0x00, 0x00, 0x00, 0x00, 0x00, 0x00, 0x12, 0xa4, 0x84,
  0x09, 0x08, 0x00, 0x00, 0x00, 0x00, 0x00, 0x00, 0x00, 0x00, 0x00, 0x00, 0x04, 0x81, 0x55, 0x10,
  0x00, 0x00, 0x00, 0x00, 0x00, 0x00, 0x00, 0x00, 0x00, 0x00, 0x00, 0x00, 0x00, 0x2a, 0x48, 0x40,
  0x0a, 0x00, 0x20, 0x00, 0x00, 0x00, 0x00, 0x00, 0x00, 0x00, 0x00, 0x00, 0x01, 0x01, 0x55, 0x00,
  0x00, 0x00, 0x02, 0x00, 0x00, 0x00, 0x00, 0x00, 0x00, 0x00, 0x00, 0x00, 0x00, 0x54, 0xa8, 0x80,
  0x04, 0x00, 0x88, 0x00, 0x00, 0x00, 0x00, 0x00, 0x00, 0x00, 0x00, 0x00, 0x09, 0x02, 0xa5, 0x02,
  0x10, 0x00, 0x00, 0x00, 0x00, 0x00, 0x00, 0x00, 0x00, 0x00, 0x00, 0x00, 0x00, 0x29, 0x52, 0x20,
  0x02, 0x20, 0x20, 0x08, 0x00, 0x00, 0x00, 0x00, 0x00, 0x00, 0x00, 0x00, 0x01, 0x04, 0xa9, 0x00,
  0x00, 0x01, 0x00, 0x00, 0x10, 0x01, 0x20, 0x00, 0x01, 0x00, 0x00, 0x00, 0x00, 0x42, 0x4a, 0x04,
  0x0a, 0x00, 0x00, 0x00, 0x00, 0x00, 0x09, 0x29, 0x28, 0x22, 0x00, 0x00, 0x04, 0x15, 0x51, 0x40,
  0x00, 0x00, 0x20, 0x00, 0x00, 0x21, 0x20, 0x00, 0x00, 0x00, 0x80, 0x00, 0x01, 0x40, 0xaa, 0x00,
  0x08, 0x00, 0x00, 0x40, 0x00, 0x00, 0x00, 0x00, 0x00, 0x08, 0x00, 0x00, 0x00, 0x15, 0x49, 0x20,
  0x02, 0x21, 0x02, 0x00, 0x00, 0x00, 0x00, 0x00, 0x00, 0x00, 0x00, 0x00, 0x11, 0x02, 0x54, 0x82,
  0x08, 0x00, 0x20, 0x00, 0x00, 0x00, 0x00, 0x00, 0x00, 0x00, 0x00, 0x00, 0x00, 0x51, 0x52, 0x00,
  0x21, 0x00, 0x00, 0x00, 0x00, 0x00, 0x00, 0x00, 0x00, 0x00, 0x00, 0x00, 0x01, 0x0a, 0xa9, 0x10,
  0x00, 0x00, 0x10, 0x00, 0x28, 0x40, 0x00, 0x20, 0x20, 0x00, 0x00, 0x00, 0x00, 0x40, 0x94, 0x40,
  0x04, 0x01, 0x00, 0x00, 0x5c, 0xfb, 0x8d, 0xa6, 0x7c, 0x0d, 0x1a, 0x66, 0x04, 0x15, 0x49, 0x00,
  0x02, 0x08, 0x00, 0x00, 0x65, 0x8d, 0x9d, 0x72, 0xc4, 0x0d, 0x16, 0x34, 0x01, 0x42, 0x54, 0x82,
  0x10, 0x20, 0x20, 0x00, 0x40, 0x85, 0x79, 0x3a, 0x88, 0x0b, 0x12, 0x1c, 0x00, 0x09, 0x52, 0x08,
  0x04, 0x00, 0x01, 0x08, 0x41, 0x8d, 0x6d, 0xae, 0xdc, 0x0d, 0x36, 0x08, 0x08, 0x92, 0x49, 0x20,
  0x01, 0x00, 0x10, 0x00, 0x64, 0x89, 0x25, 0x46, 0x44, 0x49, 0x92, 0x18, 0x00, 0x01, 0x54, 0x80,
  0x08, 0x00, 0x40, 0x00, 0x3c, 0xf9, 0x89, 0x26, 0x78, 0x79, 0xf7, 0xc8, 0x02, 0x54, 0xa9, 0x00,
  0x22, 0x00, 0x00, 0x00, 0x00, 0x00, 0x00, 0x00, 0x00, 0x00, 0x00, 0x00, 0x00, 0x02, 0xa4, 0x00,
  0x00, 0x00, 0x00, 0x00, 0x00, 0x00, 0x00, 0x00, 0x00, 0x00, 0x00, 0x00, 0x01, 0x49, 0x2a, 0xa2,
  0x04, 0x41, 0x20, 0x00, 0x00, 0x00, 0x00, 0x00, 0x00, 0x00, 0x00, 0x00, 0x04, 0x12, 0xa0, 0x00,
  0x02, 0x00, 0x02, 0x20, 0x00, 0x00, 0x00, 0x00, 0x00, 0x00, 0x00, 0x00, 0x00, 0x44, 0x56, 0x80,
  0x10, 0x00, 0x08, 0x00, 0x00, 0x00, 0x00, 0x00, 0x00, 0x00, 0x00, 0x00, 0x01, 0x02, 0xa8, 0x20,
  0x04, 0x08, 0x40, 0x00, 0x00, 0x00, 0x00, 0x00, 0x00, 0x00, 0x00, 0x00, 0x00, 0x51, 0x45, 0x02,
  0x01, 0x00, 0x00, 0x00, 0x00, 0x00, 0x00, 0x00, 0x00, 0x00, 0x00, 0x00, 0x09, 0x0a, 0x54, 0x80,
  0x24, 0x00, 0x10, 0x00, 0x00, 0x00, 0x00, 0x00, 0x00, 0x00, 0x00, 0x00, 0x00, 0x21, 0x52, 0x20,
  0x00, 0x40, 0x80, 0x00, 0x20, 0x00, 0x00, 0x00, 0x00, 0x00, 0x00, 0x00, 0x01, 0x09, 0x29, 0x00,
  0x0a, 0x00, 0x00, 0x00, 0x01, 0x00, 0x00, 0x00, 0x00, 0x00, 0x00, 0x00, 0x00, 0x44, 0xa4, 0x84,
  0x00, 0x00, 0x20, 0x00, 0x00, 0x00, 0x00, 0x00, 0x00, 0x00, 0x00, 0x00, 0x02, 0x12, 0x92, 0x10,
  0x12, 0x08, 0x00, 0x10, 0x00, 0x00, 0x00, 0x00, 0x00, 0x00, 0x00, 0x00, 0x00, 0x81, 0x54, 0x80,
  0x00, 0x40, 0x81, 0x00, 0x00, 0x00, 0x00, 0x00, 0x00, 0x00, 0x00, 0x00, 0x02, 0x2a, 0x49, 0x00,
  0x0a, 0x00, 0x10, 0x00, 0x00, 0x00, 0x00, 0x00, 0x00, 0x00, 0x00, 0x00, 0x08, 0x01, 0x54, 0x40,
  0x20, 0x00, 0x00, 0x00, 0x00, 0x00, 0x00, 0x00, 0x00, 0x00, 0x00, 0x00, 0x00, 0x94, 0xa2, 0x00,
  0x04, 0x00, 0x40, 0x00, 0x10, 0x00, 0x00, 0x00, 0x00, 0x00, 0x00, 0x00, 0x00, 0x22, 0x55, 0x44,
  0x01, 0x20, 0x00, 0x00, 0x00, 0x02, 0x00, 0x00, 0x00, 0x00, 0x00, 0x00, 0x01, 0x09, 0x48, 0x00,
  0x08, 0x00, 0x10, 0x00, 0x00, 0x00, 0x00, 0x00, 0x00, 0x00, 0x00, 0x00, 0x00, 0x42, 0x52, 0x80,
  0x22, 0x01, 0x00, 0x80, 0x00, 0x00, 0x00, 0x00, 0x00, 0x00, 0x00, 0x00, 0x04, 0x11, 0x4a, 0x20,
  0x00, 0x00, 0x20, 0x01, 0x00, 0x10, 0x00, 0x00, 0x00, 0x00, 0x00, 0x00, 0x01, 0x44, 0xa9, 0x02,
  0x0a, 0x44, 0x00, 0x00, 0x00, 0x00, 0x00, 0x00, 0x00, 0x00, 0x00, 0x00, 0x00, 0x12, 0x48, 0x80,
  0x00, 0x00, 0x00, 0x00, 0x00, 0x00, 0x00, 0x00, 0x00, 0x00, 0x00, 0x00, 0x01, 0x05, 0x55, 0x00,
  0x12, 0x00, 0x48, 0x00, 0x00, 0x00, 0x00, 0x00, 0x00, 0x00, 0x00, 0x00, 0x08, 0x50, 0xa2, 0x20,
  0x00, 0x40, 0x00, 0x10, 0x01, 0x00, 0x00, 0x00, 0x00, 0x00, 0x00, 0x00, 0x00, 0x05, 0x28, 0x82,
  0x0a, 0x00, 0x00, 0x40, 0x00, 0x00, 0x00, 0x00, 0x00, 0x00, 0x00, 0x00, 0x01, 0x48, 0xa5, 0x00,
  0x20, 0x00, 0x90, 0x00, 0x00, 0x00, 0x00, 0x00, 0x00, 0x00, 0x00, 0x00, 0x00, 0x02, 0x94, 0x10,
  0x04, 0x88, 0x00, 0x00, 0x00, 0x00, 0x00, 0x00, 0x00, 0x00, 0x00, 0x00, 0x04, 0xa9, 0x52, 0x80,
  0x02, 0x00, 0x00, 0x00, 0x08, 0x00, 0x00, 0x00, 0x00, 0x00, 0x00, 0x00, 0x10, 0x04, 0x48, 0x00,
  0x10, 0x00, 0x40, 0x00, 0x00, 0x00, 0x00, 0x00, 0x00, 0x00, 0x00, 0x00, 0x00, 0x91, 0x55, 0x40
};
// Author :- Ashish ( ashish_y_794 )
// Website : https://www.oledanimationmaker.com/

const uint8_t PROGMEM frame107[1024] = {
  0x00, 0x00, 0x00, 0x00, 0x00, 0x00, 0x00, 0x00, 0x00, 0x00, 0x00, 0x00, 0x00, 0x05, 0x48, 0x00,
  0x00, 0x00, 0x00, 0x00, 0x00, 0x00, 0x00, 0x00, 0x00, 0x00, 0x00, 0x00, 0x02, 0x49, 0x25, 0x00,
  0x00, 0x90, 0x04, 0x00, 0x00, 0x00, 0x00, 0x00, 0x00, 0x00, 0x00, 0x00, 0x00, 0x05, 0x50, 0x00,
  0x02, 0x00, 0x00, 0x00, 0x00, 0x00, 0x00, 0x00, 0x00, 0x00, 0x00, 0x00, 0x02, 0x52, 0xaa, 0x40,
  0x00, 0x00, 0x10, 0x00, 0x00, 0x00, 0x00, 0x00, 0x00, 0x00, 0x00, 0x00, 0x00, 0x0a, 0x91, 0x04,
  0x00, 0x40, 0x01, 0x00, 0x00, 0x00, 0x00, 0x00, 0x00, 0x00, 0x00, 0x00, 0x05, 0x05, 0x4a, 0x00,
  0x08, 0x00, 0x84, 0x00, 0x00, 0x00, 0x00, 0x00, 0x00, 0x00, 0x00, 0x00, 0x00, 0x52, 0x50, 0x00,
  0x01, 0x20, 0x00, 0x00, 0x00, 0x00, 0x00, 0x00, 0x00, 0x00, 0x00, 0x00, 0x02, 0x05, 0x4a, 0x20,
  0x00, 0x00, 0x00, 0x00, 0x00, 0x00, 0x00, 0x00, 0x00, 0x00, 0x00, 0x00, 0x00, 0x49, 0x24, 0x80,
  0x00, 0x02, 0x08, 0x00, 0x00, 0x00, 0x00, 0x00, 0x00, 0x00, 0x00, 0x00, 0x09, 0x05, 0x52, 0x02,
  0x04, 0x90, 0x00, 0x20, 0x00, 0x00, 0x00, 0x00, 0x00, 0x00, 0x00, 0x00, 0x00, 0x25, 0x48, 0x00,
  0x00, 0x00, 0x02, 0x00, 0x00, 0x00, 0x00, 0x00, 0x00, 0x00, 0x00, 0x00, 0x02, 0x09, 0x25, 0x08,
  0x00, 0x40, 0x10, 0x00, 0x80, 0x00, 0x00, 0x00, 0x00, 0x00, 0x00, 0x00, 0x00, 0x92, 0xa8, 0x00,
  0x08, 0x00, 0x00, 0x00, 0x00, 0x00, 0x00, 0x00, 0x00, 0x00, 0x00, 0x00, 0x09, 0x05, 0x4a, 0x40,
  0x01, 0x00, 0x04, 0x00, 0x00, 0x00, 0x00, 0x00, 0x00, 0x00, 0x00, 0x00, 0x00, 0x25, 0x20, 0x00,
  0x00, 0x20, 0x80, 0x00, 0x00, 0x00, 0x00, 0x00, 0x00, 0x00, 0x00, 0x00, 0x02, 0x09, 0x55, 0x00,
  0x00, 0x02, 0x00, 0x40, 0x00, 0x80, 0x00, 0x00, 0x00, 0x00, 0x00, 0x00, 0x00, 0x85, 0x48, 0x10,
  0x09, 0x20, 0x09, 0x00, 0x00, 0x00, 0x00, 0x00, 0x00, 0x00, 0x00, 0x00, 0x08, 0x2a, 0x52, 0x40,
  0x00, 0x00, 0x00, 0x00, 0x00, 0x00, 0x00, 0x00, 0x00, 0x00, 0x00, 0x00, 0x02, 0x82, 0x94, 0x00,
  0x00, 0x40, 0x00, 0x00, 0x00, 0x00, 0x00, 0x00, 0x00, 0x00, 0x00, 0x00, 0x00, 0x15, 0x49, 0x00,
  0x02, 0x00, 0x08, 0x00, 0x40, 0x00, 0x00, 0x00, 0x00, 0x00, 0x00, 0x00, 0x04, 0x42, 0xa4, 0x04,
  0x10, 0x20, 0x20, 0x00, 0x00, 0x01, 0x20, 0x00, 0x00, 0x00, 0x00, 0x00, 0x01, 0x09, 0x29, 0x10,
  0x00, 0x01, 0x01, 0x00, 0x00, 0x00, 0x09, 0x29, 0x29, 0x42, 0x00, 0x00, 0x04, 0x15, 0x44, 0x00,
  0x01, 0x20, 0x00, 0x00, 0x00, 0x01, 0x00, 0x00, 0x00, 0x10, 0x80, 0x00, 0x10, 0x82, 0xa8, 0x80,
  0x00, 0x00, 0x04, 0x02, 0x00, 0x00, 0x08, 0x00, 0x00, 0x00, 0x00, 0x00, 0x00, 0x15, 0x24, 0x00,
  0x08, 0x80, 0x00, 0x00, 0x00, 0x40, 0x00, 0x00, 0x00, 0x00, 0x00, 0x00, 0x02, 0x42, 0x92, 0x00,
  0x00, 0x22, 0x10, 0x10, 0x00, 0x00, 0x00, 0x00, 0x00, 0x00, 0x00, 0x00, 0x00, 0x14, 0xa8, 0x88,
  0x01, 0x00, 0x01, 0x00, 0x00, 0x00, 0x00, 0x00, 0x00, 0x00, 0x00, 0x00, 0x05, 0x02, 0x92, 0x00,
  0x08, 0x00, 0x04, 0x00, 0x10, 0x00, 0x00, 0x00, 0x20, 0x00, 0x00, 0x00, 0x00, 0x4a, 0x48, 0x00,
  0x00, 0x48, 0x00, 0x00, 0x3e, 0xf9, 0x8d, 0xb2, 0xbc, 0x0d, 0x36, 0x66, 0x04, 0x12, 0xa5, 0x20,
  0x01, 0x00, 0x40, 0x00, 0x42, 0x8d, 0xdd, 0x72, 0xc0, 0x0b, 0x12, 0x2c, 0x11, 0x05, 0x50, 0x00,
  0x10, 0x20, 0x04, 0x00, 0x60, 0x85, 0xd9, 0x3a, 0x94, 0x0b, 0x14, 0x18, 0x00, 0x52, 0x4a, 0x00,
  0x00, 0x00, 0x00, 0x00, 0x20, 0x85, 0x6d, 0xae, 0xcc, 0x0d, 0x14, 0x18, 0x01, 0x05, 0x24, 0x84,
  0x02, 0x40, 0x08, 0x00, 0x66, 0xdd, 0x25, 0x26, 0x4c, 0x49, 0x36, 0x18, 0x04, 0x12, 0xa8, 0x00,
  0x00, 0x08, 0x80, 0x40, 0x1c, 0x69, 0x05, 0x42, 0x70, 0x79, 0xe3, 0xc8, 0x00, 0x89, 0x45, 0x10,
  0x11, 0x20, 0x02, 0x00, 0x00, 0x00, 0x00, 0x00, 0x00, 0x00, 0x00, 0x00, 0x02, 0x05, 0x28, 0x00,
  0x00, 0x00, 0x08, 0x00, 0x00, 0x00, 0x00, 0x00, 0x00, 0x00, 0x00, 0x00, 0x00, 0x52, 0xa5, 0x00,
  0x02, 0x40, 0x00, 0x00, 0x00, 0x00, 0x00, 0x00, 0x00, 0x00, 0x00, 0x00, 0x04, 0x04, 0x90, 0x00,
  0x08, 0x00, 0x20, 0x00, 0x00, 0x00, 0x00, 0x00, 0x00, 0x00, 0x00, 0x00, 0x01, 0x12, 0xaa, 0x40,
  0x00, 0x48, 0x80, 0x00, 0x00, 0x00, 0x00, 0x00, 0x00, 0x00, 0x00, 0x00, 0x00, 0x45, 0x11, 0x04,
  0x01, 0x00, 0x04, 0x01, 0x00, 0x00, 0x00, 0x00, 0x00, 0x00, 0x00, 0x00, 0x05, 0x09, 0x4a, 0x00,
  0x10, 0x20, 0x00, 0x40, 0x00, 0x00, 0x00, 0x00, 0x00, 0x00, 0x00, 0x00, 0x00, 0x25, 0x50, 0x00,
  0x00, 0x80, 0x01, 0x00, 0x00, 0x00, 0x00, 0x00, 0x00, 0x00, 0x00, 0x00, 0x02, 0x04, 0x95, 0x00,
  0x04, 0x02, 0x08, 0x00, 0x00, 0x00, 0x00, 0x00, 0x00, 0x00, 0x00, 0x00, 0x08, 0x92, 0xa0, 0x20,
  0x10, 0x48, 0x00, 0x00, 0x00, 0x00, 0x00, 0x00, 0x00, 0x00, 0x00, 0x00, 0x00, 0x0a, 0x4a, 0x00,
  0x01, 0x00, 0x20, 0x00, 0x00, 0x00, 0x00, 0x00, 0x00, 0x00, 0x00, 0x00, 0x02, 0x42, 0xa9, 0x04,
  0x00, 0x20, 0x02, 0x00, 0x01, 0x00, 0x00, 0x00, 0x00, 0x00, 0x00, 0x00, 0x00, 0x15, 0x12, 0x00,
  0x04, 0x00, 0x00, 0x00, 0x00, 0x00, 0x00, 0x00, 0x00, 0x00, 0x00, 0x00, 0x05, 0x02, 0xa4, 0x10,
  0x10, 0x90, 0x08, 0x00, 0x00, 0x00, 0x00, 0x00, 0x00, 0x00, 0x00, 0x00, 0x00, 0x54, 0x91, 0x00,
  0x00, 0x01, 0x00, 0x00, 0x80, 0x00, 0x00, 0x00, 0x00, 0x00, 0x00, 0x00, 0x02, 0x02, 0x4a, 0x00,
  0x02, 0x40, 0x02, 0x20, 0x00, 0x01, 0x00, 0x00, 0x00, 0x00, 0x00, 0x00, 0x08, 0x2a, 0xa8, 0x00,
  0x10, 0x10, 0x10, 0x00, 0x00, 0x00, 0x00, 0x00, 0x00, 0x00, 0x00, 0x00, 0x01, 0x02, 0x92, 0x40,
  0x00, 0x80, 0x00, 0x00, 0x00, 0x00, 0x00, 0x00, 0x00, 0x00, 0x00, 0x00, 0x00, 0x49, 0x48, 0x04,
  0x02, 0x22, 0x04, 0x00, 0x00, 0x00, 0x00, 0x00, 0x00, 0x00, 0x00, 0x00, 0x04, 0x05, 0x25, 0x00,
  0x10, 0x00, 0x20, 0x00, 0x01, 0x00, 0x00, 0x00, 0x00, 0x00, 0x00, 0x00, 0x01, 0x24, 0xa8, 0x00,
  0x00, 0x88, 0x00, 0x00, 0x00, 0x00, 0x00, 0x00, 0x00, 0x00, 0x00, 0x00, 0x04, 0x0a, 0x92, 0x20,
  0x02, 0x20, 0x02, 0x20, 0x00, 0x00, 0x00, 0x00, 0x00, 0x00, 0x00, 0x00, 0x10, 0x82, 0x48, 0x80,
  0x10, 0x00, 0x08, 0x00, 0x00, 0x00, 0x00, 0x00, 0x00, 0x00, 0x00, 0x00, 0x00, 0x29, 0x52, 0x00,
  0x00, 0x80, 0x80, 0x00, 0x40, 0x00, 0x00, 0x00, 0x00, 0x00, 0x00, 0x00, 0x02, 0x85, 0x24, 0x00,
  0x04, 0x24, 0x00, 0x00, 0x00, 0x02, 0x00, 0x00, 0x00, 0x00, 0x00, 0x00, 0x00, 0x12, 0x92, 0x00,
  0x10, 0x80, 0x04, 0x00, 0x00, 0x00, 0x00, 0x00, 0x00, 0x00, 0x00, 0x00, 0x04, 0x44, 0xa8, 0x88,
  0x00, 0x10, 0x00, 0x00, 0x00, 0x00, 0x00, 0x00, 0x00, 0x00, 0x00, 0x00, 0x01, 0x0a, 0x84, 0x00,
  0x02, 0x40, 0x10, 0x80, 0x00, 0x00, 0x00, 0x02, 0x00, 0x00, 0x00, 0x00, 0x10, 0x02, 0x52, 0x00,
  0x10, 0x00, 0x42, 0x00, 0x00, 0x80, 0x00, 0x00, 0x01, 0x00, 0x00, 0x00, 0x02, 0x55, 0x54, 0x40
};
// Author :- Ashish ( ashish_y_794 )
// Website : https://www.oledanimationmaker.com/

const uint8_t PROGMEM frame108[1024] = {
  0x00, 0x00, 0x00, 0x00, 0x00, 0x00, 0x00, 0x00, 0x00, 0x00, 0x00, 0x00, 0x00, 0x05, 0x20, 0x00,
  0x00, 0x00, 0x00, 0x00, 0x00, 0x00, 0x00, 0x00, 0x00, 0x00, 0x00, 0x00, 0x02, 0x2a, 0x94, 0x00,
  0x00, 0x20, 0x01, 0x00, 0x00, 0x00, 0x00, 0x00, 0x00, 0x00, 0x00, 0x00, 0x00, 0x84, 0xa2, 0x00,
  0x01, 0x08, 0x04, 0x00, 0x00, 0x00, 0x00, 0x00, 0x00, 0x00, 0x00, 0x00, 0x04, 0x12, 0x94, 0x40,
  0x00, 0x00, 0x00, 0x00, 0x00, 0x00, 0x00, 0x00, 0x00, 0x00, 0x00, 0x00, 0x00, 0x0a, 0x48, 0x00,
  0x04, 0x00, 0x80, 0x00, 0x00, 0x00, 0x00, 0x00, 0x00, 0x00, 0x00, 0x00, 0x05, 0x25, 0x22, 0x04,
  0x00, 0x48, 0x08, 0x00, 0x00, 0x00, 0x00, 0x00, 0x00, 0x00, 0x00, 0x00, 0x00, 0x09, 0x54, 0x00,
  0x00, 0x00, 0x01, 0x00, 0x00, 0x00, 0x00, 0x00, 0x00, 0x00, 0x00, 0x00, 0x04, 0x85, 0x20, 0x40,
  0x01, 0x08, 0x00, 0x10, 0x00, 0x00, 0x00, 0x00, 0x00, 0x00, 0x00, 0x00, 0x00, 0x2a, 0x95, 0x00,
  0x10, 0x00, 0x00, 0x00, 0x00, 0x00, 0x00, 0x00, 0x00, 0x00, 0x00, 0x00, 0x09, 0x04, 0xa0, 0x00,
  0x00, 0x20, 0x44, 0x80, 0x00, 0x00, 0x00, 0x00, 0x00, 0x00, 0x00, 0x00, 0x00, 0x12, 0x94, 0x08,
  0x01, 0x01, 0x00, 0x00, 0x00, 0x00, 0x00, 0x00, 0x00, 0x00, 0x00, 0x00, 0x04, 0x8a, 0x48, 0x00,
  0x00, 0x08, 0x00, 0x00, 0x00, 0x00, 0x00, 0x00, 0x00, 0x00, 0x00, 0x00, 0x00, 0x09, 0x52, 0x40,
  0x00, 0x20, 0x02, 0x00, 0x00, 0x00, 0x00, 0x00, 0x00, 0x00, 0x00, 0x00, 0x04, 0x95, 0x24, 0x00,
  0x09, 0x00, 0x00, 0x00, 0x20, 0x00, 0x00, 0x00, 0x00, 0x00, 0x00, 0x00, 0x00, 0x04, 0x90, 0x00,
  0x00, 0x00, 0x08, 0x00, 0x00, 0x00, 0x00, 0x00, 0x00, 0x00, 0x00, 0x00, 0x09, 0x25, 0x4a, 0x08,
  0x00, 0x10, 0x00, 0x80, 0x00, 0x40, 0x00, 0x00, 0x00, 0x00, 0x00, 0x00, 0x00, 0x0a, 0x50, 0x40,
  0x00, 0x84, 0x40, 0x04, 0x00, 0x00, 0x00, 0x00, 0x00, 0x00, 0x00, 0x00, 0x04, 0x92, 0x8a, 0x00,
  0x08, 0x00, 0x02, 0x00, 0x00, 0x00, 0x00, 0x00, 0x00, 0x00, 0x00, 0x00, 0x00, 0x09, 0x50, 0x00,
  0x00, 0x20, 0x00, 0x00, 0x00, 0x00, 0x00, 0x00, 0x00, 0x00, 0x00, 0x00, 0x12, 0x45, 0x24, 0x00,
  0x01, 0x08, 0x00, 0x00, 0x00, 0x00, 0x00, 0x00, 0x00, 0x00, 0x00, 0x00, 0x00, 0x14, 0x92, 0x20,
  0x04, 0x00, 0x12, 0x20, 0x00, 0x01, 0x20, 0x00, 0x00, 0x00, 0x00, 0x00, 0x04, 0x82, 0xa4, 0x00,
  0x10, 0x10, 0x80, 0x00, 0x00, 0x00, 0x09, 0x29, 0x29, 0x42, 0x00, 0x00, 0x00, 0x15, 0x10, 0x00,
  0x00, 0x40, 0x00, 0x00, 0x00, 0x01, 0x00, 0x00, 0x00, 0x00, 0x00, 0x00, 0x04, 0x8a, 0xa4, 0x84,
  0x00, 0x00, 0x01, 0x00, 0x02, 0x00, 0x08, 0x00, 0x00, 0x08, 0x80, 0x00, 0x10, 0x04, 0x92, 0x00,
  0x00, 0x88, 0x04, 0x00, 0x08, 0x00, 0x00, 0x00, 0x00, 0x00, 0x00, 0x00, 0x02, 0x52, 0x48, 0x00,
  0x02, 0x00, 0x80, 0x00, 0x00, 0x00, 0x00, 0x00, 0x00, 0x00, 0x00, 0x00, 0x00, 0x0a, 0xa4, 0x10,
  0x10, 0x10, 0x00, 0x00, 0x00, 0x00, 0x00, 0x00, 0x00, 0x00, 0x00, 0x00, 0x04, 0x85, 0x11, 0x00,
  0x00, 0x02, 0x02, 0x00, 0x80, 0x10, 0x00, 0x00, 0x20, 0x00, 0x00, 0x00, 0x00, 0x12, 0xa8, 0x00,
  0x00, 0x88, 0x08, 0x20, 0x3e, 0x79, 0x8d, 0xb2, 0xbc, 0x0d, 0x34, 0x66, 0x12, 0x09, 0x04, 0x00,
  0x02, 0x00, 0x00, 0x00, 0x22, 0xcd, 0xdd, 0x72, 0xc0, 0x0b, 0x16, 0x2c, 0x00, 0xa4, 0xb2, 0x40,
  0x10, 0x20, 0x00, 0x00, 0x60, 0x85, 0xd5, 0x3a, 0x94, 0x0a, 0x14, 0x38, 0x02, 0x0a, 0x88, 0x00,
  0x00, 0x08, 0x02, 0x00, 0x20, 0x85, 0x75, 0xae, 0xcc, 0x0d, 0x34, 0x10, 0x00, 0x05, 0x52, 0x04,
  0x01, 0x00, 0x48, 0x00, 0x66, 0xcd, 0x05, 0x26, 0x4c, 0x4b, 0x24, 0x18, 0x09, 0x28, 0x88, 0x00,
  0x00, 0x21, 0x00, 0x40, 0x1c, 0x71, 0x0d, 0x42, 0x70, 0x79, 0xe7, 0xd0, 0x00, 0x06, 0x52, 0x20,
  0x10, 0x88, 0x00, 0x00, 0x00, 0x00, 0x00, 0x00, 0x00, 0x00, 0x00, 0x00, 0x04, 0x91, 0x48, 0x00,
  0x02, 0x00, 0x01, 0x00, 0x00, 0x00, 0x00, 0x00, 0x00, 0x00, 0x00, 0x00, 0x00, 0x0a, 0x92, 0x00,
  0x00, 0x08, 0x00, 0x00, 0x00, 0x00, 0x00, 0x00, 0x00, 0x00, 0x00, 0x00, 0x04, 0x89, 0x24, 0x00,
  0x00, 0x40, 0x04, 0x00, 0x00, 0x00, 0x00, 0x00, 0x00, 0x00, 0x00, 0x00, 0x00, 0x24, 0x90, 0x40,
  0x11, 0x00, 0x80, 0x00, 0x00, 0x00, 0x00, 0x00, 0x00, 0x00, 0x00, 0x00, 0x04, 0x85, 0x4a, 0x00,
  0x00, 0x14, 0x00, 0x81, 0x00, 0x00, 0x00, 0x00, 0x00, 0x00, 0x00, 0x00, 0x00, 0x12, 0x50, 0x04,
  0x00, 0x40, 0x08, 0x00, 0x00, 0x00, 0x00, 0x00, 0x00, 0x00, 0x00, 0x00, 0x09, 0x0a, 0x8a, 0x00,
  0x12, 0x00, 0x00, 0x00, 0x00, 0x00, 0x00, 0x00, 0x00, 0x00, 0x00, 0x00, 0x00, 0x24, 0x50, 0x20,
  0x00, 0x10, 0x01, 0x00, 0x00, 0x00, 0x00, 0x00, 0x00, 0x00, 0x00, 0x00, 0x04, 0x83, 0x24, 0x80,
  0x00, 0x84, 0x84, 0x00, 0x00, 0x00, 0x00, 0x00, 0x00, 0x00, 0x00, 0x00, 0x00, 0x14, 0x92, 0x00,
  0x10, 0x10, 0x00, 0x08, 0x00, 0x00, 0x00, 0x00, 0x00, 0x00, 0x00, 0x00, 0x04, 0x45, 0x48, 0x00,
  0x02, 0x40, 0x00, 0x00, 0x02, 0x00, 0x00, 0x00, 0x00, 0x00, 0x00, 0x00, 0x01, 0x09, 0x24, 0x00,
  0x00, 0x00, 0x11, 0x00, 0x00, 0x00, 0x00, 0x00, 0x00, 0x00, 0x00, 0x00, 0x08, 0x04, 0x90, 0x00,
  0x10, 0x12, 0x00, 0x00, 0x00, 0x00, 0x00, 0x00, 0x00, 0x00, 0x00, 0x00, 0x01, 0x2a, 0xa5, 0x04,
  0x01, 0x40, 0x00, 0x00, 0x00, 0x02, 0x00, 0x00, 0x00, 0x00, 0x00, 0x00, 0x04, 0x04, 0x90, 0x10,
  0x00, 0x08, 0x44, 0x40, 0x10, 0x00, 0x00, 0x00, 0x00, 0x00, 0x00, 0x00, 0x00, 0x4a, 0x4a, 0x00,
  0x10, 0x00, 0x00, 0x00, 0x00, 0x00, 0x00, 0x00, 0x00, 0x00, 0x00, 0x00, 0x04, 0x05, 0x20, 0x00,
  0x02, 0x91, 0x01, 0x00, 0x00, 0x00, 0x00, 0x00, 0x00, 0x00, 0x00, 0x00, 0x01, 0x28, 0x94, 0x80,
  0x00, 0x04, 0x00, 0x00, 0x00, 0x00, 0x00, 0x00, 0x00, 0x00, 0x00, 0x00, 0x08, 0x05, 0x48, 0x00,
  0x20, 0x20, 0x04, 0x00, 0x80, 0x00, 0x00, 0x00, 0x00, 0x00, 0x00, 0x00, 0x01, 0x12, 0x52, 0x00,
  0x04, 0x80, 0x00, 0x00, 0x00, 0x08, 0x00, 0x00, 0x00, 0x00, 0x00, 0x00, 0x04, 0x0a, 0x88, 0x10,
  0x00, 0x10, 0x20, 0x80, 0x00, 0x00, 0x00, 0x00, 0x00, 0x00, 0x00, 0x00, 0x00, 0x84, 0xa4, 0x80,
  0x00, 0x04, 0x02, 0x00, 0x00, 0x00, 0x00, 0x00, 0x00, 0x00, 0x00, 0x00, 0x08, 0x2a, 0x50, 0x00,
  0x12, 0x90, 0x00, 0x00, 0x00, 0x00, 0x00, 0x00, 0x00, 0x00, 0x00, 0x00, 0x02, 0x02, 0x8a, 0x00,
  0x00, 0x00, 0x80, 0x02, 0x00, 0x00, 0x00, 0x00, 0x00, 0x00, 0x00, 0x00, 0x00, 0x94, 0x50, 0x00,
  0x00, 0x22, 0x04, 0x00, 0x00, 0x40, 0x00, 0x00, 0x00, 0x00, 0x00, 0x00, 0x08, 0x05, 0x4a, 0x00,
  0x22, 0x08, 0x00, 0x20, 0x00, 0x00, 0x00, 0x20, 0x00, 0x00, 0x00, 0x00, 0x02, 0x25, 0x20, 0x44,
  0x00, 0x80, 0x01, 0x00, 0x00, 0x00, 0x00, 0x00, 0x00, 0x00, 0x00, 0x00, 0x00, 0x88, 0x94, 0x00,
  0x00, 0x10, 0x08, 0x00, 0x00, 0x00, 0x00, 0x00, 0x20, 0x00, 0x00, 0x00, 0x08, 0x05, 0x49, 0x00
};
// Author :- Ashish ( ashish_y_794 )
// Website : https://www.oledanimationmaker.com/

const uint8_t PROGMEM frame109[1024] = {
  0x00, 0x00, 0x00, 0x00, 0x00, 0x00, 0x00, 0x00, 0x00, 0x00, 0x00, 0x00, 0x00, 0x09, 0x10, 0x00,
  0x00, 0x00, 0x00, 0x00, 0x00, 0x00, 0x00, 0x00, 0x00, 0x00, 0x00, 0x00, 0x00, 0xa4, 0xa0, 0x00,
  0x00, 0x21, 0x00, 0x00, 0x00, 0x00, 0x00, 0x00, 0x00, 0x00, 0x00, 0x00, 0x0a, 0x12, 0x4a, 0x00,
  0x04, 0x04, 0x20, 0x80, 0x00, 0x00, 0x00, 0x00, 0x00, 0x00, 0x00, 0x00, 0x00, 0x0a, 0x90, 0x00,
  0x10, 0x80, 0x02, 0x00, 0x00, 0x00, 0x00, 0x00, 0x00, 0x00, 0x00, 0x00, 0x00, 0x51, 0x20, 0x22,
  0x00, 0x10, 0x80, 0x00, 0x00, 0x00, 0x00, 0x00, 0x00, 0x00, 0x00, 0x00, 0x09, 0x0a, 0x49, 0x00,
  0x00, 0x00, 0x00, 0x10, 0x00, 0x00, 0x00, 0x00, 0x00, 0x00, 0x00, 0x00, 0x00, 0x24, 0x90, 0x00,
  0x00, 0x41, 0x00, 0x40, 0x00, 0x00, 0x00, 0x00, 0x00, 0x00, 0x00, 0x00, 0x08, 0x92, 0x44, 0x00,
  0x09, 0x00, 0x08, 0x00, 0x00, 0x00, 0x00, 0x00, 0x00, 0x00, 0x00, 0x00, 0x02, 0x09, 0x28, 0x00,
  0x00, 0x08, 0x80, 0x00, 0x00, 0x00, 0x00, 0x00, 0x00, 0x00, 0x00, 0x00, 0x10, 0x24, 0x80, 0x10,
  0x00, 0x00, 0x01, 0x00, 0x00, 0x00, 0x00, 0x00, 0x00, 0x00, 0x00, 0x00, 0x00, 0x95, 0x54, 0x40,
  0x10, 0x21, 0x00, 0x00, 0x20, 0x00, 0x00, 0x00, 0x00, 0x00, 0x00, 0x00, 0x04, 0x04, 0x20, 0x00,
  0x02, 0x00, 0x10, 0x20, 0x00, 0x00, 0x00, 0x00, 0x00, 0x00, 0x00, 0x00, 0x10, 0x2a, 0x92, 0x00,
  0x00, 0x08, 0x80, 0x00, 0x00, 0x00, 0x00, 0x00, 0x00, 0x00, 0x00, 0x00, 0x01, 0x11, 0x48, 0x02,
  0x00, 0x40, 0x01, 0x00, 0x00, 0x00, 0x00, 0x00, 0x00, 0x00, 0x00, 0x00, 0x04, 0x24, 0x20, 0x00,
  0x11, 0x01, 0x00, 0x00, 0x00, 0x00, 0x00, 0x00, 0x00, 0x00, 0x00, 0x00, 0x10, 0x15, 0x48, 0x20,
  0x00, 0x08, 0x00, 0x20, 0x80, 0x00, 0x00, 0x00, 0x00, 0x00, 0x00, 0x00, 0x00, 0x89, 0x22, 0x00,
  0x00, 0x20, 0x44, 0x00, 0x00, 0x40, 0x00, 0x00, 0x00, 0x00, 0x00, 0x00, 0x04, 0x24, 0x90, 0x00,
  0x08, 0x01, 0x00, 0x00, 0x00, 0x00, 0x00, 0x00, 0x00, 0x00, 0x00, 0x00, 0x10, 0x12, 0x48, 0x02,
  0x01, 0x00, 0x00, 0x80, 0x00, 0x00, 0x00, 0x00, 0x00, 0x00, 0x00, 0x00, 0x01, 0x29, 0x21, 0x08,
  0x00, 0x20, 0x00, 0x00, 0x00, 0x00, 0x00, 0x00, 0x00, 0x00, 0x00, 0x00, 0x04, 0x04, 0x88, 0x00,
  0x20, 0x04, 0x88, 0x10, 0x00, 0x00, 0x80, 0x00, 0x00, 0x00, 0x00, 0x00, 0x10, 0x52, 0x50, 0x00,
  0x04, 0x10, 0x00, 0x40, 0x00, 0x00, 0x29, 0x11, 0x09, 0x11, 0x00, 0x00, 0x00, 0x0a, 0x88, 0x40,
  0x00, 0x80, 0x81, 0x00, 0x02, 0x01, 0x00, 0x04, 0x20, 0x00, 0x00, 0x00, 0x04, 0xa4, 0x51, 0x00,
  0x00, 0x00, 0x00, 0x00, 0x10, 0x00, 0x02, 0x00, 0x00, 0x00, 0x00, 0x00, 0x10, 0x12, 0x84, 0x00,
  0x10, 0x22, 0x10, 0x00, 0x00, 0x00, 0x00, 0x00, 0x00, 0x00, 0x00, 0x00, 0x00, 0x09, 0x28, 0x02,
  0x02, 0x00, 0x80, 0x00, 0x00, 0x00, 0x00, 0x00, 0x00, 0x00, 0x00, 0x00, 0x04, 0xa4, 0x80, 0x00,
  0x00, 0x20, 0x01, 0x00, 0x00, 0x00, 0x00, 0x00, 0x00, 0x00, 0x00, 0x00, 0x10, 0x12, 0x54, 0x00,
  0x00, 0x84, 0x80, 0x20, 0x08, 0x10, 0x00, 0x00, 0x00, 0x08, 0x00, 0x00, 0x01, 0x0a, 0x88, 0x10,
  0x24, 0x00, 0x00, 0x00, 0xbe, 0x79, 0xcd, 0xb2, 0x7c, 0x0b, 0x34, 0x64, 0x04, 0x24, 0x50, 0x40,
  0x00, 0x10, 0x88, 0x00, 0x22, 0xc5, 0x9d, 0x72, 0xc0, 0x0a, 0x24, 0x2c, 0x10, 0x12, 0x82, 0x00,
  0x00, 0x40, 0x00, 0x80, 0x20, 0x86, 0xf5, 0xaa, 0x94, 0x0b, 0x34, 0x38, 0x00, 0x89, 0x28, 0x00,
  0x04, 0x02, 0x00, 0x00, 0x60, 0x85, 0xa5, 0x2e, 0xdc, 0x0d, 0x14, 0x10, 0x04, 0x24, 0x90, 0x00,
  0x10, 0x08, 0x80, 0x10, 0x22, 0x4d, 0x25, 0xa6, 0x44, 0x5b, 0x26, 0x30, 0x10, 0x15, 0x24, 0x00,
  0x00, 0x80, 0x12, 0x00, 0x1e, 0x79, 0x85, 0x22, 0x78, 0x71, 0xe7, 0x90, 0x01, 0x48, 0x88, 0x02,
  0x00, 0x20, 0x80, 0x40, 0x00, 0x00, 0x00, 0x00, 0x00, 0x00, 0x00, 0x00, 0x04, 0x12, 0x50, 0x20,
  0x08, 0x02, 0x00, 0x00, 0x00, 0x00, 0x00, 0x00, 0x00, 0x00, 0x00, 0x00, 0x10, 0x09, 0x20, 0x80,
  0x21, 0x08, 0x00, 0x00, 0x00, 0x00, 0x00, 0x00, 0x00, 0x00, 0x00, 0x00, 0x00, 0xa4, 0x88, 0x00,
  0x00, 0x20, 0x81, 0x00, 0x00, 0x00, 0x00, 0x00, 0x00, 0x00, 0x00, 0x00, 0x04, 0x12, 0x52, 0x00,
  0x00, 0x00, 0x08, 0x00, 0x00, 0x00, 0x00, 0x00, 0x00, 0x00, 0x00, 0x00, 0x10, 0x0a, 0x88, 0x00,
  0x04, 0x82, 0x20, 0x20, 0x80, 0x00, 0x00, 0x00, 0x00, 0x00, 0x00, 0x00, 0x01, 0x51, 0x20, 0x00,
  0x10, 0x10, 0x80, 0x00, 0x00, 0x00, 0x00, 0x00, 0x00, 0x00, 0x00, 0x00, 0x04, 0x0a, 0x48, 0x04,
  0x00, 0x00, 0x00, 0x00, 0x00, 0x00, 0x00, 0x00, 0x00, 0x00, 0x00, 0x00, 0x10, 0x24, 0x91, 0x00,
  0x01, 0x22, 0x01, 0x00, 0x00, 0x00, 0x00, 0x00, 0x00, 0x00, 0x00, 0x00, 0x00, 0x89, 0x24, 0x00,
  0x20, 0x00, 0x80, 0x20, 0x00, 0x00, 0x00, 0x00, 0x00, 0x00, 0x00, 0x00, 0x04, 0x14, 0x90, 0x00,
  0x04, 0x10, 0x10, 0x00, 0x00, 0x00, 0x00, 0x00, 0x00, 0x00, 0x00, 0x00, 0x10, 0x42, 0x40, 0x10,
  0x00, 0x42, 0x40, 0x80, 0x02, 0x00, 0x00, 0x00, 0x00, 0x00, 0x00, 0x00, 0x01, 0x15, 0x28, 0x00,
  0x01, 0x00, 0x00, 0x00, 0x80, 0x00, 0x00, 0x00, 0x00, 0x00, 0x00, 0x00, 0x04, 0x08, 0x84, 0x80,
  0x24, 0x09, 0x02, 0x00, 0x00, 0x00, 0x00, 0x00, 0x00, 0x00, 0x00, 0x00, 0x10, 0x25, 0x28, 0x00,
  0x00, 0x20, 0x00, 0x00, 0x00, 0x00, 0x00, 0x00, 0x00, 0x00, 0x00, 0x00, 0x00, 0x92, 0x40, 0x00,
  0x00, 0x00, 0x90, 0x20, 0x00, 0x00, 0x00, 0x00, 0x00, 0x00, 0x00, 0x00, 0x04, 0x09, 0x28, 0x00,
  0x11, 0x08, 0x00, 0x00, 0x00, 0x00, 0x00, 0x00, 0x00, 0x00, 0x00, 0x00, 0x10, 0x4a, 0x44, 0x04,
  0x00, 0x21, 0x01, 0x00, 0x00, 0x04, 0x00, 0x00, 0x00, 0x00, 0x00, 0x00, 0x01, 0x11, 0x20, 0x80,
  0x04, 0x00, 0x40, 0x01, 0x00, 0x00, 0x00, 0x00, 0x00, 0x00, 0x00, 0x00, 0x04, 0x0a, 0x54, 0x00,
  0x20, 0x89, 0x04, 0x20, 0x00, 0x00, 0x00, 0x00, 0x00, 0x00, 0x00, 0x00, 0x10, 0x24, 0x80, 0x00,
  0x00, 0x20, 0x00, 0x00, 0x01, 0x00, 0x00, 0x00, 0x00, 0x00, 0x00, 0x00, 0x00, 0x92, 0x54, 0x00,
  0x04, 0x00, 0x80, 0x00, 0x00, 0x00, 0x00, 0x00, 0x00, 0x00, 0x00, 0x00, 0x04, 0x09, 0x00, 0x08,
  0x10, 0x04, 0x10, 0x80, 0x00, 0x00, 0x00, 0x00, 0x00, 0x00, 0x00, 0x00, 0x10, 0x24, 0xa8, 0x20,
  0x00, 0xa0, 0x80, 0x00, 0x00, 0x00, 0x00, 0x00, 0x00, 0x00, 0x00, 0x00, 0x01, 0x12, 0x44, 0x00,
  0x00, 0x02, 0x00, 0x10, 0x00, 0x00, 0x00, 0x00, 0x00, 0x00, 0x00, 0x00, 0x04, 0x09, 0x28, 0x00,
  0x24, 0x10, 0x02, 0x40, 0x08, 0x00, 0x00, 0x00, 0x00, 0x00, 0x00, 0x00, 0x10, 0x54, 0x80, 0x00,
  0x00, 0x80, 0x88, 0x00, 0x00, 0x00, 0x00, 0x00, 0x00, 0x00, 0x00, 0x00, 0x00, 0x05, 0x29, 0x00,
  0x00, 0x04, 0x00, 0x00, 0x00, 0x00, 0x00, 0x00, 0x00, 0x00, 0x00, 0x00, 0x04, 0x92, 0x44, 0x00,
  0x12, 0x20, 0x80, 0x00, 0x00, 0x00, 0x00, 0x00, 0x00, 0x00, 0x00, 0x00, 0x10, 0x14, 0x90, 0x00
};
// Author :- Ashish ( ashish_y_794 )
// Website : https://www.oledanimationmaker.com/

const uint8_t PROGMEM frame110[1024] = {
  0x00, 0x00, 0x00, 0x00, 0x00, 0x00, 0x00, 0x00, 0x00, 0x00, 0x00, 0x00, 0x00, 0x08, 0x40, 0x00,
  0x00, 0x04, 0x00, 0x00, 0x00, 0x00, 0x00, 0x00, 0x00, 0x00, 0x00, 0x00, 0x00, 0xa5, 0x28, 0x00,
  0x00, 0x10, 0x10, 0x00, 0x00, 0x00, 0x00, 0x00, 0x00, 0x00, 0x00, 0x00, 0x08, 0x10, 0x80, 0x00,
  0x00, 0x00, 0x41, 0x00, 0x00, 0x00, 0x00, 0x00, 0x00, 0x00, 0x00, 0x00, 0x01, 0x4a, 0x51, 0x08,
  0x00, 0x08, 0x04, 0x10, 0x00, 0x00, 0x00, 0x00, 0x00, 0x00, 0x00, 0x00, 0x10, 0x11, 0x08, 0x00,
  0x00, 0x81, 0x00, 0x00, 0x00, 0x00, 0x00, 0x00, 0x00, 0x00, 0x00, 0x00, 0x01, 0x44, 0xa0, 0x02,
  0x00, 0x08, 0x10, 0x00, 0x00, 0x00, 0x00, 0x00, 0x00, 0x00, 0x00, 0x00, 0x04, 0x12, 0x10, 0x40,
  0x00, 0x00, 0x00, 0x00, 0x00, 0x00, 0x00, 0x00, 0x00, 0x00, 0x00, 0x00, 0x10, 0x48, 0xa2, 0x00,
  0x00, 0x48, 0x80, 0x88, 0x00, 0x00, 0x00, 0x00, 0x00, 0x00, 0x00, 0x00, 0x00, 0x25, 0x10, 0x08,
  0x02, 0x00, 0x12, 0x00, 0x40, 0x00, 0x00, 0x00, 0x00, 0x00, 0x00, 0x00, 0x01, 0x10, 0xa0, 0x00,
  0x00, 0x04, 0x00, 0x00, 0x00, 0x00, 0x00, 0x00, 0x00, 0x00, 0x00, 0x00, 0x10, 0x44, 0x12, 0x00,
  0x00, 0x10, 0x10, 0x00, 0x00, 0x00, 0x00, 0x00, 0x00, 0x00, 0x00, 0x00, 0x02, 0x2a, 0xa0, 0x22,
  0x00, 0x00, 0x80, 0x08, 0x00, 0x00, 0x00, 0x00, 0x00, 0x00, 0x00, 0x00, 0x08, 0x80, 0x88, 0x00,
  0x00, 0x84, 0x00, 0x40, 0x00, 0x00, 0x00, 0x00, 0x00, 0x00, 0x00, 0x00, 0x20, 0x2a, 0x50, 0x00,
  0x02, 0x00, 0x12, 0x00, 0x00, 0x00, 0x00, 0x00, 0x00, 0x00, 0x00, 0x00, 0x00, 0x84, 0x81, 0x04,
  0x00, 0x10, 0x80, 0x00, 0x00, 0x00, 0x00, 0x00, 0x00, 0x00, 0x00, 0x00, 0x02, 0x28, 0x50, 0x10,
  0x00, 0x04, 0x00, 0x00, 0x04, 0x00, 0x00, 0x00, 0x00, 0x00, 0x00, 0x00, 0x10, 0x05, 0x08, 0x00,
  0x00, 0x00, 0x10, 0x08, 0x10, 0x00, 0x00, 0x00, 0x00, 0x00, 0x00, 0x00, 0x00, 0xa8, 0xa0, 0x00,
  0x00, 0x48, 0x42, 0x20, 0x00, 0x08, 0x00, 0x00, 0x00, 0x00, 0x00, 0x00, 0x04, 0x12, 0x11, 0x00,
  0x04, 0x01, 0x00, 0x00, 0x00, 0x00, 0x00, 0x00, 0x00, 0x00, 0x00, 0x00, 0x20, 0x84, 0xa0, 0x12,
  0x00, 0x04, 0x08, 0x00, 0x00, 0x00, 0x00, 0x00, 0x00, 0x00, 0x00, 0x00, 0x00, 0x51, 0x10, 0x00,
  0x00, 0x20, 0x00, 0x00, 0x00, 0x00, 0x20, 0x00, 0x00, 0x00, 0x00, 0x00, 0x09, 0x0a, 0x44, 0x00,
  0x00, 0x80, 0x10, 0x80, 0x00, 0x00, 0x84, 0x88, 0x48, 0x40, 0x00, 0x00, 0x00, 0x44, 0x50, 0x40,
  0x00, 0x08, 0x80, 0x08, 0x40, 0x00, 0x08, 0x02, 0x01, 0x05, 0x00, 0x00, 0x20, 0x29, 0x01, 0x02,
  0x00, 0x02, 0x00, 0x00, 0x00, 0x00, 0x20, 0x10, 0x08, 0x00, 0x00, 0x00, 0x04, 0x82, 0x50, 0x00,
  0x04, 0x08, 0x12, 0x00, 0x00, 0x00, 0x00, 0x00, 0x00, 0x00, 0x00, 0x00, 0x00, 0x28, 0x88, 0x00,
  0x00, 0x40, 0x00, 0x20, 0x00, 0x00, 0x00, 0x00, 0x00, 0x00, 0x00, 0x00, 0x11, 0x12, 0x50, 0x08,
  0x00, 0x00, 0x40, 0x00, 0x00, 0x00, 0x00, 0x00, 0x00, 0x00, 0x00, 0x00, 0x00, 0x49, 0x01, 0x00,
  0x00, 0x14, 0x08, 0x00, 0x08, 0x20, 0x80, 0x00, 0x00, 0x00, 0x00, 0x00, 0x08, 0x84, 0x50, 0x00,
  0x01, 0x00, 0x00, 0x82, 0x36, 0x7d, 0x8d, 0xb2, 0x78, 0x0a, 0x24, 0x4c, 0x20, 0x29, 0x24, 0x02,
  0x08, 0x02, 0x42, 0x08, 0x13, 0x44, 0xcd, 0x32, 0xc8, 0x0e, 0x34, 0x68, 0x01, 0x04, 0x90, 0x10,
  0x00, 0x28, 0x10, 0x00, 0x20, 0x45, 0xb5, 0xba, 0x88, 0x0a, 0x24, 0x38, 0x04, 0x51, 0x20, 0x00,
  0x00, 0x00, 0x00, 0x00, 0x30, 0xc5, 0xb5, 0x2e, 0x9c, 0x0b, 0x24, 0x30, 0x10, 0x0a, 0x08, 0x00,
  0x00, 0x01, 0x08, 0x00, 0x26, 0x44, 0x85, 0xa6, 0x44, 0x5a, 0x36, 0x10, 0x00, 0xa0, 0xa0, 0x82,
  0x01, 0x14, 0x20, 0x40, 0x1c, 0x79, 0x85, 0x22, 0x78, 0x71, 0xe7, 0x90, 0x00, 0x15, 0x10, 0x08,
  0x00, 0x00, 0x00, 0x00, 0x00, 0x00, 0x00, 0x00, 0x00, 0x00, 0x00, 0x00, 0x12, 0x88, 0xa2, 0x00,
  0x08, 0x08, 0x08, 0x04, 0x00, 0x00, 0x00, 0x00, 0x00, 0x00, 0x00, 0x00, 0x00, 0x22, 0x10, 0x00,
  0x00, 0x40, 0x81, 0x00, 0x00, 0x00, 0x00, 0x00, 0x00, 0x00, 0x00, 0x00, 0x00, 0x94, 0xa0, 0x00,
  0x00, 0x04, 0x10, 0x10, 0x00, 0x00, 0x00, 0x00, 0x00, 0x00, 0x00, 0x00, 0x12, 0x02, 0x10, 0x10,
  0x00, 0x10, 0x00, 0x00, 0x00, 0x00, 0x00, 0x00, 0x00, 0x00, 0x00, 0x00, 0x00, 0x54, 0xa2, 0x00,
  0x02, 0x41, 0x20, 0x00, 0x00, 0x00, 0x00, 0x00, 0x00, 0x00, 0x00, 0x00, 0x08, 0x08, 0x88, 0x02,
  0x08, 0x04, 0x04, 0x80, 0x00, 0x00, 0x00, 0x00, 0x00, 0x00, 0x00, 0x00, 0x21, 0x52, 0x20, 0x00,
  0x00, 0x00, 0x10, 0x00, 0x00, 0x00, 0x00, 0x00, 0x00, 0x00, 0x00, 0x00, 0x00, 0x04, 0x90, 0x20,
  0x00, 0x10, 0x80, 0x08, 0x10, 0x00, 0x00, 0x00, 0x00, 0x00, 0x00, 0x00, 0x00, 0xa8, 0x40, 0x80,
  0x00, 0x44, 0x00, 0x00, 0x00, 0x00, 0x00, 0x00, 0x00, 0x00, 0x00, 0x00, 0x12, 0x02, 0x92, 0x02,
  0x01, 0x00, 0x24, 0x40, 0x00, 0x00, 0x00, 0x00, 0x00, 0x00, 0x00, 0x00, 0x00, 0x54, 0x40, 0x00,
  0x08, 0x04, 0x80, 0x00, 0x00, 0x00, 0x00, 0x00, 0x00, 0x00, 0x00, 0x00, 0x01, 0x09, 0x28, 0x00,
  0x00, 0x10, 0x00, 0x00, 0x80, 0x00, 0x00, 0x00, 0x00, 0x00, 0x00, 0x00, 0x24, 0x22, 0x00, 0x00,
  0x00, 0x00, 0x12, 0x08, 0x00, 0x10, 0x00, 0x00, 0x00, 0x00, 0x00, 0x00, 0x00, 0x48, 0xa8, 0x04,
  0x00, 0x44, 0x80, 0x20, 0x00, 0x00, 0x00, 0x00, 0x00, 0x00, 0x00, 0x00, 0x01, 0x12, 0x40, 0x10,
  0x08, 0x00, 0x08, 0x00, 0x00, 0x00, 0x00, 0x00, 0x00, 0x00, 0x00, 0x00, 0x10, 0x09, 0x22, 0x00,
  0x00, 0x12, 0x20, 0x00, 0x00, 0x00, 0x00, 0x00, 0x00, 0x00, 0x00, 0x00, 0x01, 0x50, 0x90, 0x00,
  0x01, 0x00, 0x00, 0x80, 0x01, 0x00, 0x00, 0x00, 0x00, 0x00, 0x00, 0x00, 0x08, 0x05, 0x00, 0x00,
  0x00, 0x08, 0x82, 0x00, 0x00, 0x00, 0x00, 0x00, 0x00, 0x00, 0x00, 0x00, 0x20, 0xa8, 0x50, 0x40,
  0x08, 0x20, 0x10, 0x00, 0x00, 0x00, 0x00, 0x00, 0x00, 0x00, 0x00, 0x00, 0x00, 0x05, 0x24, 0x02,
  0x00, 0x04, 0x00, 0x08, 0x08, 0x00, 0x00, 0x00, 0x00, 0x00, 0x00, 0x00, 0x04, 0xa8, 0x80, 0x00,
  0x00, 0x80, 0x90, 0x00, 0x40, 0x00, 0x00, 0x00, 0x00, 0x00, 0x00, 0x00, 0x10, 0x02, 0x28, 0x00,
  0x00, 0x12, 0x01, 0x00, 0x00, 0x00, 0x00, 0x00, 0x00, 0x00, 0x00, 0x00, 0x00, 0xa8, 0x80, 0x10,
  0x10, 0x00, 0x08, 0x10, 0x00, 0x00, 0x00, 0x00, 0x00, 0x00, 0x00, 0x00, 0x00, 0x05, 0x28, 0x40,
  0x01, 0x08, 0x40, 0x00, 0x00, 0x00, 0x00, 0x00, 0x00, 0x00, 0x00, 0x00, 0x24, 0xa8, 0x40, 0x00,
  0x00, 0x21, 0x00, 0x00, 0x00, 0x00, 0x00, 0x00, 0x00, 0x00, 0x00, 0x00, 0x00, 0x05, 0x21, 0x00,
  0x00, 0x04, 0x12, 0x20, 0x00, 0x00, 0x00, 0x00, 0x00, 0x00, 0x00, 0x00, 0x01, 0x28, 0x90, 0x00,
  0x04, 0x00, 0x00, 0x00, 0x00, 0x00, 0x00, 0x00, 0x00, 0x00, 0x00, 0x00, 0x24, 0x02, 0x04, 0x02,
  0x00, 0x48, 0x40, 0x00, 0x80, 0x00, 0x40, 0x00, 0x00, 0x00, 0x00, 0x00, 0x00, 0xa8, 0xa0, 0x00
};
// Author :- Ashish ( ashish_y_794 )
// Website : https://www.oledanimationmaker.com/

const uint8_t PROGMEM frame111[1024] = {
  0x00, 0x00, 0x00, 0x00, 0x00, 0x00, 0x00, 0x00, 0x00, 0x00, 0x00, 0x00, 0x00, 0x00, 0x80, 0x00,
  0x00, 0x02, 0x00, 0x00, 0x00, 0x00, 0x00, 0x00, 0x00, 0x00, 0x00, 0x00, 0x01, 0x55, 0x20, 0x00,
  0x00, 0x00, 0x49, 0x00, 0x00, 0x00, 0x00, 0x00, 0x00, 0x00, 0x00, 0x00, 0x00, 0x00, 0x48, 0x02,
  0x00, 0x49, 0x00, 0x00, 0x00, 0x00, 0x00, 0x00, 0x00, 0x00, 0x00, 0x00, 0x12, 0x55, 0x21, 0x10,
  0x04, 0x00, 0x04, 0x24, 0x00, 0x00, 0x00, 0x00, 0x00, 0x00, 0x00, 0x00, 0x00, 0x00, 0x84, 0x00,
  0x00, 0x04, 0x20, 0x00, 0x00, 0x00, 0x00, 0x00, 0x00, 0x00, 0x00, 0x00, 0x01, 0x55, 0x20, 0x00,
  0x00, 0x00, 0x81, 0x00, 0x00, 0x00, 0x00, 0x00, 0x00, 0x00, 0x00, 0x00, 0x10, 0x00, 0x90, 0x08,
  0x08, 0x88, 0x04, 0x00, 0x00, 0x00, 0x00, 0x00, 0x00, 0x00, 0x00, 0x00, 0x02, 0xaa, 0x40, 0x40,
  0x00, 0x02, 0x10, 0x10, 0x80, 0x00, 0x00, 0x00, 0x00, 0x00, 0x00, 0x00, 0x00, 0x01, 0x12, 0x00,
  0x00, 0x00, 0x40, 0x40, 0x00, 0x00, 0x00, 0x00, 0x00, 0x00, 0x00, 0x00, 0x21, 0x28, 0xa0, 0x02,
  0x00, 0x48, 0x02, 0x00, 0x00, 0x00, 0x00, 0x00, 0x00, 0x00, 0x00, 0x00, 0x04, 0x04, 0x00, 0x08,
  0x09, 0x02, 0x08, 0x00, 0x02, 0x00, 0x00, 0x00, 0x00, 0x00, 0x00, 0x00, 0x00, 0xa2, 0xa8, 0x20,
  0x00, 0x00, 0x40, 0x02, 0x00, 0x00, 0x00, 0x00, 0x00, 0x00, 0x00, 0x00, 0x10, 0x14, 0x41, 0x00,
  0x00, 0x04, 0x00, 0x40, 0x00, 0x00, 0x00, 0x00, 0x00, 0x00, 0x00, 0x00, 0x01, 0x41, 0x20, 0x00,
  0x00, 0x01, 0x12, 0x00, 0x00, 0x00, 0x00, 0x00, 0x00, 0x00, 0x00, 0x00, 0x00, 0x14, 0x90, 0x00,
  0x08, 0x44, 0x00, 0x00, 0x00, 0x00, 0x00, 0x00, 0x00, 0x00, 0x00, 0x00, 0x24, 0x80, 0x42, 0x04,
  0x00, 0x00, 0x44, 0x10, 0x10, 0x00, 0x00, 0x00, 0x00, 0x00, 0x00, 0x00, 0x00, 0x55, 0x10, 0x20,
  0x01, 0x04, 0x00, 0x41, 0x00, 0x00, 0x00, 0x00, 0x00, 0x00, 0x00, 0x00, 0x01, 0x00, 0xa0, 0x00,
  0x04, 0x00, 0x22, 0x00, 0x00, 0x00, 0x00, 0x00, 0x00, 0x00, 0x00, 0x00, 0x10, 0x55, 0x00, 0x02,
  0x10, 0x12, 0x00, 0x00, 0x00, 0x00, 0x00, 0x00, 0x00, 0x00, 0x00, 0x00, 0x02, 0x00, 0x54, 0x40,
  0x00, 0x00, 0x88, 0x00, 0x00, 0x00, 0x00, 0x00, 0x00, 0x00, 0x00, 0x00, 0x00, 0xaa, 0x80, 0x00,
  0x00, 0x04, 0x01, 0x10, 0x00, 0x00, 0x80, 0x00, 0x00, 0x00, 0x00, 0x00, 0x20, 0x00, 0x50, 0x08,
  0x00, 0x40, 0x44, 0x01, 0x00, 0x00, 0x24, 0x88, 0x08, 0x40, 0x00, 0x00, 0x05, 0x55, 0x01, 0x00,
  0x01, 0x04, 0x00, 0x00, 0x00, 0x04, 0x00, 0x02, 0x40, 0x02, 0x00, 0x00, 0x00, 0x00, 0xa4, 0x00,
  0x08, 0x01, 0x10, 0x40, 0x00, 0x00, 0x44, 0x10, 0x08, 0x10, 0x00, 0x00, 0x20, 0x94, 0x40, 0x04,
  0x00, 0x04, 0x04, 0x04, 0x02, 0x00, 0x00, 0x00, 0x00, 0x00, 0x00, 0x00, 0x02, 0x22, 0x90, 0x10,
  0x00, 0x10, 0x40, 0x00, 0x00, 0x00, 0x00, 0x00, 0x00, 0x00, 0x00, 0x00, 0x08, 0x08, 0x20, 0x00,
  0x00, 0x81, 0x04, 0x80, 0x00, 0x00, 0x00, 0x00, 0x00, 0x00, 0x00, 0x00, 0x00, 0xa2, 0x84, 0x40,
  0x12, 0x04, 0x10, 0x08, 0x10, 0x10, 0x00, 0x00, 0x00, 0x00, 0x00, 0x00, 0x20, 0x08, 0x50, 0x00,
  0x00, 0x00, 0x00, 0x00, 0x1e, 0x79, 0x8d, 0xa2, 0x78, 0x0a, 0x2c, 0x4c, 0x02, 0xa2, 0x00, 0x02,
  0x00, 0x04, 0x44, 0x40, 0x32, 0x45, 0xcd, 0x36, 0x44, 0x1a, 0x24, 0x68, 0x00, 0x09, 0x50, 0x08,
  0x00, 0x21, 0x00, 0x00, 0x20, 0xc4, 0xf5, 0xba, 0x90, 0x0a, 0x28, 0x30, 0x11, 0x20, 0x82, 0x20,
  0x08, 0x80, 0x12, 0x02, 0x20, 0x46, 0xb5, 0x2a, 0xdc, 0x0b, 0x24, 0x30, 0x00, 0x4a, 0x50, 0x00,
  0x00, 0x04, 0x40, 0x10, 0x33, 0x45, 0x85, 0xa6, 0x44, 0x5a, 0x6d, 0x10, 0x04, 0x01, 0x00, 0x00,
  0x00, 0x01, 0x00, 0x80, 0x0e, 0x38, 0x84, 0xa2, 0x78, 0x71, 0xa6, 0xa0, 0x21, 0x54, 0x50, 0x00,
  0x11, 0x10, 0x0a, 0x00, 0x00, 0x00, 0x00, 0x00, 0x00, 0x00, 0x00, 0x00, 0x00, 0x02, 0x22, 0x04,
  0x00, 0x04, 0x40, 0x00, 0x00, 0x00, 0x00, 0x00, 0x00, 0x00, 0x00, 0x00, 0x01, 0x28, 0x80, 0x20,
  0x00, 0x01, 0x00, 0x04, 0x00, 0x00, 0x00, 0x00, 0x00, 0x00, 0x00, 0x00, 0x10, 0x42, 0x50, 0x00,
  0x04, 0x44, 0x12, 0x20, 0x00, 0x00, 0x00, 0x00, 0x00, 0x00, 0x00, 0x00, 0x02, 0x11, 0x00, 0x00,
  0x10, 0x00, 0x00, 0x00, 0x00, 0x00, 0x00, 0x00, 0x00, 0x00, 0x00, 0x00, 0x00, 0x88, 0xa4, 0x42,
  0x00, 0x09, 0x24, 0x00, 0x00, 0x00, 0x00, 0x00, 0x00, 0x00, 0x00, 0x00, 0x20, 0x24, 0x10, 0x00,
  0x00, 0x80, 0x00, 0x80, 0x20, 0x00, 0x00, 0x00, 0x00, 0x00, 0x00, 0x00, 0x05, 0x11, 0x40, 0x00,
  0x00, 0x04, 0x44, 0x08, 0x80, 0x00, 0x00, 0x00, 0x00, 0x00, 0x00, 0x00, 0x00, 0x44, 0x40, 0x08,
  0x08, 0x11, 0x00, 0x00, 0x00, 0x00, 0x00, 0x00, 0x00, 0x00, 0x00, 0x00, 0x10, 0x11, 0x29, 0x00,
  0x00, 0x80, 0x11, 0x00, 0x00, 0x00, 0x00, 0x00, 0x00, 0x00, 0x00, 0x00, 0x01, 0x44, 0x80, 0x00,
  0x02, 0x04, 0x44, 0x10, 0x00, 0x00, 0x00, 0x00, 0x00, 0x00, 0x00, 0x00, 0x00, 0x10, 0x50, 0x04,
  0x10, 0x01, 0x00, 0x00, 0x00, 0x00, 0x00, 0x00, 0x00, 0x00, 0x00, 0x00, 0x24, 0x8a, 0x00, 0x20,
  0x00, 0x10, 0x00, 0x40, 0x00, 0x00, 0x00, 0x00, 0x00, 0x00, 0x00, 0x00, 0x00, 0x41, 0x50, 0x00,
  0x00, 0x42, 0x29, 0x01, 0x00, 0x00, 0x00, 0x00, 0x00, 0x00, 0x00, 0x00, 0x01, 0x14, 0x02, 0x00,
  0x08, 0x00, 0x00, 0x00, 0x00, 0x00, 0x00, 0x00, 0x00, 0x00, 0x00, 0x00, 0x24, 0x41, 0x50, 0x02,
  0x00, 0x09, 0x22, 0x04, 0x00, 0x20, 0x00, 0x00, 0x00, 0x00, 0x00, 0x00, 0x00, 0x14, 0x20, 0x08,
  0x01, 0x00, 0x00, 0x10, 0x00, 0x00, 0x00, 0x00, 0x00, 0x00, 0x00, 0x00, 0x01, 0x41, 0x40, 0x20,
  0x24, 0x24, 0x88, 0x40, 0x01, 0x00, 0x00, 0x00, 0x00, 0x00, 0x00, 0x00, 0x10, 0x14, 0x10, 0x80,
  0x00, 0x00, 0x02, 0x00, 0x00, 0x00, 0x00, 0x00, 0x00, 0x00, 0x00, 0x00, 0x01, 0x21, 0x42, 0x00,
  0x00, 0x04, 0x48, 0x00, 0x00, 0x00, 0x00, 0x00, 0x00, 0x00, 0x00, 0x00, 0x04, 0x08, 0x20, 0x00,
  0x00, 0x81, 0x00, 0x00, 0x00, 0x00, 0x00, 0x00, 0x00, 0x00, 0x00, 0x00, 0x20, 0xa2, 0x88, 0x00,
  0x08, 0x10, 0x10, 0x80, 0x08, 0x00, 0x00, 0x00, 0x00, 0x00, 0x00, 0x00, 0x00, 0x08, 0x40, 0x00,
  0x00, 0x04, 0x42, 0x08, 0x80, 0x00, 0x00, 0x00, 0x00, 0x00, 0x00, 0x00, 0x02, 0x45, 0x20, 0x02,
  0x01, 0x01, 0x00, 0x00, 0x00, 0x00, 0x00, 0x00, 0x00, 0x00, 0x00, 0x00, 0x20, 0x20, 0x40, 0x08,
  0x24, 0x10, 0x08, 0x20, 0x00, 0x00, 0x00, 0x00, 0x00, 0x00, 0x00, 0x00, 0x01, 0x15, 0x12, 0x00,
  0x00, 0x04, 0x41, 0x00, 0x00, 0x00, 0x00, 0x00, 0x00, 0x00, 0x00, 0x00, 0x08, 0x40, 0x40, 0x00,
  0x00, 0x01, 0x04, 0x00, 0x00, 0x00, 0x00, 0x00, 0x00, 0x00, 0x00, 0x00, 0x21, 0x15, 0x10, 0x20,
  0x00, 0x90, 0x10, 0x01, 0x00, 0x00, 0x04, 0x00, 0x00, 0x00, 0x00, 0x00, 0x00, 0x40, 0x40, 0x00,
  0x08, 0x02, 0x00, 0x44, 0x00, 0x00, 0x00, 0x00, 0x00, 0x00, 0x00, 0x00, 0x01, 0x12, 0x20, 0x00
};
// Author :- Ashish ( ashish_y_794 )
// Website : https://www.oledanimationmaker.com/

const uint8_t PROGMEM frame112[1024] = {
  0x00, 0x00, 0x00, 0x00, 0x00, 0x00, 0x00, 0x00, 0x00, 0x00, 0x00, 0x00, 0x00, 0x00, 0x80, 0x00,
  0x00, 0x00, 0x8a, 0x91, 0x00, 0x00, 0x00, 0x00, 0x00, 0x00, 0x00, 0x00, 0x02, 0x92, 0x20, 0x00,
  0x00, 0x08, 0x00, 0x00, 0x24, 0x80, 0x00, 0x00, 0x00, 0x00, 0x00, 0x00, 0x00, 0x01, 0x44, 0x00,
  0x00, 0x20, 0x92, 0x49, 0x00, 0x10, 0x00, 0x00, 0x00, 0x00, 0x00, 0x00, 0x09, 0x28, 0x90, 0x48,
  0x00, 0x80, 0x01, 0x00, 0x11, 0x00, 0x00, 0x00, 0x00, 0x00, 0x00, 0x00, 0x20, 0x02, 0x00, 0x00,
  0x00, 0x02, 0x48, 0x48, 0x80, 0x00, 0x00, 0x00, 0x00, 0x00, 0x00, 0x00, 0x02, 0x91, 0x41, 0x00,
  0x00, 0x00, 0x04, 0x02, 0x08, 0x40, 0x00, 0x00, 0x00, 0x00, 0x00, 0x00, 0x00, 0x04, 0x28, 0x02,
  0x02, 0x11, 0x21, 0x48, 0x21, 0x04, 0x00, 0x00, 0x00, 0x00, 0x00, 0x00, 0x02, 0x41, 0x40, 0x10,
  0x00, 0x00, 0x04, 0x00, 0x80, 0x00, 0x00, 0x00, 0x00, 0x00, 0x00, 0x00, 0x10, 0x12, 0x00, 0x80,
  0x00, 0x04, 0x91, 0x22, 0x04, 0x20, 0x00, 0x00, 0x00, 0x00, 0x00, 0x00, 0x02, 0x81, 0x52, 0x00,
  0x00, 0x40, 0x00, 0x40, 0x10, 0x80, 0x00, 0x00, 0x00, 0x00, 0x00, 0x00, 0x00, 0x28, 0x00, 0x00,
  0x02, 0x00, 0x8a, 0x08, 0x40, 0x00, 0x00, 0x00, 0x00, 0x00, 0x00, 0x00, 0x22, 0x02, 0xa0, 0x08,
  0x00, 0x12, 0x00, 0x82, 0x02, 0x00, 0x00, 0x00, 0x00, 0x00, 0x00, 0x00, 0x00, 0x88, 0x48, 0x20,
  0x00, 0x00, 0x24, 0x48, 0x08, 0x20, 0x00, 0x00, 0x00, 0x00, 0x00, 0x00, 0x04, 0x22, 0x80, 0x80,
  0x00, 0x40, 0x82, 0x00, 0x80, 0x00, 0x00, 0x00, 0x00, 0x00, 0x00, 0x00, 0x11, 0x00, 0x20, 0x00,
  0x04, 0x04, 0x10, 0xa2, 0x21, 0x04, 0x00, 0x00, 0x00, 0x00, 0x00, 0x00, 0x00, 0x4a, 0x84, 0x02,
  0x00, 0x00, 0x44, 0x00, 0x04, 0x20, 0x00, 0x00, 0x00, 0x00, 0x00, 0x00, 0x02, 0x00, 0x50, 0x00,
  0x00, 0x21, 0x01, 0x24, 0x10, 0x00, 0x00, 0x00, 0x00, 0x00, 0x00, 0x00, 0x40, 0x92, 0x80, 0x90,
  0x00, 0x84, 0x08, 0x80, 0x80, 0x80, 0x00, 0x00, 0x00, 0x00, 0x00, 0x00, 0x04, 0x00, 0x20, 0x00,
  0x02, 0x00, 0x42, 0x10, 0x02, 0x00, 0x00, 0x00, 0x00, 0x00, 0x00, 0x00, 0x01, 0x4a, 0x80, 0x00,
  0x00, 0x00, 0x08, 0x42, 0x48, 0x08, 0x00, 0x00, 0x00, 0x00, 0x00, 0x00, 0x00, 0x00, 0x52, 0x04,
  0x00, 0x11, 0x22, 0x00, 0x00, 0x20, 0x00, 0x00, 0x00, 0x00, 0x00, 0x00, 0x25, 0x25, 0x00, 0x20,
  0x00, 0x00, 0x00, 0x92, 0x21, 0x00, 0x92, 0x24, 0x08, 0x00, 0x00, 0x00, 0x00, 0x00, 0xa0, 0x00,
  0x04, 0x44, 0x94, 0x40, 0x84, 0x00, 0x00, 0x81, 0x20, 0xa2, 0x00, 0x00, 0x01, 0x2a, 0x01, 0x00,
  0x00, 0x00, 0x01, 0x04, 0x00, 0x00, 0x44, 0x00, 0x00, 0x00, 0x00, 0x00, 0x04, 0x00, 0xa4, 0x04,
  0x00, 0x01, 0x24, 0x20, 0x20, 0x90, 0x00, 0x00, 0x00, 0x00, 0x00, 0x00, 0x41, 0x42, 0x00, 0x10,
  0x00, 0x48, 0x01, 0x02, 0x04, 0x00, 0x00, 0x00, 0x00, 0x00, 0x00, 0x00, 0x00, 0x11, 0x50, 0x00,
  0x04, 0x00, 0x92, 0x48, 0x80, 0x00, 0x00, 0x00, 0x00, 0x00, 0x00, 0x00, 0x09, 0x04, 0x00, 0x80,
  0x00, 0x02, 0x00, 0x00, 0x12, 0x48, 0x00, 0x00, 0x00, 0x00, 0x00, 0x00, 0x00, 0x41, 0x42, 0x00,
  0x00, 0x48, 0x25, 0x22, 0x1e, 0x39, 0xcd, 0xa2, 0x78, 0x1a, 0x2c, 0x88, 0x42, 0x10, 0x20, 0x04,
  0x01, 0x00, 0x80, 0x40, 0x51, 0x64, 0xcc, 0xb6, 0x88, 0x0a, 0x24, 0x68, 0x00, 0x85, 0x40, 0x10,
  0x04, 0x00, 0x0a, 0x09, 0x31, 0x46, 0xb5, 0xaa, 0xc8, 0x1a, 0x28, 0x30, 0x04, 0x20, 0x88, 0x00,
  0x00, 0x09, 0x20, 0x80, 0x10, 0x42, 0xb4, 0xae, 0x5c, 0x0a, 0x2c, 0x30, 0x11, 0x04, 0x20, 0x80,
  0x00, 0x00, 0x04, 0x24, 0x37, 0x6c, 0x85, 0xa6, 0x44, 0xda, 0xa4, 0x20, 0x40, 0x41, 0x40, 0x00,
  0x00, 0x20, 0x91, 0x00, 0x8c, 0x34, 0x84, 0x82, 0x58, 0x31, 0xcb, 0x20, 0x01, 0x12, 0x02, 0x00,
  0x08, 0x84, 0x04, 0x48, 0x01, 0x00, 0x00, 0x00, 0x00, 0x00, 0x00, 0x00, 0x00, 0x00, 0xa0, 0x12,
  0x00, 0x00, 0x81, 0x02, 0x20, 0x00, 0x00, 0x00, 0x00, 0x00, 0x00, 0x00, 0x05, 0x4a, 0x08, 0x00,
  0x00, 0x00, 0x28, 0x48, 0x04, 0x20, 0x00, 0x00, 0x00, 0x00, 0x00, 0x00, 0x20, 0x00, 0xa0, 0x00,
  0x00, 0x24, 0x82, 0x00, 0x80, 0x80, 0x00, 0x00, 0x00, 0x00, 0x00, 0x00, 0x01, 0x22, 0x00, 0x80,
  0x02, 0x00, 0x08, 0xa2, 0x10, 0x00, 0x00, 0x00, 0x00, 0x00, 0x00, 0x00, 0x00, 0x08, 0xa0, 0x08,
  0x08, 0x02, 0x42, 0x08, 0x02, 0x00, 0x00, 0x00, 0x00, 0x00, 0x00, 0x00, 0x45, 0x21, 0x00, 0x00,
  0x00, 0x48, 0x08, 0x40, 0x88, 0x20, 0x00, 0x00, 0x00, 0x00, 0x00, 0x00, 0x00, 0x00, 0x48, 0x80,
  0x00, 0x00, 0x82, 0x02, 0x00, 0x80, 0x00, 0x00, 0x00, 0x00, 0x00, 0x00, 0x01, 0x4a, 0x80, 0x00,
  0x00, 0x00, 0x21, 0x28, 0x20, 0x02, 0x00, 0x00, 0x00, 0x00, 0x00, 0x00, 0x10, 0x00, 0x20, 0x08,
  0x01, 0x24, 0x88, 0x40, 0x04, 0x00, 0x00, 0x00, 0x00, 0x00, 0x00, 0x00, 0x42, 0x49, 0x02, 0x00,
  0x08, 0x00, 0x05, 0x01, 0x10, 0x90, 0x00, 0x00, 0x00, 0x00, 0x00, 0x00, 0x00, 0x00, 0xa0, 0x20,
  0x00, 0x02, 0x40, 0x24, 0x40, 0x00, 0x00, 0x00, 0x00, 0x00, 0x00, 0x00, 0x02, 0x92, 0x00, 0x00,
  0x00, 0x20, 0x14, 0x80, 0x02, 0x00, 0x00, 0x00, 0x00, 0x00, 0x00, 0x00, 0x00, 0x00, 0xa4, 0x00,
  0x00, 0x84, 0x81, 0x08, 0x80, 0x40, 0x00, 0x00, 0x00, 0x00, 0x00, 0x00, 0x22, 0x49, 0x00, 0x02,
  0x04, 0x00, 0x12, 0x20, 0x10, 0x00, 0x00, 0x00, 0x00, 0x00, 0x00, 0x00, 0x00, 0x00, 0x40, 0x88,
  0x00, 0x01, 0x00, 0x42, 0x02, 0x08, 0x00, 0x00, 0x00, 0x00, 0x00, 0x00, 0x02, 0x92, 0x20, 0x00,
  0x00, 0x24, 0x4a, 0x00, 0x88, 0x40, 0x00, 0x00, 0x00, 0x00, 0x00, 0x00, 0x40, 0x01, 0x04, 0x00,
  0x08, 0x80, 0x00, 0x92, 0x00, 0x00, 0x00, 0x00, 0x00, 0x00, 0x00, 0x00, 0x04, 0x90, 0xa0, 0x00,
  0x00, 0x01, 0x24, 0x00, 0x21, 0x00, 0x00, 0x00, 0x00, 0x00, 0x00, 0x00, 0x00, 0x04, 0x00, 0x20,
  0x00, 0x08, 0x02, 0xa4, 0x04, 0x10, 0x00, 0x00, 0x00, 0x00, 0x00, 0x00, 0x22, 0x91, 0x40, 0x80,
  0x00, 0x20, 0x90, 0x00, 0x80, 0x40, 0x00, 0x00, 0x00, 0x00, 0x00, 0x00, 0x00, 0x00, 0x22, 0x00,
  0x09, 0x02, 0x05, 0x22, 0x10, 0x00, 0x00, 0x00, 0x00, 0x00, 0x00, 0x00, 0x02, 0x45, 0x00, 0x02,
  0x00, 0x00, 0x48, 0x08, 0x02, 0x00, 0x00, 0x00, 0x00, 0x00, 0x00, 0x00, 0x40, 0x10, 0xa0, 0x00,
  0x00, 0x10, 0x01, 0x40, 0x88, 0x40, 0x00, 0x00, 0x00, 0x00, 0x00, 0x00, 0x04, 0x80, 0x00, 0x00,
  0x00, 0x42, 0x94, 0x04, 0x00, 0x02, 0x00, 0x00, 0x00, 0x00, 0x00, 0x00, 0x00, 0x25, 0x44, 0x00,
  0x08, 0x00, 0x01, 0x20, 0x41, 0x08, 0x00, 0x00, 0x00, 0x00, 0x00, 0x00, 0x11, 0x00, 0x10, 0x22,
  0x00, 0x08, 0x90, 0x42, 0x08, 0x00, 0x00, 0x00, 0x00, 0x00, 0x00, 0x00, 0x40, 0x42, 0x40, 0x00,
  0x01, 0x20, 0x05, 0x08, 0x20, 0x40, 0x00, 0x00, 0x00, 0x00, 0x00, 0x00, 0x02, 0x10, 0x80, 0x00,
  0x00, 0x01, 0x20, 0x20, 0x81, 0x00, 0x00, 0x00, 0x00, 0x00, 0x00, 0x00, 0x00, 0x82, 0x00, 0x80
};
// Author :- Ashish ( ashish_y_794 )
// Website : https://www.oledanimationmaker.com/

const uint8_t PROGMEM frame113[1024] = {
  0x00, 0x00, 0x00, 0x00, 0x00, 0x00, 0x00, 0x00, 0x00, 0x00, 0x00, 0x00, 0x00, 0x00, 0x80, 0x00,
  0x00, 0x00, 0x00, 0x00, 0x02, 0x02, 0x00, 0x00, 0x00, 0x00, 0x00, 0x00, 0x02, 0x05, 0x00, 0x09,
  0x00, 0x00, 0x00, 0x40, 0x48, 0x50, 0x40, 0x00, 0x00, 0x00, 0x00, 0x00, 0x00, 0x90, 0x48, 0x80,
  0x00, 0x00, 0x41, 0x09, 0x00, 0x01, 0x00, 0x00, 0x00, 0x00, 0x00, 0x00, 0x0a, 0x02, 0x80, 0x12,
  0x00, 0x01, 0x08, 0x00, 0x04, 0x84, 0x00, 0x00, 0x00, 0x00, 0x00, 0x00, 0x00, 0x04, 0x22, 0x00,
  0x08, 0x88, 0x00, 0x20, 0x10, 0x10, 0x20, 0x00, 0x00, 0x00, 0x00, 0x00, 0x22, 0x41, 0x00, 0x24,
  0x00, 0x00, 0x00, 0x00, 0x41, 0x01, 0x00, 0x00, 0x00, 0x00, 0x00, 0x00, 0x00, 0x08, 0x90, 0x01,
  0x00, 0x00, 0x20, 0x84, 0x00, 0x44, 0x00, 0x00, 0x00, 0x00, 0x00, 0x00, 0x04, 0x82, 0x41, 0x12,
  0x00, 0x00, 0x00, 0x10, 0x09, 0x00, 0x40, 0x00, 0x00, 0x00, 0x00, 0x00, 0x00, 0x09, 0x04, 0x00,
  0x08, 0x00, 0x80, 0x40, 0x40, 0x11, 0x00, 0x00, 0x00, 0x00, 0x00, 0x00, 0x25, 0x20, 0x80, 0x24,
  0x00, 0x44, 0x04, 0x00, 0x04, 0x40, 0x00, 0x00, 0x00, 0x00, 0x00, 0x00, 0x00, 0x04, 0x40, 0x01,
  0x00, 0x00, 0x10, 0x01, 0x10, 0x04, 0x40, 0x00, 0x00, 0x00, 0x00, 0x00, 0x02, 0x02, 0x88, 0x88,
  0x00, 0x00, 0x00, 0x90, 0x01, 0x00, 0x00, 0x00, 0x00, 0x00, 0x00, 0x00, 0x08, 0x40, 0x20, 0x02,
  0x11, 0x00, 0x40, 0x00, 0x20, 0x49, 0x10, 0x00, 0x00, 0x00, 0x00, 0x00, 0x41, 0x0a, 0x82, 0x20,
  0x00, 0x02, 0x00, 0x00, 0x84, 0x00, 0x40, 0x00, 0x00, 0x00, 0x00, 0x00, 0x00, 0x00, 0x40, 0x09,
  0x00, 0x08, 0x01, 0x24, 0x01, 0x11, 0x00, 0x00, 0x00, 0x00, 0x00, 0x00, 0x04, 0x85, 0x00, 0x00,
  0x00, 0x00, 0x20, 0x00, 0x10, 0x40, 0x00, 0x00, 0x00, 0x00, 0x00, 0x00, 0x00, 0x10, 0x92, 0x4a,
  0x08, 0x40, 0x00, 0x40, 0x02, 0x04, 0x00, 0x00, 0x00, 0x00, 0x00, 0x00, 0x25, 0x02, 0x40, 0x00,
  0x00, 0x00, 0x04, 0x01, 0x20, 0x00, 0x90, 0x00, 0x00, 0x00, 0x00, 0x00, 0x00, 0x04, 0x00, 0x11,
  0x00, 0x00, 0x90, 0x24, 0x04, 0x92, 0x00, 0x00, 0x00, 0x00, 0x00, 0x00, 0x02, 0x41, 0x44, 0x40,
  0x00, 0x02, 0x00, 0x80, 0x00, 0x00, 0x00, 0x00, 0x00, 0x00, 0x00, 0x00, 0x08, 0x08, 0x80, 0x04,
  0x11, 0x08, 0x00, 0x00, 0x22, 0x20, 0x80, 0x00, 0x00, 0x00, 0x00, 0x00, 0x41, 0x02, 0x10, 0x11,
  0x00, 0x00, 0x00, 0x10, 0x80, 0x04, 0x51, 0x12, 0x20, 0x80, 0x00, 0x00, 0x00, 0x21, 0x41, 0x00,
  0x00, 0x00, 0x21, 0x00, 0x09, 0x10, 0x84, 0x00, 0x08, 0x04, 0x00, 0x00, 0x04, 0x84, 0x00, 0x24,
  0x00, 0x00, 0x04, 0x20, 0x00, 0x40, 0x20, 0x09, 0x20, 0x10, 0x00, 0x00, 0x00, 0x01, 0x44, 0x01,
  0x08, 0x88, 0x40, 0x02, 0x22, 0x02, 0x00, 0x00, 0x00, 0x00, 0x00, 0x00, 0x25, 0x08, 0x80, 0x10,
  0x00, 0x00, 0x00, 0x40, 0x00, 0x08, 0x80, 0x00, 0x00, 0x00, 0x00, 0x00, 0x00, 0x22, 0x10, 0x84,
  0x00, 0x00, 0x10, 0x08, 0x11, 0x20, 0x00, 0x00, 0x00, 0x00, 0x00, 0x00, 0x02, 0x01, 0x40, 0x01,
  0x10, 0x01, 0x00, 0x80, 0x84, 0x02, 0x40, 0x00, 0x00, 0x00, 0x00, 0x00, 0x40, 0x84, 0x02, 0x24,
  0x00, 0x88, 0x20, 0x00, 0x1b, 0x7c, 0x8d, 0xb2, 0x78, 0x1a, 0x28, 0x98, 0x04, 0x01, 0x40, 0x00,
  0x00, 0x00, 0x00, 0x48, 0x19, 0x24, 0xed, 0xb2, 0x40, 0x0a, 0x6c, 0x50, 0x01, 0x12, 0x08, 0x12,
  0x02, 0x00, 0x02, 0x00, 0x90, 0xc6, 0xec, 0xaa, 0x88, 0x1a, 0x24, 0x70, 0x08, 0x00, 0x80, 0x80,
  0x10, 0x00, 0x90, 0x20, 0x32, 0x42, 0xb5, 0xae, 0xdc, 0x0a, 0x28, 0x20, 0x41, 0x0a, 0x40, 0x09,
  0x00, 0x08, 0x00, 0x80, 0x19, 0x6e, 0xa4, 0xa6, 0x44, 0xda, 0x4c, 0x20, 0x02, 0x20, 0x08, 0x20,
  0x00, 0x00, 0x00, 0x04, 0x0f, 0x34, 0x85, 0x22, 0x38, 0x61, 0xcb, 0x20, 0x00, 0x02, 0xa0, 0x82,
  0x00, 0x40, 0x90, 0x10, 0x80, 0x00, 0x00, 0x00, 0x00, 0x00, 0x00, 0x00, 0x09, 0x00, 0x00, 0x00,
  0x08, 0x00, 0x01, 0x00, 0x00, 0x08, 0x80, 0x00, 0x00, 0x00, 0x00, 0x00, 0x20, 0x25, 0x42, 0x14,
  0x00, 0x04, 0x04, 0x40, 0x29, 0x20, 0x20, 0x00, 0x00, 0x00, 0x00, 0x00, 0x02, 0x00, 0x00, 0x00,
  0x00, 0x00, 0x40, 0x00, 0x80, 0x02, 0x00, 0x00, 0x00, 0x00, 0x00, 0x00, 0x00, 0x85, 0x48, 0x22,
  0x21, 0x10, 0x00, 0x12, 0x02, 0x40, 0x80, 0x00, 0x00, 0x00, 0x00, 0x00, 0x44, 0x10, 0x00, 0x80,
  0x00, 0x00, 0x20, 0x80, 0x08, 0x08, 0x00, 0x00, 0x00, 0x00, 0x00, 0x00, 0x01, 0x02, 0x80, 0x09,
  0x00, 0x01, 0x04, 0x00, 0x00, 0x21, 0x10, 0x00, 0x00, 0x00, 0x00, 0x00, 0x04, 0x00, 0x48, 0x00,
  0x04, 0x00, 0x00, 0x48, 0x42, 0x00, 0x00, 0x00, 0x00, 0x00, 0x00, 0x00, 0x00, 0x4a, 0x00, 0x44,
  0x00, 0x44, 0x20, 0x00, 0x08, 0x88, 0x80, 0x00, 0x00, 0x00, 0x00, 0x00, 0x42, 0x00, 0xa1, 0x01,
  0x10, 0x00, 0x01, 0x11, 0x00, 0x02, 0x00, 0x00, 0x00, 0x00, 0x00, 0x00, 0x08, 0x02, 0x00, 0x10,
  0x00, 0x00, 0x44, 0x00, 0x22, 0x20, 0x20, 0x00, 0x00, 0x00, 0x00, 0x00, 0x01, 0x21, 0x44, 0x04,
  0x00, 0x01, 0x00, 0x40, 0x00, 0x00, 0x80, 0x00, 0x00, 0x00, 0x00, 0x00, 0x00, 0x04, 0x00, 0x01,
  0x02, 0x24, 0x00, 0x08, 0x11, 0x24, 0x00, 0x00, 0x00, 0x00, 0x00, 0x00, 0x8a, 0x41, 0x20, 0x48,
  0x10, 0x00, 0x10, 0x81, 0x00, 0x00, 0x00, 0x00, 0x00, 0x00, 0x00, 0x00, 0x00, 0x04, 0x40, 0x02,
  0x00, 0x00, 0x02, 0x00, 0x24, 0x89, 0x40, 0x00, 0x00, 0x00, 0x00, 0x00, 0x01, 0x01, 0x02, 0x10,
  0x00, 0x00, 0x40, 0x24, 0x00, 0x00, 0x00, 0x00, 0x00, 0x00, 0x00, 0x00, 0x08, 0x24, 0x00, 0x02,
  0x01, 0x10, 0x00, 0x00, 0x02, 0x22, 0x00, 0x00, 0x00, 0x00, 0x00, 0x00, 0x21, 0x01, 0x48, 0x40,
  0x10, 0x01, 0x11, 0x10, 0x90, 0x00, 0x40, 0x00, 0x00, 0x00, 0x00, 0x00, 0x00, 0x00, 0x00, 0x09,
  0x00, 0x00, 0x00, 0x40, 0x01, 0x24, 0x00, 0x00, 0x00, 0x00, 0x00, 0x00, 0x04, 0x8a, 0x80, 0x00,
  0x00, 0x00, 0x40, 0x00, 0x08, 0x00, 0x88, 0x00, 0x00, 0x00, 0x00, 0x00, 0x80, 0x00, 0x22, 0x49,
  0x08, 0x91, 0x09, 0x04, 0x40, 0x82, 0x00, 0x00, 0x00, 0x00, 0x00, 0x00, 0x02, 0x42, 0x80, 0x00,
  0x20, 0x00, 0x00, 0x20, 0x02, 0x10, 0x20, 0x00, 0x00, 0x00, 0x00, 0x00, 0x08, 0x00, 0x00, 0x09,
  0x00, 0x00, 0x00, 0x00, 0x10, 0x00, 0x80, 0x00, 0x00, 0x00, 0x00, 0x00, 0x01, 0x09, 0x44, 0x20,
  0x00, 0x00, 0x48, 0x88, 0x80, 0x88, 0x00, 0x00, 0x00, 0x00, 0x00, 0x00, 0x40, 0x20, 0x00, 0x02,
  0x01, 0x09, 0x00, 0x00, 0x08, 0x22, 0x00, 0x00, 0x00, 0x00, 0x00, 0x00, 0x04, 0x82, 0x90, 0x88,
  0x04, 0x00, 0x00, 0x40, 0x21, 0x00, 0x40, 0x00, 0x00, 0x00, 0x00, 0x00, 0x00, 0x00, 0x00, 0x00,
  0x10, 0x00, 0x22, 0x12, 0x00, 0x01, 0x00, 0x00, 0x00, 0x00, 0x00, 0x00, 0x04, 0x04, 0x80, 0x12,
  0x00, 0x10, 0x00, 0x00, 0x04, 0x94, 0x00, 0x00, 0x00, 0x00, 0x00, 0x00, 0x81, 0x21, 0x22, 0x00,
  0x00, 0x01, 0x10, 0x80, 0x90, 0x00, 0x20, 0x00, 0x00, 0x00, 0x00, 0x00, 0x08, 0x00, 0x00, 0x22
};
// Author :- Ashish ( ashish_y_794 )
// Website : https://www.oledanimationmaker.com/

const uint8_t PROGMEM frame114[1024] = {
  0x00, 0x00, 0x00, 0x00, 0x00, 0x00, 0x00, 0x00, 0x00, 0x00, 0x00, 0x00, 0x00, 0x04, 0x91, 0x11,
  0x22, 0x20, 0x20, 0x10, 0x00, 0x04, 0x10, 0x00, 0x00, 0x00, 0x00, 0x00, 0x04, 0x4a, 0x4a, 0x4a,
  0x00, 0x84, 0x89, 0x02, 0x00, 0x90, 0x80, 0x00, 0x00, 0x00, 0x00, 0x00, 0x01, 0x02, 0xa1, 0x20,
  0x48, 0x00, 0x00, 0x20, 0x48, 0x00, 0x00, 0x00, 0x00, 0x00, 0x00, 0x00, 0x08, 0x14, 0x94, 0x95,
  0x02, 0x24, 0x20, 0x08, 0x00, 0x22, 0x48, 0x00, 0x00, 0x00, 0x00, 0x00, 0x02, 0x42, 0x49, 0x02,
  0x20, 0x80, 0x89, 0x20, 0x00, 0x80, 0x00, 0x00, 0x00, 0x00, 0x00, 0x00, 0x20, 0x0a, 0x92, 0x54,
  0x04, 0x08, 0x00, 0x02, 0x42, 0x08, 0x88, 0x00, 0x00, 0x00, 0x00, 0x00, 0x04, 0x22, 0x49, 0x22,
  0x40, 0x40, 0x20, 0x48, 0x00, 0x02, 0x00, 0x00, 0x00, 0x00, 0x00, 0x00, 0x01, 0x09, 0x24, 0x94,
  0x12, 0x04, 0x89, 0x00, 0x08, 0x20, 0x20, 0x00, 0x00, 0x00, 0x00, 0x00, 0x08, 0x25, 0x49, 0x02,
  0x00, 0x90, 0x00, 0x00, 0x80, 0x00, 0x80, 0x00, 0x00, 0x00, 0x00, 0x00, 0x41, 0x02, 0x92, 0x54,
  0x48, 0x00, 0x20, 0x28, 0x00, 0x8a, 0x08, 0x00, 0x00, 0x00, 0x00, 0x00, 0x04, 0x14, 0x48, 0x91,
  0x02, 0x44, 0x89, 0x01, 0x10, 0x00, 0x00, 0x00, 0x00, 0x00, 0x00, 0x00, 0x00, 0x82, 0xa5, 0x24,
  0x20, 0x00, 0x00, 0x10, 0x00, 0x20, 0x40, 0x00, 0x00, 0x00, 0x00, 0x00, 0x08, 0x15, 0x10, 0x89,
  0x04, 0x90, 0x24, 0x40, 0x02, 0x09, 0x10, 0x00, 0x00, 0x00, 0x00, 0x00, 0x22, 0x42, 0xa5, 0x24,
  0x40, 0x04, 0x80, 0x04, 0x80, 0x40, 0x00, 0x00, 0x00, 0x00, 0x00, 0x00, 0x00, 0x09, 0x12, 0x49,
  0x12, 0x40, 0x11, 0x10, 0x10, 0x02, 0x08, 0x00, 0x00, 0x00, 0x00, 0x00, 0x04, 0x44, 0xa4, 0x92,
  0x00, 0x08, 0x00, 0x00, 0x00, 0x10, 0x40, 0x00, 0x00, 0x00, 0x00, 0x00, 0x41, 0x0a, 0x92, 0x20,
  0x49, 0x21, 0x24, 0x49, 0x01, 0x01, 0x00, 0x00, 0x00, 0x00, 0x00, 0x00, 0x04, 0x02, 0x48, 0x8a,
  0x00, 0x00, 0x00, 0x00, 0x20, 0x24, 0x10, 0x00, 0x00, 0x00, 0x00, 0x00, 0x00, 0x55, 0x25, 0x24,
  0x24, 0x88, 0x91, 0x20, 0x00, 0x00, 0x02, 0x00, 0x00, 0x00, 0x00, 0x00, 0x09, 0x01, 0x48, 0x92,
  0x00, 0x02, 0x04, 0x09, 0x04, 0x88, 0x90, 0x00, 0x00, 0x00, 0x00, 0x00, 0x40, 0x0a, 0x24, 0x48,
  0x44, 0x48, 0x20, 0x00, 0x10, 0x00, 0x00, 0x00, 0x00, 0x00, 0x00, 0x00, 0x04, 0x45, 0x49, 0x22,
  0x11, 0x00, 0x00, 0x90, 0x40, 0x22, 0xa4, 0x12, 0x42, 0x00, 0x00, 0x00, 0x01, 0x11, 0x24, 0x94,
  0x00, 0x21, 0x28, 0x04, 0x00, 0x00, 0x10, 0x80, 0x10, 0x44, 0x00, 0x00, 0x08, 0x05, 0x49, 0x22,
  0x44, 0x84, 0x01, 0x20, 0x00, 0x88, 0x84, 0x09, 0x00, 0x01, 0x00, 0x00, 0x80, 0x92, 0x24, 0x88,
  0x10, 0x00, 0x20, 0x01, 0x00, 0x02, 0x10, 0x00, 0x00, 0x00, 0x00, 0x00, 0x04, 0x05, 0x48, 0x52,
  0x01, 0x21, 0x08, 0x48, 0x22, 0x20, 0x00, 0x00, 0x00, 0x00, 0x00, 0x00, 0x01, 0x11, 0x22, 0x89,
  0x44, 0x08, 0x02, 0x00, 0x00, 0x04, 0x40, 0x00, 0x00, 0x00, 0x00, 0x00, 0x10, 0x44, 0x94, 0x44,
  0x10, 0x40, 0x50, 0x24, 0x84, 0x20, 0x10, 0x00, 0x00, 0x00, 0x00, 0x00, 0x44, 0x0a, 0x89, 0x29,
  0x01, 0x04, 0x00, 0x80, 0x17, 0x3d, 0xcd, 0xb2, 0x78, 0x1a, 0x28, 0x98, 0x01, 0x01, 0x52, 0x44,
  0x44, 0x10, 0x92, 0x08, 0x19, 0x66, 0xcc, 0xb2, 0x44, 0x1a, 0x68, 0xd0, 0x00, 0x54, 0x89, 0x22,
  0x10, 0x40, 0x00, 0x20, 0x90, 0x42, 0xfd, 0xaa, 0x90, 0x0a, 0x28, 0x70, 0x0a, 0x02, 0x44, 0x94,
  0x01, 0x04, 0x48, 0x02, 0x18, 0x66, 0xb4, 0xae, 0xdc, 0x1a, 0x28, 0x20, 0x00, 0x0a, 0xa8, 0x41,
  0x44, 0x10, 0x01, 0x10, 0x1b, 0x54, 0x85, 0xa6, 0x44, 0xd2, 0x4c, 0x60, 0x42, 0x42, 0x05, 0x2a,
  0x10, 0x41, 0x24, 0x00, 0x0a, 0x34, 0xa4, 0xa2, 0x38, 0x53, 0xcb, 0x00, 0x00, 0x15, 0x52, 0x40,
  0x01, 0x04, 0x00, 0x49, 0x00, 0x80, 0x00, 0x00, 0x00, 0x00, 0x00, 0x00, 0x09, 0x01, 0x29, 0x15,
  0x44, 0x10, 0x21, 0x00, 0x00, 0x09, 0x10, 0x00, 0x00, 0x00, 0x00, 0x00, 0x00, 0x2a, 0x84, 0x48,
  0x10, 0x40, 0x88, 0x10, 0x44, 0x00, 0x40, 0x00, 0x00, 0x00, 0x00, 0x00, 0x09, 0x01, 0x29, 0x25,
  0x01, 0x02, 0x00, 0x42, 0x00, 0x44, 0x00, 0x00, 0x00, 0x00, 0x00, 0x00, 0x40, 0x14, 0x92, 0x48,
  0x44, 0x10, 0x24, 0x08, 0x00, 0x10, 0x10, 0x00, 0x00, 0x00, 0x00, 0x00, 0x04, 0x82, 0x88, 0x92,
  0x10, 0x80, 0x01, 0x20, 0x42, 0x01, 0x00, 0x00, 0x00, 0x00, 0x00, 0x00, 0x00, 0x14, 0x52, 0x44,
  0x00, 0x12, 0x50, 0x01, 0x08, 0x04, 0x44, 0x00, 0x00, 0x00, 0x00, 0x00, 0x09, 0x02, 0x89, 0x11,
  0x4a, 0x40, 0x04, 0x24, 0x00, 0x40, 0x00, 0x00, 0x00, 0x00, 0x00, 0x00, 0x80, 0x49, 0x44, 0x4a,
  0x00, 0x04, 0x90, 0x80, 0x00, 0x10, 0x20, 0x00, 0x00, 0x00, 0x00, 0x00, 0x04, 0x04, 0x92, 0x90,
  0x21, 0x20, 0x00, 0x08, 0x20, 0x02, 0x00, 0x00, 0x00, 0x00, 0x00, 0x00, 0x01, 0x12, 0x48, 0x45,
  0x08, 0x02, 0x24, 0x40, 0x81, 0x08, 0x90, 0x00, 0x00, 0x00, 0x00, 0x00, 0x10, 0x05, 0x25, 0x28,
  0x42, 0x48, 0x00, 0x08, 0x00, 0x20, 0x00, 0x00, 0x00, 0x00, 0x00, 0x00, 0x42, 0x48, 0x90, 0x85,
  0x00, 0x00, 0x92, 0x40, 0x00, 0x00, 0x44, 0x00, 0x00, 0x00, 0x00, 0x00, 0x00, 0x02, 0x4a, 0x50,
  0x29, 0x22, 0x00, 0x09, 0x11, 0x09, 0x00, 0x00, 0x00, 0x00, 0x00, 0x00, 0x04, 0x95, 0x21, 0x0a,
  0x00, 0x08, 0x28, 0x80, 0x00, 0x20, 0x10, 0x00, 0x00, 0x00, 0x00, 0x00, 0x00, 0x00, 0x8a, 0x51,
  0x44, 0x80, 0x00, 0x22, 0x00, 0x00, 0x40, 0x00, 0x00, 0x00, 0x00, 0x00, 0x89, 0x15, 0x51, 0x08,
  0x10, 0x21, 0x24, 0x08, 0x44, 0x09, 0x00, 0x00, 0x00, 0x00, 0x00, 0x00, 0x00, 0x02, 0x0a, 0x52,
  0x02, 0x08, 0x01, 0x20, 0x00, 0x80, 0x08, 0x00, 0x00, 0x00, 0x00, 0x00, 0x04, 0x49, 0x50, 0x89,
  0x40, 0x80, 0x90, 0x00, 0x00, 0x10, 0x40, 0x00, 0x00, 0x00, 0x00, 0x00, 0x01, 0x04, 0x8a, 0x44,
  0x12, 0x24, 0x04, 0x49, 0x20, 0x04, 0x00, 0x00, 0x00, 0x00, 0x00, 0x00, 0x24, 0x12, 0x41, 0x29,
  0x00, 0x00, 0x50, 0x00, 0x02, 0x41, 0x10, 0x00, 0x00, 0x00, 0x00, 0x00, 0x80, 0x01, 0x2a, 0x44,
  0x49, 0x22, 0x01, 0x20, 0x00, 0x00, 0x00, 0x00, 0x00, 0x00, 0x00, 0x00, 0x01, 0x2a, 0x89, 0x11,
  0x00, 0x08, 0x10, 0x09, 0x20, 0x12, 0x44, 0x00, 0x00, 0x00, 0x00, 0x00, 0x04, 0x00, 0x50, 0xa4,
  0x24, 0x80, 0x84, 0x40, 0x00, 0x40, 0x00, 0x00, 0x00, 0x00, 0x00, 0x00, 0x00, 0x4b, 0x0a, 0x12,
  0x00, 0x22, 0x10, 0x04, 0x02, 0x01, 0x10, 0x00, 0x00, 0x00, 0x00, 0x00, 0x12, 0x00, 0xa1, 0x48,
  0x49, 0x00, 0x02, 0x50, 0x88, 0x08, 0x00, 0x00, 0x00, 0x00, 0x00, 0x00, 0x40, 0x15, 0x14, 0x22,
  0x00, 0x24, 0x50, 0x00, 0x00, 0x20, 0x40, 0x00, 0x00, 0x00, 0x00, 0x00, 0x01, 0x00, 0xa2, 0x94,
  0x24, 0x80, 0x01, 0x04, 0x00, 0x02, 0x08, 0x00, 0x00, 0x00, 0x00, 0x00, 0x04, 0x25, 0x09, 0x22,
  0x00, 0x09, 0x24, 0x20, 0x80, 0x88, 0x20, 0x00, 0x00, 0x00, 0x00, 0x00, 0x00, 0x04, 0xa4, 0x48
};
// Author :- Ashish ( ashish_y_794 )
// Website : https://www.oledanimationmaker.com/

const uint8_t PROGMEM frame115[1024] = {
  0xa8, 0x00, 0x00, 0x00, 0x00, 0x00, 0x00, 0x00, 0x00, 0x00, 0x00, 0x01, 0x29, 0x09, 0x00, 0x00,
  0xd5, 0x55, 0x55, 0x25, 0x20, 0x00, 0x00, 0x00, 0x00, 0x00, 0x00, 0x54, 0x8a, 0x44, 0xaa, 0xaa,
  0x68, 0x00, 0x00, 0x00, 0x04, 0x91, 0x14, 0x80, 0x00, 0x00, 0x01, 0x02, 0x54, 0x12, 0x00, 0x00,
  0xaa, 0xa4, 0x95, 0x54, 0x90, 0x00, 0x00, 0x00, 0x00, 0x00, 0x00, 0x11, 0x2a, 0x95, 0x55, 0x4a,
  0xa8, 0x02, 0x00, 0x01, 0x00, 0x04, 0x21, 0x00, 0x00, 0x00, 0x00, 0x44, 0x89, 0x08, 0x80, 0x10,
  0xaa, 0xa8, 0xaa, 0x44, 0x22, 0x40, 0x04, 0x00, 0x00, 0x00, 0x01, 0x12, 0x54, 0x45, 0x2a, 0x42,
  0xd4, 0x02, 0x00, 0x10, 0x80, 0x00, 0x80, 0x00, 0x00, 0x00, 0x00, 0x04, 0x92, 0x94, 0x40, 0x88,
  0x69, 0x20, 0x4a, 0x84, 0x08, 0x12, 0x08, 0x00, 0x00, 0x00, 0x00, 0x51, 0x2a, 0x09, 0x12, 0x22,
  0xa4, 0x8a, 0x10, 0x21, 0x21, 0x00, 0x01, 0x00, 0x00, 0x00, 0x01, 0x04, 0x49, 0x24, 0x88, 0x80,
  0xb4, 0x20, 0x84, 0x84, 0x00, 0x00, 0x20, 0x00, 0x00, 0x00, 0x00, 0x22, 0x94, 0x8a, 0x42, 0x15,
  0x52, 0x84, 0x51, 0x11, 0x24, 0x48, 0x04, 0x40, 0x00, 0x00, 0x00, 0x88, 0x4a, 0x21, 0x28, 0x40,
  0xd4, 0x11, 0x04, 0x04, 0x00, 0x01, 0x01, 0x00, 0x00, 0x00, 0x00, 0x05, 0x29, 0x14, 0x82, 0x12,
  0x69, 0x44, 0x21, 0x20, 0x91, 0x00, 0x24, 0x00, 0x00, 0x00, 0x01, 0x20, 0x94, 0x8a, 0x50, 0x84,
  0xa8, 0x11, 0x08, 0x0a, 0x00, 0x10, 0x00, 0x00, 0x00, 0x00, 0x00, 0x15, 0x4a, 0x22, 0x04, 0x51,
  0xaa, 0x80, 0x45, 0x40, 0x44, 0x02, 0x08, 0x00, 0x00, 0x00, 0x00, 0x82, 0x29, 0x09, 0x51, 0x00,
  0x68, 0x2a, 0x20, 0x12, 0x10, 0x40, 0x41, 0x00, 0x00, 0x00, 0x02, 0x28, 0x94, 0xa4, 0x84, 0x4a,
  0xa5, 0x01, 0x0a, 0x40, 0x80, 0x00, 0x00, 0x00, 0x00, 0x00, 0x00, 0x02, 0x4a, 0x0a, 0x21, 0x00,
  0xb4, 0xa4, 0x41, 0x0a, 0x04, 0x12, 0x12, 0x00, 0x00, 0x00, 0x00, 0x49, 0x29, 0x24, 0x94, 0x2a,
  0xa8, 0x01, 0x14, 0x20, 0x90, 0x80, 0x00, 0x00, 0x00, 0x00, 0x01, 0x04, 0x94, 0x89, 0x21, 0x00,
  0x65, 0x54, 0x21, 0x04, 0x00, 0x00, 0x44, 0x40, 0x00, 0x00, 0x00, 0x22, 0x4a, 0x24, 0x84, 0x52,
  0xb4, 0x01, 0x08, 0x41, 0x22, 0x11, 0x00, 0x00, 0x00, 0x00, 0x00, 0x89, 0x29, 0x0a, 0x21, 0x04,
  0xa9, 0x48, 0x45, 0x14, 0x08, 0x00, 0x11, 0x00, 0x00, 0x00, 0x00, 0x10, 0x94, 0xa1, 0x48, 0x21,
  0x54, 0x02, 0x10, 0x01, 0x40, 0x40, 0x44, 0x04, 0x22, 0x00, 0x02, 0x45, 0x25, 0x0a, 0x02, 0x88,
  0xd2, 0xa8, 0x8a, 0xa4, 0x01, 0x04, 0x90, 0x81, 0x08, 0x44, 0x00, 0x08, 0x94, 0x24, 0xa8, 0x22,
  0x68, 0x02, 0x20, 0x01, 0x10, 0x00, 0x05, 0x10, 0x20, 0x10, 0x00, 0x42, 0x52, 0x8a, 0x02, 0x08,
  0xaa, 0x90, 0x8a, 0x48, 0x42, 0x10, 0x10, 0x00, 0x00, 0x00, 0x01, 0x11, 0x14, 0x21, 0x50, 0xa2,
  0x50, 0x24, 0x20, 0x05, 0x00, 0x01, 0x00, 0x00, 0x00, 0x00, 0x00, 0x0a, 0x4a, 0x8a, 0x0a, 0x00,
  0xd5, 0x01, 0x0a, 0xa0, 0x10, 0x40, 0x04, 0x00, 0x00, 0x00, 0x00, 0xa1, 0x29, 0x11, 0x40, 0x95,
  0x54, 0xa4, 0x40, 0x0a, 0x45, 0x08, 0x41, 0x00, 0x00, 0x00, 0x02, 0x08, 0x94, 0x4a, 0x28, 0x20,
  0xa9, 0x01, 0x15, 0x20, 0x0d, 0x3c, 0xcc, 0xb2, 0x78, 0x14, 0x68, 0xb5, 0x4a, 0x04, 0x82, 0x84,
  0xaa, 0x28, 0x40, 0x05, 0x2a, 0xa2, 0xce, 0xb2, 0x80, 0x16, 0x28, 0xd0, 0x29, 0x52, 0x48, 0x11,
  0x68, 0x82, 0x15, 0x48, 0x18, 0x46, 0xfa, 0xaa, 0xd4, 0x12, 0x2a, 0x6a, 0x94, 0x09, 0x11, 0x42,
  0xa4, 0x11, 0x40, 0x01, 0x18, 0x62, 0xb5, 0xae, 0x9c, 0x1a, 0x48, 0x61, 0x4a, 0xa4, 0x84, 0x08,
  0xb2, 0x84, 0x15, 0x24, 0x4b, 0xaa, 0x85, 0xa6, 0x44, 0x92, 0x4d, 0x2a, 0x29, 0x09, 0x20, 0x91,
  0x54, 0x51, 0x00, 0x08, 0x0d, 0x34, 0x94, 0xa2, 0x70, 0x73, 0xad, 0x40, 0x94, 0x24, 0x4a, 0x02,
  0xd2, 0x04, 0x55, 0x42, 0x80, 0x00, 0x00, 0x00, 0x00, 0x00, 0x00, 0x2a, 0x4a, 0x82, 0x80, 0xa8,
  0x54, 0x91, 0x00, 0x10, 0x20, 0x02, 0x02, 0x00, 0x00, 0x00, 0x00, 0x81, 0x29, 0x14, 0x24, 0x01,
  0xa9, 0x04, 0x55, 0x05, 0x04, 0x08, 0x20, 0x00, 0x00, 0x00, 0x00, 0x14, 0x94, 0x45, 0x11, 0x24,
  0x6a, 0x50, 0x00, 0x50, 0x40, 0x80, 0x04, 0x00, 0x00, 0x00, 0x00, 0x42, 0x4a, 0x10, 0x80, 0x01,
  0xa4, 0x02, 0x95, 0x04, 0x10, 0x00, 0x10, 0x80, 0x00, 0x00, 0x01, 0x09, 0x29, 0x4a, 0x55, 0x54,
  0xb1, 0x28, 0x20, 0x41, 0x02, 0x22, 0x40, 0x00, 0x00, 0x00, 0x00, 0x22, 0x4a, 0x05, 0x00, 0x00,
  0x54, 0x82, 0x8a, 0x14, 0x48, 0x00, 0x02, 0x00, 0x00, 0x00, 0x00, 0x08, 0x94, 0x90, 0x92, 0x4a,
  0xaa, 0x10, 0x01, 0x01, 0x00, 0x08, 0x00, 0x00, 0x00, 0x00, 0x01, 0x45, 0x2a, 0x0a, 0x40, 0x00,
  0xa8, 0x84, 0xa8, 0x54, 0x21, 0x20, 0x11, 0x00, 0x00, 0x00, 0x00, 0x10, 0x91, 0x45, 0x15, 0x52,
  0x64, 0x51, 0x05, 0x00, 0x84, 0x00, 0x84, 0x00, 0x00, 0x00, 0x00, 0x04, 0x4c, 0x10, 0x40, 0x00,
  0xaa, 0x04, 0x20, 0x4a, 0x00, 0x00, 0x00, 0x00, 0x00, 0x00, 0x01, 0x52, 0xa5, 0x4a, 0x89, 0x2a,
  0x51, 0x41, 0x15, 0x00, 0x50, 0x04, 0x10, 0x00, 0x00, 0x00, 0x00, 0x01, 0x14, 0x04, 0x20, 0x00,
  0xac, 0x14, 0x40, 0x49, 0x02, 0x40, 0x42, 0x40, 0x00, 0x00, 0x00, 0x2a, 0x52, 0xa9, 0x05, 0x49,
  0xa2, 0x81, 0x15, 0x04, 0x00, 0x01, 0x00, 0x00, 0x00, 0x00, 0x01, 0x00, 0x8a, 0x04, 0xa0, 0x02,
  0x74, 0x28, 0x00, 0x51, 0x50, 0x10, 0x01, 0x00, 0x00, 0x00, 0x00, 0x2a, 0x54, 0x92, 0x12, 0x50,
  0x92, 0x42, 0xaa, 0x00, 0x02, 0x40, 0x08, 0x00, 0x00, 0x00, 0x00, 0x81, 0x2a, 0x09, 0x40, 0x04,
  0x69, 0x08, 0x00, 0x95, 0x08, 0x01, 0x00, 0x00, 0x00, 0x00, 0x00, 0x14, 0x91, 0x44, 0x12, 0x91,
  0xa8, 0x42, 0x54, 0x00, 0x40, 0x04, 0x12, 0x00, 0x00, 0x00, 0x01, 0x02, 0x4c, 0x12, 0x80, 0x04,
  0xaa, 0x10, 0x82, 0xa4, 0x01, 0x00, 0x00, 0x00, 0x00, 0x00, 0x00, 0x51, 0x25, 0x24, 0x2a, 0xa0,
  0x51, 0x44, 0x10, 0x02, 0x90, 0x20, 0x01, 0x00, 0x00, 0x00, 0x00, 0x04, 0x94, 0x82, 0x80, 0x0a,
  0xaa, 0x11, 0x45, 0x28, 0x04, 0x00, 0x90, 0x00, 0x00, 0x00, 0x01, 0x22, 0x52, 0x14, 0x24, 0x80,
  0x68, 0x84, 0x10, 0x82, 0x40, 0x04, 0x04, 0x00, 0x00, 0x00, 0x00, 0x09, 0x0a, 0x42, 0x80, 0x24,
  0xa4, 0x21, 0x0a, 0x10, 0x11, 0x20, 0x00, 0x80, 0x00, 0x00, 0x00, 0x92, 0x54, 0x94, 0x2a, 0x11,
  0x55, 0x14, 0x40, 0x85, 0x40, 0x00, 0x22, 0x00, 0x00, 0x00, 0x02, 0x01, 0x2a, 0x02, 0x80, 0x80,
  0xa8, 0x81, 0x14, 0x20, 0x04, 0x01, 0x00, 0x00, 0x00, 0x00, 0x00, 0x54, 0x92, 0x48, 0x22, 0x25,
  0x6a, 0x24, 0x42, 0x8a, 0x20, 0x44, 0x08, 0x00, 0x00, 0x00, 0x00, 0x02, 0x49, 0x12, 0x88, 0x80,
  0xa4, 0x81, 0x10, 0x00, 0x81, 0x00, 0x01, 0x00, 0x00, 0x00, 0x01, 0x11, 0x2a, 0x04, 0x20, 0x14,
  0x52, 0x28, 0x0a, 0x54, 0x08, 0x00, 0x04, 0x00, 0x00, 0x00, 0x00, 0x44, 0x94, 0xa2, 0x85, 0x21,
  0xa8, 0x82, 0xa1, 0x01, 0x20, 0x10, 0x90, 0x00, 0x00, 0x00, 0x00, 0x12, 0x4a, 0x08, 0x20, 0x04
};
// Author :- Ashish ( ashish_y_794 )
// Website : https://www.oledanimationmaker.com/

const uint8_t PROGMEM frame116[1024] = {
  0x52, 0x55, 0x40, 0x49, 0x00, 0x00, 0x00, 0x00, 0x00, 0x00, 0x00, 0x00, 0x00, 0x12, 0x00, 0x00,
  0xa9, 0x5b, 0x55, 0x24, 0xa8, 0x00, 0x00, 0x00, 0x00, 0x00, 0x14, 0x01, 0x2a, 0xa9, 0x55, 0x54,
  0x54, 0xad, 0x40, 0x92, 0x41, 0x20, 0x02, 0x40, 0x00, 0x00, 0x01, 0x24, 0x04, 0x0a, 0x20, 0x02,
  0xaa, 0xaa, 0xaa, 0x29, 0x10, 0x04, 0x90, 0x00, 0x00, 0x00, 0x52, 0x00, 0xa8, 0xa4, 0x8a, 0xa8,
  0x51, 0x55, 0x40, 0x85, 0x44, 0x40, 0x00, 0x00, 0x00, 0x00, 0x00, 0x00, 0x02, 0x12, 0x40, 0x02,
  0xaa, 0x5b, 0x2a, 0x54, 0x20, 0x00, 0x01, 0x00, 0x00, 0x00, 0x14, 0x89, 0x28, 0x4a, 0x95, 0x50,
  0x54, 0xad, 0x40, 0x22, 0x91, 0x10, 0x08, 0x20, 0x00, 0x00, 0x40, 0x00, 0x02, 0x29, 0x00, 0x89,
  0x62, 0x55, 0x55, 0x4a, 0x44, 0x01, 0x20, 0x00, 0x00, 0x00, 0x0a, 0x04, 0xa8, 0x94, 0x55, 0x20,
  0xaa, 0xaa, 0xa0, 0x29, 0x20, 0x40, 0x00, 0x80, 0x00, 0x00, 0x20, 0x40, 0x04, 0x22, 0x80, 0x0a,
  0x54, 0xb6, 0x92, 0x84, 0x88, 0x04, 0x00, 0x00, 0x00, 0x00, 0x04, 0x02, 0x51, 0x14, 0x55, 0x40,
  0x52, 0x55, 0x48, 0x55, 0x21, 0x10, 0x04, 0x00, 0x00, 0x00, 0x41, 0x10, 0x04, 0x4a, 0x80, 0x29,
  0xa9, 0x56, 0xa2, 0x24, 0x88, 0x00, 0x40, 0x80, 0x00, 0x00, 0x14, 0x01, 0x22, 0x24, 0x2a, 0x80,
  0x54, 0xaa, 0x91, 0x49, 0x20, 0x40, 0x00, 0x00, 0x00, 0x00, 0x00, 0x44, 0x10, 0x92, 0x80, 0x4a,
  0x62, 0x5b, 0x48, 0x24, 0x89, 0x01, 0x08, 0x20, 0x00, 0x00, 0x49, 0x00, 0x8a, 0x29, 0x2a, 0x20,
  0xaa, 0xaa, 0xa2, 0x92, 0x40, 0x08, 0x01, 0x00, 0x00, 0x00, 0x02, 0x00, 0x20, 0x84, 0x81, 0x09,
  0x54, 0xad, 0x48, 0x4a, 0x90, 0x20, 0x00, 0x00, 0x00, 0x00, 0x28, 0x09, 0x0a, 0x2a, 0x54, 0xa0,
  0x52, 0x55, 0x52, 0x24, 0x44, 0x80, 0x20, 0x40, 0x00, 0x00, 0x00, 0x20, 0x40, 0x49, 0x02, 0x0a,
  0xa9, 0x5a, 0x81, 0x52, 0x90, 0x00, 0x84, 0x00, 0x00, 0x00, 0x4a, 0x01, 0x15, 0x14, 0xa8, 0xa0,
  0x54, 0xab, 0x54, 0x09, 0x00, 0x04, 0x00, 0x00, 0x00, 0x00, 0x00, 0x84, 0x00, 0x42, 0x02, 0x09,
  0xa5, 0x55, 0x41, 0x54, 0xa9, 0x20, 0x01, 0x00, 0x00, 0x00, 0x24, 0x00, 0x55, 0x19, 0x50, 0xa0,
  0x52, 0x5a, 0xa8, 0x22, 0x00, 0x00, 0x08, 0x00, 0x00, 0x00, 0x81, 0x11, 0x00, 0x44, 0x8a, 0x0a,
  0x69, 0x56, 0x92, 0x95, 0x52, 0x10, 0x80, 0x40, 0x00, 0x00, 0x14, 0x00, 0x2a, 0x2a, 0x20, 0xa0,
  0xa4, 0xaa, 0xa0, 0x48, 0x88, 0x40, 0x21, 0x08, 0x02, 0x00, 0x00, 0x04, 0x80, 0x89, 0x0a, 0x09,
  0x55, 0x2d, 0x4a, 0x92, 0x40, 0x00, 0x88, 0x21, 0x50, 0x44, 0x49, 0x20, 0x14, 0x24, 0xa0, 0xa0,
  0x52, 0xb5, 0x50, 0x4a, 0x91, 0x04, 0x12, 0x80, 0x00, 0x01, 0x02, 0x01, 0x22, 0x92, 0x14, 0x0a,
  0xa8, 0x95, 0x42, 0x24, 0x44, 0x20, 0x00, 0x00, 0x00, 0x00, 0x10, 0x04, 0x08, 0x15, 0x42, 0xa0,
  0x55, 0x5b, 0x51, 0x49, 0x10, 0x00, 0x00, 0x00, 0x00, 0x00, 0x04, 0x80, 0x42, 0x48, 0x20, 0x09,
  0x64, 0xaa, 0x88, 0x25, 0x40, 0x81, 0x20, 0x80, 0x00, 0x00, 0x50, 0x11, 0x14, 0x25, 0x4a, 0xa0,
  0xaa, 0x55, 0x52, 0x92, 0x24, 0x14, 0x04, 0x00, 0x00, 0x00, 0x05, 0x00, 0x01, 0x12, 0x00, 0x0a,
  0x51, 0x5a, 0xa0, 0x49, 0x4b, 0x58, 0xc5, 0xb2, 0x78, 0x1a, 0x68, 0x94, 0xa8, 0x49, 0x55, 0x40,
  0x4a, 0x56, 0x8a, 0x94, 0x8d, 0xa6, 0xcc, 0xb2, 0xc4, 0x14, 0x59, 0xb0, 0x05, 0x24, 0x00, 0x29,
  0xa9, 0x55, 0x50, 0x45, 0x28, 0x22, 0x7e, 0xaa, 0x88, 0x16, 0x58, 0xe1, 0x20, 0x12, 0xaa, 0x80,
  0x64, 0xaa, 0xa2, 0x28, 0x98, 0x63, 0x52, 0xae, 0x9c, 0x14, 0x4a, 0x40, 0x15, 0x4a, 0x00, 0x2a,
  0x55, 0x2d, 0x49, 0x45, 0x0d, 0xaa, 0x95, 0xa6, 0x48, 0xb2, 0xec, 0x52, 0x40, 0x11, 0x55, 0x00,
  0xa8, 0xb6, 0xa0, 0x28, 0xa7, 0x1c, 0x42, 0xa2, 0x70, 0x53, 0x5b, 0x40, 0x14, 0x8a, 0x00, 0xa4,
  0x55, 0x55, 0x4a, 0x95, 0x10, 0x00, 0x00, 0x00, 0x00, 0x00, 0x00, 0x01, 0x02, 0x29, 0x54, 0x11,
  0x48, 0xaa, 0xa0, 0x42, 0x40, 0x40, 0x00, 0x00, 0x00, 0x00, 0x0a, 0x08, 0x50, 0x84, 0x02, 0x84,
  0xa5, 0x2d, 0x4a, 0x29, 0x29, 0x01, 0x24, 0x00, 0x00, 0x00, 0x20, 0x20, 0x0a, 0x2a, 0xa8, 0x50,
  0x6a, 0xaa, 0xa1, 0x4a, 0x80, 0x08, 0x00, 0x80, 0x00, 0x00, 0x04, 0x82, 0x90, 0x10, 0x02, 0x02,
  0x50, 0xad, 0x48, 0x24, 0x48, 0x20, 0x00, 0x00, 0x00, 0x00, 0x40, 0x00, 0x04, 0xa5, 0x50, 0xa8,
  0xaa, 0x55, 0x22, 0x92, 0x81, 0x00, 0x00, 0x00, 0x00, 0x00, 0x15, 0x00, 0xa2, 0x12, 0x0a, 0x01,
  0x55, 0x56, 0xa4, 0x49, 0x28, 0x00, 0x92, 0x40, 0x00, 0x00, 0x00, 0x12, 0x08, 0x49, 0x40, 0xa4,
  0x48, 0xaa, 0x91, 0x24, 0x80, 0x44, 0x00, 0x00, 0x00, 0x00, 0x49, 0x00, 0x22, 0x14, 0x2a, 0x08,
  0xa5, 0x35, 0x44, 0x4a, 0x52, 0x00, 0x00, 0x00, 0x00, 0x00, 0x00, 0x01, 0x08, 0x82, 0x80, 0xa1,
  0x69, 0x56, 0xa9, 0x21, 0x00, 0x10, 0x01, 0x00, 0x00, 0x00, 0x54, 0x88, 0x42, 0x29, 0x24, 0x04,
  0x54, 0xaa, 0xa0, 0x94, 0xa8, 0x80, 0x48, 0x00, 0x00, 0x00, 0x00, 0x01, 0x10, 0x94, 0x09, 0x50,
  0xa5, 0x2d, 0x4a, 0x25, 0x00, 0x01, 0x00, 0x20, 0x00, 0x00, 0x12, 0x20, 0x0a, 0x02, 0xa0, 0x02,
  0x52, 0x55, 0x40, 0x92, 0x52, 0x20, 0x00, 0x80, 0x00, 0x00, 0x40, 0x84, 0xa0, 0x54, 0x0a, 0xa8,
  0x54, 0xaa, 0xaa, 0x49, 0x00, 0x00, 0x00, 0x00, 0x00, 0x00, 0x0a, 0x00, 0x0a, 0x12, 0xa0, 0x01,
  0xa5, 0x5b, 0x40, 0x24, 0xa8, 0x88, 0x08, 0x00, 0x00, 0x00, 0x20, 0x01, 0x20, 0x88, 0x0a, 0xa4,
  0x52, 0x55, 0x2a, 0x92, 0x40, 0x00, 0x81, 0x00, 0x00, 0x00, 0x84, 0x10, 0x0a, 0x25, 0x40, 0x08,
  0x54, 0xaa, 0xa0, 0x49, 0x12, 0x20, 0x00, 0x00, 0x00, 0x00, 0x11, 0x02, 0x40, 0x52, 0x2a, 0xa1,
  0xa9, 0x2d, 0x49, 0x24, 0x80, 0x02, 0x08, 0x00, 0x00, 0x00, 0x00, 0x40, 0x15, 0x08, 0x80, 0x04,
  0x54, 0xaa, 0xa2, 0x4a, 0x51, 0x00, 0x20, 0x80, 0x00, 0x00, 0x4a, 0x04, 0x80, 0x25, 0x14, 0xa0,
  0x49, 0x56, 0x90, 0x91, 0x08, 0x20, 0x00, 0x00, 0x00, 0x00, 0x00, 0x00, 0x29, 0x10, 0x41, 0x09,
  0xa4, 0xaa, 0xa4, 0x4a, 0xa0, 0x04, 0x00, 0x00, 0x00, 0x00, 0x24, 0x91, 0x04, 0x4a, 0x88, 0x44,
  0x55, 0x2d, 0x42, 0x24, 0x44, 0x80, 0x02, 0x40, 0x00, 0x00, 0x82, 0x00, 0x21, 0x11, 0x22, 0x20,
  0x68, 0xb5, 0x51, 0x49, 0x10, 0x10, 0x90, 0x00, 0x00, 0x00, 0x10, 0x04, 0x88, 0x24, 0x09, 0x09,
  0x92, 0x95, 0x48, 0x24, 0x80, 0x40, 0x00, 0x00, 0x00, 0x00, 0x04, 0x40, 0x12, 0x49, 0x40, 0xa0,
  0x69, 0x56, 0xa2, 0x92, 0x52, 0x00, 0x00, 0x00, 0x00, 0x00, 0x41, 0x01, 0x00, 0x04, 0x14, 0x0a,
  0x44, 0x5a, 0x88, 0x49, 0x08, 0x02, 0x02, 0x40, 0x00, 0x00, 0x14, 0x08, 0x55, 0x52, 0x82, 0xa0,
  0x55, 0x55, 0x52, 0x24, 0xa0, 0x88, 0x20, 0x00, 0x00, 0x00, 0x00, 0x00, 0x00, 0x08, 0x50, 0x04,
  0xa9, 0x2a, 0x81, 0x52, 0x40, 0x00, 0x00, 0x00, 0x00, 0x00, 0xa5, 0x22, 0x54, 0xa5, 0x05, 0x50,
  0x54, 0xad, 0x54, 0x0a, 0x94, 0x40, 0x02, 0x00, 0x00, 0x00, 0x00, 0x00, 0x00, 0x12, 0x50, 0x02
};
// Author :- Ashish ( ashish_y_794 )
// Website : https://www.oledanimationmaker.com/

const uint8_t PROGMEM frame117[1024] = {
  0x54, 0x01, 0x54, 0x01, 0x21, 0x00, 0x00, 0x00, 0x00, 0x00, 0x00, 0x00, 0x00, 0x08, 0x00, 0x00,
  0x52, 0xaa, 0x55, 0x54, 0x94, 0x48, 0x00, 0x00, 0x00, 0x00, 0x80, 0x02, 0x55, 0x52, 0xaa, 0xa4,
  0x59, 0x04, 0xaa, 0x02, 0x49, 0x20, 0x00, 0x40, 0x00, 0x00, 0x10, 0x90, 0x00, 0x09, 0x10, 0x01,
  0x54, 0x51, 0x55, 0x51, 0x24, 0x81, 0x11, 0x00, 0x00, 0x01, 0x02, 0x01, 0x2a, 0x44, 0x45, 0x24,
  0x52, 0x89, 0x52, 0x04, 0x92, 0x10, 0x00, 0x00, 0x00, 0x00, 0x40, 0x04, 0x00, 0x29, 0x10, 0x80,
  0x59, 0x22, 0x54, 0x91, 0x48, 0x84, 0x00, 0x00, 0x00, 0x01, 0x00, 0x10, 0x55, 0x04, 0x8a, 0x12,
  0x54, 0x09, 0x55, 0x04, 0x24, 0x50, 0x20, 0x80, 0x00, 0x00, 0x10, 0x81, 0x00, 0x52, 0x20, 0x80,
  0x52, 0xa4, 0xaa, 0x51, 0x52, 0x00, 0x82, 0x00, 0x00, 0x00, 0x82, 0x00, 0x29, 0x08, 0x94, 0x24,
  0x59, 0x11, 0x52, 0x04, 0x89, 0x42, 0x00, 0x20, 0x00, 0x02, 0x00, 0x08, 0x84, 0x25, 0x02, 0x81,
  0x54, 0x44, 0xaa, 0xa2, 0x50, 0x28, 0x00, 0x00, 0x00, 0x00, 0x48, 0x22, 0x10, 0x90, 0xa8, 0x12,
  0x52, 0x92, 0x54, 0x08, 0x8a, 0x80, 0x00, 0x00, 0x00, 0x00, 0x00, 0x00, 0x24, 0x0a, 0x02, 0x40,
  0x58, 0x01, 0x52, 0xa2, 0x51, 0x20, 0x09, 0x20, 0x00, 0x02, 0x40, 0x80, 0x81, 0x44, 0xa8, 0x89,
  0x55, 0x54, 0xaa, 0x09, 0x24, 0x04, 0x20, 0x00, 0x00, 0x00, 0x02, 0x08, 0x14, 0x29, 0x04, 0x00,
  0x52, 0x22, 0xaa, 0xa0, 0x92, 0xa0, 0x00, 0x00, 0x00, 0x01, 0x20, 0x02, 0x40, 0x82, 0x51, 0x4a,
  0x54, 0x88, 0xa9, 0x05, 0x48, 0x01, 0x00, 0x20, 0x00, 0x00, 0x00, 0x20, 0x14, 0x28, 0x04, 0x00,
  0x54, 0x45, 0x54, 0x48, 0x25, 0x50, 0x00, 0x80, 0x00, 0x04, 0x88, 0x81, 0x01, 0x05, 0x51, 0x24,
  0x52, 0x90, 0xaa, 0x82, 0xa0, 0x04, 0x04, 0x00, 0x00, 0x00, 0x20, 0x04, 0x54, 0x50, 0x88, 0x81,
  0x59, 0x0a, 0x92, 0x28, 0x95, 0x40, 0x40, 0x00, 0x00, 0x00, 0x80, 0x00, 0x01, 0x0a, 0x22, 0x10,
  0x54, 0x41, 0x55, 0x02, 0x48, 0x20, 0x00, 0x00, 0x00, 0x02, 0x01, 0x11, 0x28, 0x21, 0x08, 0x84,
  0x52, 0x94, 0xaa, 0x49, 0x25, 0x09, 0x01, 0x20, 0x00, 0x00, 0x04, 0x00, 0x04, 0x8a, 0x44, 0x21,
  0x58, 0x42, 0x54, 0x82, 0x50, 0xa0, 0x08, 0x00, 0x00, 0x00, 0x90, 0x09, 0x50, 0x24, 0x21, 0x04,
  0x55, 0x11, 0x52, 0x28, 0x8a, 0x00, 0x00, 0x00, 0x00, 0x04, 0x00, 0x20, 0x05, 0x11, 0x14, 0x40,
  0x52, 0x4a, 0xaa, 0x82, 0x51, 0x48, 0xa0, 0x90, 0x10, 0x80, 0x80, 0x81, 0x10, 0x44, 0x82, 0x12,
  0x54, 0x80, 0x94, 0x29, 0x24, 0x02, 0x0a, 0x02, 0x42, 0x24, 0x20, 0x04, 0x24, 0x12, 0x51, 0x40,
  0x54, 0x2a, 0xaa, 0x80, 0x91, 0x50, 0x20, 0x88, 0x00, 0x02, 0x04, 0x00, 0x01, 0x48, 0x08, 0x09,
  0x52, 0x81, 0x55, 0x25, 0x4a, 0x00, 0x00, 0x00, 0x00, 0x00, 0x80, 0x21, 0x54, 0x05, 0x45, 0x20,
  0x59, 0x2a, 0x52, 0x08, 0x20, 0x90, 0x00, 0x20, 0x00, 0x00, 0x20, 0x84, 0x00, 0x50, 0x28, 0x04,
  0x54, 0x41, 0x54, 0xa2, 0x95, 0x02, 0x09, 0x00, 0x00, 0x02, 0x02, 0x00, 0x2a, 0x0a, 0x82, 0x91,
  0x52, 0x14, 0xaa, 0x08, 0xa2, 0x50, 0x40, 0x00, 0x00, 0x08, 0x40, 0x09, 0x00, 0xa0, 0x50, 0x00,
  0x55, 0x42, 0x95, 0x42, 0x4f, 0x2e, 0x44, 0xb2, 0x78, 0x12, 0x59, 0x30, 0x28, 0x0a, 0x85, 0x49,
  0x54, 0x28, 0xa9, 0x11, 0x29, 0xb2, 0xee, 0xb2, 0x48, 0x14, 0x50, 0xd0, 0x82, 0x44, 0x10, 0x00,
  0x52, 0x82, 0xaa, 0x44, 0x9c, 0x62, 0xaa, 0xda, 0x88, 0x1a, 0xd8, 0xe0, 0x10, 0x29, 0x45, 0x24,
  0x58, 0x54, 0xa9, 0x12, 0x49, 0x23, 0x5a, 0xae, 0xdc, 0x16, 0x50, 0x42, 0x45, 0x00, 0x10, 0x01,
  0x55, 0x01, 0x54, 0x81, 0x2e, 0xf6, 0x54, 0xa2, 0x48, 0xd2, 0x5d, 0x40, 0x10, 0x55, 0x45, 0x48,
  0x52, 0x54, 0x95, 0x28, 0x95, 0x18, 0x82, 0xa2, 0x50, 0x6b, 0x96, 0x49, 0x04, 0x02, 0x10, 0x02,
  0x54, 0x02, 0x54, 0x05, 0x42, 0x82, 0x00, 0x00, 0x00, 0x00, 0x00, 0x00, 0x51, 0x54, 0x44, 0x90,
  0x52, 0xa9, 0x52, 0xa0, 0x28, 0x48, 0x00, 0x00, 0x00, 0x00, 0x40, 0x04, 0x04, 0x01, 0x11, 0x02,
  0x58, 0x42, 0xaa, 0x15, 0x4a, 0x00, 0x08, 0x80, 0x00, 0x00, 0x00, 0x40, 0x90, 0x54, 0x44, 0x20,
  0x55, 0x10, 0xaa, 0x80, 0xa1, 0x50, 0x20, 0x00, 0x00, 0x01, 0x24, 0x08, 0x05, 0x02, 0x11, 0x09,
  0x52, 0x4a, 0x54, 0x55, 0x14, 0x00, 0x80, 0x20, 0x00, 0x00, 0x00, 0x01, 0x20, 0x28, 0x84, 0x40,
  0x54, 0x81, 0x52, 0x80, 0xa2, 0xa4, 0x00, 0x00, 0x00, 0x00, 0x81, 0x20, 0x14, 0x82, 0x51, 0x09,
  0x52, 0x2a, 0xaa, 0x25, 0x10, 0x00, 0x01, 0x00, 0x00, 0x02, 0x20, 0x04, 0x80, 0x29, 0x04, 0x20,
  0x54, 0x80, 0x95, 0x08, 0xaa, 0xa0, 0x00, 0x00, 0x00, 0x00, 0x04, 0x00, 0x2a, 0x04, 0x21, 0x04,
  0x52, 0x2a, 0x52, 0x42, 0x40, 0x08, 0x80, 0x20, 0x00, 0x00, 0x80, 0x22, 0x00, 0xa1, 0x14, 0x40,
  0x59, 0x01, 0x55, 0x29, 0x2a, 0xa0, 0x08, 0x80, 0x00, 0x02, 0x10, 0x00, 0x92, 0x08, 0x81, 0x12,
  0x54, 0xaa, 0xa8, 0x80, 0x84, 0x02, 0x00, 0x00, 0x00, 0x00, 0x40, 0x88, 0x08, 0x24, 0x28, 0x00,
  0x52, 0x01, 0x56, 0x25, 0x31, 0x48, 0x00, 0x00, 0x00, 0x00, 0x00, 0x01, 0x21, 0x09, 0x05, 0x48,
  0x29, 0x54, 0xa9, 0x08, 0x88, 0x20, 0x02, 0x00, 0x00, 0x04, 0x82, 0x04, 0x08, 0x42, 0x50, 0x02,
  0xa8, 0x02, 0x54, 0xa2, 0x52, 0x80, 0x48, 0x20, 0x00, 0x00, 0x10, 0x20, 0x42, 0x28, 0x04, 0x90,
  0x55, 0x54, 0xa5, 0x09, 0x24, 0x22, 0x00, 0x00, 0x00, 0x00, 0x80, 0x01, 0x10, 0x82, 0xa2, 0x02,
  0x29, 0x01, 0x54, 0x40, 0x91, 0x08, 0x00, 0x00, 0x00, 0x02, 0x00, 0x84, 0x0a, 0x10, 0x10, 0x90,
  0xaa, 0x54, 0xaa, 0x95, 0x44, 0xa0, 0x00, 0x00, 0x00, 0x08, 0x22, 0x00, 0x40, 0x4a, 0x8a, 0x02,
  0x50, 0x82, 0x52, 0x00, 0x28, 0x00, 0x01, 0x20, 0x00, 0x00, 0x80, 0x11, 0x12, 0x00, 0x20, 0x90,
  0x55, 0x29, 0x4a, 0xaa, 0x92, 0x90, 0x88, 0x00, 0x00, 0x00, 0x00, 0x00, 0x08, 0x55, 0x08, 0x02,
  0x2a, 0x02, 0x54, 0x01, 0x44, 0x42, 0x00, 0x00, 0x00, 0x00, 0x48, 0x44, 0x41, 0x00, 0xa2, 0xa0,
  0xa8, 0xa9, 0x55, 0x54, 0x29, 0x08, 0x00, 0x00, 0x00, 0x02, 0x01, 0x01, 0x14, 0x2a, 0x08, 0x08,
  0x54, 0x02, 0x52, 0x01, 0x40, 0x40, 0x00, 0x80, 0x00, 0x00, 0x40, 0x00, 0x00, 0x80, 0x92, 0x42,
  0x52, 0xa9, 0x55, 0x54, 0x95, 0x10, 0x10, 0x00, 0x00, 0x01, 0x00, 0x12, 0x52, 0x14, 0x01, 0x00,
  0x29, 0x02, 0x54, 0x01, 0x22, 0x40, 0x80, 0x00, 0x00, 0x08, 0x10, 0x40, 0x00, 0x42, 0xa8, 0x24,
  0xaa, 0x51, 0x52, 0xa4, 0x94, 0x04, 0x01, 0x20, 0x00, 0x00, 0x42, 0x01, 0x14, 0x10, 0x05, 0x00,
  0x54, 0x09, 0x2a, 0x11, 0x21, 0x50, 0x00, 0x00, 0x00, 0x01, 0x00, 0x04, 0x21, 0x0a, 0x50, 0x49,
  0x29, 0x44, 0xa9, 0x44, 0x94, 0x00, 0x00, 0x00, 0x00, 0x00, 0x00, 0x10, 0x04, 0x41, 0x04, 0x80,
  0xa8, 0x22, 0xa5, 0x11, 0x22, 0x80, 0x88, 0x00, 0x00, 0x00, 0x91, 0x00, 0x90, 0x28, 0x48, 0x12,
  0x55, 0x48, 0x9a, 0x44, 0x48, 0x52, 0x00, 0x80, 0x00, 0x08, 0x00, 0x02, 0x04, 0x82, 0x11, 0x00
};
// Author :- Ashish ( ashish_y_794 )
// Website : https://www.oledanimationmaker.com/

const uint8_t PROGMEM frame118[1024] = {
  0x28, 0xaa, 0xa8, 0x2f, 0x40, 0xad, 0x54, 0xa0, 0x00, 0xad, 0x4a, 0x05, 0x2a, 0xee, 0xfe, 0xaa,
  0x4a, 0x6b, 0x55, 0x57, 0x55, 0x2e, 0xa9, 0x34, 0x02, 0x5a, 0xac, 0xa9, 0x45, 0x5b, 0x57, 0x55,
  0x25, 0x55, 0x48, 0x2e, 0xa0, 0xaa, 0xa4, 0xa0, 0x01, 0x2d, 0x55, 0x05, 0x2a, 0xb5, 0xfd, 0xb4,
  0x50, 0xb6, 0xaa, 0x97, 0x4a, 0x36, 0x95, 0x28, 0x04, 0xb5, 0x4a, 0x25, 0x4a, 0xee, 0xae, 0xaa,
  0x4d, 0x55, 0x50, 0x5e, 0xa4, 0x9a, 0xa8, 0xa0, 0x02, 0x5a, 0xaa, 0x44, 0x92, 0x55, 0xbb, 0x55,
  0x22, 0x55, 0x4a, 0x2b, 0x51, 0x56, 0xaa, 0x54, 0x08, 0x6d, 0x54, 0x8a, 0x4a, 0xfb, 0x6e, 0xaa,
  0x58, 0xaa, 0xa9, 0x57, 0x44, 0x2b, 0x51, 0x20, 0x01, 0x2a, 0xa6, 0x02, 0x95, 0x56, 0xff, 0x55,
  0x25, 0x56, 0xa8, 0x1f, 0x51, 0x5d, 0x2a, 0xb2, 0x02, 0x5a, 0xa9, 0x29, 0x4a, 0xb7, 0x55, 0x6a,
  0x52, 0x6a, 0xa5, 0x4b, 0x24, 0x2a, 0xa8, 0x48, 0x01, 0x2d, 0x4c, 0x05, 0x25, 0x6a, 0xff, 0x55,
  0x28, 0xaa, 0x94, 0x36, 0x91, 0x56, 0xa5, 0x20, 0x08, 0xb5, 0x55, 0x4a, 0x92, 0xb7, 0x56, 0xaa,
  0x95, 0x55, 0x51, 0x4f, 0xa4, 0x9a, 0x94, 0xb0, 0x02, 0x5a, 0xa4, 0x01, 0x15, 0x5a, 0xfe, 0xd5,
  0x42, 0x56, 0xaa, 0x2d, 0x48, 0x56, 0xa9, 0x24, 0x00, 0x55, 0x4a, 0xaa, 0xa9, 0x6d, 0xab, 0x54,
  0x28, 0xb5, 0x50, 0x97, 0x42, 0x9a, 0xa4, 0xa0, 0x05, 0x3a, 0xaa, 0x04, 0x45, 0x6b, 0x7e, 0xaa,
  0x55, 0x55, 0x4a, 0x5e, 0xa8, 0x56, 0x92, 0x50, 0x10, 0xaa, 0x4a, 0x43, 0x15, 0x5d, 0xaf, 0x55,
  0x24, 0x55, 0x54, 0x27, 0x45, 0x2a, 0xa9, 0x28, 0x02, 0x5a, 0xa4, 0x14, 0xaa, 0xaa, 0xf5, 0x55,
  0x52, 0xaa, 0xa9, 0x1d, 0x50, 0x9d, 0x54, 0xa0, 0x00, 0x55, 0x55, 0x42, 0x09, 0x77, 0x5f, 0x6a,
  0x28, 0xb5, 0x50, 0xab, 0x44, 0x55, 0x4a, 0x52, 0x02, 0xaa, 0x8a, 0x09, 0x55, 0x55, 0xb6, 0xaa,
  0x95, 0x55, 0x4a, 0x2f, 0x29, 0x2b, 0x29, 0x20, 0x00, 0x5a, 0x64, 0x45, 0x22, 0xae, 0xde, 0xaa,
  0x44, 0x55, 0x54, 0x96, 0xa0, 0x9d, 0x52, 0x50, 0x0a, 0x55, 0x4a, 0x09, 0x14, 0xb5, 0x77, 0x55,
  0x29, 0x55, 0x50, 0x57, 0x4a, 0x25, 0x48, 0x90, 0x00, 0xad, 0x2a, 0x84, 0xaa, 0xab, 0xbd, 0x54,
  0x54, 0xaa, 0x95, 0x1a, 0xa0, 0xba, 0xaa, 0x48, 0x02, 0x34, 0xa4, 0x22, 0x45, 0x76, 0xd7, 0x55,
  0x22, 0x55, 0x50, 0x4f, 0x4a, 0x0d, 0x51, 0x20, 0x00, 0xaa, 0x94, 0x8a, 0x92, 0xab, 0x7d, 0x6a,
  0x54, 0xaa, 0xaa, 0x2b, 0x20, 0xb6, 0x8a, 0x54, 0x12, 0x5a, 0xa4, 0x04, 0x29, 0x5a, 0xaf, 0x55,
  0x22, 0x55, 0x51, 0x5e, 0xa4, 0x55, 0x51, 0x20, 0x01, 0x2a, 0x4a, 0x92, 0x85, 0x57, 0xb5, 0x54,
  0x54, 0xb6, 0x94, 0x26, 0x91, 0x15, 0x5a, 0xa8, 0x44, 0xb9, 0x54, 0x04, 0xaa, 0x6a, 0xdf, 0x55,
  0x29, 0x52, 0xa9, 0x1b, 0x48, 0xad, 0x25, 0x25, 0x11, 0x55, 0x45, 0x49, 0x12, 0xb6, 0xba, 0xaa,
  0x44, 0xaa, 0x90, 0xae, 0xa2, 0x2a, 0xa8, 0xa8, 0x00, 0x5a, 0x94, 0x04, 0x89, 0x55, 0xdf, 0x55,
  0x2a, 0x55, 0x54, 0x2b, 0x48, 0x96, 0x92, 0x40, 0x02, 0x54, 0xa4, 0x92, 0x55, 0x5b, 0x6d, 0x6a,
  0xa4, 0xaa, 0xa9, 0x2d, 0x44, 0x5a, 0xa9, 0x28, 0x01, 0x2a, 0x94, 0x04, 0x89, 0x55, 0x5f, 0x54,
  0x12, 0x55, 0x44, 0x97, 0x21, 0x37, 0xaa, 0xb0, 0x24, 0x7a, 0xa5, 0x42, 0x24, 0xae, 0xf5, 0x55,
  0x54, 0xaa, 0xa8, 0x2d, 0xa8, 0xde, 0xdb, 0x7a, 0xa8, 0xdb, 0xbe, 0x15, 0x12, 0xb5, 0xaf, 0x54,
  0x49, 0x55, 0x52, 0x96, 0x84, 0x6f, 0x7f, 0xad, 0x41, 0x7e, 0xcc, 0x40, 0xaa, 0xaa, 0xdd, 0x55,
  0x24, 0x55, 0x28, 0x56, 0xa9, 0x5a, 0xda, 0xf6, 0x98, 0x75, 0xad, 0x0a, 0x09, 0x57, 0x77, 0x55,
  0x52, 0xaa, 0xa5, 0x17, 0x40, 0xbf, 0xf5, 0x52, 0x53, 0xde, 0xd4, 0x02, 0xa4, 0xb5, 0x5d, 0x54,
  0x28, 0xaa, 0x90, 0x5a, 0xaa, 0x55, 0x12, 0xb0, 0x21, 0x5d, 0x6a, 0xa8, 0x4a, 0xad, 0xb7, 0x55,
  0x4a, 0x55, 0x55, 0x0f, 0x00, 0x2d, 0xa8, 0x44, 0x00, 0x29, 0x44, 0x05, 0x12, 0xaa, 0xdd, 0x54,
  0x24, 0xaa, 0xa8, 0x55, 0x6a, 0xaa, 0x4a, 0x90, 0x02, 0xad, 0x24, 0x82, 0x49, 0x57, 0x77, 0x55,
  0x52, 0x55, 0x44, 0x2e, 0x80, 0x2d, 0x50, 0x40, 0x00, 0x54, 0x92, 0x14, 0x94, 0xb5, 0x5d, 0x54,
  0x29, 0x55, 0x31, 0x56, 0xaa, 0x95, 0x4a, 0xa8, 0x05, 0x2a, 0x48, 0x42, 0x0a, 0xab, 0xb7, 0x55,
  0x44, 0xaa, 0x88, 0x16, 0xa0, 0x2a, 0xa4, 0x20, 0x00, 0x55, 0x45, 0x09, 0x51, 0x55, 0x6e, 0xaa,
  0x2a, 0x55, 0x6a, 0xab, 0x49, 0x2d, 0x29, 0x48, 0x02, 0x58, 0xaa, 0x04, 0x0a, 0x5b, 0x5d, 0x55,
  0x51, 0x55, 0x10, 0x2e, 0x90, 0x95, 0x44, 0x20, 0x00, 0xaa, 0x44, 0x49, 0x52, 0xaa, 0xf7, 0x68,
  0x2a, 0x55, 0x55, 0x15, 0x44, 0x55, 0x32, 0x90, 0x12, 0x2a, 0xa2, 0x02, 0x09, 0x57, 0x5d, 0x96,
  0x44, 0xaa, 0xa0, 0xaf, 0x22, 0x2a, 0x88, 0x44, 0x00, 0xa9, 0x14, 0x49, 0x54, 0xaa, 0xb6, 0xa9,
  0x28, 0x55, 0x2a, 0x15, 0x50, 0x96, 0xaa, 0x50, 0x00, 0x2a, 0xa2, 0x04, 0x0a, 0xb5, 0xde, 0xaa,
  0x52, 0xaa, 0x90, 0xae, 0x8a, 0x2a, 0xa1, 0x20, 0x02, 0xa9, 0x14, 0x92, 0xa2, 0x56, 0xb7, 0x55,
  0x24, 0xa5, 0x54, 0x2b, 0x50, 0x95, 0x2a, 0x48, 0x00, 0x54, 0xa2, 0x01, 0x15, 0x55, 0x5d, 0x54,
  0x52, 0x55, 0x29, 0x16, 0x82, 0x2d, 0x48, 0x20, 0x09, 0x2a, 0x88, 0x4a, 0x48, 0xab, 0xee, 0xaa,
  0x09, 0x55, 0x44, 0xab, 0x50, 0x95, 0x25, 0x40, 0x00, 0x54, 0xa5, 0x04, 0x12, 0xad, 0x37, 0x55,
  0x6a, 0x55, 0x30, 0x2d, 0x24, 0x55, 0x50, 0x28, 0x02, 0x55, 0x20, 0x11, 0x4a, 0x55, 0xdd, 0x54,
  0x10, 0xaa, 0x8a, 0x96, 0x91, 0x15, 0x2a, 0xa0, 0x01, 0x28, 0x95, 0x04, 0x21, 0x56, 0x6e, 0xaa,
  0x4a, 0x55, 0x50, 0x2b, 0x44, 0x56, 0x91, 0x10, 0x10, 0x55, 0x44, 0x42, 0x8d, 0x5b, 0xb6, 0xaa,
  0x51, 0x52, 0xaa, 0x96, 0xa1, 0x15, 0x4a, 0x40, 0x02, 0x2a, 0x51, 0x14, 0x50, 0xaa, 0xbb, 0x55,
  0x2a, 0x55, 0x20, 0x56, 0x94, 0x55, 0x28, 0x28, 0x00, 0xa9, 0x24, 0x02, 0x0a, 0xaa, 0xd7, 0x54,
  0x48, 0xaa, 0x9a, 0x1b, 0x41, 0x15, 0x52, 0xa0, 0x02, 0x2a, 0x82, 0x49, 0x49, 0x55, 0x5e, 0xaa,
  0x25, 0x55, 0x41, 0x4d, 0x28, 0x56, 0x88, 0x10, 0x10, 0xa8, 0xa8, 0x04, 0x24, 0xab, 0x76, 0xa9,
  0x50, 0x4a, 0xa8, 0x2b, 0x44, 0x95, 0x52, 0xa0, 0x01, 0x2a, 0x45, 0x22, 0x92, 0x55, 0xae, 0xaa,
  0x15, 0x55, 0x2a, 0x96, 0xa0, 0x2a, 0x48, 0x44, 0x00, 0x4a, 0x90, 0x08, 0x09, 0x56, 0xbb, 0x55,
  0x48, 0xaa, 0x90, 0x56, 0x95, 0x2a, 0xa5, 0x20, 0x05, 0x29, 0x45, 0x22, 0xa5, 0x5a, 0xde, 0xa9,
  0x55, 0x29, 0x4a, 0x1b, 0x40, 0x55, 0x28, 0x90, 0x00, 0x54, 0x20, 0x04, 0x12, 0x55, 0x6b, 0x54,
  0x20, 0xa5, 0x28, 0xad, 0x29, 0x15, 0x52, 0x20, 0x11, 0x2a, 0x95, 0x42, 0x89, 0x55, 0xbe, 0xaa,
  0x4a, 0x55, 0x52, 0x16, 0x80, 0x4a, 0x88, 0x90, 0x00, 0x49, 0x42, 0x08, 0x54, 0xaa, 0xab, 0x55,
  0x29, 0x55, 0x48, 0xab, 0x55, 0x2d, 0x52, 0x42, 0x02, 0x2c, 0xa8, 0x25, 0x02, 0x56, 0xde, 0xa9,
  0x48, 0xaa, 0x92, 0x15, 0x40, 0x15, 0x29, 0x28, 0x00, 0xaa, 0x04, 0x80, 0xaa, 0xab, 0x6b, 0x54
};
// Author :- Ashish ( ashish_y_794 )
// Website : https://www.oledanimationmaker.com/

const uint8_t PROGMEM frame119[1024] = {
  0x00, 0x00, 0xad, 0x55, 0xf6, 0xd5, 0xed, 0x54, 0x05, 0xea, 0xe3, 0xb5, 0xfe, 0xde, 0x80, 0x00,
  0x00, 0x01, 0x2a, 0xad, 0x5d, 0xa5, 0x6a, 0xb0, 0x0a, 0xea, 0x54, 0xfb, 0xf5, 0xb5, 0x40, 0x02,
  0x00, 0x00, 0xad, 0x56, 0xf6, 0xd5, 0xd6, 0x54, 0x04, 0xea, 0xe3, 0xaa, 0xff, 0x6e, 0x89, 0x20,
  0x08, 0x05, 0x2a, 0xaa, 0xb7, 0xa4, 0xeb, 0x28, 0x15, 0xd5, 0x49, 0x73, 0xea, 0xdb, 0x40, 0x04,
  0x20, 0x90, 0xad, 0x55, 0xdc, 0xd3, 0x6c, 0xb4, 0x04, 0xea, 0xe5, 0xba, 0xff, 0x6d, 0x00, 0x00,
  0x00, 0x01, 0x2a, 0xaa, 0xb7, 0x4a, 0xd6, 0x90, 0x05, 0xe8, 0x51, 0xb3, 0x6a, 0xde, 0xa4, 0x92,
  0x00, 0x00, 0xad, 0x56, 0xfa, 0xd5, 0x6a, 0xaa, 0x14, 0xd6, 0xe5, 0x6a, 0xfd, 0xb5, 0x40, 0x00,
  0x02, 0x02, 0x55, 0x55, 0x6d, 0xa5, 0xed, 0x34, 0x05, 0xe9, 0x49, 0xb5, 0xf6, 0xdb, 0x00, 0x04,
  0x08, 0x01, 0x2d, 0x56, 0xb6, 0xd2, 0xaa, 0x90, 0x04, 0xd4, 0xe2, 0xda, 0xed, 0xad, 0x49, 0x20,
  0x20, 0x10, 0x95, 0x55, 0xf5, 0xaa, 0xea, 0xa8, 0x12, 0xea, 0xa9, 0x73, 0xbb, 0x76, 0x80, 0x02,
  0x00, 0x02, 0x5a, 0xaa, 0xb6, 0xa5, 0x6d, 0x34, 0x05, 0xd4, 0xc5, 0xb5, 0x76, 0xdb, 0x40, 0x08,
  0x00, 0x41, 0x4d, 0x56, 0xdb, 0xaa, 0xd5, 0x50, 0x0a, 0xea, 0x62, 0xb2, 0xfd, 0xad, 0x24, 0x80,
  0x00, 0x00, 0x55, 0x55, 0x75, 0x45, 0x6a, 0x94, 0x04, 0xd1, 0x51, 0xb5, 0xeb, 0x76, 0x80, 0x02,
  0x04, 0x02, 0xad, 0x55, 0xb6, 0xd2, 0xed, 0x28, 0x12, 0xea, 0xca, 0xb2, 0xfd, 0xab, 0x40, 0x48,
  0x10, 0x00, 0x55, 0x4a, 0xdb, 0x55, 0xaa, 0xa8, 0x05, 0xa9, 0x61, 0xab, 0x6b, 0x6d, 0x12, 0x00,
  0x00, 0x22, 0x95, 0x56, 0xb5, 0xa4, 0xea, 0x28, 0x04, 0xe4, 0xca, 0xb5, 0xf6, 0xb6, 0xc0, 0x02,
  0x00, 0x00, 0x5a, 0xaa, 0xf6, 0xd2, 0xd5, 0x52, 0x12, 0xd5, 0x41, 0x52, 0xbb, 0xdb, 0x00, 0x88,
  0x01, 0x02, 0x95, 0x55, 0x5a, 0x8a, 0xd6, 0xa8, 0x05, 0xe8, 0x6a, 0xba, 0xed, 0x55, 0x44, 0x00,
  0x20, 0x00, 0x56, 0xab, 0x76, 0xe5, 0x6a, 0x28, 0x04, 0xa5, 0x41, 0xa9, 0xb6, 0xbe, 0x90, 0x11,
  0x00, 0x02, 0xaa, 0xaa, 0xdb, 0x52, 0xd5, 0x50, 0x12, 0xea, 0xea, 0xb5, 0x7b, 0xd5, 0x40, 0x40,
  0x04, 0x21, 0x15, 0x4a, 0xb5, 0x8a, 0xea, 0x94, 0x04, 0xd2, 0x41, 0x52, 0xed, 0x5b, 0x01, 0x02,
  0x00, 0x00, 0xad, 0x55, 0xed, 0x65, 0x55, 0x28, 0x02, 0xe8, 0xc9, 0x75, 0xb6, 0xad, 0x44, 0x00,
  0x00, 0x02, 0x55, 0x56, 0x55, 0x92, 0xea, 0x90, 0x15, 0xa5, 0x45, 0x2a, 0xed, 0xd5, 0x40, 0x08,
  0x10, 0x01, 0x2a, 0xaa, 0xfa, 0xca, 0xaa, 0x54, 0x00, 0xea, 0x61, 0xb1, 0x76, 0xbb, 0x00, 0x20,
  0x00, 0x88, 0x95, 0x4a, 0xad, 0x52, 0xea, 0x90, 0x06, 0xd0, 0xa4, 0xaa, 0xdb, 0x56, 0xa4, 0x02,
  0x00, 0x01, 0x5a, 0xab, 0x75, 0xa9, 0x55, 0x28, 0x11, 0xd5, 0x41, 0x53, 0x6d, 0x6a, 0x80, 0x80,
  0x04, 0x00, 0x2a, 0xaa, 0xad, 0x45, 0xea, 0xa8, 0x04, 0xd2, 0x69, 0x69, 0xb6, 0xbb, 0x40, 0x00,
  0x10, 0x02, 0x95, 0x4a, 0xf5, 0xaa, 0x55, 0x24, 0x05, 0xa8, 0xa2, 0xb5, 0x7b, 0xad, 0x12, 0x12,
  0x00, 0x21, 0x56, 0xaa, 0xad, 0x51, 0xd5, 0x28, 0x24, 0xe5, 0x41, 0x29, 0xad, 0x55, 0x80, 0x00,
  0x00, 0x00, 0x2a, 0xab, 0x75, 0xa5, 0x6a, 0x90, 0x02, 0xd4, 0x54, 0xa5, 0x75, 0xb6, 0xa0, 0x40,
  0x00, 0x02, 0x95, 0x4a, 0xad, 0x4a, 0xd5, 0x54, 0x15, 0xa9, 0x41, 0x59, 0xb6, 0xda, 0x81, 0x04,
  0x04, 0x01, 0x5a, 0xaa, 0xf5, 0xa5, 0x6d, 0x28, 0x80, 0xe4, 0xd2, 0xa5, 0x6d, 0x56, 0x84, 0x00,
  0x20, 0x44, 0x2a, 0x95, 0x56, 0xaa, 0xea, 0xaa, 0x0b, 0xaa, 0x40, 0xb2, 0xdb, 0x6a, 0xa0, 0x02,
  0x00, 0x01, 0x4a, 0xaa, 0xb5, 0x45, 0x55, 0x28, 0x04, 0xe9, 0x6a, 0xa9, 0x6d, 0x5b, 0x00, 0x20,
  0x00, 0x00, 0x2d, 0x4a, 0xed, 0xa9, 0xea, 0xa0, 0x22, 0xd4, 0x80, 0xaa, 0xf5, 0xad, 0x44, 0x02,
  0x00, 0x02, 0xaa, 0xaa, 0xb5, 0x44, 0xaa, 0x28, 0x04, 0xc9, 0x52, 0xa9, 0x56, 0xb5, 0x40, 0x80,
  0x04, 0x40, 0x95, 0x55, 0x6a, 0xaa, 0xd5, 0x50, 0x05, 0xa4, 0x41, 0x52, 0xed, 0x56, 0x80, 0x08,
  0x10, 0x02, 0x55, 0x25, 0xb6, 0xc5, 0x6a, 0x94, 0x10, 0xe9, 0x48, 0xaa, 0xb5, 0xb5, 0x44, 0x01,
  0x00, 0x01, 0x2a, 0xaa, 0xb5, 0x51, 0x54, 0x20, 0x05, 0xa4, 0x42, 0xa9, 0x6e, 0xd6, 0x80, 0x40,
  0x00, 0x00, 0x95, 0x55, 0x6a, 0xaa, 0xeb, 0x54, 0x02, 0xd2, 0x68, 0xa5, 0xb5, 0x5a, 0x90, 0x04,
  0x00, 0x24, 0x56, 0xa5, 0xb6, 0xc5, 0x54, 0x90, 0x08, 0xa8, 0x82, 0x52, 0xda, 0xab, 0x41, 0x00,
  0x01, 0x01, 0x2a, 0x95, 0x6a, 0xa9, 0x6a, 0x24, 0x05, 0xc4, 0xc9, 0x55, 0x6b, 0x6d, 0x00, 0x11,
  0x10, 0x00, 0x95, 0x55, 0x6d, 0x92, 0xd5, 0x50, 0x10, 0xb2, 0x40, 0xa9, 0x5d, 0x55, 0x44, 0x00,
  0x00, 0x02, 0x55, 0x4a, 0xb5, 0x49, 0x6a, 0x10, 0x05, 0xc8, 0x49, 0x52, 0xaa, 0xb6, 0x80, 0x44,
  0x00, 0x01, 0x2a, 0xaa, 0xd5, 0xa5, 0x55, 0x54, 0x02, 0xaa, 0xa0, 0xa9, 0x76, 0xd5, 0x40, 0x00,
  0x04, 0x00, 0x95, 0x4a, 0xb6, 0xa4, 0xe4, 0x90, 0x08, 0xd0, 0x45, 0x25, 0xaa, 0xab, 0x12, 0x00,
  0x10, 0x22, 0x55, 0x55, 0x6a, 0x92, 0xaa, 0x48, 0x05, 0xa5, 0x40, 0xb2, 0xdd, 0x5a, 0x80, 0x24,
  0x00, 0x01, 0x16, 0xa5, 0xb5, 0xca, 0xd5, 0x20, 0x00, 0xd2, 0x49, 0x51, 0x6b, 0x6b, 0x40, 0x80,
  0x00, 0x00, 0xaa, 0x55, 0x6d, 0x51, 0x6a, 0x94, 0x15, 0xa8, 0x40, 0xaa, 0xb5, 0x55, 0x10, 0x01,
  0x00, 0x04, 0x55, 0x4a, 0xb5, 0x4a, 0xaa, 0x50, 0x02, 0xa4, 0xa5, 0x22, 0xd6, 0xb6, 0xc2, 0x04,
  0x01, 0x11, 0x15, 0x55, 0x6a, 0xa5, 0x6a, 0x24, 0x04, 0xd2, 0x40, 0xb5, 0x6a, 0xd5, 0x00, 0x10,
  0x10, 0x00, 0xaa, 0xa5, 0x55, 0x91, 0xaa, 0x90, 0x11, 0x48, 0x49, 0x51, 0x5b, 0x56, 0xa0, 0x40,
  0x00, 0x01, 0x15, 0x4a, 0xf6, 0xca, 0xd5, 0x24, 0x04, 0xe5, 0x40, 0xaa, 0xad, 0x5a, 0x82, 0x00,
  0x00, 0x00, 0xaa, 0xaa, 0xaa, 0xa4, 0xaa, 0x50, 0x02, 0xa0, 0x4a, 0x51, 0x75, 0x55, 0x40, 0x02,
  0x02, 0x04, 0x55, 0x25, 0x75, 0x52, 0xe9, 0x10, 0x09, 0xaa, 0x41, 0x25, 0x56, 0xab, 0x08, 0x00,
  0x08, 0x11, 0x15, 0x55, 0x55, 0x89, 0x55, 0x48, 0x04, 0xc9, 0x40, 0xb1, 0xba, 0xda, 0xa0, 0x90,
  0x00, 0x00, 0xaa, 0xa5, 0xb6, 0xa5, 0x6a, 0x20, 0x11, 0x52, 0x2a, 0x4a, 0xd5, 0x55, 0x40, 0x02,
  0x00, 0x02, 0x15, 0x55, 0x6a, 0xa9, 0x55, 0x28, 0x04, 0xc8, 0x41, 0x51, 0x56, 0xab, 0x00, 0x00,
  0x00, 0x00, 0xaa, 0x8a, 0xb5, 0x45, 0x6a, 0x90, 0x02, 0xa4, 0x80, 0xaa, 0xba, 0xb5, 0x42, 0x10,
  0x10, 0x42, 0x55, 0x55, 0x55, 0xa9, 0xaa, 0x48, 0x20, 0xd2, 0x54, 0xa1, 0x6a, 0xd6, 0x88, 0x42,
  0x01, 0x01, 0x15, 0x4a, 0xf6, 0xa4, 0xd5, 0x22, 0x05, 0xa8, 0x41, 0x2a, 0xaa, 0xaa, 0x80, 0x00,
  0x00, 0x00, 0x55, 0x2a, 0xaa, 0x92, 0xaa, 0x10, 0x04, 0xa5, 0x20, 0xa9, 0x6d, 0x55, 0x40, 0x00,
  0x00, 0x02, 0x95, 0x52, 0xb5, 0x49, 0x69, 0x50, 0x02, 0xc8, 0x44, 0xa2, 0xb5, 0x5b, 0x11, 0x08,
  0x08, 0x00, 0x55, 0x4a, 0xd5, 0xa5, 0x55, 0x14, 0x10, 0xa2, 0x41, 0x29, 0x55, 0x6a, 0x80, 0x01
};
// Author :- Ashish ( ashish_y_794 )
// Website : https://www.oledanimationmaker.com/

const uint8_t PROGMEM frame120[1024] = {
  0x00, 0x00, 0x00, 0x40, 0x48, 0x48, 0x0f, 0xd0, 0x0b, 0x79, 0xfa, 0x51, 0x29, 0x00, 0x00, 0x00,
  0x00, 0x00, 0x00, 0x22, 0x55, 0x25, 0x57, 0xe8, 0x15, 0x2a, 0xdd, 0x2a, 0x4a, 0x00, 0x00, 0x00,
  0x00, 0x00, 0x00, 0x90, 0x88, 0x90, 0x07, 0xa8, 0x06, 0xb9, 0xfa, 0x90, 0xa9, 0x00, 0x00, 0x00,
  0x00, 0x00, 0x00, 0x40, 0x54, 0x4a, 0xaf, 0xc8, 0x15, 0x75, 0x75, 0x4a, 0x14, 0x00, 0x00, 0x00,
  0x00, 0x00, 0x00, 0x4a, 0x4a, 0x21, 0x06, 0xe8, 0x06, 0x99, 0xbd, 0x24, 0xaa, 0x00, 0x00, 0x00,
  0x00, 0x00, 0x00, 0x40, 0xa4, 0x94, 0x2b, 0xc8, 0x15, 0x75, 0xf4, 0x92, 0x49, 0x00, 0x00, 0x00,
  0x00, 0x00, 0x00, 0x50, 0x52, 0x49, 0x0f, 0xd0, 0x06, 0x99, 0x5a, 0x54, 0xaa, 0x00, 0x00, 0x00,
  0x00, 0x00, 0x00, 0x42, 0x08, 0x20, 0x47, 0xd4, 0x15, 0x72, 0xfa, 0x91, 0x09, 0x00, 0x00, 0x00,
  0x00, 0x00, 0x00, 0x20, 0xd5, 0x15, 0x17, 0x50, 0x06, 0x99, 0x5a, 0x48, 0x54, 0x00, 0x00, 0x00,
  0x00, 0x00, 0x00, 0x88, 0x28, 0xa0, 0x4f, 0xd0, 0x12, 0x55, 0xf5, 0x25, 0x2a, 0x00, 0x00, 0x00,
  0x00, 0x00, 0x00, 0x41, 0x44, 0x0a, 0x07, 0xc8, 0x0b, 0x39, 0x5a, 0x50, 0x95, 0x00, 0x00, 0x00,
  0x00, 0x00, 0x00, 0x50, 0x2a, 0xa1, 0x2b, 0x68, 0x14, 0xa9, 0x7a, 0x95, 0x48, 0x00, 0x00, 0x00,
  0x00, 0x00, 0x00, 0x44, 0x90, 0x14, 0x0f, 0xc8, 0x06, 0xb2, 0xb4, 0x48, 0x2a, 0x80, 0x00, 0x00,
  0x00, 0x00, 0x00, 0x20, 0x4c, 0x89, 0x27, 0x60, 0x12, 0x29, 0xda, 0xa5, 0x4a, 0x00, 0x00, 0x00,
  0x00, 0x00, 0x00, 0x82, 0x52, 0x20, 0x0b, 0xd4, 0x05, 0xb4, 0xb4, 0x10, 0x29, 0x00, 0x00, 0x00,
  0x00, 0x00, 0x00, 0x50, 0x48, 0x49, 0x27, 0x48, 0x16, 0x12, 0xda, 0xaa, 0x94, 0x00, 0x00, 0x00,
  0x00, 0x00, 0x00, 0x41, 0x24, 0x04, 0x0f, 0xe0, 0x02, 0xb1, 0x74, 0x40, 0x4a, 0x00, 0x00, 0x00,
  0x00, 0x00, 0x00, 0x24, 0x4a, 0xa9, 0x26, 0xa8, 0x15, 0x1a, 0xb5, 0x2a, 0xa9, 0x00, 0x00, 0x00,
  0x00, 0x00, 0x00, 0x80, 0x90, 0x00, 0x0b, 0xc8, 0x04, 0xa9, 0x5a, 0x48, 0x14, 0x00, 0x00, 0x00,
  0x00, 0x00, 0x00, 0x50, 0x4a, 0x54, 0x47, 0xa0, 0x12, 0x29, 0x69, 0x25, 0x4a, 0x00, 0x00, 0x00,
  0x00, 0x00, 0x00, 0x22, 0x54, 0x01, 0x17, 0xd4, 0x06, 0xa9, 0x5a, 0x50, 0x29, 0x00, 0x00, 0x00,
  0x00, 0x00, 0x00, 0x88, 0x40, 0xa8, 0x06, 0xc8, 0x12, 0x29, 0x74, 0x0a, 0xaa, 0x00, 0x00, 0x00,
  0x00, 0x00, 0x00, 0x40, 0x94, 0x02, 0x2b, 0xa0, 0x05, 0x22, 0x95, 0x50, 0x09, 0x00, 0x00, 0x00,
  0x00, 0x00, 0x00, 0x22, 0x4a, 0x48, 0x07, 0xd0, 0x12, 0x98, 0xd8, 0x4a, 0xaa, 0x00, 0x00, 0x00,
  0x00, 0x00, 0x00, 0x90, 0x24, 0x01, 0x2e, 0xa8, 0x04, 0x22, 0xb5, 0x20, 0x54, 0x00, 0x00, 0x00,
  0x00, 0x00, 0x00, 0x40, 0x90, 0xa8, 0x07, 0xc0, 0x06, 0x99, 0x54, 0x95, 0x0a, 0x80, 0x00, 0x00,
  0x00, 0x00, 0x00, 0x24, 0x4a, 0x04, 0x8b, 0x54, 0x12, 0x22, 0xb4, 0x48, 0xa9, 0x00, 0x00, 0x00,
  0x00, 0x00, 0x00, 0x40, 0xa4, 0x20, 0x07, 0xc8, 0x05, 0x28, 0xaa, 0x22, 0x2a, 0x00, 0x00, 0x00,
  0x00, 0x00, 0x00, 0x22, 0x10, 0x09, 0x2b, 0x50, 0x12, 0x29, 0x54, 0x94, 0x89, 0x00, 0x00, 0x00,
  0x00, 0x00, 0x00, 0x90, 0x4a, 0xa0, 0x07, 0xc8, 0x05, 0x12, 0xb4, 0x48, 0x54, 0x00, 0x00, 0x00,
  0x00, 0x00, 0x00, 0x41, 0x24, 0x09, 0x16, 0xa0, 0x04, 0xa1, 0x55, 0x22, 0x2a, 0x00, 0x00, 0x00,
  0x00, 0x00, 0x00, 0x24, 0x50, 0x00, 0x07, 0xd0, 0x12, 0x14, 0xb4, 0x48, 0x89, 0x00, 0x00, 0x00,
  0x00, 0x00, 0x00, 0x40, 0x4a, 0x49, 0x26, 0xa4, 0x05, 0x29, 0x52, 0x24, 0x54, 0x00, 0x00, 0x00,
  0x00, 0x00, 0x00, 0x21, 0x08, 0x04, 0x0b, 0xc8, 0x04, 0x90, 0xa9, 0x11, 0x2a, 0x00, 0x00, 0x00,
  0x00, 0x00, 0x00, 0x90, 0x52, 0x50, 0x07, 0x50, 0x12, 0x22, 0xb4, 0x48, 0x89, 0x00, 0x00, 0x00,
  0x00, 0x00, 0x00, 0x44, 0x88, 0x01, 0x2b, 0xa0, 0x05, 0x11, 0x55, 0x24, 0x54, 0x00, 0x00, 0x00,
  0x00, 0x00, 0x00, 0x20, 0x54, 0x24, 0x07, 0x48, 0x04, 0x92, 0x50, 0x52, 0x2a, 0x00, 0x00, 0x00,
  0x00, 0x00, 0x00, 0x82, 0x22, 0x00, 0x17, 0xd0, 0x12, 0x21, 0x56, 0x08, 0x89, 0x00, 0x00, 0x00,
  0x00, 0x00, 0x00, 0x50, 0x88, 0x49, 0x06, 0xa0, 0x05, 0x14, 0xa8, 0xa2, 0x54, 0x00, 0x00, 0x00,
  0x00, 0x00, 0x00, 0x00, 0x54, 0x00, 0x27, 0xa8, 0x02, 0x41, 0x54, 0x28, 0x2a, 0x80, 0x00, 0x00,
  0x00, 0x00, 0x00, 0x54, 0x82, 0x29, 0x0a, 0xc0, 0x14, 0x12, 0x55, 0x12, 0x89, 0x00, 0x00, 0x00,
  0x00, 0x00, 0x00, 0x40, 0x54, 0x00, 0x07, 0xa8, 0x02, 0x91, 0x50, 0xa0, 0x54, 0x00, 0x00, 0x00,
  0x00, 0x00, 0x00, 0x21, 0x08, 0x88, 0x2b, 0x40, 0x05, 0x09, 0x2c, 0x15, 0x0a, 0x00, 0x00, 0x00,
  0x00, 0x00, 0x00, 0x88, 0x52, 0x02, 0x07, 0xa8, 0x12, 0x20, 0xb2, 0xa0, 0x55, 0x00, 0x00, 0x00,
  0x00, 0x00, 0x00, 0x41, 0x08, 0x28, 0x4a, 0xc0, 0x04, 0x92, 0x94, 0x15, 0x28, 0x00, 0x00, 0x00,
  0x00, 0x00, 0x00, 0x24, 0x52, 0x01, 0x07, 0xa8, 0x02, 0x09, 0x52, 0x40, 0x4a, 0x00, 0x00, 0x00,
  0x00, 0x00, 0x00, 0x80, 0x48, 0x08, 0x0b, 0x40, 0x15, 0x20, 0xa8, 0x2a, 0x2a, 0x00, 0x00, 0x00,
  0x00, 0x00, 0x00, 0x51, 0x12, 0x40, 0x27, 0xa8, 0x02, 0x12, 0xaa, 0x91, 0x09, 0x00, 0x00, 0x00,
  0x00, 0x00, 0x00, 0x04, 0x48, 0x09, 0x06, 0xc0, 0x04, 0x81, 0x28, 0x44, 0x54, 0x00, 0x00, 0x00,
  0x00, 0x00, 0x00, 0xa0, 0x24, 0x20, 0x0b, 0x54, 0x12, 0x28, 0xaa, 0x28, 0x95, 0x00, 0x00, 0x00,
  0x00, 0x00, 0x00, 0x11, 0x48, 0x84, 0x27, 0xa0, 0x05, 0x02, 0xa8, 0x82, 0x2a, 0x00, 0x00, 0x00,
  0x00, 0x00, 0x00, 0x40, 0x24, 0x00, 0x0b, 0x50, 0x12, 0x28, 0x94, 0x28, 0x88, 0x00, 0x00, 0x00,
  0x00, 0x00, 0x00, 0x49, 0x10, 0x11, 0x07, 0xa0, 0x02, 0x02, 0x52, 0x44, 0x55, 0x00, 0x00, 0x00,
  0x00, 0x00, 0x00, 0x20, 0x4a, 0x44, 0x26, 0xc8, 0x04, 0xa1, 0x54, 0x29, 0x0a, 0x00, 0x00, 0x00,
  0x00, 0x00, 0x00, 0x84, 0x90, 0x00, 0x0b, 0x40, 0x12, 0x11, 0x29, 0x10, 0x54, 0x00, 0x00, 0x00,
  0x00, 0x00, 0x00, 0x50, 0x4a, 0x11, 0x07, 0xa8, 0x04, 0x84, 0xa4, 0x44, 0x8a, 0x00, 0x00, 0x00,
  0x00, 0x00, 0x00, 0x00, 0x20, 0x44, 0x2a, 0xc0, 0x02, 0x11, 0x52, 0x28, 0x29, 0x00, 0x00, 0x00,
  0x00, 0x00, 0x00, 0xa4, 0x8a, 0x00, 0x07, 0x54, 0x14, 0x81, 0x28, 0x82, 0x94, 0x00, 0x00, 0x00,
  0x00, 0x00, 0x00, 0x00, 0x50, 0x08, 0x0b, 0xa0, 0x02, 0x24, 0xaa, 0x28, 0x4a, 0x00, 0x00, 0x00,
  0x00, 0x00, 0x00, 0xa4, 0x8a, 0x21, 0x26, 0xc8, 0x04, 0x81, 0x24, 0x22, 0x29, 0x00, 0x00, 0x00,
  0x00, 0x00, 0x00, 0x10, 0x44, 0x04, 0x07, 0x40, 0x12, 0x12, 0xa8, 0x90, 0x8c, 0x00, 0x00, 0x00,
  0x00, 0x00, 0x00, 0x41, 0x28, 0x10, 0x17, 0x68, 0x04, 0x00, 0x92, 0x24, 0x52, 0x00, 0x00, 0x00,
  0x00, 0x00, 0x00, 0x44, 0x04, 0x80, 0x45, 0x80, 0x02, 0xa5, 0x54, 0x12, 0x09, 0x00, 0x00, 0x00,
  0x00, 0x00, 0x00, 0x20, 0xa8, 0x09, 0x07, 0x68, 0x12, 0x00, 0x90, 0xa1, 0x54, 0x00, 0x00, 0x00
};
// Author :- Ashish ( ashish_y_794 )
// Website : https://www.oledanimationmaker.com/

const uint8_t PROGMEM frame121[1024] = {
  0x00, 0x00, 0x00, 0x00, 0x02, 0xaa, 0xac, 0xf0, 0x0b, 0x7f, 0x7a, 0xfa, 0x00, 0x00, 0x00, 0x00,
  0x00, 0x00, 0x00, 0x00, 0x91, 0x55, 0x5c, 0xb0, 0x0d, 0xfe, 0x95, 0x7b, 0x00, 0x00, 0x00, 0x00,
  0x00, 0x00, 0x00, 0x00, 0x04, 0xad, 0x54, 0xf0, 0x0a, 0x7e, 0xf9, 0xb5, 0x00, 0x00, 0x00, 0x00,
  0x00, 0x00, 0x00, 0x00, 0x92, 0xaa, 0xac, 0xb8, 0x0b, 0x7d, 0x2c, 0xdd, 0x00, 0x00, 0x00, 0x00,
  0x00, 0x00, 0x00, 0x00, 0x01, 0x55, 0x5a, 0xd0, 0x0a, 0xef, 0xb5, 0x7a, 0x80, 0x00, 0x00, 0x00,
  0x00, 0x00, 0x00, 0x00, 0xa4, 0xaa, 0xac, 0x70, 0x0b, 0x7d, 0x59, 0xf5, 0x00, 0x00, 0x00, 0x00,
  0x00, 0x00, 0x00, 0x00, 0x02, 0x95, 0x54, 0xd8, 0x0a, 0xbe, 0xac, 0xba, 0x00, 0x00, 0x00, 0x00,
  0x00, 0x00, 0x00, 0x00, 0x90, 0xb5, 0x2c, 0xb0, 0x0a, 0xfd, 0xb5, 0x7b, 0x00, 0x00, 0x00, 0x00,
  0x00, 0x00, 0x00, 0x00, 0x05, 0x55, 0x58, 0xf0, 0x0b, 0x36, 0xaa, 0xda, 0x00, 0x00, 0x00, 0x00,
  0x00, 0x00, 0x00, 0x00, 0x90, 0xaa, 0xac, 0x58, 0x0a, 0xfe, 0xb9, 0x7a, 0x80, 0x00, 0x00, 0x00,
  0x00, 0x00, 0x00, 0x00, 0x05, 0x55, 0x54, 0xf0, 0x0a, 0x6d, 0x55, 0xba, 0x00, 0x00, 0x00, 0x00,
  0x00, 0x00, 0x00, 0x00, 0x90, 0x94, 0x54, 0xa8, 0x0a, 0xbf, 0x58, 0xdb, 0x00, 0x00, 0x00, 0x00,
  0x00, 0x00, 0x00, 0x00, 0x02, 0xab, 0x58, 0xb0, 0x0a, 0xba, 0xad, 0x79, 0x00, 0x00, 0x00, 0x00,
  0x00, 0x00, 0x00, 0x00, 0xa4, 0xa9, 0x2a, 0x70, 0x0a, 0xee, 0xb4, 0xdd, 0x00, 0x00, 0x00, 0x00,
  0x00, 0x00, 0x00, 0x00, 0x01, 0x55, 0x54, 0xb0, 0x09, 0x3d, 0x5a, 0xba, 0x00, 0x00, 0x00, 0x00,
  0x00, 0x00, 0x00, 0x00, 0x92, 0x54, 0x94, 0x58, 0x0a, 0xb6, 0xa9, 0xfa, 0x80, 0x00, 0x00, 0x00,
  0x00, 0x00, 0x00, 0x00, 0x01, 0x4a, 0x58, 0xf0, 0x09, 0x7d, 0x5a, 0x5a, 0x00, 0x00, 0x00, 0x00,
  0x00, 0x00, 0x00, 0x00, 0x94, 0xaa, 0xaa, 0x50, 0x05, 0x6d, 0x54, 0xfa, 0x80, 0x00, 0x00, 0x00,
  0x00, 0x00, 0x00, 0x00, 0x01, 0x29, 0x28, 0xb0, 0x0a, 0x36, 0xa9, 0x5a, 0x00, 0x00, 0x00, 0x00,
  0x00, 0x00, 0x00, 0x00, 0xa4, 0xaa, 0x94, 0x58, 0x09, 0x6d, 0x5a, 0xfa, 0x80, 0x00, 0x00, 0x00,
  0x00, 0x00, 0x00, 0x00, 0x01, 0x54, 0xa8, 0xe0, 0x04, 0xba, 0xa9, 0x5a, 0x00, 0x00, 0x00, 0x00,
  0x00, 0x00, 0x00, 0x00, 0x92, 0x4a, 0x54, 0x58, 0x0a, 0x6e, 0xac, 0xb9, 0x00, 0x00, 0x00, 0x00,
  0x00, 0x00, 0x00, 0x00, 0x01, 0x29, 0x28, 0xb0, 0x09, 0x35, 0x55, 0x7a, 0x80, 0x00, 0x00, 0x00,
  0x00, 0x00, 0x00, 0x00, 0xa8, 0xaa, 0x94, 0x50, 0x04, 0xbd, 0x58, 0xda, 0x00, 0x00, 0x00, 0x00,
  0x00, 0x00, 0x00, 0x00, 0x02, 0xa4, 0x52, 0xb0, 0x0a, 0x6a, 0xaa, 0xba, 0x80, 0x00, 0x00, 0x00,
  0x00, 0x00, 0x00, 0x00, 0x40, 0x95, 0x48, 0x58, 0x01, 0x36, 0xa9, 0x7a, 0x00, 0x00, 0x00, 0x00,
  0x00, 0x00, 0x00, 0x00, 0x15, 0x55, 0x2a, 0x70, 0x0a, 0x6d, 0x54, 0xb5, 0x00, 0x00, 0x00, 0x00,
  0x00, 0x00, 0x00, 0x00, 0x80, 0xa8, 0x94, 0x50, 0x09, 0x35, 0x5a, 0xda, 0x00, 0x00, 0x00, 0x00,
  0x00, 0x00, 0x00, 0x00, 0x24, 0x95, 0x50, 0xb0, 0x04, 0x6d, 0x54, 0xba, 0x80, 0x00, 0x00, 0x00,
  0x00, 0x00, 0x00, 0x00, 0x82, 0x49, 0x14, 0x50, 0x09, 0x36, 0xa9, 0x7a, 0x00, 0x00, 0x00, 0x00,
  0x00, 0x00, 0x00, 0x00, 0x21, 0x54, 0xa8, 0xb0, 0x04, 0x6a, 0x54, 0xb9, 0x00, 0x00, 0x00, 0x00,
  0x00, 0x00, 0x00, 0x00, 0x88, 0xaa, 0x14, 0x50, 0x09, 0x3d, 0x55, 0x6d, 0x00, 0x00, 0x00, 0x00,
  0x00, 0x00, 0x00, 0x00, 0x02, 0x45, 0x48, 0xb0, 0x02, 0x65, 0x54, 0xba, 0x00, 0x00, 0x00, 0x00,
  0x00, 0x00, 0x00, 0x00, 0xa9, 0x30, 0xa8, 0x58, 0x08, 0x3a, 0xa9, 0x79, 0x00, 0x00, 0x00, 0x00,
  0x00, 0x00, 0x00, 0x00, 0x00, 0x96, 0x14, 0xa0, 0x05, 0x6d, 0x54, 0xb5, 0x00, 0x00, 0x00, 0x00,
  0x00, 0x00, 0x00, 0x00, 0x8a, 0xa9, 0x48, 0x58, 0x08, 0x2a, 0xaa, 0xda, 0x00, 0x00, 0x00, 0x00,
  0x00, 0x00, 0x00, 0x00, 0x20, 0x94, 0x52, 0x68, 0x02, 0xb5, 0x29, 0x7a, 0x80, 0x00, 0x00, 0x00,
  0x00, 0x00, 0x00, 0x00, 0x82, 0x4a, 0x88, 0x50, 0x08, 0x6d, 0x54, 0xb9, 0x00, 0x00, 0x00, 0x00,
  0x00, 0x00, 0x00, 0x00, 0x10, 0xa9, 0x28, 0xb0, 0x05, 0x35, 0x54, 0xac, 0x00, 0x00, 0x00, 0x00,
  0x00, 0x00, 0x00, 0x00, 0x85, 0x52, 0x4a, 0x50, 0x08, 0x55, 0x55, 0x7b, 0x00, 0x00, 0x00, 0x00,
  0x00, 0x00, 0x00, 0x00, 0x20, 0x89, 0x10, 0x50, 0x02, 0x6d, 0x28, 0xb8, 0x80, 0x00, 0x00, 0x00,
  0x00, 0x00, 0x00, 0x00, 0x8a, 0x54, 0xaa, 0x58, 0x08, 0x35, 0x55, 0x5a, 0x00, 0x00, 0x00, 0x00,
  0x00, 0x00, 0x00, 0x00, 0x20, 0xaa, 0x08, 0x50, 0x05, 0x55, 0x54, 0xfa, 0x00, 0x00, 0x00, 0x00,
  0x00, 0x00, 0x00, 0x00, 0x82, 0x49, 0x54, 0x50, 0x00, 0x6d, 0x29, 0x29, 0x00, 0x00, 0x00, 0x00,
  0x00, 0x00, 0x00, 0x00, 0x11, 0x54, 0x48, 0xb0, 0x0a, 0x35, 0x54, 0xdd, 0x00, 0x00, 0x00, 0x00,
  0x00, 0x00, 0x00, 0x00, 0x84, 0x92, 0x92, 0x50, 0x01, 0x55, 0x55, 0x79, 0x00, 0x00, 0x00, 0x00,
  0x00, 0x00, 0x00, 0x00, 0x40, 0xa9, 0x08, 0x58, 0x08, 0x35, 0x28, 0xb4, 0x00, 0x00, 0x00, 0x00,
  0x00, 0x00, 0x00, 0x00, 0x12, 0x4a, 0x54, 0x50, 0x05, 0x6d, 0x55, 0x5b, 0x00, 0x00, 0x00, 0x00,
  0x00, 0x00, 0x00, 0x00, 0x84, 0xa4, 0x28, 0xb0, 0x00, 0x2a, 0xa8, 0xb8, 0x80, 0x00, 0x00, 0x00,
  0x00, 0x00, 0x00, 0x00, 0x41, 0x29, 0x44, 0x50, 0x0a, 0x6a, 0x55, 0x7a, 0x00, 0x00, 0x00, 0x00,
  0x00, 0x00, 0x00, 0x00, 0x28, 0x94, 0x90, 0x50, 0x01, 0x2d, 0x54, 0xaa, 0x80, 0x00, 0x00, 0x00,
  0x00, 0x00, 0x00, 0x00, 0x82, 0x52, 0x2a, 0x50, 0x08, 0x6a, 0xa9, 0x5a, 0x00, 0x00, 0x00, 0x00,
  0x00, 0x00, 0x00, 0x00, 0x41, 0x49, 0x48, 0x58, 0x05, 0x2a, 0x54, 0xb9, 0x00, 0x00, 0x00, 0x00,
  0x00, 0x00, 0x00, 0x00, 0x88, 0xaa, 0x10, 0xa0, 0x00, 0x6d, 0x54, 0xda, 0x00, 0x00, 0x00, 0x00,
  0x00, 0x00, 0x00, 0x00, 0x22, 0x51, 0x4a, 0x58, 0x0a, 0x2a, 0xa9, 0x79, 0x00, 0x00, 0x00, 0x00,
  0x00, 0x00, 0x00, 0x00, 0x81, 0x2a, 0x28, 0x50, 0x00, 0xb5, 0x28, 0x9a, 0x00, 0x00, 0x00, 0x00,
  0x00, 0x00, 0x00, 0x00, 0x24, 0x94, 0x88, 0xb0, 0x0a, 0x2a, 0xaa, 0xf9, 0x00, 0x00, 0x00, 0x00,
  0x00, 0x00, 0x00, 0x00, 0x80, 0xa2, 0x54, 0x50, 0x00, 0xad, 0x54, 0x9a, 0x00, 0x00, 0x00, 0x00,
  0x00, 0x00, 0x00, 0x00, 0x4a, 0xa9, 0x08, 0x50, 0x0a, 0x34, 0xa9, 0x75, 0x00, 0x00, 0x00, 0x00,
  0x00, 0x00, 0x00, 0x00, 0x80, 0x54, 0xa4, 0xa8, 0x00, 0x55, 0x28, 0x98, 0x00, 0x00, 0x00, 0x00,
  0x00, 0x00, 0x00, 0x00, 0x25, 0x2a, 0x10, 0x50, 0x0a, 0x6a, 0xaa, 0xbb, 0x00, 0x00, 0x00, 0x00,
  0x00, 0x00, 0x00, 0x00, 0x80, 0xa1, 0x4a, 0x50, 0x00, 0x2d, 0x54, 0xd8, 0x00, 0x00, 0x00, 0x00,
  0x00, 0x00, 0x00, 0x00, 0x49, 0x54, 0x28, 0x50, 0x0a, 0x54, 0xa9, 0x3a, 0x80, 0x00, 0x00, 0x00,
  0x00, 0x00, 0x00, 0x00, 0x80, 0x95, 0x48, 0xb0, 0x00, 0x6a, 0x54, 0xd9, 0x00, 0x00, 0x00, 0x00
};
// Author :- Ashish ( ashish_y_794 )
// Website : https://www.oledanimationmaker.com/

const uint8_t PROGMEM frame122[1024] = {
  0x00, 0x00, 0x00, 0x00, 0x15, 0x2b, 0x5b, 0x60, 0x0d, 0xfb, 0x9d, 0xf0, 0x00, 0x00, 0x00, 0x00,
  0x00, 0x00, 0x00, 0x00, 0x1a, 0x97, 0xbd, 0x30, 0x0b, 0xed, 0x57, 0xd8, 0x00, 0x00, 0x00, 0x00,
  0x00, 0x00, 0x00, 0x00, 0x16, 0x52, 0xd5, 0x28, 0x0d, 0xdb, 0x9b, 0xe8, 0x00, 0x00, 0x00, 0x00,
  0x00, 0x00, 0x00, 0x00, 0x15, 0x2b, 0x5a, 0xb0, 0x0a, 0xed, 0xad, 0xb0, 0x00, 0x00, 0x00, 0x00,
  0x00, 0x00, 0x00, 0x00, 0x16, 0x97, 0x6d, 0x50, 0x0b, 0xf6, 0x9f, 0xd4, 0x00, 0x00, 0x00, 0x00,
  0x00, 0x00, 0x00, 0x00, 0x1a, 0x53, 0x5a, 0x60, 0x0d, 0xdb, 0x55, 0xe8, 0x00, 0x00, 0x00, 0x00,
  0x00, 0x00, 0x00, 0x00, 0x0b, 0x2b, 0x5b, 0x30, 0x0a, 0xed, 0x9b, 0xb0, 0x00, 0x00, 0x00, 0x00,
  0x00, 0x00, 0x00, 0x00, 0x1a, 0x96, 0xd5, 0x50, 0x0a, 0xeb, 0x5d, 0xd8, 0x00, 0x00, 0x00, 0x00,
  0x00, 0x00, 0x00, 0x00, 0x15, 0x27, 0x5a, 0x20, 0x0b, 0xda, 0x97, 0xe8, 0x00, 0x00, 0x00, 0x00,
  0x00, 0x00, 0x00, 0x00, 0x16, 0x92, 0xb5, 0x70, 0x0a, 0xed, 0xab, 0xa8, 0x00, 0x00, 0x00, 0x00,
  0x00, 0x00, 0x00, 0x00, 0x1a, 0x57, 0x5a, 0x20, 0x0a, 0xeb, 0x5d, 0xe8, 0x00, 0x00, 0x00, 0x00,
  0x00, 0x00, 0x00, 0x00, 0x0a, 0x93, 0x55, 0x50, 0x0a, 0xda, 0x95, 0xd0, 0x00, 0x00, 0x00, 0x00,
  0x00, 0x00, 0x00, 0x00, 0x15, 0x2a, 0xb5, 0x20, 0x0a, 0xeb, 0x5b, 0xd8, 0x00, 0x00, 0x00, 0x00,
  0x00, 0x00, 0x00, 0x00, 0x1a, 0x97, 0x54, 0x30, 0x0a, 0xed, 0x4d, 0xe0, 0x00, 0x00, 0x00, 0x00,
  0x00, 0x00, 0x00, 0x00, 0x16, 0x45, 0x5b, 0x20, 0x0a, 0xd5, 0x2d, 0xb8, 0x00, 0x00, 0x00, 0x00,
  0x00, 0x00, 0x00, 0x00, 0x15, 0x37, 0x54, 0x50, 0x09, 0xeb, 0x9b, 0xc8, 0x00, 0x00, 0x00, 0x00,
  0x00, 0x00, 0x00, 0x00, 0x15, 0x45, 0x55, 0x20, 0x0a, 0xda, 0xad, 0xe8, 0x00, 0x00, 0x00, 0x00,
  0x00, 0x00, 0x00, 0x00, 0x16, 0x96, 0xb4, 0x30, 0x09, 0xea, 0x97, 0xa8, 0x00, 0x00, 0x00, 0x00,
  0x00, 0x00, 0x00, 0x00, 0x15, 0x23, 0x53, 0x20, 0x04, 0xd5, 0x59, 0xd0, 0x00, 0x00, 0x00, 0x00,
  0x00, 0x00, 0x00, 0x00, 0x15, 0x16, 0xa8, 0x50, 0x0a, 0xd5, 0x17, 0xd8, 0x00, 0x00, 0x00, 0x00,
  0x00, 0x00, 0x00, 0x00, 0x16, 0xab, 0x56, 0x20, 0x09, 0xeb, 0xad, 0xd0, 0x00, 0x00, 0x00, 0x00,
  0x00, 0x00, 0x00, 0x00, 0x15, 0x15, 0x55, 0x28, 0x0a, 0xaa, 0x55, 0xd4, 0x00, 0x00, 0x00, 0x00,
  0x00, 0x00, 0x00, 0x00, 0x15, 0x46, 0xa8, 0x50, 0x04, 0xeb, 0x1b, 0xa8, 0x00, 0x00, 0x00, 0x00,
  0x00, 0x00, 0x00, 0x00, 0x16, 0xab, 0x55, 0x20, 0x09, 0xd5, 0x55, 0xd0, 0x00, 0x00, 0x00, 0x00,
  0x00, 0x00, 0x00, 0x00, 0x15, 0x15, 0x2a, 0x20, 0x04, 0xd5, 0x4d, 0xd0, 0x00, 0x00, 0x00, 0x00,
  0x00, 0x00, 0x00, 0x00, 0x15, 0x46, 0xa9, 0x20, 0x09, 0xd5, 0x1b, 0xd8, 0x00, 0x00, 0x00, 0x00,
  0x00, 0x00, 0x00, 0x00, 0x16, 0x93, 0x54, 0x28, 0x04, 0xd5, 0x55, 0xa0, 0x00, 0x00, 0x00, 0x00,
  0x00, 0x00, 0x00, 0x00, 0x15, 0x2a, 0x92, 0x20, 0x09, 0xd5, 0x5b, 0xd8, 0x00, 0x00, 0x00, 0x00,
  0x00, 0x00, 0x00, 0x00, 0x15, 0x16, 0xa9, 0x20, 0x04, 0xd5, 0x0d, 0xd0, 0x00, 0x00, 0x00, 0x00,
  0x00, 0x00, 0x00, 0x00, 0x15, 0x46, 0xaa, 0x20, 0x09, 0xaa, 0xb5, 0xa8, 0x00, 0x00, 0x00, 0x00,
  0x00, 0x00, 0x00, 0x00, 0x16, 0xaa, 0x94, 0x50, 0x04, 0xea, 0x95, 0xd0, 0x00, 0x00, 0x00, 0x00,
  0x00, 0x00, 0x00, 0x00, 0x15, 0x13, 0x52, 0x20, 0x09, 0xaa, 0x9b, 0xd4, 0x00, 0x00, 0x00, 0x00,
  0x00, 0x00, 0x00, 0x00, 0x15, 0x4a, 0xa9, 0x10, 0x02, 0xd5, 0x2b, 0xa8, 0x00, 0x00, 0x00, 0x00,
  0x00, 0x00, 0x00, 0x00, 0x0b, 0x26, 0x94, 0x40, 0x08, 0xd5, 0x4d, 0xd0, 0x00, 0x00, 0x00, 0x00,
  0x00, 0x00, 0x00, 0x00, 0x15, 0x16, 0xa9, 0x28, 0x05, 0xd2, 0x95, 0xa8, 0x00, 0x00, 0x00, 0x00,
  0x00, 0x00, 0x00, 0x00, 0x16, 0xa2, 0x92, 0x20, 0x08, 0xd5, 0x1b, 0xd0, 0x00, 0x00, 0x00, 0x00,
  0x00, 0x00, 0x00, 0x00, 0x15, 0x16, 0xa9, 0x10, 0x02, 0xd5, 0x55, 0xa8, 0x00, 0x00, 0x00, 0x00,
  0x00, 0x00, 0x00, 0x00, 0x15, 0x4b, 0x54, 0x20, 0x08, 0xd5, 0x1a, 0xc8, 0x00, 0x00, 0x00, 0x00,
  0x00, 0x00, 0x00, 0x00, 0x16, 0x96, 0x22, 0x20, 0x05, 0xa9, 0x4b, 0xd0, 0x00, 0x00, 0x00, 0x00,
  0x00, 0x00, 0x00, 0x00, 0x15, 0x23, 0x59, 0x28, 0x08, 0xd5, 0x2a, 0xd0, 0x00, 0x00, 0x00, 0x00,
  0x00, 0x00, 0x00, 0x00, 0x15, 0x16, 0x88, 0x20, 0x02, 0xd5, 0x1b, 0xa8, 0x00, 0x00, 0x00, 0x00,
  0x00, 0x00, 0x00, 0x00, 0x15, 0x52, 0xaa, 0x20, 0x08, 0xd2, 0xaa, 0xd0, 0x00, 0x00, 0x00, 0x00,
  0x00, 0x00, 0x00, 0x00, 0x0b, 0x0e, 0xa2, 0x50, 0x05, 0xd5, 0x15, 0xc8, 0x00, 0x00, 0x00, 0x00,
  0x00, 0x00, 0x00, 0x00, 0x15, 0x52, 0x99, 0x00, 0x08, 0xd5, 0x5b, 0xa8, 0x00, 0x00, 0x00, 0x00,
  0x00, 0x00, 0x00, 0x00, 0x1a, 0x8b, 0x48, 0x28, 0x02, 0xd2, 0x0a, 0xd0, 0x00, 0x00, 0x00, 0x00,
  0x00, 0x00, 0x00, 0x00, 0x0b, 0x26, 0x52, 0x50, 0x08, 0xd5, 0xab, 0xc8, 0x00, 0x00, 0x00, 0x00,
  0x00, 0x00, 0x00, 0x00, 0x15, 0x16, 0x95, 0x00, 0x02, 0xd4, 0x59, 0xa8, 0x00, 0x00, 0x00, 0x00,
  0x00, 0x00, 0x00, 0x00, 0x15, 0x53, 0x50, 0x20, 0x08, 0xd3, 0x0d, 0xc8, 0x00, 0x00, 0x00, 0x00,
  0x00, 0x00, 0x00, 0x00, 0x15, 0x0d, 0x2a, 0x28, 0x02, 0xd5, 0x55, 0xa0, 0x00, 0x00, 0x00, 0x00,
  0x00, 0x00, 0x00, 0x00, 0x16, 0xa6, 0x91, 0x20, 0x09, 0xa9, 0x1b, 0xd8, 0x00, 0x00, 0x00, 0x00,
  0x00, 0x00, 0x00, 0x00, 0x15, 0x16, 0x54, 0x20, 0x04, 0xd5, 0x49, 0x80, 0x00, 0x00, 0x00, 0x00,
  0x00, 0x00, 0x00, 0x00, 0x15, 0x45, 0x49, 0x10, 0x01, 0xa9, 0x1a, 0xe8, 0x00, 0x00, 0x00, 0x00,
  0x00, 0x00, 0x00, 0x00, 0x0a, 0x97, 0x24, 0x40, 0x08, 0xd5, 0x4b, 0x90, 0x00, 0x00, 0x00, 0x00,
  0x00, 0x00, 0x00, 0x00, 0x15, 0x25, 0x52, 0x28, 0x05, 0xa9, 0x19, 0xc8, 0x00, 0x00, 0x00, 0x00,
  0x00, 0x00, 0x00, 0x00, 0x15, 0x16, 0x94, 0x20, 0x08, 0xd5, 0x4d, 0xa8, 0x00, 0x00, 0x00, 0x00,
  0x00, 0x00, 0x00, 0x00, 0x15, 0x56, 0x52, 0x20, 0x01, 0xa5, 0x2a, 0xc8, 0x00, 0x00, 0x00, 0x00,
  0x00, 0x00, 0x00, 0x00, 0x15, 0x06, 0xa9, 0x10, 0x08, 0xd4, 0x95, 0xd0, 0x00, 0x00, 0x00, 0x00,
  0x00, 0x00, 0x00, 0x00, 0x15, 0x56, 0x90, 0x40, 0x05, 0xaa, 0x55, 0x88, 0x00, 0x00, 0x00, 0x00,
  0x00, 0x00, 0x00, 0x00, 0x15, 0x26, 0x4a, 0x28, 0x00, 0xd2, 0x95, 0xd0, 0x00, 0x00, 0x00, 0x00,
  0x00, 0x00, 0x00, 0x00, 0x0a, 0x93, 0x52, 0x20, 0x0a, 0xd5, 0x15, 0xa8, 0x00, 0x00, 0x00, 0x00,
  0x00, 0x00, 0x00, 0x00, 0x15, 0x16, 0x51, 0x10, 0x00, 0xd2, 0x95, 0x80, 0x00, 0x00, 0x00, 0x00,
  0x00, 0x00, 0x00, 0x00, 0x15, 0x4b, 0x14, 0x40, 0x0a, 0xa9, 0x2a, 0xe8, 0x00, 0x00, 0x00, 0x00,
  0x00, 0x00, 0x00, 0x00, 0x15, 0x26, 0xd2, 0x20, 0x00, 0xd5, 0x15, 0x90, 0x00, 0x00, 0x00, 0x00,
  0x00, 0x00, 0x00, 0x00, 0x14, 0x96, 0x29, 0x10, 0x0a, 0xd2, 0x9a, 0xc8, 0x00, 0x00, 0x00, 0x00
};
// Author :- Ashish ( ashish_y_794 )
// Website : https://www.oledanimationmaker.com/

const uint8_t PROGMEM frame123[1024] = {
  0x00, 0x00, 0x00, 0x00, 0x00, 0xd5, 0xff, 0xe0, 0x0e, 0xf7, 0xfd, 0x00, 0x00, 0x00, 0x00, 0x00,
  0x00, 0x00, 0x00, 0x00, 0x00, 0xab, 0xcb, 0xa0, 0x05, 0xef, 0xf6, 0x00, 0x00, 0x00, 0x00, 0x00,
  0x00, 0x00, 0x00, 0x00, 0x00, 0xd5, 0xff, 0xe0, 0x0f, 0x77, 0xfb, 0x00, 0x00, 0x00, 0x00, 0x00,
  0x00, 0x00, 0x00, 0x00, 0x00, 0x55, 0xab, 0x50, 0x05, 0xeb, 0xf5, 0x00, 0x00, 0x00, 0x00, 0x00,
  0x00, 0x00, 0x00, 0x00, 0x00, 0xd5, 0xdf, 0xe0, 0x0e, 0xef, 0xde, 0x00, 0x00, 0x00, 0x00, 0x00,
  0x00, 0x00, 0x00, 0x00, 0x00, 0xab, 0xea, 0xa0, 0x0b, 0x77, 0xfb, 0x00, 0x00, 0x00, 0x00, 0x00,
  0x00, 0x00, 0x00, 0x00, 0x00, 0xd5, 0xaf, 0xe4, 0x0a, 0xeb, 0xf5, 0x00, 0x00, 0x00, 0x00, 0x00,
  0x00, 0x00, 0x00, 0x00, 0x00, 0xab, 0xeb, 0xa0, 0x0d, 0xef, 0xdd, 0x00, 0x00, 0x00, 0x00, 0x00,
  0x00, 0x00, 0x00, 0x00, 0x00, 0xd5, 0x5d, 0xe0, 0x06, 0xe5, 0xf6, 0x00, 0x00, 0x00, 0x00, 0x00,
  0x00, 0x00, 0x00, 0x00, 0x00, 0x6b, 0xeb, 0x50, 0x0b, 0x77, 0xfb, 0x00, 0x00, 0x00, 0x00, 0x00,
  0x00, 0x00, 0x00, 0x00, 0x00, 0xa9, 0xae, 0xe1, 0x0a, 0xd7, 0xed, 0x00, 0x00, 0x00, 0x00, 0x00,
  0x00, 0x00, 0x00, 0x00, 0x00, 0xd5, 0xeb, 0xa8, 0x06, 0xeb, 0xf5, 0x00, 0x00, 0x00, 0x00, 0x00,
  0x00, 0x00, 0x00, 0x00, 0x00, 0xab, 0xad, 0xa0, 0x0a, 0xef, 0xfa, 0x00, 0x00, 0x00, 0x00, 0x00,
  0x00, 0x00, 0x00, 0x00, 0x00, 0xd5, 0xd6, 0xd0, 0x85, 0x65, 0xdb, 0x00, 0x00, 0x00, 0x00, 0x00,
  0x00, 0x00, 0x00, 0x00, 0x00, 0x53, 0x6d, 0xa0, 0x0a, 0xd7, 0xf5, 0x00, 0x00, 0x00, 0x00, 0x00,
  0x00, 0x00, 0x00, 0x00, 0x00, 0xd5, 0xd6, 0xd0, 0x85, 0x6b, 0xfd, 0x00, 0x00, 0x00, 0x00, 0x00,
  0x00, 0x00, 0x00, 0x00, 0x00, 0xab, 0xdb, 0x62, 0x0a, 0xef, 0xd6, 0x00, 0x00, 0x00, 0x00, 0x00,
  0x00, 0x00, 0x00, 0x00, 0x00, 0xd5, 0x6a, 0xa0, 0x05, 0x53, 0xfa, 0x00, 0x00, 0x00, 0x00, 0x00,
  0x00, 0x00, 0x00, 0x00, 0x00, 0x6b, 0xd7, 0xa8, 0x22, 0xeb, 0xeb, 0x00, 0x00, 0x00, 0x00, 0x00,
  0x00, 0x00, 0x00, 0x00, 0x00, 0xa9, 0xaa, 0xc0, 0x08, 0x57, 0xfd, 0x00, 0x00, 0x00, 0x00, 0x00,
  0x00, 0x00, 0x00, 0x00, 0x00, 0xd5, 0xee, 0xa4, 0x06, 0xd7, 0xb5, 0x00, 0x00, 0x00, 0x00, 0x00,
  0x00, 0x00, 0x00, 0x00, 0x00, 0xab, 0x55, 0x60, 0x21, 0x65, 0xf6, 0x00, 0x00, 0x00, 0x00, 0x00,
  0x00, 0x00, 0x00, 0x00, 0x00, 0xa9, 0xeb, 0xa0, 0x0c, 0xab, 0xf5, 0x00, 0x00, 0x00, 0x00, 0x00,
  0x00, 0x00, 0x00, 0x00, 0x00, 0xd5, 0xad, 0x42, 0x02, 0x57, 0xda, 0x00, 0x00, 0x00, 0x00, 0x00,
  0x00, 0x00, 0x00, 0x00, 0x00, 0x55, 0xd6, 0xa0, 0x09, 0x47, 0xf6, 0x00, 0x00, 0x00, 0x00, 0x00,
  0x00, 0x00, 0x00, 0x00, 0x00, 0xd3, 0xd5, 0x60, 0x04, 0xb5, 0xbb, 0x00, 0x00, 0x00, 0x00, 0x00,
  0x00, 0x00, 0x00, 0x00, 0x00, 0xaa, 0xd6, 0xa0, 0x0a, 0x47, 0xf5, 0x00, 0x00, 0x00, 0x00, 0x00,
  0x00, 0x00, 0x00, 0x00, 0x00, 0xb5, 0xda, 0xc1, 0x01, 0x6b, 0xda, 0x00, 0x00, 0x00, 0x00, 0x00,
  0x00, 0x00, 0x00, 0x00, 0x00, 0xcb, 0x6b, 0x50, 0x0a, 0x47, 0xf6, 0x00, 0x00, 0x00, 0x00, 0x00,
  0x00, 0x00, 0x00, 0x00, 0x00, 0x69, 0xd5, 0x40, 0x02, 0xa5, 0xbb, 0x00, 0x00, 0x00, 0x00, 0x00,
  0x00, 0x00, 0x00, 0x00, 0x00, 0xab, 0xd6, 0xa0, 0x08, 0x57, 0xea, 0x00, 0x00, 0x00, 0x00, 0x00,
  0x00, 0x00, 0x00, 0x00, 0x00, 0xd5, 0x6a, 0xd0, 0x05, 0x43, 0xf5, 0x00, 0x00, 0x00, 0x00, 0x00,
  0x00, 0x00, 0x00, 0x00, 0x00, 0x53, 0xd6, 0xa0, 0x02, 0x57, 0xba, 0x00, 0x00, 0x00, 0x00, 0x00,
  0x00, 0x00, 0x00, 0x00, 0x00, 0xd5, 0xaa, 0xa0, 0x09, 0x42, 0xed, 0x00, 0x00, 0x00, 0x00, 0x00,
  0x00, 0x00, 0x00, 0x00, 0x00, 0xab, 0x6a, 0xa0, 0x04, 0x57, 0xf6, 0x00, 0x00, 0x00, 0x00, 0x00,
  0x00, 0x00, 0x00, 0x00, 0x00, 0xa9, 0xd6, 0xc0, 0x02, 0x43, 0xb5, 0x00, 0x00, 0x00, 0x00, 0x00,
  0x00, 0x00, 0x00, 0x00, 0x00, 0xd5, 0xd5, 0x50, 0x09, 0x55, 0xf6, 0x00, 0x00, 0x00, 0x00, 0x00,
  0x00, 0x00, 0x00, 0x00, 0x00, 0x6b, 0x6b, 0x40, 0x04, 0x43, 0xb5, 0x00, 0x00, 0x00, 0x00, 0x00,
  0x00, 0x00, 0x00, 0x00, 0x00, 0xa5, 0xd6, 0xa0, 0x02, 0x55, 0xf5, 0x00, 0x00, 0x00, 0x00, 0x00,
  0x00, 0x00, 0x00, 0x00, 0x00, 0xb3, 0x6a, 0xa0, 0x09, 0x23, 0x5a, 0x00, 0x00, 0x00, 0x00, 0x00,
  0x00, 0x00, 0x00, 0x00, 0x00, 0xd5, 0xd6, 0xa0, 0x04, 0x8b, 0xf6, 0x00, 0x00, 0x00, 0x00, 0x00,
  0x00, 0x00, 0x00, 0x00, 0x00, 0x53, 0xaa, 0xa0, 0x02, 0x62, 0xb5, 0x00, 0x00, 0x00, 0x00, 0x00,
  0x00, 0x00, 0x00, 0x00, 0x00, 0xd5, 0xea, 0xd0, 0x08, 0x0b, 0xb5, 0x00, 0x00, 0x00, 0x00, 0x00,
  0x00, 0x00, 0x00, 0x00, 0x00, 0xaa, 0xad, 0x40, 0x02, 0xd2, 0xda, 0x00, 0x00, 0x00, 0x00, 0x00,
  0x00, 0x00, 0x00, 0x00, 0x00, 0xab, 0xd6, 0xa0, 0x04, 0x23, 0x75, 0x00, 0x00, 0x00, 0x00, 0x00,
  0x00, 0x00, 0x00, 0x00, 0x00, 0xa9, 0x6a, 0xa0, 0x02, 0x8b, 0xb6, 0x00, 0x00, 0x00, 0x00, 0x00,
  0x00, 0x00, 0x00, 0x00, 0x00, 0xd5, 0xd5, 0x50, 0x08, 0x62, 0xaa, 0x00, 0x00, 0x00, 0x00, 0x00,
  0x00, 0x00, 0x00, 0x00, 0x00, 0x53, 0xd6, 0xa0, 0x05, 0x0b, 0xb5, 0x00, 0x00, 0x00, 0x00, 0x00,
  0x00, 0x00, 0x00, 0x00, 0x00, 0xd5, 0x6a, 0xa0, 0x00, 0xa2, 0xd4, 0x00, 0x00, 0x00, 0x00, 0x00,
  0x00, 0x00, 0x00, 0x00, 0x00, 0xab, 0xd6, 0xa0, 0x0a, 0x45, 0xb6, 0x00, 0x00, 0x00, 0x00, 0x00,
  0x00, 0x00, 0x00, 0x00, 0x00, 0xa5, 0x6a, 0xa0, 0x01, 0x26, 0xb5, 0x00, 0x00, 0x00, 0x00, 0x00,
  0x00, 0x00, 0x00, 0x00, 0x00, 0xb3, 0xd6, 0xa0, 0x04, 0x43, 0xaa, 0x00, 0x00, 0x00, 0x00, 0x00,
  0x00, 0x00, 0x00, 0x00, 0x00, 0xa9, 0x6a, 0xa0, 0x05, 0x2a, 0xb4, 0x00, 0x00, 0x00, 0x00, 0x00,
  0x00, 0x00, 0x00, 0x00, 0x00, 0xa5, 0xd6, 0xa0, 0x00, 0x42, 0xd5, 0x00, 0x00, 0x00, 0x00, 0x00,
  0x00, 0x00, 0x00, 0x00, 0x00, 0xab, 0xd5, 0x50, 0x0a, 0x45, 0xb4, 0x00, 0x00, 0x00, 0x00, 0x00,
  0x00, 0x00, 0x00, 0x00, 0x00, 0xa5, 0x6a, 0xa0, 0x01, 0x25, 0xaa, 0x00, 0x00, 0x00, 0x00, 0x00,
  0x00, 0x00, 0x00, 0x00, 0x00, 0xd3, 0xd6, 0xc0, 0x04, 0x42, 0xb5, 0x00, 0x00, 0x00, 0x00, 0x00,
  0x00, 0x00, 0x00, 0x00, 0x00, 0x55, 0x6a, 0xa0, 0x05, 0x27, 0xa8, 0x00, 0x00, 0x00, 0x00, 0x00,
  0x00, 0x00, 0x00, 0x00, 0x00, 0xa5, 0xd6, 0xa0, 0x00, 0x42, 0xb5, 0x00, 0x00, 0x00, 0x00, 0x00,
  0x00, 0x00, 0x00, 0x00, 0x00, 0xd3, 0x6a, 0xa0, 0x0a, 0x25, 0x54, 0x00, 0x00, 0x00, 0x00, 0x00,
  0x00, 0x00, 0x00, 0x00, 0x00, 0x55, 0xd6, 0xa0, 0x01, 0x43, 0xb5, 0x00, 0x00, 0x00, 0x00, 0x00,
  0x00, 0x00, 0x00, 0x00, 0x00, 0xd3, 0x6a, 0xa0, 0x04, 0x25, 0x52, 0x00, 0x00, 0x00, 0x00, 0x00,
  0x00, 0x00, 0x00, 0x00, 0x00, 0xa5, 0xd5, 0x40, 0x04, 0x82, 0xb4, 0x00, 0x00, 0x00, 0x00, 0x00,
  0x00, 0x00, 0x00, 0x00, 0x00, 0xaa, 0xd6, 0xa0, 0x02, 0x2b, 0xaa, 0x00, 0x00, 0x00, 0x00, 0x00
};
// Author :- Ashish ( ashish_y_794 )
// Website : https://www.oledanimationmaker.com/

const uint8_t PROGMEM frame124[1024] = {
  0x00, 0x00, 0x00, 0x00, 0x00, 0x13, 0x55, 0x50, 0x07, 0xff, 0xf0, 0x00, 0x00, 0x00, 0x00, 0x00,
  0x00, 0x00, 0x00, 0x00, 0x00, 0x0d, 0xba, 0xa8, 0x07, 0xbf, 0xa8, 0x00, 0x00, 0x00, 0x00, 0x00,
  0x00, 0x00, 0x00, 0x00, 0x00, 0x15, 0x6e, 0xd8, 0x07, 0xfe, 0xf0, 0x00, 0x00, 0x00, 0x00, 0x00,
  0x00, 0x00, 0x00, 0x00, 0x00, 0x15, 0xfb, 0x48, 0x0f, 0x7f, 0xe8, 0x00, 0x00, 0x00, 0x00, 0x00,
  0x00, 0x00, 0x00, 0x00, 0x00, 0x0a, 0xbf, 0xec, 0x07, 0xfd, 0xb0, 0x00, 0x00, 0x00, 0x00, 0x00,
  0x00, 0x00, 0x00, 0x00, 0x00, 0x16, 0xed, 0x52, 0x07, 0x5f, 0xe8, 0x00, 0x00, 0x00, 0x00, 0x00,
  0x00, 0x00, 0x00, 0x00, 0x00, 0x0b, 0xbf, 0xe8, 0x07, 0xff, 0xb0, 0x00, 0x00, 0x00, 0x00, 0x00,
  0x00, 0x00, 0x00, 0x00, 0x00, 0x1d, 0x76, 0xe6, 0x07, 0x7d, 0xe8, 0x00, 0x00, 0x00, 0x00, 0x00,
  0x00, 0x00, 0x00, 0x00, 0x00, 0x05, 0xbf, 0xea, 0x07, 0xbf, 0xb0, 0x00, 0x00, 0x00, 0x00, 0x00,
  0x00, 0x00, 0x00, 0x00, 0x00, 0x1a, 0xf6, 0xe9, 0x0e, 0xfd, 0xd0, 0x00, 0x00, 0x00, 0x00, 0x00,
  0x00, 0x00, 0x00, 0x00, 0x00, 0x0d, 0xbf, 0xb5, 0x07, 0xbf, 0xb0, 0x00, 0x00, 0x00, 0x00, 0x00,
  0x00, 0x00, 0x00, 0x00, 0x00, 0x16, 0xde, 0xe4, 0x06, 0xfd, 0xd0, 0x00, 0x00, 0x00, 0x00, 0x00,
  0x00, 0x00, 0x00, 0x00, 0x00, 0x0b, 0x77, 0xf3, 0x07, 0xbf, 0xb0, 0x00, 0x00, 0x00, 0x00, 0x00,
  0x00, 0x00, 0x00, 0x00, 0x00, 0x15, 0xbd, 0x68, 0x86, 0xfd, 0xd8, 0x00, 0x00, 0x00, 0x00, 0x00,
  0x00, 0x00, 0x00, 0x00, 0x00, 0x0a, 0xae, 0xea, 0x87, 0x5f, 0x60, 0x00, 0x00, 0x00, 0x00, 0x00,
  0x00, 0x00, 0x00, 0x00, 0x00, 0x16, 0xfb, 0xa9, 0x0b, 0xfd, 0xd8, 0x00, 0x00, 0x00, 0x00, 0x00,
  0x00, 0x00, 0x00, 0x00, 0x00, 0x0b, 0x2e, 0xe4, 0xa6, 0xbf, 0xa0, 0x00, 0x00, 0x00, 0x00, 0x00,
  0x00, 0x00, 0x00, 0x00, 0x00, 0x15, 0xfe, 0xea, 0x07, 0x7d, 0xf0, 0x00, 0x00, 0x00, 0x00, 0x00,
  0x00, 0x00, 0x00, 0x00, 0x00, 0x0d, 0x2b, 0x61, 0x43, 0x7f, 0x50, 0x00, 0x00, 0x00, 0x00, 0x00,
  0x00, 0x00, 0x00, 0x00, 0x00, 0x15, 0xbe, 0xd4, 0x0b, 0x5b, 0xa8, 0x00, 0x00, 0x00, 0x00, 0x00,
  0x00, 0x00, 0x00, 0x00, 0x00, 0x0a, 0xb7, 0x62, 0xa5, 0xfd, 0xe8, 0x00, 0x00, 0x00, 0x00, 0x00,
  0x00, 0x00, 0x00, 0x00, 0x00, 0x16, 0xdd, 0xa0, 0x05, 0x5f, 0xa0, 0x00, 0x00, 0x00, 0x00, 0x00,
  0x00, 0x00, 0x00, 0x00, 0x00, 0x0b, 0x6e, 0xe5, 0x46, 0xbd, 0xb0, 0x00, 0x00, 0x00, 0x00, 0x00,
  0x00, 0x00, 0x00, 0x00, 0x00, 0x15, 0x3b, 0x40, 0x12, 0xff, 0xa8, 0x00, 0x00, 0x00, 0x00, 0x00,
  0x00, 0x00, 0x00, 0x00, 0x00, 0x0a, 0xdd, 0xe1, 0x23, 0x5d, 0xb0, 0x00, 0x00, 0x00, 0x00, 0x00,
  0x00, 0x00, 0x00, 0x00, 0x00, 0x15, 0xb6, 0xa0, 0x09, 0x7d, 0xd0, 0x00, 0x00, 0x00, 0x00, 0x00,
  0x00, 0x00, 0x00, 0x00, 0x00, 0x0a, 0xbe, 0xe2, 0x45, 0x5f, 0x60, 0x00, 0x00, 0x00, 0x00, 0x00,
  0x00, 0x00, 0x00, 0x00, 0x00, 0x16, 0xab, 0x40, 0x12, 0xbb, 0xa8, 0x00, 0x00, 0x00, 0x00, 0x00,
  0x00, 0x00, 0x00, 0x00, 0x00, 0x0b, 0x7d, 0xe1, 0x0a, 0x7d, 0xa8, 0x00, 0x00, 0x00, 0x00, 0x00,
  0x00, 0x00, 0x00, 0x00, 0x00, 0x15, 0x56, 0xa0, 0x25, 0x5d, 0xa0, 0x00, 0x00, 0x00, 0x00, 0x00,
  0x00, 0x00, 0x00, 0x00, 0x00, 0x0a, 0xbe, 0xd0, 0x82, 0xbf, 0xb0, 0x00, 0x00, 0x00, 0x00, 0x00,
  0x00, 0x00, 0x00, 0x00, 0x00, 0x15, 0xab, 0x60, 0x0a, 0x5b, 0x50, 0x00, 0x00, 0x00, 0x00, 0x00,
  0x00, 0x00, 0x00, 0x00, 0x00, 0x0a, 0xbd, 0xa0, 0x05, 0x7d, 0xa8, 0x00, 0x00, 0x00, 0x00, 0x00,
  0x00, 0x00, 0x00, 0x00, 0x00, 0x15, 0x56, 0xc0, 0x42, 0x9b, 0xa0, 0x00, 0x00, 0x00, 0x00, 0x00,
  0x00, 0x00, 0x00, 0x00, 0x00, 0x0b, 0x7e, 0xe0, 0x0a, 0x7d, 0xb0, 0x00, 0x00, 0x00, 0x00, 0x00,
  0x00, 0x00, 0x00, 0x00, 0x00, 0x15, 0x55, 0xa0, 0x03, 0x1b, 0x50, 0x00, 0x00, 0x00, 0x00, 0x00,
  0x00, 0x00, 0x00, 0x00, 0x00, 0x0a, 0xbe, 0xc0, 0x04, 0xdd, 0xa8, 0x00, 0x00, 0x00, 0x00, 0x00,
  0x00, 0x00, 0x00, 0x00, 0x00, 0x15, 0xab, 0x60, 0x22, 0x5b, 0x60, 0x00, 0x00, 0x00, 0x00, 0x00,
  0x00, 0x00, 0x00, 0x00, 0x00, 0x0a, 0xbd, 0xa0, 0x02, 0xb5, 0xa8, 0x00, 0x00, 0x00, 0x00, 0x00,
  0x00, 0x00, 0x00, 0x00, 0x00, 0x16, 0xae, 0xe0, 0x04, 0x5b, 0x50, 0x00, 0x00, 0x00, 0x00, 0x00,
  0x00, 0x00, 0x00, 0x00, 0x00, 0x0a, 0xb6, 0xa0, 0x02, 0xb5, 0xa0, 0x00, 0x00, 0x00, 0x00, 0x00,
  0x00, 0x00, 0x00, 0x00, 0x00, 0x15, 0x5d, 0xe0, 0x09, 0x1b, 0x50, 0x00, 0x00, 0x00, 0x00, 0x00,
  0x00, 0x00, 0x00, 0x00, 0x00, 0x0b, 0x6e, 0xa0, 0x02, 0x75, 0xa0, 0x00, 0x00, 0x00, 0x00, 0x00,
  0x00, 0x00, 0x00, 0x00, 0x00, 0x15, 0x3b, 0xa0, 0x01, 0x1b, 0x50, 0x00, 0x00, 0x00, 0x00, 0x00,
  0x00, 0x00, 0x00, 0x00, 0x00, 0x0a, 0xdd, 0x60, 0x04, 0xb5, 0x50, 0x00, 0x00, 0x00, 0x00, 0x00,
  0x00, 0x00, 0x00, 0x00, 0x00, 0x15, 0x56, 0xd0, 0x02, 0x59, 0xa0, 0x00, 0x00, 0x00, 0x00, 0x00,
  0x00, 0x00, 0x00, 0x00, 0x00, 0x0b, 0x7f, 0x60, 0x05, 0x35, 0x50, 0x00, 0x00, 0x00, 0x00, 0x00,
  0x00, 0x00, 0x00, 0x00, 0x00, 0x15, 0x2a, 0xc0, 0x00, 0x5b, 0x48, 0x00, 0x00, 0x00, 0x00, 0x00,
  0x00, 0x00, 0x00, 0x00, 0x00, 0x0a, 0xbe, 0xe0, 0x05, 0x29, 0x50, 0x00, 0x00, 0x00, 0x00, 0x00,
  0x00, 0x00, 0x00, 0x00, 0x00, 0x15, 0xab, 0x50, 0x00, 0xb5, 0x40, 0x00, 0x00, 0x00, 0x00, 0x00,
  0x00, 0x00, 0x00, 0x00, 0x00, 0x0a, 0xbe, 0xe0, 0x05, 0x1b, 0x50, 0x00, 0x00, 0x00, 0x00, 0x00,
  0x00, 0x00, 0x00, 0x00, 0x00, 0x16, 0xad, 0xa0, 0x00, 0x55, 0x20, 0x00, 0x00, 0x00, 0x00, 0x00,
  0x00, 0x00, 0x00, 0x00, 0x00, 0x0a, 0xb6, 0xc0, 0x05, 0x31, 0x90, 0x00, 0x00, 0x00, 0x00, 0x00,
  0x00, 0x00, 0x00, 0x00, 0x00, 0x15, 0x5e, 0xe0, 0x00, 0x5d, 0x40, 0x00, 0x00, 0x00, 0x00, 0x00,
  0x00, 0x00, 0x00, 0x00, 0x00, 0x0a, 0xb5, 0xa0, 0x05, 0x29, 0x28, 0x00, 0x00, 0x00, 0x00, 0x00,
  0x00, 0x00, 0x00, 0x00, 0x00, 0x15, 0xae, 0xe0, 0x00, 0x55, 0xa0, 0x00, 0x00, 0x00, 0x00, 0x00,
  0x00, 0x00, 0x00, 0x00, 0x00, 0x0a, 0xbb, 0x50, 0x05, 0x32, 0x40, 0x00, 0x00, 0x00, 0x00, 0x00,
  0x00, 0x00, 0x00, 0x00, 0x00, 0x16, 0xae, 0xe0, 0x00, 0x59, 0x20, 0x00, 0x00, 0x00, 0x00, 0x00,
  0x00, 0x00, 0x00, 0x00, 0x00, 0x0a, 0xbb, 0x40, 0x02, 0x15, 0x90, 0x00, 0x00, 0x00, 0x00, 0x00,
  0x00, 0x00, 0x00, 0x00, 0x00, 0x15, 0x56, 0xe0, 0x01, 0x52, 0x40, 0x00, 0x00, 0x00, 0x00, 0x00,
  0x00, 0x00, 0x00, 0x00, 0x00, 0x0a, 0xbd, 0xa0, 0x04, 0x39, 0xa0, 0x00, 0x00, 0x00, 0x00, 0x00,
  0x00, 0x00, 0x00, 0x00, 0x00, 0x16, 0xaa, 0xe0, 0x01, 0x15, 0x10, 0x00, 0x00, 0x00, 0x00, 0x00,
  0x00, 0x00, 0x00, 0x00, 0x00, 0x0a, 0xbf, 0x40, 0x04, 0x51, 0x40, 0x00, 0x00, 0x00, 0x00, 0x00,
  0x00, 0x00, 0x00, 0x00, 0x00, 0x15, 0x55, 0xa0, 0x00, 0x2b, 0x20, 0x00, 0x00, 0x00, 0x00, 0x00
};
// Author :- Ashish ( ashish_y_794 )
// Website : https://www.oledanimationmaker.com/

const uint8_t PROGMEM frame125[1024] = {
  0x00, 0x00, 0x00, 0x00, 0x00, 0x05, 0x45, 0x50, 0x07, 0xff, 0xd0, 0x00, 0x00, 0x00, 0x00, 0x00,
  0x00, 0x00, 0x00, 0x00, 0x00, 0x09, 0x29, 0x50, 0x07, 0xfe, 0xe0, 0x00, 0x00, 0x00, 0x00, 0x00,
  0x00, 0x00, 0x00, 0x00, 0x00, 0x04, 0xa4, 0xa8, 0x07, 0x7f, 0x50, 0x00, 0x00, 0x00, 0x00, 0x00,
  0x00, 0x00, 0x00, 0x00, 0x00, 0x0d, 0x49, 0x50, 0x07, 0xff, 0xa0, 0x00, 0x00, 0x00, 0x00, 0x00,
  0x00, 0x00, 0x00, 0x00, 0x00, 0x04, 0xa5, 0x4c, 0x07, 0xfd, 0x70, 0x00, 0x00, 0x00, 0x00, 0x00,
  0x00, 0x00, 0x00, 0x00, 0x00, 0x0a, 0x40, 0xa8, 0x07, 0x7f, 0xa0, 0x00, 0x00, 0x00, 0x00, 0x00,
  0x00, 0x00, 0x00, 0x00, 0x00, 0x06, 0x2a, 0xac, 0x07, 0xfe, 0xd0, 0x00, 0x00, 0x00, 0x00, 0x00,
  0x00, 0x00, 0x00, 0x00, 0x00, 0x0b, 0x54, 0xa4, 0x07, 0xfb, 0x60, 0x00, 0x00, 0x00, 0x00, 0x00,
  0x00, 0x00, 0x00, 0x00, 0x00, 0x05, 0x12, 0x54, 0x0f, 0x7f, 0xa0, 0x00, 0x00, 0x00, 0x00, 0x00,
  0x00, 0x00, 0x00, 0x00, 0x00, 0x0a, 0xab, 0x56, 0x07, 0xfe, 0xa0, 0x00, 0x00, 0x00, 0x00, 0x00,
  0x00, 0x00, 0x00, 0x00, 0x00, 0x06, 0x95, 0x52, 0x07, 0x7b, 0x60, 0x00, 0x00, 0x00, 0x00, 0x00,
  0x00, 0x00, 0x00, 0x00, 0x00, 0x0a, 0xad, 0xaa, 0x07, 0xff, 0xa0, 0x00, 0x00, 0x00, 0x00, 0x00,
  0x00, 0x00, 0x00, 0x00, 0x00, 0x05, 0x57, 0x6b, 0x07, 0x7e, 0xb0, 0x00, 0x00, 0x00, 0x00, 0x00,
  0x00, 0x00, 0x00, 0x00, 0x00, 0x0a, 0xbd, 0xa9, 0x07, 0xf6, 0xc0, 0x00, 0x00, 0x00, 0x00, 0x00,
  0x00, 0x00, 0x00, 0x00, 0x00, 0x06, 0xd7, 0xea, 0x86, 0xbf, 0x50, 0x00, 0x00, 0x00, 0x00, 0x00,
  0x00, 0x00, 0x00, 0x00, 0x00, 0x0a, 0xaf, 0x74, 0x87, 0xfe, 0xa0, 0x00, 0x00, 0x00, 0x00, 0x00,
  0x00, 0x00, 0x00, 0x00, 0x00, 0x05, 0x5d, 0xd5, 0x47, 0x7b, 0x50, 0x00, 0x00, 0x00, 0x00, 0x00,
  0x00, 0x00, 0x00, 0x00, 0x00, 0x0a, 0xef, 0x6a, 0x47, 0xfe, 0xc0, 0x00, 0x00, 0x00, 0x00, 0x00,
  0x00, 0x00, 0x00, 0x00, 0x00, 0x05, 0x37, 0xd2, 0x86, 0xbf, 0x60, 0x00, 0x00, 0x00, 0x00, 0x00,
  0x00, 0x00, 0x00, 0x00, 0x00, 0x0a, 0xdd, 0xa9, 0x47, 0x76, 0x90, 0x00, 0x00, 0x00, 0x00, 0x00,
  0x00, 0x00, 0x00, 0x00, 0x00, 0x05, 0x5f, 0xe4, 0x45, 0xfe, 0xd0, 0x00, 0x00, 0x00, 0x00, 0x00,
  0x00, 0x00, 0x00, 0x00, 0x00, 0x0a, 0xb5, 0x53, 0x26, 0xbb, 0x40, 0x00, 0x00, 0x00, 0x00, 0x00,
  0x00, 0x00, 0x00, 0x00, 0x00, 0x05, 0x5f, 0xe4, 0x93, 0xfe, 0xa0, 0x00, 0x00, 0x00, 0x00, 0x00,
  0x00, 0x00, 0x00, 0x00, 0x00, 0x0a, 0xdb, 0x41, 0x26, 0xbe, 0xa0, 0x00, 0x00, 0x00, 0x00, 0x00,
  0x00, 0x00, 0x00, 0x00, 0x00, 0x05, 0x77, 0xe2, 0x45, 0x76, 0xa0, 0x00, 0x00, 0x00, 0x00, 0x00,
  0x00, 0x00, 0x00, 0x00, 0x00, 0x0a, 0x9e, 0xa0, 0x93, 0xfe, 0xa0, 0x00, 0x00, 0x00, 0x00, 0x00,
  0x00, 0x00, 0x00, 0x00, 0x00, 0x05, 0x77, 0xc2, 0x04, 0xbb, 0x50, 0x00, 0x00, 0x00, 0x00, 0x00,
  0x00, 0x00, 0x00, 0x00, 0x00, 0x0a, 0x9d, 0x60, 0xaa, 0xf6, 0xa0, 0x00, 0x00, 0x00, 0x00, 0x00,
  0x00, 0x00, 0x00, 0x00, 0x00, 0x05, 0x77, 0xc0, 0x02, 0xbe, 0xa0, 0x00, 0x00, 0x00, 0x00, 0x00,
  0x00, 0x00, 0x00, 0x00, 0x00, 0x0a, 0xae, 0xa1, 0x55, 0x76, 0x90, 0x00, 0x00, 0x00, 0x00, 0x00,
  0x00, 0x00, 0x00, 0x00, 0x00, 0x05, 0x5d, 0xe0, 0x04, 0xfe, 0xc0, 0x00, 0x00, 0x00, 0x00, 0x00,
  0x00, 0x00, 0x00, 0x00, 0x00, 0x0a, 0xb7, 0x40, 0x4a, 0x6a, 0xa0, 0x00, 0x00, 0x00, 0x00, 0x00,
  0x00, 0x00, 0x00, 0x00, 0x00, 0x05, 0x5d, 0xe0, 0x05, 0x7e, 0x90, 0x00, 0x00, 0x00, 0x00, 0x00,
  0x00, 0x00, 0x00, 0x00, 0x00, 0x0a, 0xb7, 0x40, 0x45, 0x56, 0xa0, 0x00, 0x00, 0x00, 0x00, 0x00,
  0x00, 0x00, 0x00, 0x00, 0x00, 0x05, 0x5d, 0xe0, 0x12, 0x7a, 0x80, 0x00, 0x00, 0x00, 0x00, 0x00,
  0x00, 0x00, 0x00, 0x00, 0x00, 0x0a, 0xb7, 0x40, 0x45, 0x5e, 0xa0, 0x00, 0x00, 0x00, 0x00, 0x00,
  0x00, 0x00, 0x00, 0x00, 0x00, 0x05, 0x5d, 0xe0, 0x05, 0x6a, 0xa0, 0x00, 0x00, 0x00, 0x00, 0x00,
  0x00, 0x00, 0x00, 0x00, 0x00, 0x0a, 0xb7, 0x60, 0x02, 0xb6, 0x90, 0x00, 0x00, 0x00, 0x00, 0x00,
  0x00, 0x00, 0x00, 0x00, 0x00, 0x05, 0x5d, 0xa0, 0x25, 0x5e, 0xa0, 0x00, 0x00, 0x00, 0x00, 0x00,
  0x00, 0x00, 0x00, 0x00, 0x00, 0x0a, 0xb7, 0xc0, 0x02, 0xaa, 0x40, 0x00, 0x00, 0x00, 0x00, 0x00,
  0x00, 0x00, 0x00, 0x00, 0x00, 0x05, 0x5d, 0x60, 0x0a, 0xb6, 0xa0, 0x00, 0x00, 0x00, 0x00, 0x00,
  0x00, 0x00, 0x00, 0x00, 0x00, 0x0a, 0xb7, 0xc0, 0x01, 0x6a, 0x90, 0x00, 0x00, 0x00, 0x00, 0x00,
  0x00, 0x00, 0x00, 0x00, 0x00, 0x05, 0x5d, 0x60, 0x0a, 0xaa, 0x40, 0x00, 0x00, 0x00, 0x00, 0x00,
  0x00, 0x00, 0x00, 0x00, 0x00, 0x0a, 0xb7, 0xd0, 0x00, 0xb7, 0x50, 0x00, 0x00, 0x00, 0x00, 0x00,
  0x00, 0x00, 0x00, 0x00, 0x00, 0x05, 0x5d, 0x60, 0x05, 0x54, 0x80, 0x00, 0x00, 0x00, 0x00, 0x00,
  0x00, 0x00, 0x00, 0x00, 0x00, 0x0a, 0xb7, 0xc0, 0x02, 0x56, 0x50, 0x00, 0x00, 0x00, 0x00, 0x00,
  0x00, 0x00, 0x00, 0x00, 0x00, 0x05, 0x5d, 0xa0, 0x04, 0xaa, 0x80, 0x00, 0x00, 0x00, 0x00, 0x00,
  0x00, 0x00, 0x00, 0x00, 0x00, 0x0a, 0xb7, 0x60, 0x02, 0x6a, 0x50, 0x00, 0x00, 0x00, 0x00, 0x00,
  0x00, 0x00, 0x00, 0x00, 0x00, 0x05, 0x5d, 0xe0, 0x00, 0xa6, 0x80, 0x00, 0x00, 0x00, 0x00, 0x00,
  0x00, 0x00, 0x00, 0x00, 0x00, 0x0a, 0xb7, 0x40, 0x05, 0x32, 0x40, 0x00, 0x00, 0x00, 0x00, 0x00,
  0x00, 0x00, 0x00, 0x00, 0x00, 0x05, 0x5d, 0xe0, 0x00, 0xaa, 0x20, 0x00, 0x00, 0x00, 0x00, 0x00,
  0x00, 0x00, 0x00, 0x00, 0x00, 0x0a, 0xb7, 0x60, 0x04, 0x56, 0x90, 0x00, 0x00, 0x00, 0x00, 0x00,
  0x00, 0x00, 0x00, 0x00, 0x00, 0x05, 0x5d, 0xa0, 0x02, 0xa2, 0x40, 0x00, 0x00, 0x00, 0x00, 0x00,
  0x00, 0x00, 0x00, 0x00, 0x00, 0x0a, 0xd7, 0xe0, 0x00, 0x56, 0x10, 0x00, 0x00, 0x00, 0x00, 0x00,
  0x00, 0x00, 0x00, 0x00, 0x00, 0x05, 0x5d, 0x40, 0x05, 0x2a, 0x80, 0x00, 0x00, 0x00, 0x00, 0x00,
  0x00, 0x00, 0x00, 0x00, 0x00, 0x0d, 0x57, 0xe0, 0x00, 0xa4, 0x40, 0x00, 0x00, 0x00, 0x00, 0x00,
  0x00, 0x00, 0x00, 0x00, 0x00, 0x05, 0x7d, 0x40, 0x02, 0x56, 0x90, 0x00, 0x00, 0x00, 0x00, 0x00,
  0x00, 0x00, 0x00, 0x00, 0x00, 0x0a, 0x97, 0xe0, 0x00, 0x52, 0x00, 0x00, 0x00, 0x00, 0x00, 0x00,
  0x00, 0x00, 0x00, 0x00, 0x00, 0x05, 0x7d, 0x40, 0x04, 0xa4, 0xa0, 0x00, 0x00, 0x00, 0x00, 0x00,
  0x00, 0x00, 0x00, 0x00, 0x00, 0x0a, 0x96, 0xe0, 0x00, 0x52, 0x00, 0x00, 0x00, 0x00, 0x00, 0x00,
  0x00, 0x00, 0x00, 0x00, 0x00, 0x05, 0x77, 0xa0, 0x02, 0x8a, 0x90, 0x00, 0x00, 0x00, 0x00, 0x00,
  0x00, 0x00, 0x00, 0x00, 0x00, 0x0d, 0x5d, 0xe0, 0x00, 0x64, 0x40, 0x00, 0x00, 0x00, 0x00, 0x00,
  0x00, 0x00, 0x00, 0x00, 0x00, 0x05, 0x56, 0xa0, 0x04, 0x92, 0x80, 0x00, 0x00, 0x00, 0x00, 0x00,
  0x00, 0x00, 0x00, 0x00, 0x00, 0x0a, 0xbd, 0xe0, 0x00, 0x4a, 0x00, 0x00, 0x00, 0x00, 0x00, 0x00
};
// Author :- Ashish ( ashish_y_794 )
// Website : https://www.oledanimationmaker.com/

const uint8_t PROGMEM frame126[1024] = {
  0x00, 0x00, 0x00, 0x00, 0x00, 0x01, 0x6a, 0xa0, 0x07, 0xff, 0xc0, 0x00, 0x00, 0x00, 0x00, 0x00,
  0x00, 0x00, 0x00, 0x00, 0x00, 0x02, 0xaa, 0x50, 0x06, 0xff, 0x80, 0x00, 0x00, 0x00, 0x00, 0x00,
  0x00, 0x00, 0x00, 0x00, 0x00, 0x02, 0xb2, 0x90, 0x07, 0xf6, 0xc0, 0x00, 0x00, 0x00, 0x00, 0x00,
  0x00, 0x00, 0x00, 0x00, 0x00, 0x02, 0x6a, 0x50, 0x06, 0xff, 0xc0, 0x00, 0x00, 0x00, 0x00, 0x00,
  0x00, 0x00, 0x00, 0x00, 0x00, 0x03, 0x55, 0x58, 0x07, 0xfe, 0xc0, 0x00, 0x00, 0x00, 0x00, 0x00,
  0x00, 0x00, 0x00, 0x00, 0x00, 0x03, 0x34, 0xa8, 0x07, 0x77, 0xc0, 0x00, 0x00, 0x00, 0x00, 0x00,
  0x00, 0x00, 0x00, 0x00, 0x00, 0x03, 0x52, 0x88, 0x07, 0xff, 0x40, 0x00, 0x00, 0x00, 0x00, 0x00,
  0x00, 0x00, 0x00, 0x00, 0x00, 0x03, 0x3a, 0x6c, 0x06, 0xfd, 0xc0, 0x00, 0x00, 0x00, 0x00, 0x00,
  0x00, 0x00, 0x00, 0x00, 0x00, 0x02, 0x94, 0x94, 0x07, 0xef, 0x80, 0x00, 0x00, 0x00, 0x00, 0x00,
  0x00, 0x00, 0x00, 0x00, 0x00, 0x03, 0x55, 0x54, 0x0e, 0xfd, 0xc0, 0x00, 0x00, 0x00, 0x00, 0x00,
  0x00, 0x00, 0x00, 0x00, 0x00, 0x03, 0x54, 0x56, 0x07, 0x77, 0x40, 0x00, 0x00, 0x00, 0x00, 0x00,
  0x00, 0x00, 0x00, 0x00, 0x00, 0x03, 0x4a, 0x92, 0x06, 0xff, 0xc0, 0x00, 0x00, 0x00, 0x00, 0x00,
  0x00, 0x00, 0x00, 0x00, 0x00, 0x02, 0xaa, 0x55, 0x07, 0xf5, 0x40, 0x00, 0x00, 0x00, 0x00, 0x00,
  0x00, 0x00, 0x00, 0x00, 0x00, 0x03, 0x49, 0x2a, 0x06, 0xff, 0xc0, 0x00, 0x00, 0x00, 0x00, 0x00,
  0x00, 0x00, 0x00, 0x00, 0x00, 0x03, 0x64, 0x95, 0x06, 0xed, 0x40, 0x00, 0x00, 0x00, 0x00, 0x00,
  0x00, 0x00, 0x00, 0x00, 0x00, 0x02, 0xb5, 0x2b, 0x87, 0x7f, 0x80, 0x00, 0x00, 0x00, 0x00, 0x00,
  0x00, 0x00, 0x00, 0x00, 0x00, 0x03, 0x52, 0x54, 0x86, 0xea, 0xc0, 0x00, 0x00, 0x00, 0x00, 0x00,
  0x00, 0x00, 0x00, 0x00, 0x00, 0x03, 0x69, 0x15, 0x47, 0xff, 0xa0, 0x00, 0x00, 0x00, 0x00, 0x00,
  0x00, 0x00, 0x00, 0x00, 0x00, 0x02, 0xaa, 0x4a, 0x85, 0x6d, 0x40, 0x00, 0x00, 0x00, 0x00, 0x00,
  0x00, 0x00, 0x00, 0x00, 0x00, 0x03, 0x59, 0x2a, 0x86, 0xfe, 0xc0, 0x00, 0x00, 0x00, 0x00, 0x00,
  0x00, 0x00, 0x00, 0x00, 0x00, 0x02, 0xb5, 0x15, 0x46, 0xeb, 0x80, 0x00, 0x00, 0x00, 0x00, 0x00,
  0x00, 0x00, 0x00, 0x00, 0x00, 0x03, 0x5c, 0x8a, 0xa6, 0xfd, 0x40, 0x00, 0x00, 0x00, 0x00, 0x00,
  0x00, 0x00, 0x00, 0x00, 0x00, 0x03, 0x6c, 0x55, 0x45, 0xef, 0xc0, 0x00, 0x00, 0x00, 0x00, 0x00,
  0x00, 0x00, 0x00, 0x00, 0x00, 0x02, 0xad, 0x05, 0x66, 0xb5, 0x40, 0x00, 0x00, 0x00, 0x00, 0x00,
  0x00, 0x00, 0x00, 0x00, 0x00, 0x03, 0x5c, 0x95, 0x25, 0x7e, 0x80, 0x00, 0x00, 0x00, 0x00, 0x00,
  0x00, 0x00, 0x00, 0x00, 0x00, 0x02, 0xae, 0x45, 0x56, 0xeb, 0xc0, 0x00, 0x00, 0x00, 0x00, 0x00,
  0x00, 0x00, 0x00, 0x00, 0x00, 0x03, 0x76, 0x8a, 0xaa, 0xed, 0x40, 0x00, 0x00, 0x00, 0x00, 0x00,
  0x00, 0x00, 0x00, 0x00, 0x00, 0x02, 0x9e, 0x41, 0x52, 0xfe, 0x80, 0x00, 0x00, 0x00, 0x00, 0x00,
  0x00, 0x00, 0x00, 0x00, 0x00, 0x03, 0x6f, 0x25, 0x4a, 0xcb, 0x40, 0x00, 0x00, 0x00, 0x00, 0x00,
  0x00, 0x00, 0x00, 0x00, 0x00, 0x02, 0xad, 0xa0, 0xaa, 0xfd, 0x80, 0x00, 0x00, 0x00, 0x00, 0x00,
  0x00, 0x00, 0x00, 0x00, 0x00, 0x03, 0x6e, 0x82, 0x55, 0x6d, 0x40, 0x00, 0x00, 0x00, 0x00, 0x00,
  0x00, 0x00, 0x00, 0x00, 0x00, 0x03, 0x5b, 0xc1, 0x44, 0xd6, 0xc0, 0x00, 0x00, 0x00, 0x00, 0x00,
  0x00, 0x00, 0x00, 0x00, 0x00, 0x02, 0xae, 0xa0, 0x2a, 0x6d, 0x40, 0x00, 0x00, 0x00, 0x00, 0x00,
  0x00, 0x00, 0x00, 0x00, 0x00, 0x03, 0x5f, 0xc8, 0xa4, 0xee, 0x80, 0x00, 0x00, 0x00, 0x00, 0x00,
  0x00, 0x00, 0x00, 0x00, 0x00, 0x02, 0xaa, 0xa0, 0x29, 0x6d, 0x80, 0x00, 0x00, 0x00, 0x00, 0x00,
  0x00, 0x00, 0x00, 0x00, 0x00, 0x03, 0x6f, 0xc0, 0x84, 0xad, 0x40, 0x00, 0x00, 0x00, 0x00, 0x00,
  0x00, 0x00, 0x00, 0x00, 0x00, 0x05, 0x5d, 0x60, 0x2a, 0x6d, 0x80, 0x00, 0x00, 0x00, 0x00, 0x00,
  0x00, 0x00, 0x00, 0x00, 0x00, 0x03, 0x6f, 0xa0, 0x11, 0x5a, 0xa0, 0x00, 0x00, 0x00, 0x00, 0x00,
  0x00, 0x00, 0x00, 0x00, 0x00, 0x02, 0xad, 0xc0, 0x0a, 0x6d, 0x40, 0x00, 0x00, 0x00, 0x00, 0x00,
  0x00, 0x00, 0x00, 0x00, 0x00, 0x03, 0x57, 0x60, 0x45, 0x2d, 0x80, 0x00, 0x00, 0x00, 0x00, 0x00,
  0x00, 0x00, 0x00, 0x00, 0x00, 0x03, 0x6f, 0xa0, 0x11, 0x2a, 0x80, 0x00, 0x00, 0x00, 0x00, 0x00,
  0x00, 0x00, 0x00, 0x00, 0x00, 0x05, 0x5d, 0xc0, 0x05, 0x2d, 0x40, 0x00, 0x00, 0x00, 0x00, 0x00,
  0x00, 0x00, 0x00, 0x00, 0x00, 0x03, 0x57, 0x61, 0x0a, 0x8a, 0x80, 0x00, 0x00, 0x00, 0x00, 0x00,
  0x00, 0x00, 0x00, 0x00, 0x00, 0x02, 0xae, 0xc0, 0x04, 0xad, 0x40, 0x00, 0x00, 0x00, 0x00, 0x00,
  0x00, 0x00, 0x00, 0x00, 0x00, 0x03, 0x77, 0xa0, 0x12, 0x4a, 0x80, 0x00, 0x00, 0x00, 0x00, 0x00,
  0x00, 0x00, 0x00, 0x00, 0x00, 0x05, 0x9e, 0xe0, 0x04, 0xaa, 0x80, 0x00, 0x00, 0x00, 0x00, 0x00,
  0x00, 0x00, 0x00, 0x00, 0x00, 0x03, 0x6b, 0xa0, 0x02, 0xaa, 0xa0, 0x00, 0x00, 0x00, 0x00, 0x00,
  0x00, 0x00, 0x00, 0x00, 0x00, 0x02, 0xaf, 0xc0, 0x04, 0xa5, 0x40, 0x00, 0x00, 0x00, 0x00, 0x00,
  0x00, 0x00, 0x00, 0x00, 0x00, 0x03, 0x5d, 0x60, 0x02, 0x4a, 0x80, 0x00, 0x00, 0x00, 0x00, 0x00,
  0x00, 0x00, 0x00, 0x00, 0x00, 0x06, 0xaf, 0xa0, 0x05, 0x69, 0x40, 0x00, 0x00, 0x00, 0x00, 0x00,
  0x00, 0x00, 0x00, 0x00, 0x00, 0x03, 0x6b, 0xc0, 0x02, 0x4a, 0x00, 0x00, 0x00, 0x00, 0x00, 0x00,
  0x00, 0x00, 0x00, 0x00, 0x00, 0x03, 0x5e, 0xa0, 0x04, 0xa9, 0x40, 0x00, 0x00, 0x00, 0x00, 0x00,
  0x00, 0x00, 0x00, 0x00, 0x00, 0x03, 0x6b, 0xe0, 0x21, 0x4a, 0x80, 0x00, 0x00, 0x00, 0x00, 0x00,
  0x00, 0x00, 0x00, 0x00, 0x00, 0x05, 0x57, 0x40, 0x02, 0x48, 0x40, 0x00, 0x00, 0x00, 0x00, 0x00,
  0x00, 0x00, 0x00, 0x00, 0x00, 0x03, 0x5e, 0xe0, 0x00, 0xaa, 0x80, 0x00, 0x00, 0x00, 0x00, 0x00,
  0x00, 0x00, 0x00, 0x00, 0x00, 0x03, 0x6f, 0xa0, 0x04, 0x89, 0x00, 0x00, 0x00, 0x00, 0x00, 0x00,
  0x00, 0x00, 0x00, 0x00, 0x00, 0x06, 0xaa, 0xc0, 0x01, 0x4a, 0x40, 0x00, 0x00, 0x00, 0x00, 0x00,
  0x00, 0x00, 0x00, 0x00, 0x00, 0x03, 0x6f, 0x60, 0x04, 0x49, 0x00, 0x00, 0x00, 0x00, 0x00, 0x00,
  0x00, 0x00, 0x00, 0x00, 0x00, 0x03, 0x5d, 0xc0, 0x81, 0x24, 0x80, 0x00, 0x00, 0x00, 0x00, 0x00,
  0x00, 0x00, 0x00, 0x00, 0x40, 0x06, 0xae, 0xe0, 0x04, 0x4a, 0x00, 0x00, 0x00, 0x01, 0x00, 0x00,
  0x00, 0x00, 0x00, 0x01, 0x00, 0x03, 0x6b, 0xa0, 0x00, 0x89, 0x40, 0x00, 0x00, 0x00, 0x00, 0x00,
  0x00, 0x00, 0x00, 0x04, 0x00, 0x03, 0x5e, 0xc0, 0x04, 0x48, 0x00, 0x00, 0x00, 0x00, 0x00, 0x00,
  0x00, 0x00, 0x00, 0x10, 0x00, 0x07, 0x6f, 0x60, 0x01, 0x4a, 0x80, 0x00, 0x00, 0x00, 0x00, 0x00,
  0x00, 0x00, 0x00, 0x00, 0x00, 0x02, 0xb5, 0xa0, 0x04, 0x24, 0x40, 0x00, 0x00, 0x00, 0x00, 0x20
};
// Author :- Ashish ( ashish_y_794 )
// Website : https://www.oledanimationmaker.com/

const uint8_t PROGMEM frame127[1024] = {
  0x00, 0x00, 0x00, 0x00, 0x00, 0x00, 0x00, 0x40, 0x00, 0x80, 0x00, 0x00, 0x00, 0x00, 0x00, 0x00,
  0x00, 0x00, 0x00, 0x00, 0x00, 0x00, 0xb6, 0xa0, 0x07, 0xff, 0x00, 0x00, 0x00, 0x00, 0x00, 0x00,
  0x00, 0x00, 0x00, 0x00, 0x00, 0x00, 0xba, 0xa0, 0x07, 0xad, 0x80, 0x00, 0x00, 0x00, 0x00, 0x00,
  0x00, 0x00, 0x00, 0x00, 0x00, 0x01, 0x55, 0x20, 0x0d, 0xff, 0x00, 0x00, 0x00, 0x00, 0x00, 0x00,
  0x00, 0x00, 0x00, 0x00, 0x00, 0x00, 0xba, 0xb0, 0x47, 0xdd, 0x80, 0x00, 0x00, 0x00, 0x00, 0x00,
  0x00, 0x00, 0x00, 0x00, 0x00, 0x00, 0xad, 0x48, 0x07, 0xef, 0x00, 0x00, 0x00, 0x00, 0x00, 0x00,
  0x00, 0x00, 0x00, 0x00, 0x00, 0x01, 0x35, 0x51, 0x07, 0xff, 0x80, 0x00, 0x00, 0x00, 0x00, 0x00,
  0x00, 0x00, 0x00, 0x00, 0x00, 0x00, 0x9d, 0x58, 0x0d, 0xdd, 0x00, 0x00, 0x00, 0x00, 0x00, 0x00,
  0x00, 0x00, 0x00, 0x00, 0x00, 0x01, 0x56, 0xa4, 0x07, 0xef, 0x00, 0x00, 0x00, 0x00, 0x00, 0x00,
  0x00, 0x00, 0x00, 0x00, 0x00, 0x00, 0xad, 0x54, 0x06, 0xdd, 0x80, 0x00, 0x00, 0x00, 0x00, 0x00,
  0x00, 0x00, 0x00, 0x00, 0x00, 0x00, 0x96, 0xaa, 0x0d, 0xff, 0x00, 0x00, 0x00, 0x00, 0x00, 0x00,
  0x00, 0x00, 0x00, 0x00, 0x00, 0x01, 0x5d, 0x54, 0x07, 0xd5, 0x80, 0x00, 0x00, 0x00, 0x00, 0x00,
  0x00, 0x00, 0x00, 0x00, 0x00, 0x00, 0xa6, 0xa4, 0x47, 0xef, 0x00, 0x00, 0x00, 0x00, 0x00, 0x00,
  0x00, 0x00, 0x00, 0x00, 0x00, 0x00, 0xab, 0x56, 0x05, 0xde, 0x80, 0x00, 0x00, 0x00, 0x00, 0x00,
  0x00, 0x00, 0x00, 0x00, 0x00, 0x01, 0x2b, 0x53, 0x07, 0xed, 0x80, 0x00, 0x00, 0x00, 0x00, 0x00,
  0x00, 0x00, 0x00, 0x00, 0x00, 0x00, 0xab, 0x55, 0x0d, 0xbf, 0x00, 0x00, 0x00, 0x00, 0x00, 0x00,
  0x00, 0x00, 0x00, 0x00, 0x00, 0x00, 0xaa, 0xaa, 0x87, 0xd5, 0x00, 0x00, 0x00, 0x00, 0x00, 0x00,
  0x00, 0x00, 0x00, 0x00, 0x00, 0x01, 0x2b, 0x55, 0x05, 0xdf, 0x80, 0x00, 0x00, 0x00, 0x00, 0x00,
  0x00, 0x00, 0x00, 0x00, 0x00, 0x00, 0xa9, 0x95, 0x86, 0xed, 0x00, 0x00, 0x00, 0x00, 0x00, 0x00,
  0x00, 0x00, 0x00, 0x00, 0x00, 0x01, 0x2a, 0xca, 0xa5, 0xdd, 0x80, 0x00, 0x00, 0x00, 0x00, 0x00,
  0x00, 0x00, 0x00, 0x00, 0x00, 0x00, 0xab, 0x55, 0x47, 0xae, 0x80, 0x00, 0x00, 0x00, 0x00, 0x00,
  0x00, 0x00, 0x00, 0x00, 0x00, 0x00, 0xac, 0xa5, 0x45, 0xdb, 0x00, 0x00, 0x00, 0x00, 0x00, 0x00,
  0x00, 0x00, 0x00, 0x00, 0x00, 0x01, 0x2a, 0xaa, 0xa5, 0xdd, 0x00, 0x00, 0x00, 0x00, 0x00, 0x00,
  0x00, 0x00, 0x00, 0x00, 0x00, 0x00, 0xaa, 0xa5, 0x45, 0xae, 0x80, 0x00, 0x00, 0x00, 0x00, 0x00,
  0x00, 0x00, 0x00, 0x00, 0x00, 0x01, 0x2d, 0x55, 0x66, 0xdb, 0x00, 0x00, 0x00, 0x00, 0x00, 0x00,
  0x00, 0x00, 0x00, 0x00, 0x00, 0x00, 0xa6, 0x8a, 0xa5, 0xdd, 0x80, 0x00, 0x00, 0x00, 0x00, 0x00,
  0x00, 0x00, 0x00, 0x00, 0x00, 0x01, 0x35, 0x65, 0x55, 0xad, 0x00, 0x00, 0x00, 0x00, 0x00, 0x00,
  0x00, 0x00, 0x00, 0x00, 0x00, 0x00, 0x97, 0x25, 0xb5, 0xb6, 0x80, 0x00, 0x00, 0x00, 0x00, 0x00,
  0x00, 0x00, 0x00, 0x00, 0x00, 0x01, 0x55, 0xa5, 0x54, 0xdb, 0x00, 0x00, 0x00, 0x00, 0x00, 0x00,
  0x00, 0x00, 0x00, 0x00, 0x00, 0x00, 0xae, 0x92, 0xab, 0xad, 0x00, 0x00, 0x00, 0x00, 0x00, 0x00,
  0x00, 0x00, 0x00, 0x00, 0x00, 0x01, 0x2b, 0x52, 0xa8, 0xdb, 0x00, 0x00, 0x00, 0x00, 0x00, 0x00,
  0x00, 0x00, 0x00, 0x00, 0x00, 0x00, 0xab, 0x49, 0x56, 0xad, 0x80, 0x00, 0x00, 0x00, 0x00, 0x00,
  0x00, 0x00, 0x00, 0x00, 0x00, 0x01, 0x2b, 0xa2, 0xa9, 0xda, 0x00, 0x00, 0x00, 0x00, 0x00, 0x00,
  0x00, 0x00, 0x00, 0x00, 0x00, 0x00, 0xad, 0x50, 0xad, 0x57, 0x80, 0x00, 0x00, 0x00, 0x00, 0x00,
  0x00, 0x00, 0x00, 0x00, 0x00, 0x01, 0x56, 0xaa, 0x55, 0x5c, 0x00, 0x00, 0x00, 0x00, 0x00, 0x00,
  0x00, 0x00, 0x00, 0x02, 0x00, 0x00, 0xab, 0xa0, 0xaa, 0xab, 0x80, 0x00, 0x00, 0x00, 0x00, 0x00,
  0x00, 0x00, 0x00, 0x08, 0x00, 0x01, 0x2d, 0xa4, 0x55, 0x5d, 0x00, 0x00, 0x00, 0x00, 0x00, 0x00,
  0x00, 0x00, 0x00, 0x00, 0x00, 0x01, 0x56, 0xa1, 0x2a, 0x95, 0x00, 0x00, 0x00, 0x00, 0x00, 0x00,
  0x00, 0x00, 0x00, 0x00, 0x00, 0x00, 0xab, 0xa4, 0x55, 0x5a, 0x80, 0x00, 0x00, 0x00, 0x00, 0x00,
  0x00, 0x00, 0x00, 0x00, 0x00, 0x01, 0x55, 0xa0, 0x12, 0x95, 0x00, 0x00, 0x00, 0x02, 0x00, 0x00,
  0x00, 0x00, 0x00, 0x00, 0x00, 0x01, 0x2e, 0xc4, 0x95, 0x2d, 0x00, 0x00, 0x00, 0x00, 0x00, 0x00,
  0x00, 0x00, 0x00, 0x00, 0x00, 0x00, 0xb5, 0xa0, 0x2a, 0x96, 0x80, 0x00, 0x00, 0x00, 0x00, 0x08,
  0x00, 0x00, 0x00, 0x00, 0x00, 0x01, 0x57, 0xa2, 0x0a, 0x5a, 0x80, 0x00, 0x00, 0x00, 0x00, 0x00,
  0x00, 0x00, 0x00, 0x40, 0x00, 0x01, 0x55, 0xa0, 0x95, 0x15, 0x00, 0x00, 0x00, 0x00, 0x00, 0x00,
  0x00, 0x00, 0x00, 0x00, 0x00, 0x01, 0x56, 0xc0, 0x04, 0xaa, 0x80, 0x00, 0x00, 0x00, 0x00, 0x00,
  0x00, 0x00, 0x00, 0x00, 0x00, 0x01, 0x5b, 0xa1, 0x12, 0x95, 0x00, 0x00, 0x00, 0x20, 0x00, 0x00,
  0x00, 0x00, 0x00, 0x00, 0x00, 0x01, 0x56, 0xc0, 0x05, 0x4a, 0x00, 0x00, 0x00, 0x00, 0x00, 0x00,
  0x00, 0x00, 0x00, 0x00, 0x00, 0x01, 0x55, 0xa0, 0x4a, 0x55, 0x00, 0x00, 0x00, 0x00, 0x00, 0x00,
  0x00, 0x00, 0x00, 0x00, 0x00, 0x01, 0x5b, 0xa4, 0x02, 0x89, 0x00, 0x00, 0x00, 0x00, 0x00, 0x00,
  0x00, 0x00, 0x01, 0x00, 0x00, 0x01, 0x56, 0xc0, 0x05, 0x25, 0x00, 0x00, 0x00, 0x00, 0x00, 0x10,
  0x00, 0x00, 0x00, 0x00, 0x00, 0x01, 0x5b, 0xa0, 0x84, 0xa4, 0x80, 0x00, 0x00, 0x00, 0x00, 0x00,
  0x00, 0x00, 0x00, 0x00, 0x00, 0x01, 0x56, 0xd0, 0x02, 0x92, 0x00, 0x00, 0x00, 0x00, 0x00, 0x00,
  0x00, 0x00, 0x00, 0x02, 0x00, 0x01, 0x5b, 0x40, 0x09, 0x25, 0x00, 0x00, 0x00, 0x00, 0x00, 0x00,
  0x00, 0x00, 0x08, 0x00, 0x00, 0x01, 0x6b, 0xa0, 0x41, 0x50, 0x80, 0x00, 0x01, 0x00, 0x00, 0x00,
  0x00, 0x00, 0x00, 0x00, 0x04, 0x11, 0xad, 0xa2, 0x04, 0x8a, 0x00, 0x00, 0x00, 0x00, 0x00, 0x00,
  0x00, 0x00, 0x00, 0x00, 0x00, 0x00, 0xb6, 0xd0, 0x01, 0x21, 0x00, 0x00, 0x00, 0x00, 0x00, 0x00,
  0x00, 0x00, 0x40, 0x10, 0x00, 0x01, 0x55, 0xa0, 0x00, 0x98, 0x80, 0x00, 0x00, 0x00, 0x00, 0x00,
  0x00, 0x00, 0x00, 0x00, 0x00, 0x01, 0xb7, 0x60, 0x0a, 0x85, 0x00, 0x00, 0x00, 0x02, 0x04, 0x00,
  0x00, 0x02, 0x00, 0x00, 0x00, 0x00, 0xd5, 0xa0, 0x80, 0x54, 0x00, 0x00, 0x00, 0x00, 0x00, 0x00,
  0x00, 0x00, 0x00, 0x00, 0x00, 0x01, 0x5f, 0x40, 0x01, 0x09, 0x00, 0x00, 0x08, 0x00, 0x00, 0x08,
  0x00, 0x10, 0x00, 0x40, 0x20, 0x01, 0xab, 0x62, 0x04, 0xa4, 0x00, 0x00, 0x00, 0x10, 0x00, 0x00,
  0x00, 0x40, 0x00, 0x00, 0x00, 0x01, 0x6a, 0xa0, 0x10, 0x11, 0x00, 0x00, 0x00, 0x00, 0x00, 0x00,
  0x00, 0x00, 0x00, 0x00, 0x00, 0x00, 0x80, 0x00, 0x00, 0x80, 0x00, 0x00, 0x40, 0x00, 0x00, 0x00,
  0x00, 0x00, 0x02, 0x01, 0x00, 0x40, 0x00, 0x00, 0x80, 0x00, 0x00, 0x01, 0x00, 0x00, 0x00, 0x00
};
// Author :- Ashish ( ashish_y_794 )
// Website : https://www.oledanimationmaker.com/

const uint8_t PROGMEM frame128[1024] = {
  0x00, 0x00, 0x00, 0x00, 0x00, 0x00, 0x00, 0x00, 0x00, 0x00, 0x00, 0x00, 0x00, 0x00, 0x00, 0x00,
  0x00, 0x00, 0x00, 0x00, 0x00, 0x00, 0x00, 0x80, 0x01, 0x00, 0x00, 0x00, 0x00, 0x00, 0x00, 0x00,
  0x00, 0x00, 0x00, 0x00, 0x00, 0x00, 0x55, 0x50, 0x0d, 0xb5, 0x00, 0x00, 0x00, 0x00, 0x00, 0x00,
  0x00, 0x00, 0x00, 0x00, 0x00, 0x00, 0xba, 0xa0, 0x87, 0xde, 0x00, 0x00, 0x00, 0x00, 0x00, 0x00,
  0x00, 0x00, 0x00, 0x00, 0x00, 0x00, 0xad, 0x50, 0x0f, 0xfb, 0x00, 0x00, 0x00, 0x00, 0x00, 0x00,
  0x00, 0x00, 0x00, 0x00, 0x00, 0x00, 0x5b, 0x50, 0x07, 0xbf, 0x00, 0x00, 0x00, 0x00, 0x00, 0x00,
  0x00, 0x00, 0x00, 0x00, 0x00, 0x00, 0xbd, 0x52, 0x0d, 0xfb, 0x00, 0x00, 0x00, 0x00, 0x00, 0x00,
  0x00, 0x00, 0x00, 0x00, 0x00, 0x00, 0x96, 0xa8, 0x27, 0xde, 0x00, 0x00, 0x00, 0x00, 0x00, 0x00,
  0x00, 0x00, 0x00, 0x00, 0x00, 0x00, 0x5d, 0x54, 0x07, 0xfb, 0x00, 0x00, 0x00, 0x00, 0x00, 0x00,
  0x00, 0x00, 0x00, 0x00, 0x00, 0x00, 0xad, 0x48, 0x0f, 0xdf, 0x00, 0x00, 0x00, 0x00, 0x00, 0x00,
  0x00, 0x00, 0x00, 0x00, 0x00, 0x00, 0xaf, 0x6a, 0x07, 0xba, 0x00, 0x00, 0x00, 0x00, 0x00, 0x00,
  0x00, 0x00, 0x00, 0x00, 0x00, 0x00, 0x55, 0x54, 0x2d, 0xef, 0x00, 0x00, 0x00, 0x00, 0x00, 0x00,
  0x00, 0x00, 0x00, 0x00, 0x00, 0x00, 0xab, 0xaa, 0x07, 0xdd, 0x00, 0x00, 0x00, 0x00, 0x00, 0x00,
  0x00, 0x00, 0x00, 0x00, 0x00, 0x00, 0xae, 0xaa, 0x07, 0xbe, 0x00, 0x00, 0x00, 0x00, 0x00, 0x00,
  0x00, 0x00, 0x00, 0x00, 0x00, 0x00, 0x45, 0xaa, 0x0d, 0xdb, 0x00, 0x00, 0x00, 0x00, 0x00, 0x00,
  0x00, 0x00, 0x00, 0x00, 0x00, 0x00, 0xab, 0xab, 0x07, 0xfd, 0x00, 0x00, 0x00, 0x00, 0x00, 0x00,
  0x00, 0x00, 0x00, 0x00, 0x00, 0x00, 0x56, 0xd5, 0x0d, 0x96, 0x00, 0x00, 0x00, 0x00, 0x00, 0x00,
  0x00, 0x00, 0x00, 0x00, 0x00, 0x00, 0xab, 0xaa, 0x87, 0xfb, 0x00, 0x00, 0x00, 0x00, 0x00, 0x00,
  0x00, 0x00, 0x00, 0x00, 0x00, 0x00, 0x49, 0xaa, 0x8d, 0xae, 0x00, 0x00, 0x00, 0x00, 0x00, 0x00,
  0x00, 0x00, 0x00, 0x00, 0x00, 0x00, 0xaa, 0xd5, 0x85, 0xdb, 0x00, 0x00, 0x00, 0x00, 0x00, 0x00,
  0x00, 0x00, 0x00, 0x00, 0x00, 0x00, 0x4b, 0x54, 0xc7, 0xbd, 0x00, 0x00, 0x00, 0x00, 0x00, 0x00,
  0x00, 0x00, 0x00, 0x00, 0x00, 0x00, 0xaa, 0xeb, 0x4d, 0xd6, 0x00, 0x00, 0x00, 0x00, 0x00, 0x00,
  0x00, 0x00, 0x00, 0x00, 0x00, 0x00, 0x4a, 0xaa, 0xa5, 0x5b, 0x00, 0x00, 0x00, 0x00, 0x00, 0x00,
  0x00, 0x00, 0x00, 0x00, 0x00, 0x00, 0xaa, 0xd5, 0x45, 0xdd, 0x00, 0x00, 0x00, 0x00, 0x00, 0x00,
  0x00, 0x00, 0x00, 0x00, 0x00, 0x00, 0x4d, 0x52, 0xa7, 0x5a, 0x00, 0x00, 0x00, 0x00, 0x00, 0x00,
  0x00, 0x00, 0x00, 0x02, 0x00, 0x00, 0xa5, 0x6b, 0x65, 0xb7, 0x00, 0x00, 0x00, 0x00, 0x00, 0x00,
  0x00, 0x00, 0x00, 0x00, 0x00, 0x00, 0xab, 0x55, 0x55, 0xba, 0x00, 0x00, 0x00, 0x00, 0x00, 0x00,
  0x00, 0x00, 0x00, 0x00, 0x00, 0x00, 0x4d, 0x52, 0xb5, 0x95, 0x00, 0x00, 0x00, 0x00, 0x00, 0x00,
  0x00, 0x00, 0x00, 0x00, 0x00, 0x00, 0xa5, 0xab, 0x55, 0x7a, 0x00, 0x00, 0x00, 0x00, 0x00, 0x00,
  0x00, 0x00, 0x00, 0x00, 0x00, 0x00, 0x96, 0xa9, 0x59, 0x97, 0x00, 0x00, 0x00, 0x08, 0x00, 0x00,
  0x00, 0x00, 0x00, 0x10, 0x00, 0x00, 0x55, 0xa5, 0xab, 0x6a, 0x00, 0x00, 0x00, 0x00, 0x00, 0x00,
  0x00, 0x00, 0x00, 0x00, 0x00, 0x00, 0xaa, 0xb2, 0xad, 0x9d, 0x00, 0x00, 0x00, 0x00, 0x00, 0x00,
  0x00, 0x00, 0x00, 0x00, 0x00, 0x00, 0xa6, 0xc9, 0x69, 0x6a, 0x00, 0x00, 0x00, 0x00, 0x00, 0x00,
  0x00, 0x00, 0x00, 0x00, 0x00, 0x00, 0x95, 0xaa, 0xb5, 0x35, 0x00, 0x00, 0x00, 0x00, 0x00, 0x00,
  0x00, 0x00, 0x00, 0x00, 0x00, 0x00, 0x56, 0xa9, 0x55, 0x9a, 0x00, 0x00, 0x00, 0x00, 0x00, 0x00,
  0x00, 0x00, 0x00, 0x00, 0x00, 0x00, 0xab, 0x44, 0xad, 0x5b, 0x00, 0x00, 0x00, 0x40, 0x00, 0x00,
  0x00, 0x00, 0x00, 0x00, 0x00, 0x00, 0xa5, 0xa8, 0x55, 0x2a, 0x00, 0x00, 0x00, 0x00, 0x00, 0x00,
  0x00, 0x00, 0x00, 0x00, 0x00, 0x00, 0xaa, 0xc5, 0x2a, 0xb5, 0x00, 0x00, 0x00, 0x00, 0x00, 0x20,
  0x00, 0x00, 0x00, 0x00, 0x00, 0x00, 0xad, 0xa2, 0x56, 0x9a, 0x00, 0x00, 0x00, 0x00, 0x00, 0x00,
  0x00, 0x00, 0x00, 0x40, 0x00, 0x00, 0xa6, 0xc8, 0x59, 0x55, 0x00, 0x00, 0x00, 0x00, 0x00, 0x00,
  0x00, 0x00, 0x00, 0x00, 0x00, 0x00, 0xab, 0x62, 0x0b, 0x2a, 0x00, 0x00, 0x00, 0x00, 0x00, 0x00,
  0x00, 0x00, 0x00, 0x00, 0x00, 0x00, 0xaa, 0xc1, 0x55, 0x55, 0x00, 0x00, 0x00, 0x00, 0x00, 0x00,
  0x00, 0x00, 0x00, 0x00, 0x00, 0x00, 0xab, 0xa2, 0x2a, 0x9a, 0x00, 0x00, 0x00, 0x00, 0x00, 0x00,
  0x00, 0x00, 0x00, 0x00, 0x00, 0x00, 0xaa, 0xc0, 0x8a, 0xa9, 0x00, 0x00, 0x00, 0x00, 0x00, 0x00,
  0x00, 0x00, 0x00, 0x00, 0x40, 0x00, 0xcd, 0xa2, 0x25, 0x4a, 0x00, 0x00, 0x00, 0x00, 0x00, 0x00,
  0x00, 0x00, 0x00, 0x00, 0x00, 0x00, 0xab, 0x60, 0x8a, 0xaa, 0x00, 0x00, 0x00, 0x80, 0x00, 0x00,
  0x00, 0x00, 0x01, 0x02, 0x00, 0x00, 0xad, 0xa0, 0x15, 0x52, 0x00, 0x00, 0x00, 0x00, 0x00, 0x00,
  0x00, 0x00, 0x00, 0x00, 0x00, 0x00, 0xcb, 0xc2, 0x85, 0x29, 0x00, 0x00, 0x00, 0x00, 0x00, 0x40,
  0x00, 0x00, 0x00, 0x00, 0x00, 0x00, 0xad, 0x50, 0x25, 0x4a, 0x00, 0x00, 0x00, 0x00, 0x00, 0x00,
  0x00, 0x00, 0x00, 0x00, 0x00, 0x00, 0xd5, 0xc0, 0x02, 0xa4, 0x00, 0x00, 0x00, 0x00, 0x00, 0x00,
  0x00, 0x00, 0x04, 0x00, 0x00, 0x10, 0xab, 0x60, 0x95, 0x29, 0x00, 0x00, 0x02, 0x00, 0x00, 0x00,
  0x00, 0x00, 0x10, 0x00, 0x00, 0x00, 0xcd, 0xa2, 0x01, 0x44, 0x00, 0x00, 0x00, 0x00, 0x82, 0x00,
  0x00, 0x00, 0x00, 0x08, 0x00, 0x00, 0xad, 0xa0, 0x05, 0x32, 0x00, 0x00, 0x00, 0x00, 0x00, 0x00,
  0x00, 0x00, 0x00, 0x00, 0x00, 0x00, 0xd6, 0xc0, 0x22, 0x91, 0x00, 0x00, 0x00, 0x00, 0x00, 0x00,
  0x00, 0x00, 0x00, 0x00, 0x00, 0x00, 0xab, 0x64, 0x01, 0x48, 0x00, 0x00, 0x00, 0x00, 0x00, 0x00,
  0x00, 0x00, 0x80, 0x00, 0x01, 0x00, 0xd7, 0xa0, 0x49, 0x2a, 0x00, 0x00, 0x10, 0x00, 0x00, 0x00,
  0x00, 0x02, 0x00, 0x00, 0x20, 0x00, 0xad, 0x60, 0x01, 0x48, 0x00, 0x00, 0x00, 0x08, 0x00, 0x00,
  0x00, 0x10, 0x00, 0x00, 0x80, 0x00, 0xd5, 0xa2, 0x04, 0x89, 0x00, 0x00, 0x00, 0x00, 0x00, 0x00,
  0x00, 0x00, 0x00, 0x20, 0x00, 0x00, 0xde, 0xd0, 0x21, 0x24, 0x00, 0x00, 0x00, 0x40, 0x00, 0x00,
  0x00, 0x80, 0x00, 0x80, 0x00, 0x00, 0xd5, 0xa0, 0x04, 0x49, 0x00, 0x01, 0x00, 0x00, 0x00, 0x00,
  0x00, 0x00, 0x00, 0x00, 0x00, 0x00, 0xaa, 0x81, 0x00, 0x12, 0x00, 0x04, 0x00, 0x00, 0x00, 0x00,
  0x00, 0x00, 0x00, 0x00, 0x00, 0x08, 0x00, 0x08, 0x00, 0x00, 0x00, 0x20, 0x04, 0x00, 0x00, 0x40,
  0x00, 0x00, 0x00, 0x01, 0x00, 0x00, 0x00, 0x00, 0x21, 0x00, 0x01, 0x00, 0x00, 0x00, 0x08, 0x00,
  0x00, 0x00, 0x04, 0x00, 0x00, 0x40, 0x00, 0x00, 0x80, 0x00, 0x00, 0x00, 0x00, 0x00, 0x00, 0x00
};
// Author :- Ashish ( ashish_y_794 )
// Website : https://www.oledanimationmaker.com/

const uint8_t PROGMEM frame129[1024] = {
  0x00, 0x00, 0x00, 0x00, 0x00, 0x00, 0x00, 0x00, 0x00, 0x00, 0x00, 0x00, 0x00, 0x00, 0x00, 0x00,
  0x00, 0x00, 0x00, 0x00, 0x00, 0x00, 0x00, 0x00, 0x00, 0x00, 0x00, 0x00, 0x00, 0x00, 0x00, 0x00,
  0x00, 0x00, 0x00, 0x00, 0x00, 0x00, 0x00, 0x00, 0x00, 0x00, 0x00, 0x00, 0x00, 0x00, 0x00, 0x00,
  0x00, 0x00, 0x00, 0x00, 0x00, 0x00, 0x00, 0x42, 0x44, 0x00, 0x00, 0x00, 0x00, 0x00, 0x00, 0x00,
  0x00, 0x00, 0x00, 0x00, 0x00, 0x00, 0x00, 0x08, 0x01, 0x00, 0x00, 0x00, 0x00, 0x00, 0x00, 0x00,
  0x00, 0x00, 0x00, 0x00, 0x00, 0x00, 0x3f, 0xe0, 0x0e, 0xf4, 0x00, 0x00, 0x00, 0x00, 0x00, 0x00,
  0x00, 0x00, 0x00, 0x00, 0x00, 0x00, 0x2e, 0x50, 0x4d, 0xac, 0x00, 0x00, 0x00, 0x00, 0x00, 0x00,
  0x00, 0x00, 0x00, 0x00, 0x00, 0x00, 0x3f, 0xa8, 0x0f, 0xf4, 0x00, 0x00, 0x00, 0x00, 0x00, 0x00,
  0x00, 0x00, 0x00, 0x00, 0x00, 0x00, 0x16, 0xa8, 0x8d, 0xba, 0x00, 0x00, 0x00, 0x00, 0x00, 0x00,
  0x00, 0x00, 0x00, 0x00, 0x00, 0x00, 0x2f, 0x68, 0x0f, 0xd4, 0x00, 0x00, 0x00, 0x00, 0x00, 0x00,
  0x00, 0x00, 0x00, 0x00, 0x00, 0x00, 0x2f, 0xaa, 0x0b, 0x74, 0x00, 0x00, 0x00, 0x00, 0x00, 0x00,
  0x00, 0x00, 0x00, 0x00, 0x00, 0x00, 0x36, 0xd8, 0x0d, 0xac, 0x00, 0x00, 0x00, 0x00, 0x00, 0x00,
  0x00, 0x00, 0x00, 0x00, 0x00, 0x00, 0x17, 0xac, 0x4f, 0xf4, 0x00, 0x00, 0x00, 0x00, 0x00, 0x00,
  0x00, 0x00, 0x00, 0x00, 0x00, 0x00, 0x37, 0xd5, 0x0a, 0xaa, 0x00, 0x00, 0x00, 0x00, 0x00, 0x00,
  0x00, 0x00, 0x00, 0x00, 0x00, 0x00, 0x2b, 0x6a, 0x0d, 0xb4, 0x00, 0x00, 0x00, 0x00, 0x00, 0x00,
  0x00, 0x00, 0x00, 0x00, 0x00, 0x00, 0x37, 0xdd, 0x0b, 0xa8, 0x00, 0x00, 0x00, 0x00, 0x00, 0x00,
  0x00, 0x00, 0x00, 0x00, 0x00, 0x00, 0x15, 0xea, 0x0d, 0xb4, 0x00, 0x00, 0x00, 0x00, 0x00, 0x00,
  0x00, 0x00, 0x00, 0x00, 0x00, 0x00, 0x2b, 0xb5, 0x0b, 0x54, 0x00, 0x00, 0x00, 0x00, 0x00, 0x00,
  0x00, 0x00, 0x00, 0x00, 0x00, 0x00, 0x32, 0xef, 0x8b, 0xb4, 0x00, 0x00, 0x00, 0x00, 0x00, 0x00,
  0x00, 0x00, 0x00, 0x00, 0x00, 0x00, 0x15, 0xf4, 0x8a, 0xa8, 0x00, 0x00, 0x00, 0x00, 0x00, 0x00,
  0x00, 0x00, 0x00, 0x01, 0x00, 0x00, 0x2b, 0xed, 0x8b, 0x54, 0x00, 0x00, 0x00, 0x00, 0x00, 0x00,
  0x00, 0x00, 0x00, 0x04, 0x00, 0x00, 0x32, 0xf6, 0xca, 0xaa, 0x00, 0x00, 0x00, 0x00, 0x00, 0x00,
  0x00, 0x00, 0x00, 0x00, 0x00, 0x00, 0x15, 0x7a, 0x85, 0xa8, 0x00, 0x00, 0x00, 0x40, 0x00, 0x00,
  0x00, 0x00, 0x00, 0x00, 0x00, 0x00, 0x2a, 0xed, 0xcb, 0x54, 0x00, 0x00, 0x00, 0x00, 0x00, 0x00,
  0x00, 0x00, 0x00, 0x00, 0x00, 0x00, 0x25, 0x76, 0xa5, 0x54, 0x00, 0x00, 0x00, 0x00, 0x00, 0x00,
  0x00, 0x00, 0x00, 0x00, 0x00, 0x00, 0x32, 0xfb, 0x6a, 0xa8, 0x00, 0x00, 0x00, 0x00, 0x00, 0x00,
  0x00, 0x00, 0x00, 0x00, 0x00, 0x00, 0x15, 0x5a, 0xe2, 0xa4, 0x00, 0x00, 0x00, 0x00, 0x00, 0x00,
  0x00, 0x00, 0x00, 0x10, 0x00, 0x00, 0x52, 0xbd, 0xab, 0x28, 0x00, 0x00, 0x00, 0x00, 0x00, 0x00,
  0x00, 0x00, 0x00, 0x00, 0x00, 0x00, 0x2a, 0xf6, 0xd4, 0xa4, 0x00, 0x00, 0x01, 0x00, 0x00, 0x00,
  0x00, 0x00, 0x00, 0x00, 0x00, 0x00, 0x12, 0x5b, 0x79, 0x28, 0x00, 0x00, 0x00, 0x00, 0x00, 0x00,
  0x00, 0x00, 0x00, 0x00, 0x00, 0x00, 0x2a, 0xdd, 0xaa, 0xa4, 0x00, 0x00, 0x00, 0x00, 0x00, 0x00,
  0x00, 0x00, 0x00, 0x00, 0x00, 0x00, 0x25, 0x5a, 0xfa, 0x90, 0x00, 0x00, 0x00, 0x00, 0x00, 0x00,
  0x00, 0x00, 0x00, 0x00, 0x00, 0x00, 0x32, 0xad, 0xad, 0x54, 0x00, 0x00, 0x00, 0x00, 0x00, 0x00,
  0x00, 0x00, 0x00, 0x00, 0x00, 0x00, 0x15, 0x56, 0xf4, 0x24, 0x00, 0x00, 0x00, 0x00, 0x00, 0x00,
  0x00, 0x00, 0x00, 0x00, 0x00, 0x00, 0x52, 0xcd, 0x5d, 0x90, 0x00, 0x00, 0x00, 0x00, 0x04, 0x00,
  0x00, 0x00, 0x00, 0x00, 0x00, 0x00, 0x2a, 0x56, 0xee, 0x48, 0x00, 0x00, 0x00, 0x00, 0x00, 0x00,
  0x00, 0x00, 0x00, 0x20, 0x00, 0x00, 0x25, 0xa5, 0x75, 0x24, 0x00, 0x00, 0x00, 0x00, 0x00, 0x00,
  0x00, 0x00, 0x00, 0x00, 0x00, 0x00, 0x2a, 0x45, 0x5e, 0x50, 0x00, 0x00, 0x02, 0x00, 0x00, 0x00,
  0x00, 0x00, 0x00, 0x00, 0x00, 0x00, 0x25, 0xa6, 0xb6, 0x8a, 0x00, 0x00, 0x00, 0x00, 0x00, 0x00,
  0x00, 0x00, 0x00, 0x00, 0x00, 0x00, 0x32, 0x42, 0xab, 0x20, 0x00, 0x00, 0x00, 0x00, 0x00, 0x00,
  0x00, 0x00, 0x00, 0x00, 0x40, 0x00, 0x4a, 0xe2, 0xbd, 0x54, 0x00, 0x00, 0x00, 0x00, 0x00, 0x00,
  0x00, 0x00, 0x00, 0x00, 0x00, 0x00, 0x32, 0x92, 0xab, 0x20, 0x00, 0x00, 0x00, 0x01, 0x00, 0x00,
  0x00, 0x00, 0x00, 0x40, 0x00, 0x00, 0x2a, 0xc1, 0x56, 0xc8, 0x00, 0x00, 0x00, 0x04, 0x00, 0x00,
  0x00, 0x00, 0x00, 0x00, 0x00, 0x00, 0x52, 0xa2, 0x97, 0x92, 0x00, 0x00, 0x00, 0x00, 0x00, 0x00,
  0x00, 0x00, 0x00, 0x00, 0x00, 0x00, 0x2a, 0xc9, 0x55, 0x44, 0x00, 0x00, 0x10, 0x00, 0x00, 0x00,
  0x00, 0x00, 0x00, 0x01, 0x00, 0x00, 0x25, 0x50, 0x97, 0x60, 0x00, 0x00, 0x00, 0x80, 0x00, 0x00,
  0x00, 0x00, 0x01, 0x00, 0x00, 0x00, 0x55, 0x40, 0xaa, 0xd4, 0x00, 0x00, 0x00, 0x00, 0x00, 0x00,
  0x00, 0x00, 0x00, 0x00, 0x00, 0x20, 0x2a, 0xe0, 0x97, 0x40, 0x00, 0x00, 0x80, 0x00, 0x00, 0x00,
  0x00, 0x00, 0x00, 0x00, 0x00, 0x00, 0x55, 0x42, 0x49, 0xe8, 0x00, 0x02, 0x00, 0x00, 0x00, 0x80,
  0x00, 0x00, 0x00, 0x04, 0x00, 0x00, 0x2a, 0xd0, 0x57, 0x24, 0x00, 0x08, 0x00, 0x00, 0x00, 0x00,
  0x00, 0x00, 0x08, 0x00, 0x01, 0x00, 0x65, 0x40, 0x21, 0xe0, 0x00, 0x20, 0x00, 0x00, 0x00, 0x00,
  0x00, 0x00, 0x20, 0x00, 0x00, 0x00, 0x35, 0xd1, 0x16, 0xb4, 0x00, 0x00, 0x00, 0x00, 0x00, 0x00,
  0x00, 0x00, 0x80, 0x20, 0x00, 0x00, 0x4a, 0x50, 0x49, 0xa8, 0x00, 0x00, 0x01, 0x08, 0x04, 0x00,
  0x00, 0x00, 0x00, 0x00, 0x10, 0x00, 0x35, 0xc0, 0x22, 0xd0, 0x00, 0x00, 0x00, 0x00, 0x10, 0x00,
  0x00, 0x04, 0x00, 0x00, 0x00, 0x00, 0x52, 0xa4, 0x0a, 0xb4, 0x01, 0x00, 0x00, 0x00, 0x00, 0x00,
  0x00, 0x10, 0x00, 0x00, 0x80, 0x00, 0x2b, 0xd0, 0x91, 0x58, 0x00, 0x00, 0x00, 0x00, 0x00, 0x00,
  0x00, 0x00, 0x00, 0x02, 0x00, 0x02, 0x6a, 0xa0, 0x05, 0xd4, 0x08, 0x00, 0x00, 0x00, 0x00, 0x00,
  0x00, 0x00, 0x00, 0x20, 0x00, 0x10, 0x36, 0xd2, 0x10, 0x58, 0x00, 0x00, 0x08, 0x40, 0x00, 0x00,
  0x00, 0x00, 0x00, 0x00, 0x00, 0x40, 0x00, 0x00, 0x41, 0x04, 0x00, 0x00, 0x00, 0x00, 0x80, 0x00,
  0x00, 0x00, 0x00, 0x80, 0x00, 0x00, 0x20, 0x00, 0x00, 0x00, 0x00, 0x01, 0x00, 0x00, 0x00, 0x00,
  0x00, 0x40, 0x02, 0x00, 0x02, 0x00, 0x00, 0x92, 0x00, 0x00, 0x20, 0x08, 0x00, 0x00, 0x00, 0x08,
  0x00, 0x00, 0x00, 0x00, 0x00, 0x00, 0x00, 0x00, 0x48, 0x00, 0x00, 0x20, 0x04, 0x04, 0x04, 0x00,
  0x00, 0x00, 0x20, 0x02, 0x10, 0x00, 0x00, 0x01, 0x00, 0x81, 0x00, 0x80, 0x10, 0x20, 0x00, 0x00,
  0x00, 0x02, 0x00, 0x00, 0x00, 0x00, 0x02, 0x10, 0x00, 0x08, 0x00, 0x00, 0x00, 0x00, 0x00, 0x00
};
// Author :- Ashish ( ashish_y_794 )
// Website : https://www.oledanimationmaker.com/

const uint8_t PROGMEM frame130[1024] = {
  0x00, 0x00, 0x00, 0x00, 0x00, 0x00, 0x00, 0x00, 0x00, 0x00, 0x00, 0x00, 0x00, 0x00, 0x00, 0x00,
  0x00, 0x00, 0x00, 0x00, 0x00, 0x00, 0x00, 0x00, 0x00, 0x00, 0x00, 0x00, 0x00, 0x00, 0x00, 0x00,
  0x00, 0x00, 0x00, 0x00, 0x00, 0x00, 0x00, 0x00, 0x00, 0x00, 0x00, 0x00, 0x00, 0x00, 0x00, 0x00,
  0x00, 0x00, 0x00, 0x00, 0x00, 0x00, 0x00, 0x00, 0x80, 0x00, 0x00, 0x00, 0x00, 0x00, 0x00, 0x00,
  0x00, 0x00, 0x00, 0x00, 0x00, 0x00, 0x00, 0x02, 0x00, 0x00, 0x00, 0x00, 0x00, 0x00, 0x00, 0x00,
  0x00, 0x00, 0x00, 0x00, 0x00, 0x00, 0x00, 0x00, 0x08, 0x00, 0x00, 0x00, 0x00, 0x00, 0x00, 0x00,
  0x00, 0x00, 0x00, 0x00, 0x00, 0x00, 0x00, 0x10, 0x00, 0x00, 0x00, 0x00, 0x00, 0x00, 0x00, 0x00,
  0x00, 0x00, 0x00, 0x00, 0x00, 0x00, 0x1f, 0xd0, 0x2b, 0x50, 0x00, 0x00, 0x00, 0x00, 0x00, 0x00,
  0x00, 0x00, 0x00, 0x00, 0x00, 0x00, 0x0a, 0xa8, 0x89, 0x20, 0x00, 0x00, 0x00, 0x00, 0x00, 0x00,
  0x00, 0x00, 0x00, 0x00, 0x00, 0x00, 0x17, 0x50, 0x0a, 0x88, 0x00, 0x00, 0x00, 0x00, 0x00, 0x00,
  0x00, 0x00, 0x00, 0x00, 0x00, 0x00, 0x17, 0xa8, 0x0a, 0x50, 0x00, 0x00, 0x00, 0x00, 0x00, 0x00,
  0x00, 0x00, 0x00, 0x00, 0x00, 0x00, 0x0b, 0x6a, 0x0a, 0x80, 0x00, 0x00, 0x00, 0x00, 0x00, 0x00,
  0x00, 0x00, 0x00, 0x00, 0x00, 0x00, 0x17, 0xa8, 0x09, 0x28, 0x00, 0x00, 0x00, 0x00, 0x00, 0x00,
  0x00, 0x00, 0x00, 0x00, 0x00, 0x00, 0x15, 0xda, 0x25, 0x40, 0x00, 0x00, 0x00, 0x00, 0x00, 0x00,
  0x00, 0x00, 0x00, 0x00, 0x00, 0x00, 0x0b, 0xaa, 0x0a, 0x28, 0x00, 0x00, 0x00, 0x00, 0x00, 0x00,
  0x00, 0x00, 0x00, 0x00, 0x00, 0x00, 0x16, 0xf4, 0x09, 0x00, 0x00, 0x00, 0x00, 0x00, 0x00, 0x00,
  0x00, 0x00, 0x00, 0x00, 0x00, 0x00, 0x0b, 0xd6, 0x05, 0x50, 0x00, 0x00, 0x00, 0x00, 0x00, 0x00,
  0x00, 0x00, 0x00, 0x00, 0x00, 0x00, 0x12, 0xf5, 0x09, 0x04, 0x00, 0x00, 0x00, 0x00, 0x00, 0x00,
  0x00, 0x00, 0x00, 0x00, 0x00, 0x00, 0x0b, 0xdb, 0x0a, 0x50, 0x00, 0x00, 0x00, 0x00, 0x00, 0x00,
  0x00, 0x00, 0x00, 0x00, 0x00, 0x00, 0x14, 0xed, 0x21, 0x00, 0x00, 0x00, 0x00, 0x00, 0x00, 0x00,
  0x00, 0x00, 0x00, 0x00, 0x00, 0x00, 0x09, 0xf5, 0x8a, 0x50, 0x00, 0x00, 0x00, 0x00, 0x00, 0x00,
  0x00, 0x00, 0x00, 0x00, 0x00, 0x00, 0x12, 0xba, 0x81, 0x04, 0x00, 0x00, 0x00, 0x00, 0x00, 0x00,
  0x00, 0x00, 0x00, 0x00, 0x00, 0x00, 0x09, 0xee, 0x8a, 0x50, 0x00, 0x00, 0x00, 0x00, 0x00, 0x00,
  0x00, 0x00, 0x00, 0x00, 0x00, 0x00, 0x14, 0xba, 0xc0, 0x00, 0x00, 0x00, 0x00, 0x00, 0x00, 0x00,
  0x00, 0x00, 0x00, 0x00, 0x00, 0x00, 0x09, 0x7b, 0x4a, 0xa0, 0x00, 0x00, 0x00, 0x00, 0x00, 0x00,
  0x00, 0x00, 0x00, 0x00, 0x80, 0x00, 0x12, 0xbd, 0xa0, 0x08, 0x00, 0x00, 0x00, 0x00, 0x00, 0x00,
  0x00, 0x00, 0x00, 0x00, 0x00, 0x00, 0x08, 0x76, 0xa2, 0xa0, 0x00, 0x00, 0x00, 0x20, 0x00, 0x00,
  0x00, 0x00, 0x00, 0x00, 0x00, 0x00, 0x15, 0x5f, 0x62, 0x00, 0x00, 0x00, 0x00, 0x00, 0x00, 0x00,
  0x00, 0x00, 0x00, 0x00, 0x00, 0x00, 0x02, 0x7d, 0xb0, 0x50, 0x00, 0x00, 0x00, 0x00, 0x00, 0x00,
  0x00, 0x00, 0x00, 0x00, 0x00, 0x00, 0x19, 0x3e, 0xd2, 0x00, 0x00, 0x00, 0x00, 0x00, 0x00, 0x00,
  0x00, 0x00, 0x00, 0x04, 0x00, 0x00, 0x04, 0x9d, 0xb1, 0x48, 0x00, 0x00, 0x01, 0x00, 0x00, 0x00,
  0x00, 0x00, 0x00, 0x00, 0x00, 0x00, 0x12, 0x5e, 0xda, 0x00, 0x00, 0x00, 0x00, 0x00, 0x00, 0x00,
  0x00, 0x00, 0x00, 0x00, 0x00, 0x00, 0x09, 0x4f, 0x68, 0x20, 0x00, 0x00, 0x00, 0x00, 0x00, 0x00,
  0x00, 0x00, 0x00, 0x00, 0x00, 0x00, 0x24, 0x2d, 0xba, 0x48, 0x00, 0x00, 0x00, 0x00, 0x00, 0x00,
  0x00, 0x00, 0x00, 0x00, 0x00, 0x00, 0x09, 0x4e, 0xec, 0x00, 0x00, 0x00, 0x00, 0x00, 0x00, 0x00,
  0x00, 0x00, 0x00, 0x00, 0x00, 0x00, 0x12, 0x47, 0x75, 0x20, 0x00, 0x00, 0x00, 0x00, 0x00, 0x00,
  0x00, 0x00, 0x00, 0x00, 0x00, 0x00, 0x09, 0x25, 0xac, 0x08, 0x00, 0x00, 0x04, 0x00, 0x00, 0x00,
  0x00, 0x00, 0x00, 0x00, 0x00, 0x00, 0x24, 0x87, 0x7e, 0xa0, 0x00, 0x00, 0x00, 0x00, 0x10, 0x00,
  0x00, 0x00, 0x00, 0x08, 0x00, 0x00, 0x09, 0x43, 0xea, 0x00, 0x00, 0x00, 0x00, 0x00, 0x00, 0x00,
  0x00, 0x00, 0x00, 0x00, 0x00, 0x00, 0x12, 0x22, 0xbe, 0x48, 0x00, 0x00, 0x00, 0x00, 0x00, 0x00,
  0x00, 0x00, 0x00, 0x00, 0x00, 0x00, 0x09, 0x43, 0x77, 0x00, 0x00, 0x00, 0x20, 0x00, 0x00, 0x00,
  0x00, 0x00, 0x00, 0x00, 0x10, 0x00, 0x24, 0x21, 0xbb, 0x20, 0x00, 0x00, 0x00, 0x01, 0x00, 0x00,
  0x00, 0x00, 0x00, 0x00, 0x00, 0x20, 0x09, 0x42, 0xad, 0x84, 0x00, 0x00, 0x00, 0x00, 0x00, 0x00,
  0x00, 0x00, 0x00, 0x20, 0x00, 0x00, 0x22, 0x41, 0xb7, 0x90, 0x00, 0x00, 0x00, 0x08, 0x00, 0x00,
  0x00, 0x00, 0x00, 0x00, 0x00, 0x00, 0x09, 0x20, 0xdd, 0x40, 0x00, 0x02, 0x00, 0x40, 0x00, 0x00,
  0x00, 0x00, 0x00, 0x00, 0x00, 0x00, 0x24, 0x84, 0xa7, 0x80, 0x00, 0x08, 0x01, 0x00, 0x00, 0x00,
  0x00, 0x00, 0x00, 0x00, 0x80, 0x00, 0x12, 0x50, 0x5a, 0xd0, 0x01, 0x00, 0x04, 0x00, 0x00, 0x10,
  0x00, 0x00, 0x01, 0x00, 0x00, 0x00, 0x09, 0x40, 0xab, 0x40, 0x00, 0x00, 0x00, 0x00, 0x00, 0x00,
  0x00, 0x00, 0x00, 0x00, 0x00, 0x00, 0x24, 0x40, 0x55, 0xe4, 0x00, 0x00, 0x00, 0x00, 0x00, 0x00,
  0x00, 0x00, 0x00, 0x04, 0x01, 0x01, 0x09, 0x22, 0x57, 0x50, 0x08, 0x00, 0x00, 0x00, 0x00, 0x80,
  0x00, 0x00, 0x08, 0x00, 0x04, 0x04, 0x12, 0x88, 0x29, 0xe0, 0x00, 0x00, 0x10, 0x00, 0x02, 0x00,
  0x00, 0x00, 0x20, 0x00, 0x00, 0x00, 0x09, 0x40, 0x2b, 0xa0, 0x00, 0x00, 0x00, 0x00, 0x00, 0x00,
  0x00, 0x00, 0x80, 0x10, 0x00, 0x00, 0x12, 0x50, 0xaa, 0xf0, 0x00, 0x04, 0x00, 0x00, 0x20, 0x00,
  0x00, 0x00, 0x00, 0x00, 0x20, 0x00, 0x09, 0x40, 0x15, 0xb0, 0x00, 0x10, 0x00, 0x00, 0x00, 0x00,
  0x00, 0x00, 0x00, 0x00, 0x00, 0x00, 0x24, 0x92, 0x15, 0x69, 0x10, 0x00, 0x20, 0x82, 0x00, 0x00,
  0x00, 0x02, 0x00, 0x00, 0x80, 0x00, 0x12, 0x40, 0x15, 0x78, 0x00, 0x80, 0x00, 0x00, 0x00, 0x00,
  0x00, 0x00, 0x00, 0x42, 0x00, 0x08, 0x09, 0x10, 0x80, 0xa8, 0x00, 0x00, 0x00, 0x00, 0x00, 0x00,
  0x00, 0x10, 0x00, 0x00, 0x00, 0x20, 0x00, 0x02, 0x00, 0x00, 0x00, 0x00, 0x04, 0x08, 0x00, 0x00,
  0x00, 0x00, 0x00, 0x00, 0x01, 0x00, 0x00, 0x00, 0x24, 0x00, 0x00, 0x00, 0x80, 0x20, 0x10, 0x00,
  0x00, 0x00, 0x01, 0x00, 0x00, 0x00, 0x40, 0x10, 0x00, 0x00, 0x04, 0x04, 0x00, 0x00, 0x00, 0x88,
  0x01, 0x00, 0x04, 0x08, 0x00, 0x00, 0x00, 0x82, 0x40, 0x00, 0x80, 0x20, 0x00, 0x00, 0x00, 0x00,
  0x00, 0x00, 0x40, 0x00, 0x10, 0x00, 0x02, 0x00, 0x04, 0x42, 0x00, 0x00, 0x11, 0x00, 0x40, 0x00,
  0x00, 0x02, 0x00, 0x00, 0x80, 0x01, 0x00, 0x08, 0x80, 0x00, 0x00, 0x00, 0x00, 0x00, 0x00, 0x00,
  0x00, 0x08, 0x00, 0x00, 0x01, 0x10, 0x08, 0x00, 0x10, 0x00, 0x08, 0x80, 0x80, 0x02, 0x01, 0x00
};
// Author :- Ashish ( ashish_y_794 )
// Website : https://www.oledanimationmaker.com/

const uint8_t PROGMEM frame131[1024] = {
  0x00, 0x00, 0x00, 0x00, 0x00, 0x00, 0x00, 0x00, 0x00, 0x00, 0x00, 0x00, 0x00, 0x00, 0x00, 0x00,
  0x00, 0x00, 0x00, 0x00, 0x00, 0x00, 0x00, 0x00, 0x00, 0x00, 0x00, 0x00, 0x00, 0x00, 0x00, 0x00,
  0x00, 0x00, 0x00, 0x00, 0x00, 0x00, 0x00, 0x00, 0x00, 0x00, 0x00, 0x00, 0x00, 0x00, 0x00, 0x00,
  0x00, 0x00, 0x00, 0x00, 0x00, 0x00, 0x00, 0x00, 0x40, 0x00, 0x00, 0x00, 0x00, 0x00, 0x00, 0x00,
  0x00, 0x00, 0x00, 0x00, 0x00, 0x00, 0x00, 0x01, 0x00, 0x00, 0x00, 0x00, 0x00, 0x00, 0x00, 0x00,
  0x00, 0x00, 0x00, 0x00, 0x00, 0x00, 0x00, 0x00, 0x00, 0x00, 0x00, 0x00, 0x00, 0x00, 0x00, 0x00,
  0x00, 0x00, 0x00, 0x00, 0x00, 0x00, 0x00, 0x00, 0x00, 0x00, 0x00, 0x00, 0x00, 0x00, 0x00, 0x00,
  0x00, 0x00, 0x00, 0x00, 0x00, 0x00, 0x00, 0x24, 0x08, 0x00, 0x00, 0x00, 0x00, 0x00, 0x00, 0x00,
  0x00, 0x00, 0x00, 0x00, 0x00, 0x00, 0x1f, 0xd0, 0x45, 0x40, 0x00, 0x00, 0x00, 0x00, 0x00, 0x00,
  0x00, 0x00, 0x00, 0x00, 0x00, 0x00, 0x0b, 0x50, 0x08, 0x28, 0x00, 0x00, 0x00, 0x00, 0x00, 0x00,
  0x00, 0x00, 0x00, 0x00, 0x00, 0x00, 0x0b, 0xa8, 0x0a, 0x80, 0x00, 0x00, 0x00, 0x00, 0x00, 0x00,
  0x00, 0x00, 0x00, 0x00, 0x00, 0x00, 0x0d, 0xb4, 0x88, 0x20, 0x00, 0x00, 0x00, 0x00, 0x00, 0x00,
  0x00, 0x00, 0x00, 0x00, 0x00, 0x00, 0x16, 0xd4, 0x05, 0x10, 0x00, 0x00, 0x00, 0x00, 0x00, 0x00,
  0x00, 0x00, 0x00, 0x00, 0x00, 0x00, 0x05, 0xd8, 0x08, 0x80, 0x00, 0x00, 0x00, 0x00, 0x00, 0x00,
  0x00, 0x00, 0x00, 0x00, 0x00, 0x00, 0x0b, 0xea, 0x0a, 0x28, 0x00, 0x00, 0x00, 0x00, 0x00, 0x00,
  0x00, 0x00, 0x00, 0x00, 0x00, 0x00, 0x0a, 0xac, 0x20, 0x80, 0x00, 0x00, 0x00, 0x00, 0x00, 0x00,
  0x00, 0x00, 0x00, 0x00, 0x00, 0x00, 0x0b, 0xf5, 0x0a, 0x20, 0x00, 0x00, 0x00, 0x00, 0x00, 0x00,
  0x00, 0x00, 0x00, 0x00, 0x00, 0x00, 0x09, 0xaa, 0x00, 0x88, 0x00, 0x00, 0x00, 0x00, 0x00, 0x00,
  0x00, 0x00, 0x00, 0x00, 0x00, 0x00, 0x0a, 0xf6, 0x0a, 0x20, 0x00, 0x00, 0x00, 0x00, 0x00, 0x00,
  0x00, 0x00, 0x00, 0x00, 0x00, 0x00, 0x02, 0xeb, 0x00, 0x00, 0x00, 0x00, 0x00, 0x00, 0x00, 0x00,
  0x00, 0x00, 0x00, 0x00, 0x00, 0x00, 0x19, 0xfd, 0x8a, 0xa0, 0x00, 0x00, 0x00, 0x00, 0x00, 0x00,
  0x00, 0x00, 0x00, 0x01, 0x00, 0x00, 0x04, 0xb5, 0x00, 0x08, 0x00, 0x00, 0x00, 0x00, 0x00, 0x00,
  0x00, 0x00, 0x00, 0x00, 0x00, 0x00, 0x09, 0xfb, 0x92, 0x40, 0x00, 0x00, 0x00, 0x00, 0x00, 0x00,
  0x00, 0x00, 0x00, 0x00, 0x00, 0x00, 0x04, 0x6d, 0x41, 0x10, 0x00, 0x00, 0x00, 0x00, 0x00, 0x00,
  0x00, 0x00, 0x00, 0x00, 0x00, 0x00, 0x11, 0x7d, 0x88, 0x40, 0x00, 0x00, 0x00, 0x40, 0x00, 0x00,
  0x00, 0x00, 0x00, 0x00, 0x00, 0x00, 0x0a, 0x76, 0xc2, 0x00, 0x00, 0x00, 0x00, 0x00, 0x00, 0x00,
  0x00, 0x00, 0x00, 0x00, 0x00, 0x00, 0x01, 0x3d, 0x60, 0xa8, 0x00, 0x00, 0x00, 0x00, 0x00, 0x00,
  0x00, 0x00, 0x00, 0x00, 0x00, 0x00, 0x14, 0xbf, 0xa4, 0x00, 0x00, 0x00, 0x00, 0x00, 0x00, 0x00,
  0x00, 0x00, 0x00, 0x04, 0x00, 0x00, 0x09, 0x3a, 0xd1, 0x20, 0x00, 0x00, 0x00, 0x00, 0x00, 0x00,
  0x00, 0x00, 0x00, 0x00, 0x00, 0x00, 0x04, 0x5f, 0x60, 0x00, 0x00, 0x00, 0x00, 0x00, 0x00, 0x00,
  0x00, 0x00, 0x00, 0x00, 0x00, 0x00, 0x11, 0x2d, 0xb4, 0x90, 0x00, 0x00, 0x02, 0x00, 0x00, 0x00,
  0x00, 0x00, 0x00, 0x00, 0x00, 0x00, 0x08, 0x9f, 0xb0, 0x20, 0x00, 0x00, 0x00, 0x00, 0x00, 0x00,
  0x00, 0x00, 0x00, 0x00, 0x00, 0x00, 0x05, 0x2e, 0xda, 0x40, 0x00, 0x00, 0x00, 0x00, 0x00, 0x00,
  0x00, 0x00, 0x00, 0x00, 0x00, 0x00, 0x10, 0x4f, 0x68, 0x00, 0x00, 0x00, 0x00, 0x00, 0x00, 0x00,
  0x00, 0x00, 0x00, 0x00, 0x00, 0x00, 0x0a, 0x8f, 0xbd, 0x24, 0x00, 0x00, 0x00, 0x00, 0x00, 0x00,
  0x00, 0x00, 0x00, 0x00, 0x00, 0x00, 0x00, 0x26, 0xe8, 0x00, 0x00, 0x00, 0x00, 0x00, 0x00, 0x00,
  0x00, 0x00, 0x00, 0x08, 0x00, 0x00, 0x15, 0x47, 0xbe, 0x48, 0x00, 0x00, 0x00, 0x00, 0x00, 0x00,
  0x00, 0x00, 0x00, 0x00, 0x08, 0x00, 0x00, 0x83, 0xd4, 0x00, 0x00, 0x00, 0x08, 0x00, 0x00, 0x00,
  0x00, 0x00, 0x00, 0x00, 0x20, 0x00, 0x15, 0x25, 0xbe, 0xa0, 0x00, 0x00, 0x20, 0x01, 0x00, 0x00,
  0x00, 0x00, 0x00, 0x00, 0x00, 0x00, 0x08, 0x03, 0xf6, 0x00, 0x00, 0x00, 0x00, 0x08, 0x00, 0x00,
  0x00, 0x00, 0x00, 0x00, 0x00, 0x00, 0x02, 0xa1, 0x5b, 0x20, 0x00, 0x00, 0x00, 0x00, 0x01, 0x00,
  0x00, 0x00, 0x00, 0x20, 0x00, 0x00, 0x28, 0x43, 0xfd, 0x08, 0x00, 0x00, 0x00, 0x00, 0x00, 0x00,
  0x00, 0x00, 0x00, 0x00, 0x00, 0x00, 0x05, 0x00, 0xaf, 0x80, 0x00, 0x01, 0x00, 0x00, 0x00, 0x00,
  0x00, 0x00, 0x00, 0x01, 0x00, 0x02, 0x10, 0xa1, 0xfa, 0xa0, 0x00, 0x04, 0x00, 0x00, 0x00, 0x00,
  0x00, 0x00, 0x00, 0x00, 0x00, 0x00, 0x04, 0x04, 0xaf, 0x80, 0x00, 0x20, 0x00, 0x20, 0x00, 0x00,
  0x00, 0x00, 0x01, 0x00, 0x00, 0x00, 0x12, 0xa0, 0xb6, 0xc8, 0x00, 0x80, 0x00, 0x00, 0x00, 0x00,
  0x00, 0x00, 0x00, 0x00, 0x00, 0x00, 0x08, 0x40, 0x5b, 0x40, 0x02, 0x00, 0x00, 0x80, 0x00, 0x00,
  0x00, 0x00, 0x00, 0x00, 0x00, 0x00, 0x02, 0x80, 0xed, 0xc0, 0x08, 0x00, 0x02, 0x00, 0x00, 0x00,
  0x00, 0x00, 0x10, 0x04, 0x00, 0x00, 0x14, 0x48, 0x2b, 0x68, 0x20, 0x00, 0x00, 0x00, 0x01, 0x00,
  0x00, 0x00, 0x40, 0x00, 0x08, 0x20, 0x01, 0x20, 0x55, 0xc0, 0x00, 0x00, 0x00, 0x00, 0x04, 0x04,
  0x00, 0x00, 0x00, 0x20, 0x20, 0x00, 0x94, 0x81, 0x37, 0x60, 0x00, 0x00, 0x10, 0x00, 0x20, 0x00,
  0x00, 0x00, 0x00, 0x00, 0x00, 0x00, 0x09, 0x20, 0x29, 0xe8, 0x00, 0x00, 0x00, 0x00, 0x00, 0x00,
  0x00, 0x10, 0x00, 0x00, 0x00, 0x00, 0x02, 0x44, 0x2d, 0xb0, 0x00, 0x00, 0x00, 0x01, 0x00, 0x00,
  0x00, 0x40, 0x00, 0x81, 0x00, 0x00, 0x14, 0x90, 0x15, 0xd0, 0x00, 0x00, 0x80, 0x00, 0x00, 0x00,
  0x00, 0x00, 0x00, 0x00, 0x00, 0x04, 0x09, 0x20, 0x95, 0x70, 0x80, 0x00, 0x01, 0x10, 0x00, 0x00,
  0x00, 0x00, 0x80, 0x00, 0x00, 0x40, 0x20, 0x00, 0x09, 0x58, 0x00, 0x02, 0x04, 0x00, 0x00, 0x00,
  0x00, 0x00, 0x04, 0x08, 0x01, 0x00, 0x00, 0x84, 0x20, 0x00, 0x02, 0x08, 0x00, 0x00, 0x00, 0x08,
  0x02, 0x00, 0x00, 0x00, 0x10, 0x00, 0x00, 0x00, 0x80, 0x00, 0x08, 0x00, 0x00, 0x00, 0x00, 0x80,
  0x00, 0x00, 0x00, 0x20, 0x40, 0x00, 0x02, 0x02, 0x00, 0x00, 0x20, 0x00, 0x10, 0x01, 0x08, 0x00,
  0x00, 0x00, 0x00, 0x00, 0x00, 0x01, 0x08, 0x10, 0x02, 0x02, 0x00, 0x00, 0x00, 0x20, 0x00, 0x00,
  0x00, 0x04, 0x21, 0x01, 0x00, 0x00, 0x00, 0x00, 0x48, 0x10, 0x00, 0x20, 0x40, 0x80, 0x00, 0x00,
  0x00, 0x20, 0x00, 0x00, 0x00, 0x08, 0x00, 0x04, 0x00, 0x00, 0x00, 0x01, 0x00, 0x00, 0x00, 0x00,
  0x08, 0x00, 0x00, 0x04, 0x01, 0x00, 0x00, 0x41, 0x00, 0x00, 0x00, 0x00, 0x02, 0x01, 0x08, 0x88,
  0x00, 0x00, 0x04, 0x20, 0x04, 0x00, 0x41, 0x04, 0x21, 0x00, 0x82, 0x08, 0x00, 0x00, 0x00, 0x00
};
// Author :- Ashish ( ashish_y_794 )
// Website : https://www.oledanimationmaker.com/

const uint8_t PROGMEM frame132[1024] = {
  0x00, 0x00, 0x00, 0x00, 0x00, 0x00, 0x00, 0x00, 0x00, 0x00, 0x00, 0x00, 0x00, 0x00, 0x00, 0x00,
  0x00, 0x00, 0x00, 0x00, 0x00, 0x00, 0x00, 0x00, 0x00, 0x00, 0x00, 0x00, 0x00, 0x00, 0x00, 0x00,
  0x00, 0x00, 0x00, 0x00, 0x00, 0x00, 0x00, 0x00, 0x00, 0x00, 0x00, 0x00, 0x00, 0x00, 0x00, 0x00,
  0x00, 0x00, 0x00, 0x00, 0x00, 0x00, 0x00, 0x00, 0x00, 0x00, 0x00, 0x00, 0x00, 0x00, 0x00, 0x00,
  0x00, 0x80, 0x00, 0x00, 0x00, 0x00, 0x00, 0x01, 0x00, 0x00, 0x00, 0x00, 0x00, 0x00, 0x00, 0x00,
  0x00, 0x00, 0x00, 0x01, 0x00, 0x00, 0x00, 0x00, 0x10, 0x00, 0x00, 0x00, 0x00, 0x00, 0x00, 0x00,
  0x00, 0x10, 0x00, 0x00, 0x00, 0x00, 0x00, 0x00, 0x00, 0x00, 0x00, 0x00, 0x00, 0x00, 0x00, 0x02,
  0x01, 0x00, 0x00, 0x00, 0x00, 0x00, 0x00, 0x02, 0x00, 0x00, 0x00, 0x00, 0x04, 0x00, 0x00, 0x00,
  0x00, 0x00, 0x00, 0x00, 0x40, 0x00, 0x00, 0x00, 0x00, 0x00, 0x00, 0x00, 0x00, 0x00, 0x00, 0x00,
  0x00, 0x40, 0x00, 0x11, 0x00, 0x00, 0x0a, 0xb0, 0x4a, 0x40, 0x00, 0x00, 0x00, 0x20, 0x00, 0x00,
  0x01, 0x00, 0x01, 0x00, 0x00, 0x00, 0x0b, 0xd0, 0x04, 0x90, 0x00, 0x00, 0x20, 0x00, 0x00, 0x04,
  0x00, 0x00, 0x04, 0x00, 0x00, 0x00, 0x0d, 0x59, 0x09, 0x20, 0x00, 0x00, 0x00, 0x00, 0x00, 0x00,
  0x00, 0x01, 0x00, 0x00, 0x00, 0x00, 0x05, 0xd4, 0x04, 0x90, 0x00, 0x00, 0x00, 0x00, 0x00, 0x00,
  0x04, 0x44, 0x00, 0x01, 0x00, 0x00, 0x06, 0xa8, 0x12, 0x40, 0x00, 0x00, 0x04, 0x00, 0x04, 0x02,
  0x00, 0x00, 0x00, 0x00, 0x00, 0x00, 0x0a, 0xf4, 0x09, 0x20, 0x00, 0x01, 0x00, 0x40, 0x10, 0x08,
  0x00, 0x10, 0x00, 0x00, 0x00, 0x00, 0x03, 0xaa, 0x04, 0x90, 0x00, 0x00, 0x00, 0x00, 0x00, 0x00,
  0x01, 0x00, 0x00, 0x04, 0x00, 0x00, 0x09, 0x6c, 0x12, 0x40, 0x00, 0x00, 0x00, 0x00, 0x00, 0x00,
  0x00, 0x00, 0x00, 0x00, 0x40, 0x00, 0x05, 0xf5, 0x09, 0x20, 0x00, 0x00, 0x08, 0x00, 0x00, 0x00,
  0x00, 0x40, 0x01, 0x00, 0x00, 0x00, 0x02, 0xaa, 0x04, 0x90, 0x00, 0x00, 0x00, 0x00, 0x00, 0x04,
  0x01, 0x00, 0x00, 0x01, 0x00, 0x00, 0x09, 0x76, 0x42, 0x40, 0x00, 0x00, 0x00, 0x40, 0x00, 0x00,
  0x04, 0x10, 0x00, 0x08, 0x00, 0x00, 0x01, 0xbb, 0x09, 0x10, 0x00, 0x01, 0x01, 0x00, 0x40, 0x00,
  0x00, 0x00, 0x08, 0x00, 0x00, 0x00, 0x0a, 0xd5, 0x04, 0xa0, 0x00, 0x00, 0x08, 0x00, 0x02, 0x12,
  0x00, 0x40, 0x00, 0x00, 0x00, 0x00, 0x00, 0x7b, 0x49, 0x10, 0x00, 0x00, 0x00, 0x00, 0x00, 0x00,
  0x00, 0x01, 0x00, 0x40, 0x80, 0x00, 0x0a, 0xbd, 0x04, 0x40, 0x00, 0x00, 0x00, 0x00, 0x00, 0x00,
  0x01, 0x10, 0x00, 0x02, 0x00, 0x00, 0x00, 0x6b, 0xa2, 0x90, 0x00, 0x00, 0x00, 0x00, 0x00, 0x02,
  0x04, 0x00, 0x00, 0x00, 0x00, 0x00, 0x0a, 0xbd, 0x48, 0x40, 0x00, 0x02, 0x20, 0x00, 0x10, 0x08,
  0x00, 0x40, 0x01, 0x00, 0x00, 0x00, 0x00, 0x5d, 0xa2, 0x90, 0x00, 0x00, 0x04, 0x40, 0x41, 0x00,
  0x00, 0x00, 0x04, 0x00, 0x84, 0x00, 0x15, 0x36, 0xa4, 0x40, 0x00, 0x00, 0x00, 0x00, 0x00, 0x00,
  0x00, 0x91, 0x00, 0x04, 0x00, 0x00, 0x00, 0xbf, 0x42, 0x90, 0x00, 0x00, 0x00, 0x00, 0x00, 0x02,
  0x02, 0x00, 0x00, 0x00, 0x00, 0x00, 0x0a, 0x15, 0xf1, 0x20, 0x00, 0x04, 0x00, 0x00, 0x00, 0x08,
  0x08, 0x20, 0x00, 0x00, 0x00, 0x08, 0x00, 0x9e, 0xaa, 0x40, 0x00, 0x00, 0x48, 0x80, 0x00, 0x00,
  0x00, 0x00, 0x00, 0x11, 0x20, 0x00, 0x14, 0x57, 0xb1, 0x28, 0x00, 0x00, 0x00, 0x02, 0x12, 0x00,
  0x00, 0x90, 0x10, 0x80, 0x00, 0x00, 0x02, 0x0e, 0xd4, 0x80, 0x00, 0x20, 0x00, 0x00, 0x00, 0x04,
  0x00, 0x01, 0x00, 0x00, 0x00, 0x00, 0x09, 0x4f, 0x69, 0x20, 0x08, 0x02, 0x00, 0x20, 0x00, 0x10,
  0x00, 0x80, 0x00, 0x01, 0x00, 0x00, 0x00, 0x27, 0xba, 0x50, 0x00, 0x00, 0x08, 0x80, 0x00, 0x00,
  0x02, 0x24, 0x00, 0x00, 0x00, 0x40, 0x15, 0x0b, 0xd4, 0x80, 0x00, 0x00, 0x00, 0x00, 0x22, 0x02,
  0x08, 0x00, 0x01, 0x08, 0x00, 0x00, 0x40, 0xa7, 0x7a, 0x50, 0x00, 0x00, 0x40, 0x00, 0x00, 0x00,
  0x00, 0x40, 0x00, 0x00, 0x82, 0x00, 0x04, 0x03, 0xd5, 0x00, 0x00, 0x08, 0x00, 0x00, 0x00, 0x10,
  0x00, 0x10, 0x08, 0x00, 0x08, 0x00, 0x02, 0xa5, 0xee, 0x50, 0x40, 0x20, 0x04, 0x20, 0x08, 0x02,
  0x01, 0x01, 0x00, 0x42, 0x00, 0x00, 0x08, 0x13, 0xba, 0x40, 0x00, 0x80, 0x00, 0x80, 0x41, 0x00,
  0x00, 0x48, 0x00, 0x00, 0x00, 0x00, 0x02, 0x81, 0xee, 0x90, 0x00, 0x00, 0x80, 0x00, 0x00, 0x08,
  0x10, 0x20, 0x00, 0x00, 0x40, 0x01, 0x10, 0x41, 0xf5, 0x48, 0x00, 0x00, 0x08, 0x00, 0x00, 0x00,
  0x01, 0x00, 0x01, 0x02, 0x00, 0x00, 0x05, 0x29, 0x5f, 0x20, 0x00, 0x00, 0x00, 0x00, 0x12, 0x02,
  0x00, 0x40, 0x10, 0x08, 0x00, 0x00, 0x00, 0x80, 0xfa, 0x90, 0x00, 0x00, 0x00, 0x80, 0x40, 0x10,
  0x01, 0x12, 0x00, 0x00, 0x00, 0x00, 0x0a, 0x20, 0xef, 0xa0, 0x02, 0x02, 0x22, 0x01, 0x00, 0x00,
  0x04, 0x00, 0x00, 0x40, 0x40, 0x00, 0x00, 0x82, 0x7d, 0x80, 0x10, 0x00, 0x00, 0x08, 0x02, 0x04,
  0x10, 0x50, 0x01, 0x01, 0x00, 0x00, 0x14, 0x50, 0xb6, 0xd0, 0x00, 0x00, 0x00, 0x00, 0x00, 0x10,
  0x00, 0x00, 0x44, 0x00, 0x00, 0x44, 0x02, 0x00, 0x6f, 0x40, 0x00, 0x08, 0x08, 0x40, 0x08, 0x01,
  0x00, 0x91, 0x00, 0x00, 0x01, 0x00, 0x08, 0xa2, 0x3b, 0xd0, 0x80, 0x00, 0x80, 0x00, 0x01, 0x00,
  0x00, 0x20, 0x00, 0x04, 0x00, 0x00, 0x02, 0x10, 0x5d, 0x60, 0x00, 0x00, 0x01, 0x00, 0x20, 0x08,
  0x02, 0x40, 0x00, 0x10, 0x88, 0x00, 0x11, 0x40, 0x2b, 0xa0, 0x00, 0x02, 0x08, 0x00, 0x04, 0x22,
  0x10, 0x08, 0x00, 0x80, 0x00, 0x00, 0x04, 0x22, 0x36, 0xe8, 0x00, 0x20, 0x00, 0x11, 0x00, 0x00,
  0x00, 0x81, 0x08, 0x00, 0x00, 0x00, 0x09, 0x08, 0x1b, 0x60, 0x02, 0x00, 0x00, 0x40, 0x11, 0x00,
  0x00, 0x20, 0x00, 0x01, 0x00, 0x00, 0x00, 0xa0, 0x15, 0xb0, 0x20, 0x00, 0x49, 0x00, 0x04, 0x04,
  0x02, 0x48, 0x00, 0x84, 0x10, 0x01, 0x12, 0x01, 0x00, 0x48, 0x00, 0x04, 0x00, 0x00, 0x20, 0x10,
  0x10, 0x00, 0x02, 0x00, 0x00, 0x08, 0x00, 0x00, 0x20, 0x00, 0x00, 0x00, 0x00, 0x00, 0x80, 0x01,
  0x00, 0xa4, 0x90, 0x00, 0x40, 0x80, 0x00, 0x08, 0x82, 0x00, 0x00, 0x10, 0x84, 0x22, 0x04, 0x84,
  0x00, 0x10, 0x00, 0x11, 0x00, 0x00, 0x00, 0x00, 0x00, 0x00, 0x81, 0x00, 0x00, 0x80, 0x00, 0x00,
  0x04, 0x80, 0x00, 0x40, 0x00, 0x00, 0x00, 0x42, 0x08, 0x00, 0x04, 0x02, 0x08, 0x00, 0x12, 0x10,
  0x10, 0x50, 0x01, 0x00, 0x02, 0x00, 0x22, 0x08, 0x40, 0x10, 0x00, 0x00, 0x00, 0x00, 0x00, 0x02,
  0x00, 0x02, 0x20, 0x02, 0x20, 0x08, 0x80, 0x00, 0x00, 0x40, 0x10, 0x08, 0x21, 0x10, 0x49, 0x00,
  0x01, 0x50, 0x00, 0x00, 0x00, 0x00, 0x00, 0x01, 0x08, 0x01, 0x00, 0x00, 0x80, 0x01, 0x00, 0x24,
  0x00, 0x00, 0x84, 0x88, 0x80, 0x20, 0x00, 0x48, 0x20, 0x00, 0x00, 0x20, 0x04, 0x40, 0x08, 0x00,
  0x24, 0xa4, 0x00, 0x00, 0x04, 0x00, 0x02, 0x00, 0x81, 0x00, 0x00, 0x80, 0x00, 0x00, 0x22, 0x04
};
// Author :- Ashish ( ashish_y_794 )
// Website : https://www.oledanimationmaker.com/

const uint8_t PROGMEM frame133[1024] = {
  0x00, 0x02, 0x00, 0x00, 0x00, 0x00, 0x00, 0x00, 0x00, 0x00, 0x00, 0x00, 0x00, 0x00, 0x05, 0x00,
  0x12, 0xa4, 0x00, 0x80, 0x80, 0x00, 0x00, 0x00, 0x00, 0x00, 0x00, 0x00, 0x05, 0x10, 0x08, 0xaa,
  0x40, 0x02, 0x90, 0x22, 0x10, 0x00, 0x00, 0x00, 0x00, 0x00, 0x00, 0x04, 0x40, 0x08, 0x26, 0x00,
  0x09, 0x28, 0x02, 0x80, 0x40, 0x00, 0x00, 0x00, 0x00, 0x00, 0x00, 0x00, 0x12, 0x22, 0x02, 0xaa,
  0x00, 0x82, 0x80, 0x08, 0x00, 0x00, 0x00, 0x01, 0x20, 0x00, 0x00, 0x08, 0x40, 0x88, 0x15, 0x00,
  0x24, 0x24, 0x20, 0x81, 0x20, 0x00, 0x00, 0x00, 0x00, 0x00, 0x00, 0x01, 0x04, 0x00, 0x45, 0x55,
  0x01, 0x02, 0x84, 0x40, 0x00, 0x00, 0x00, 0x00, 0x00, 0x00, 0x00, 0x04, 0x02, 0x29, 0x0a, 0x00,
  0x52, 0x54, 0x01, 0x09, 0x20, 0x00, 0x00, 0x04, 0x00, 0x00, 0x00, 0x10, 0x21, 0x04, 0x05, 0x55,
  0x00, 0x02, 0xa0, 0x40, 0x04, 0x00, 0x00, 0x00, 0x40, 0x00, 0x00, 0x00, 0x04, 0x20, 0x15, 0x20,
  0x12, 0xa9, 0x04, 0x81, 0x40, 0x00, 0x00, 0x00, 0x04, 0x00, 0x00, 0x04, 0x42, 0x08, 0x0a, 0x8a,
  0x40, 0x04, 0x40, 0x08, 0x10, 0x00, 0x0a, 0xd2, 0x12, 0xa0, 0x00, 0x10, 0x11, 0x22, 0x4a, 0xa1,
  0x09, 0x42, 0x81, 0x40, 0x80, 0x00, 0x07, 0xb8, 0x1a, 0xa0, 0x00, 0x01, 0x04, 0x08, 0x0a, 0x48,
  0x20, 0x2a, 0x10, 0x08, 0x20, 0x00, 0x0a, 0xe8, 0x0a, 0xa0, 0x00, 0x04, 0x22, 0x44, 0x27, 0x25,
  0x05, 0x05, 0x44, 0xa1, 0x00, 0x00, 0x07, 0xb4, 0x1b, 0x50, 0x00, 0x10, 0x02, 0x10, 0x0a, 0x80,
  0x40, 0xa2, 0x00, 0x80, 0x48, 0x00, 0x0a, 0xd8, 0x4d, 0x60, 0x00, 0x00, 0x49, 0x09, 0x2a, 0x55,
  0x14, 0x15, 0x48, 0x44, 0x80, 0x00, 0x05, 0x6c, 0x15, 0x50, 0x00, 0x09, 0x02, 0x24, 0x0d, 0x42,
  0x01, 0x42, 0x21, 0x00, 0x20, 0x00, 0x0b, 0xf5, 0x0a, 0xa0, 0x00, 0x20, 0x24, 0x10, 0x4b, 0x28,
  0x48, 0x15, 0x40, 0xa4, 0x80, 0x00, 0x05, 0x56, 0x1d, 0xa0, 0x00, 0x04, 0x02, 0x84, 0x15, 0x45,
  0x02, 0xa2, 0x84, 0x40, 0x20, 0x08, 0x09, 0xfa, 0x0a, 0xa0, 0x00, 0x00, 0x92, 0x21, 0x0e, 0xa8,
  0x50, 0x0a, 0x21, 0x02, 0x88, 0x80, 0x05, 0x55, 0x16, 0xb0, 0x00, 0x24, 0x02, 0x14, 0x55, 0x12,
  0x05, 0x45, 0x40, 0xa0, 0x00, 0x00, 0x0a, 0xfe, 0x1a, 0xc0, 0x00, 0x80, 0x49, 0x08, 0x0b, 0x44,
  0x20, 0x2a, 0x88, 0x89, 0x50, 0x00, 0x24, 0xab, 0x4a, 0xa0, 0x02, 0x0a, 0x04, 0x42, 0x56, 0xa9,
  0x09, 0x42, 0x42, 0x40, 0x00, 0x00, 0x02, 0xfa, 0x8d, 0x50, 0x08, 0x00, 0x42, 0x28, 0x0d, 0x44,
  0x40, 0x95, 0x48, 0x89, 0x20, 0x00, 0x0a, 0x5d, 0x95, 0xa0, 0x20, 0x09, 0x15, 0x04, 0xae, 0xa2,
  0x14, 0x05, 0x20, 0x80, 0x44, 0x00, 0x85, 0x6e, 0x8d, 0x50, 0x00, 0x00, 0x02, 0x52, 0x15, 0x29,
  0x41, 0x55, 0x88, 0xa4, 0x90, 0x04, 0x0a, 0xbb, 0x55, 0xa0, 0x00, 0x14, 0x4a, 0x08, 0x4f, 0x4a,
  0x08, 0x85, 0x42, 0x40, 0x00, 0x40, 0x04, 0xad, 0xca, 0xb1, 0x00, 0x01, 0x02, 0x44, 0x2a, 0xa2,
  0x22, 0x2a, 0xa8, 0x89, 0x40, 0x00, 0x0a, 0x5e, 0xad, 0xa0, 0x00, 0x28, 0x25, 0x12, 0x97, 0x54,
  0x08, 0x85, 0x40, 0xa0, 0x28, 0x00, 0x02, 0xbb, 0xd5, 0x50, 0x00, 0x02, 0x04, 0x28, 0x2d, 0x49,
  0x42, 0x55, 0x44, 0x85, 0x01, 0x00, 0x0a, 0x9e, 0xaa, 0xd0, 0x00, 0x10, 0x52, 0x84, 0x97, 0x24,
  0x20, 0x8b, 0x50, 0x90, 0x50, 0x02, 0x44, 0xaf, 0xeb, 0x40, 0x02, 0x44, 0x05, 0x28, 0x5d, 0xaa,
  0x0a, 0x25, 0x42, 0x41, 0x00, 0x08, 0x0a, 0x9a, 0xb5, 0x70, 0x40, 0x01, 0x44, 0x05, 0x16, 0xa2,
  0x40, 0x95, 0x48, 0x90, 0xa4, 0x00, 0x05, 0x4f, 0xd5, 0x90, 0x00, 0x14, 0x13, 0x28, 0x5b, 0x55,
  0x2a, 0x46, 0xa1, 0x44, 0x10, 0x20, 0x08, 0xae, 0xb5, 0x60, 0x00, 0x00, 0x44, 0x45, 0x2f, 0x48,
  0x00, 0x93, 0x48, 0x81, 0x40, 0x00, 0x06, 0x97, 0xfa, 0xa1, 0x02, 0x2a, 0x05, 0x10, 0x96, 0xa5,
  0x49, 0x15, 0xa1, 0x50, 0x10, 0x00, 0x49, 0x53, 0x55, 0x50, 0x08, 0x00, 0x52, 0x4a, 0x5d, 0x55,
  0x20, 0x8a, 0x94, 0x45, 0x41, 0x00, 0x04, 0xa7, 0xfa, 0xe0, 0x00, 0x14, 0x05, 0x14, 0x2f, 0xa4,
  0x0a, 0x56, 0xc1, 0x40, 0x10, 0x02, 0x0a, 0x53, 0xad, 0x50, 0x00, 0x01, 0x45, 0x22, 0xaa, 0xaa,
  0x40, 0x85, 0x50, 0x92, 0x80, 0x10, 0x02, 0xa5, 0xfd, 0x51, 0x00, 0x48, 0x12, 0x08, 0x5f, 0x52,
  0x24, 0x57, 0xa4, 0x80, 0x50, 0x00, 0x0a, 0x93, 0xd6, 0xa0, 0x10, 0x04, 0x45, 0x55, 0x2d, 0xaa,
  0x11, 0x09, 0x48, 0xa9, 0x02, 0x00, 0x09, 0x51, 0xfd, 0x60, 0x00, 0x21, 0x04, 0x04, 0xaf, 0x52,
  0x44, 0xa7, 0x51, 0x40, 0x48, 0x00, 0x44, 0xa9, 0xee, 0xa8, 0x01, 0x08, 0x26, 0xa8, 0x5b, 0x4a,
  0x10, 0x15, 0xa0, 0x92, 0x20, 0x20, 0x05, 0x20, 0xfb, 0x50, 0x00, 0x02, 0x02, 0x0a, 0xae, 0xaa,
  0x42, 0xa6, 0xca, 0x40, 0x80, 0x00, 0x0a, 0xa9, 0xef, 0x50, 0x40, 0x10, 0xaa, 0xa4, 0x5b, 0xa9,
  0x11, 0x15, 0xa0, 0xa4, 0x48, 0x01, 0x02, 0x50, 0x7d, 0xa0, 0x00, 0x04, 0x05, 0x12, 0xaf, 0x55,
  0x44, 0x4b, 0x54, 0x81, 0x00, 0x00, 0x09, 0x48, 0xf7, 0xa0, 0x01, 0x20, 0x44, 0x24, 0x5d, 0xaa,
  0x11, 0x2b, 0xa1, 0x54, 0x50, 0x80, 0x05, 0x20, 0x7e, 0xd0, 0x00, 0x0a, 0x13, 0x12, 0xaf, 0x55,
  0x44, 0x8a, 0xd4, 0x80, 0x80, 0x04, 0x0a, 0xa8, 0x7f, 0x50, 0x08, 0x00, 0x44, 0x89, 0x37, 0x52,
  0x20, 0x57, 0x40, 0xa4, 0x20, 0x00, 0x04, 0xa2, 0x37, 0xc0, 0x40, 0x24, 0x06, 0x24, 0xae, 0xd5,
  0x0a, 0x8b, 0xb4, 0x91, 0x08, 0x00, 0x0a, 0x50, 0x5d, 0x60, 0x00, 0x01, 0x52, 0x95, 0x5f, 0x54,
  0x40, 0x55, 0x41, 0x40, 0x40, 0x40, 0x45, 0x51, 0x3f, 0xd1, 0x00, 0x14, 0x05, 0x08, 0x57, 0x55,
  0x2a, 0x8b, 0xd4, 0x92, 0x21, 0x01, 0x04, 0xa8, 0x1d, 0xe0, 0x01, 0x00, 0x44, 0x55, 0x5d, 0xaa,
  0x40, 0x2b, 0x50, 0xa0, 0x84, 0x04, 0x0a, 0x40, 0x17, 0x60, 0x00, 0x12, 0x13, 0x04, 0xb7, 0x55,
  0x12, 0x96, 0xd2, 0x44, 0x20, 0x00, 0x00, 0x12, 0x40, 0x90, 0x08, 0x04, 0x44, 0xaa, 0x5f, 0xaa,
  0x41, 0x2b, 0xa8, 0x91, 0x00, 0x00, 0x00, 0x00, 0x00, 0x00, 0x40, 0x40, 0x06, 0x09, 0x5a, 0xd5,
  0x28, 0x8b, 0xc2, 0xa0, 0xa4, 0x00, 0x01, 0x01, 0x10, 0x01, 0x00, 0x12, 0x52, 0xa4, 0xaf, 0x54,
  0x42, 0x56, 0xb0, 0x84, 0x00, 0x10, 0x04, 0x10, 0x02, 0x00, 0x00, 0x04, 0x05, 0x12, 0xbf, 0xaa,
  0x09, 0x15, 0xca, 0x51, 0x20, 0x40, 0x80, 0x04, 0x40, 0x08, 0x02, 0x20, 0x92, 0x4a, 0x56, 0xaa,
  0x50, 0x97, 0x60, 0xa0, 0x48, 0x00, 0x00, 0x00, 0x08, 0x40, 0x08, 0x04, 0x05, 0x12, 0xbf, 0xaa,
  0x04, 0x4b, 0xaa, 0x85, 0x00, 0x00, 0x10, 0x91, 0x00, 0x00, 0x80, 0x10, 0xa6, 0x49, 0x56, 0xd5,
  0x51, 0x2a, 0xd0, 0xa0, 0x42, 0x04, 0x40, 0x00, 0x41, 0x00, 0x00, 0x42, 0x02, 0x24, 0xbf, 0x54,
  0x22, 0x4f, 0xd4, 0x92, 0x10, 0x20, 0x00, 0x04, 0x08, 0x04, 0x01, 0x08, 0x2a, 0x8a, 0xab, 0x6b,
  0x88, 0x93, 0x51, 0x40, 0x80, 0x00, 0x02, 0x41, 0x20, 0x10, 0x48, 0x01, 0x05, 0x24, 0xbf, 0xa4,
  0x22, 0x4d, 0xd0, 0x94, 0x24, 0x81, 0x00, 0x08, 0x00, 0x40, 0x00, 0x14, 0x45, 0x12, 0xad, 0x56
};
// Author :- Ashish ( ashish_y_794 )
// Website : https://www.oledanimationmaker.com/

const uint8_t PROGMEM frame134[1024] = {
  0x00, 0x00, 0x00, 0x00, 0x00, 0x00, 0x00, 0x00, 0x00, 0x00, 0x00, 0x00, 0x00, 0x20, 0x28, 0x12,
  0x02, 0x55, 0x50, 0x40, 0x40, 0x00, 0x00, 0x00, 0x00, 0x00, 0x00, 0x00, 0x0a, 0x40, 0x55, 0x49,
  0x48, 0x08, 0x42, 0x24, 0x10, 0x00, 0x00, 0x00, 0x00, 0x00, 0x00, 0x08, 0x80, 0x21, 0x28, 0x2a,
  0x01, 0x22, 0x08, 0x40, 0x80, 0x00, 0x00, 0x00, 0x00, 0x00, 0x00, 0x00, 0x2a, 0x90, 0x25, 0x49,
  0x40, 0x14, 0xa0, 0x22, 0x08, 0x00, 0x00, 0x00, 0x00, 0x00, 0x00, 0x12, 0x00, 0x20, 0xb4, 0x2a,
  0x0a, 0x80, 0x80, 0x80, 0x40, 0x00, 0x00, 0x00, 0x40, 0x00, 0x00, 0x00, 0x44, 0x88, 0x2a, 0x94,
  0x40, 0x2a, 0x52, 0x24, 0x00, 0x00, 0x00, 0x01, 0x00, 0x00, 0x00, 0x08, 0x08, 0x50, 0xa8, 0x4a,
  0x02, 0x10, 0x80, 0x40, 0x50, 0x00, 0x00, 0x00, 0x00, 0x00, 0x00, 0x20, 0x84, 0x20, 0x35, 0x29,
  0x48, 0x8a, 0x50, 0x21, 0x00, 0x00, 0x00, 0x00, 0x00, 0x00, 0x00, 0x02, 0x12, 0x84, 0xa9, 0x14,
  0x00, 0x21, 0x04, 0x84, 0x10, 0x00, 0x00, 0x00, 0x00, 0x00, 0x00, 0x08, 0x04, 0x50, 0x54, 0xaa,
  0x42, 0x94, 0xa0, 0x50, 0x40, 0x00, 0x00, 0x24, 0x12, 0x00, 0x00, 0x00, 0x40, 0x21, 0x35, 0x15,
  0x08, 0x08, 0x52, 0x20, 0x08, 0x00, 0x07, 0xa8, 0x0a, 0xd0, 0x00, 0x20, 0x15, 0x50, 0x54, 0xaa,
  0x41, 0x52, 0x80, 0x42, 0x40, 0x00, 0x04, 0xd0, 0x15, 0x20, 0x00, 0x09, 0x04, 0x24, 0x6a, 0x29,
  0x04, 0x08, 0x54, 0x20, 0x20, 0x00, 0x05, 0x54, 0x4a, 0xa0, 0x00, 0x00, 0x48, 0x91, 0x35, 0x54,
  0x51, 0x25, 0x40, 0x88, 0x88, 0x00, 0x05, 0xa8, 0x15, 0x40, 0x00, 0x24, 0x04, 0x40, 0x54, 0x95,
  0x00, 0x10, 0xa8, 0x60, 0x20, 0x00, 0x05, 0x54, 0x0a, 0xa0, 0x00, 0x00, 0x92, 0xa9, 0x75, 0x2a,
  0x45, 0x4a, 0x42, 0x04, 0x80, 0x10, 0x05, 0x6a, 0x15, 0x20, 0x00, 0x12, 0x04, 0x20, 0x2a, 0x95,
  0x10, 0x12, 0xa8, 0xa0, 0x10, 0x40, 0x05, 0x54, 0x15, 0x40, 0x00, 0x08, 0x24, 0xaa, 0xb4, 0x5a,
  0x42, 0x88, 0x40, 0x52, 0x42, 0x00, 0x09, 0x55, 0x15, 0x50, 0x00, 0x20, 0x88, 0x40, 0x76, 0xaa,
  0x00, 0x2a, 0xaa, 0x40, 0x10, 0x00, 0x05, 0x6a, 0x0a, 0xa0, 0x00, 0x00, 0x05, 0x32, 0xaa, 0x55,
  0x4a, 0x89, 0x50, 0x24, 0x80, 0x00, 0x02, 0xaa, 0x15, 0x40, 0x00, 0x2a, 0x48, 0x90, 0x75, 0x54,
  0x20, 0x24, 0x44, 0xa0, 0x50, 0x00, 0x08, 0xb5, 0x15, 0x20, 0x00, 0x00, 0x05, 0x52, 0xb5, 0x2b,
  0x82, 0x92, 0xb0, 0x44, 0x04, 0x00, 0x05, 0x56, 0x95, 0x50, 0x00, 0x24, 0x94, 0x48, 0x5a, 0xac,
  0x10, 0x09, 0x44, 0x51, 0x50, 0x00, 0x04, 0xaa, 0x8a, 0xa0, 0x00, 0x88, 0x0a, 0x52, 0xb5, 0x55,
  0x45, 0x54, 0xa9, 0x20, 0x00, 0x00, 0x22, 0x5a, 0x95, 0x40, 0x00, 0x00, 0xa4, 0xa0, 0xfa, 0xaa,
  0x00, 0x0a, 0x50, 0x44, 0xa4, 0x00, 0x0a, 0xad, 0x4a, 0xa0, 0x00, 0x28, 0x04, 0x55, 0x2a, 0xad,
  0xa5, 0x51, 0x52, 0x50, 0x10, 0x00, 0x02, 0x55, 0x4a, 0xa0, 0x20, 0x02, 0x4a, 0xa0, 0xfa, 0xaa,
  0x00, 0x0d, 0x50, 0x44, 0x80, 0x10, 0x89, 0x2d, 0x55, 0x41, 0x01, 0x10, 0x08, 0x55, 0x35, 0x5a,
  0x55, 0x51, 0x55, 0x50, 0x50, 0x80, 0x04, 0xaa, 0xa5, 0x50, 0x00, 0x09, 0x46, 0xa8, 0xf6, 0xad,
  0x00, 0x0a, 0xa0, 0x42, 0x04, 0x00, 0x02, 0x9b, 0x55, 0x40, 0x00, 0x24, 0x14, 0x52, 0x5a, 0xaa,
  0xa5, 0x54, 0xb5, 0x28, 0xa0, 0x00, 0x0a, 0x4d, 0x55, 0x50, 0x00, 0x08, 0x45, 0x29, 0x75, 0x5a,
  0x01, 0x12, 0xa8, 0x50, 0x10, 0x00, 0x41, 0x2b, 0x52, 0xa1, 0x01, 0x21, 0x14, 0xa4, 0xfd, 0x56,
  0xa8, 0x8a, 0xa2, 0x42, 0x88, 0x01, 0x0a, 0xad, 0x6a, 0xa0, 0x00, 0x08, 0x44, 0xb2, 0x6a, 0xba,
  0x02, 0x29, 0x58, 0xa8, 0x41, 0x04, 0x04, 0x86, 0xa9, 0x40, 0x00, 0x22, 0x0a, 0x49, 0x7b, 0x55,
  0xa4, 0x95, 0x64, 0x40, 0x28, 0x00, 0x02, 0x55, 0xaa, 0xa8, 0x08, 0x08, 0x94, 0xb2, 0xb5, 0x5a,
  0x02, 0x49, 0x52, 0x65, 0x00, 0x00, 0x09, 0x55, 0x6a, 0xa0, 0x40, 0x90, 0x05, 0x49, 0x7e, 0xad,
  0xa9, 0x15, 0x54, 0x50, 0x50, 0x20, 0x04, 0x83, 0xb5, 0x41, 0x00, 0x04, 0xaa, 0x54, 0xf5, 0x76,
  0x00, 0x8a, 0xb1, 0x44, 0x84, 0x00, 0x05, 0x5a, 0xd4, 0xa0, 0x00, 0x28, 0x09, 0x52, 0xbb, 0x5a,
  0xa5, 0x29, 0x54, 0x50, 0x20, 0x00, 0x22, 0x21, 0x5a, 0xa0, 0x00, 0x01, 0x44, 0xaa, 0xf5, 0x56,
  0x10, 0x95, 0x69, 0x22, 0x90, 0x80, 0x84, 0xab, 0xaa, 0xa4, 0x00, 0x94, 0x16, 0x52, 0x7e, 0xdb,
  0x85, 0x09, 0x54, 0x50, 0x04, 0x00, 0x02, 0x90, 0xed, 0x50, 0x00, 0x00, 0x89, 0x55, 0x75, 0x6c,
  0x50, 0xaa, 0xb2, 0x44, 0xa0, 0x00, 0x09, 0x49, 0x55, 0x20, 0x00, 0x28, 0x24, 0xa9, 0x7b, 0x5b,
  0x05, 0x15, 0x54, 0xa0, 0x10, 0x02, 0x04, 0x50, 0xf6, 0xa0, 0x04, 0x04, 0x8a, 0x55, 0x76, 0xb5,
  0xa2, 0x49, 0x68, 0x6a, 0x80, 0x00, 0x02, 0x88, 0xaa, 0x90, 0x10, 0x20, 0x25, 0x52, 0xfb, 0x5e,
  0x49, 0x25, 0xb2, 0x80, 0x28, 0x10, 0x09, 0x50, 0xfb, 0x40, 0x00, 0x0a, 0x8a, 0xaa, 0xbd, 0xb5,
  0x22, 0x14, 0xd4, 0x68, 0x81, 0x00, 0x04, 0xa0, 0x2d, 0x50, 0x00, 0x20, 0x0a, 0x55, 0x76, 0xda,
  0x89, 0x4a, 0xb2, 0x42, 0x24, 0x00, 0x02, 0x10, 0xb6, 0xa0, 0x00, 0x08, 0xa5, 0x52, 0xfa, 0xae,
  0x42, 0x2a, 0xd4, 0xa8, 0x80, 0x00, 0x0a, 0xd4, 0x5b, 0x40, 0x40, 0x42, 0x0a, 0x59, 0x7e, 0xdb,
  0x29, 0x4a, 0xb2, 0x50, 0x28, 0x00, 0x41, 0x20, 0x35, 0xa0, 0x00, 0x10, 0x4a, 0xa5, 0x75, 0x75,
  0x84, 0x15, 0x58, 0x44, 0x80, 0x01, 0x04, 0x90, 0x3e, 0xa0, 0x01, 0x09, 0x0a, 0x5a, 0xfb, 0xae,
  0x52, 0xa5, 0x6a, 0xa0, 0x20, 0x08, 0x05, 0x52, 0x15, 0xa0, 0x00, 0x00, 0x24, 0xa5, 0x7d, 0x7a,
  0x41, 0x15, 0xb2, 0x55, 0x08, 0x40, 0x04, 0x48, 0x5a, 0xc1, 0x04, 0x29, 0x0a, 0xb2, 0xf6, 0xad,
  0x2a, 0x4a, 0xd4, 0x50, 0x41, 0x00, 0x02, 0x80, 0x05, 0x50, 0x00, 0x00, 0x4c, 0xaa, 0xbb, 0xdb,
  0x81, 0x29, 0x69, 0x41, 0x10, 0x00, 0x00, 0x00, 0x00, 0x00, 0x00, 0x14, 0x25, 0x55, 0x7d, 0x6d,
  0x54, 0x8a, 0xb4, 0x68, 0x44, 0x00, 0x00, 0x09, 0x00, 0x00, 0x20, 0x41, 0x0a, 0x52, 0xf6, 0xb6,
  0x42, 0x55, 0xd5, 0x22, 0x10, 0x00, 0x20, 0x00, 0x20, 0x00, 0x81, 0x08, 0x4a, 0xaa, 0xfd, 0xdb,
  0x29, 0x0a, 0x68, 0xa0, 0x80, 0x02, 0x02, 0x00, 0x04, 0x10, 0x00, 0x02, 0x14, 0xaa, 0xf6, 0xb5,
  0x84, 0xaa, 0xd5, 0x54, 0x20, 0x08, 0x00, 0x24, 0x80, 0x40, 0x00, 0x28, 0x8a, 0x55, 0x7b, 0xbd,
  0x52, 0x4a, 0xf4, 0x41, 0x08, 0x80, 0x00, 0x00, 0x00, 0x00, 0x00, 0x00, 0x25, 0x55, 0x7d, 0x56,
  0x45, 0x15, 0x52, 0x68, 0x40, 0x00, 0x08, 0x00, 0x21, 0x01, 0x08, 0x89, 0x0a, 0xaa, 0xf6, 0xfb,
  0x20, 0xa5, 0xb9, 0x22, 0x24, 0x00, 0x20, 0x44, 0x84, 0x00, 0x00, 0x00, 0x4a, 0x55, 0x7b, 0x95,
  0x95, 0x15, 0x6a, 0x50, 0x80, 0x01, 0x00, 0x00, 0x00, 0x00, 0x00, 0x29, 0x15, 0x52, 0xfd, 0x7d,
  0x42, 0x4a, 0xd4, 0xa4, 0x20, 0x90, 0x00, 0x00, 0x00, 0x08, 0x42, 0x00, 0x4a, 0x5a, 0xf6, 0xd6,
  0x55, 0x2a, 0xb2, 0x50, 0x88, 0x00, 0x01, 0x12, 0x40, 0x20, 0x08, 0x29, 0x04, 0xa5, 0x7b, 0x6d
};
// Author :- Ashish ( ashish_y_794 )
// Website : https://www.oledanimationmaker.com/

const uint8_t PROGMEM frame135[1024] = {
  0x00, 0x00, 0x00, 0x08, 0x00, 0x00, 0x00, 0x00, 0x00, 0x00, 0x00, 0x00, 0x01, 0x02, 0x08, 0x00,
  0x25, 0x04, 0xaa, 0x20, 0x10, 0x00, 0x00, 0x00, 0x00, 0x00, 0x00, 0x00, 0x24, 0x05, 0x52, 0xa8,
  0x00, 0x40, 0x44, 0x0a, 0x40, 0x00, 0x00, 0x00, 0x00, 0x00, 0x00, 0x12, 0x02, 0x82, 0x89, 0x02,
  0x4a, 0x09, 0x10, 0x90, 0x08, 0x00, 0x00, 0x00, 0x00, 0x00, 0x00, 0x00, 0x92, 0x15, 0x24, 0xa8,
  0x00, 0x80, 0x84, 0x09, 0x00, 0x00, 0x00, 0x00, 0x00, 0x00, 0x00, 0x20, 0x04, 0x82, 0x92, 0x00,
  0x2a, 0x0a, 0x52, 0x48, 0x24, 0x00, 0x00, 0x00, 0x00, 0x00, 0x00, 0x02, 0x22, 0x05, 0x09, 0x54,
  0x00, 0x40, 0x08, 0x14, 0x80, 0x00, 0x00, 0x00, 0x00, 0x00, 0x00, 0x10, 0x12, 0x92, 0xa4, 0x80,
  0x49, 0x04, 0xa4, 0x88, 0x10, 0x00, 0x00, 0x01, 0x00, 0x00, 0x00, 0x41, 0x22, 0x05, 0x15, 0x29,
  0x02, 0x10, 0x84, 0x24, 0x04, 0x00, 0x00, 0x00, 0x00, 0x00, 0x00, 0x00, 0x04, 0x85, 0x48, 0x80,
  0x28, 0x82, 0x52, 0x11, 0x20, 0x00, 0x00, 0x00, 0x10, 0x00, 0x00, 0x12, 0x49, 0x12, 0xa5, 0x2a,
  0x02, 0x08, 0x08, 0x88, 0x08, 0x00, 0x00, 0x00, 0x00, 0x00, 0x00, 0x00, 0x04, 0x85, 0x14, 0x80,
  0x50, 0x82, 0xa4, 0x2a, 0x40, 0x00, 0x00, 0x48, 0x84, 0x80, 0x00, 0x41, 0x22, 0x06, 0xaa, 0x54,
  0x04, 0x20, 0x4a, 0x08, 0x12, 0x00, 0x07, 0xb0, 0x1a, 0xa0, 0x00, 0x10, 0x15, 0x4a, 0x92, 0x80,
  0x52, 0x8a, 0x44, 0xa9, 0x00, 0x00, 0x05, 0x58, 0x15, 0x40, 0x00, 0x02, 0x42, 0x05, 0x4a, 0x54,
  0x00, 0x00, 0x92, 0x08, 0x28, 0x00, 0x02, 0xe8, 0x16, 0xc0, 0x00, 0x48, 0x09, 0x45, 0x54, 0x81,
  0x4a, 0x92, 0x48, 0x54, 0x80, 0x00, 0x05, 0x54, 0x95, 0x60, 0x00, 0x00, 0xa5, 0x0b, 0x2a, 0x54,
  0x10, 0x04, 0x4a, 0x12, 0x12, 0x04, 0x05, 0xda, 0x15, 0x40, 0x00, 0x22, 0x02, 0x25, 0x95, 0x40,
  0x45, 0x49, 0x25, 0x48, 0x08, 0x00, 0x05, 0x6a, 0x16, 0xa0, 0x00, 0x08, 0x2a, 0x86, 0xa9, 0x2a,
  0x10, 0x00, 0x94, 0x2a, 0x40, 0x00, 0x05, 0x54, 0x15, 0x40, 0x00, 0xa0, 0x85, 0x0a, 0x94, 0x90,
  0x45, 0x54, 0x45, 0x14, 0x10, 0x00, 0x02, 0xba, 0x15, 0x60, 0x00, 0x02, 0x12, 0x87, 0x56, 0xa2,
  0x10, 0x01, 0x54, 0x48, 0x88, 0x00, 0x05, 0x6b, 0x16, 0xa0, 0x00, 0x10, 0x49, 0x25, 0x52, 0x48,
  0x45, 0x48, 0x8a, 0x2a, 0x22, 0x10, 0x12, 0xad, 0x15, 0x40, 0x00, 0x41, 0x05, 0x0b, 0xaa, 0x90,
  0x10, 0x04, 0x55, 0x14, 0x08, 0x00, 0x05, 0x55, 0x15, 0xa0, 0x00, 0x08, 0x2a, 0x86, 0x95, 0x45,
  0x45, 0x52, 0xa4, 0x51, 0x20, 0x00, 0x42, 0x7b, 0x1a, 0xa0, 0x42, 0x42, 0x12, 0x4b, 0x55, 0x28,
  0x12, 0x00, 0x4a, 0x2c, 0x08, 0x00, 0x05, 0x4d, 0x96, 0xa0, 0x00, 0x10, 0x85, 0x0b, 0x55, 0x42,
  0x48, 0xaa, 0xa5, 0x51, 0x22, 0x20, 0x02, 0xb5, 0x4a, 0xa0, 0x00, 0x22, 0x2a, 0xa7, 0xad, 0x54,
  0x22, 0x00, 0x4a, 0x18, 0x10, 0x00, 0x05, 0x5a, 0x9b, 0x40, 0x00, 0x40, 0x25, 0x0a, 0xaa, 0xa0,
  0x09, 0x55, 0x55, 0x4a, 0x88, 0x00, 0x85, 0x2d, 0xca, 0xa1, 0x00, 0x12, 0x8a, 0x8f, 0x55, 0x4a,
  0x52, 0x00, 0x8a, 0x28, 0x22, 0x00, 0x04, 0xab, 0x55, 0x44, 0x02, 0x40, 0x25, 0x25, 0xad, 0x20,
  0x24, 0xaa, 0x6a, 0x9a, 0x10, 0x00, 0x12, 0xad, 0x56, 0xe0, 0x00, 0x12, 0x12, 0x8b, 0xb5, 0x55,
  0x42, 0x01, 0x15, 0x29, 0x44, 0x42, 0x05, 0x56, 0xd5, 0x40, 0x00, 0x40, 0xa5, 0x27, 0x55, 0x48,
  0x14, 0xaa, 0xca, 0x54, 0x10, 0x00, 0x02, 0x9b, 0x6b, 0x50, 0x00, 0x12, 0x15, 0x4d, 0xad, 0x52,
  0x49, 0x04, 0x2d, 0x18, 0x84, 0x00, 0x25, 0x4a, 0xaa, 0xa0, 0x22, 0x40, 0x8a, 0x87, 0xb6, 0xa4,
  0x22, 0x51, 0x54, 0xaa, 0x21, 0x00, 0x04, 0xaf, 0x6a, 0xc0, 0x80, 0x12, 0x25, 0x2e, 0xd5, 0x50,
  0x49, 0x0a, 0x4a, 0x28, 0x14, 0x04, 0x02, 0xa5, 0xb5, 0x42, 0x00, 0x40, 0x95, 0x47, 0xad, 0x4a,
  0x24, 0xa1, 0x56, 0x9a, 0x80, 0x00, 0x45, 0x55, 0x55, 0xa8, 0x00, 0x14, 0x25, 0x16, 0xb6, 0xa4,
  0x4a, 0x4a, 0x55, 0x54, 0x28, 0x20, 0x05, 0x53, 0xea, 0xa0, 0x00, 0x81, 0x15, 0x4b, 0xd5, 0x51,
  0x21, 0x11, 0x4a, 0x28, 0x82, 0x00, 0x04, 0xaa, 0xba, 0xc0, 0x00, 0x24, 0x4a, 0x8f, 0x5b, 0x54,
  0x4a, 0xa4, 0xad, 0x5a, 0x10, 0x00, 0x12, 0xa1, 0xaa, 0xa0, 0x00, 0x10, 0x25, 0x47, 0xad, 0x51,
  0x28, 0x4a, 0x55, 0x28, 0x48, 0x01, 0x05, 0x5a, 0xdd, 0x40, 0x02, 0x42, 0x95, 0x2e, 0xf6, 0xaa,
  0x85, 0x11, 0x4a, 0x95, 0x02, 0x00, 0x02, 0xa1, 0x6a, 0xa1, 0x00, 0x10, 0x15, 0x87, 0x9b, 0x50,
  0x52, 0xa4, 0x56, 0x58, 0x28, 0x40, 0x04, 0x91, 0xb6, 0xc8, 0x00, 0x42, 0x45, 0x2f, 0xed, 0x4a,
  0x29, 0x12, 0xaa, 0xaa, 0x00, 0x04, 0x05, 0x58, 0xda, 0x60, 0x08, 0x10, 0x2a, 0x86, 0xb6, 0xd1,
  0x8a, 0xa4, 0xad, 0x18, 0xa8, 0x00, 0x22, 0xa0, 0xb7, 0x40, 0x00, 0x42, 0x95, 0x57, 0xab, 0x54,
  0x51, 0x12, 0x56, 0x54, 0x02, 0x00, 0x05, 0x58, 0x6d, 0x40, 0x00, 0x10, 0x0a, 0x8f, 0xdd, 0x52,
  0x2a, 0x49, 0x4a, 0xaa, 0x50, 0x00, 0x02, 0xa0, 0xbb, 0xa0, 0x40, 0x82, 0x55, 0x57, 0x6e, 0xd4,
  0x85, 0x24, 0xad, 0x38, 0x04, 0x20, 0x05, 0x28, 0x6d, 0x41, 0x00, 0x20, 0x15, 0x0f, 0xb5, 0x52,
  0x52, 0x92, 0x56, 0x8a, 0x90, 0x01, 0x04, 0xa8, 0x37, 0xa0, 0x02, 0x09, 0x4a, 0xa7, 0xde, 0xc8,
  0x29, 0x49, 0x55, 0x58, 0x00, 0x00, 0x12, 0xa8, 0x5d, 0x40, 0x00, 0x20, 0x15, 0x4e, 0xab, 0x55,
  0x94, 0x2a, 0x56, 0x2a, 0x54, 0x80, 0x05, 0x50, 0x36, 0xe0, 0x00, 0x04, 0x95, 0x27, 0xf6, 0xd2,
  0x4a, 0xa1, 0x55, 0x58, 0x00, 0x04, 0x02, 0xa9, 0x1d, 0xa0, 0x00, 0xa0, 0x25, 0x97, 0xad, 0x54,
  0x52, 0x94, 0xae, 0xaa, 0x92, 0x00, 0x05, 0x20, 0x15, 0xa1, 0x10, 0x0a, 0x95, 0x4f, 0xb7, 0xa9,
  0x29, 0x4a, 0x55, 0x28, 0x08, 0x00, 0x20, 0x00, 0x00, 0x00, 0x00, 0x20, 0x15, 0x27, 0xdd, 0x54,
  0x94, 0x21, 0x56, 0xba, 0x40, 0x00, 0x00, 0x04, 0x40, 0x00, 0x01, 0x00, 0x95, 0x4f, 0x6b, 0xa9,
  0x4b, 0x54, 0xad, 0x29, 0x10, 0x44, 0x00, 0x00, 0x00, 0x00, 0x00, 0x24, 0x25, 0x27, 0xbd, 0x54,
  0x50, 0x92, 0xaa, 0xa8, 0x0a, 0x00, 0x40, 0x41, 0x00, 0x08, 0x88, 0x11, 0x15, 0x97, 0xd6, 0xd2,
  0x4d, 0x4a, 0x56, 0x9a, 0x40, 0x00, 0x02, 0x08, 0x12, 0x20, 0x00, 0x80, 0x4a, 0x8f, 0xbb, 0xaa,
  0x52, 0x29, 0x5b, 0x54, 0x24, 0x01, 0x00, 0x00, 0x00, 0x00, 0x00, 0x24, 0x2a, 0xaf, 0xd6, 0xd4,
  0x4a, 0xa4, 0xad, 0x29, 0x08, 0x24, 0x00, 0x00, 0x80, 0x00, 0x20, 0x01, 0x15, 0x27, 0x7d, 0x52,
  0x55, 0x29, 0x56, 0xb8, 0x40, 0x00, 0x08, 0x92, 0x11, 0x02, 0x02, 0x50, 0x4a, 0x97, 0xd7, 0xd5,
  0x52, 0x92, 0x55, 0x15, 0x11, 0x00, 0x00, 0x00, 0x00, 0x08, 0x00, 0x02, 0x2a, 0xaf, 0xba, 0xa8,
  0x4a, 0x49, 0x5e, 0xa8, 0x04, 0x00, 0x20, 0x00, 0x40, 0x20, 0x08, 0x21, 0x15, 0x47, 0xd7, 0x55,
  0x55, 0x2a, 0x55, 0x5a, 0xa0, 0x22, 0x01, 0x11, 0x04, 0x00, 0x40, 0x88, 0x4a, 0x9f, 0x7d, 0xd4,
  0x52, 0xa1, 0x56, 0x54, 0x08, 0x00, 0x00, 0x00, 0x00, 0x80, 0x00, 0x02, 0x2a, 0xa7, 0xd6, 0xaa
};
// Author :- Ashish ( ashish_y_794 )
// Website : https://www.oledanimationmaker.com/

const uint8_t PROGMEM frame136[1024] = {
  0x00, 0x00, 0x01, 0x00, 0x00, 0x00, 0x00, 0x00, 0x00, 0x00, 0x00, 0x00, 0x10, 0x00, 0x00, 0x00,
  0x54, 0x08, 0x2a, 0xa4, 0x08, 0x00, 0x00, 0x00, 0x00, 0x00, 0x00, 0x00, 0x8c, 0x55, 0x48, 0x95,
  0x21, 0x20, 0x04, 0x81, 0x40, 0x00, 0x00, 0x00, 0x00, 0x00, 0x00, 0x08, 0x11, 0x11, 0x02, 0x00,
  0x88, 0x00, 0x91, 0x48, 0x04, 0x00, 0x00, 0x00, 0x00, 0x00, 0x00, 0x42, 0x4c, 0x24, 0x48, 0x55,
  0x21, 0x08, 0x04, 0x84, 0x10, 0x00, 0x00, 0x00, 0x00, 0x00, 0x00, 0x00, 0x10, 0x12, 0x80, 0x00,
  0x48, 0x20, 0x49, 0x91, 0x41, 0x00, 0x00, 0x00, 0x00, 0x00, 0x00, 0x08, 0x94, 0x48, 0x24, 0xaa,
  0x22, 0x01, 0x04, 0x84, 0x04, 0x00, 0x00, 0x00, 0x80, 0x00, 0x00, 0x40, 0x14, 0x22, 0x80, 0x00,
  0x48, 0x88, 0x29, 0x90, 0x10, 0x00, 0x00, 0x00, 0x00, 0x00, 0x00, 0x04, 0x92, 0x54, 0x49, 0x4a,
  0x20, 0x00, 0x04, 0x85, 0x00, 0x00, 0x00, 0x02, 0x00, 0x00, 0x00, 0x20, 0x14, 0x02, 0x80, 0x10,
  0x8a, 0x48, 0x92, 0xa8, 0x48, 0x00, 0x00, 0x00, 0x08, 0x00, 0x00, 0x81, 0x14, 0x59, 0x14, 0x85,
  0x20, 0x00, 0x09, 0x81, 0x02, 0x00, 0x00, 0x00, 0x00, 0x00, 0x00, 0x04, 0x54, 0x24, 0x80, 0x20,
  0x4a, 0x48, 0x44, 0xa8, 0x08, 0x00, 0x00, 0x00, 0x00, 0x00, 0x00, 0x00, 0x12, 0x12, 0x4a, 0x8a,
  0x20, 0x01, 0x12, 0x84, 0x40, 0x00, 0x02, 0xa8, 0x2a, 0xa0, 0x00, 0x49, 0x18, 0x51, 0x00, 0x20,
  0x95, 0x24, 0x09, 0xa9, 0x09, 0x00, 0x05, 0xf8, 0x1b, 0x40, 0x00, 0x00, 0x4a, 0x2a, 0xa9, 0x0a,
  0x40, 0x00, 0x45, 0x82, 0x00, 0x00, 0x03, 0xac, 0x1d, 0xc0, 0x00, 0x84, 0x14, 0x49, 0x02, 0x41,
  0x2a, 0x48, 0x14, 0xa8, 0x48, 0x00, 0x05, 0xf4, 0x16, 0xa0, 0x00, 0x21, 0x18, 0x24, 0xa8, 0x28,
  0x90, 0x00, 0x8a, 0xc9, 0x04, 0x00, 0x03, 0x6c, 0x5b, 0xc0, 0x00, 0x04, 0x4a, 0x52, 0x81, 0x05,
  0x45, 0x24, 0x25, 0x88, 0x21, 0x00, 0x05, 0xfd, 0x16, 0xa0, 0x00, 0x80, 0x18, 0x2a, 0x48, 0x50,
  0x28, 0x00, 0x49, 0x4a, 0x08, 0x02, 0x05, 0x56, 0x1b, 0x40, 0x00, 0x24, 0x95, 0x52, 0x85, 0x05,
  0x91, 0x28, 0x05, 0xa8, 0x82, 0x00, 0x02, 0xfc, 0x16, 0xc0, 0x00, 0x80, 0x2a, 0x2a, 0x50, 0x50,
  0x44, 0x01, 0x54, 0xca, 0x28, 0x00, 0x06, 0xf7, 0x1d, 0xc0, 0x00, 0x09, 0x18, 0x25, 0x05, 0x05,
  0x29, 0x48, 0x0b, 0x88, 0x00, 0x00, 0x12, 0xbd, 0x17, 0x50, 0x04, 0x40, 0x55, 0x29, 0x50, 0x50,
  0x90, 0x00, 0xa4, 0xd5, 0x24, 0x80, 0x02, 0xdb, 0x1a, 0xc0, 0x40, 0x09, 0x18, 0x55, 0x45, 0x0a,
  0x4a, 0x48, 0x0a, 0xc8, 0x08, 0x02, 0x05, 0x7f, 0x9f, 0x40, 0x00, 0x80, 0x4d, 0x2a, 0x90, 0x41,
  0x51, 0x04, 0xa5, 0xaa, 0x42, 0x00, 0x03, 0x55, 0x55, 0xc0, 0x00, 0x25, 0x14, 0x55, 0x4a, 0x94,
  0x24, 0x20, 0x12, 0xc9, 0x10, 0x00, 0x0a, 0xbf, 0x9b, 0x62, 0x00, 0x80, 0x39, 0x2a, 0x84, 0x22,
  0x91, 0x08, 0x8b, 0xa8, 0x04, 0x00, 0x42, 0xdd, 0x96, 0xc0, 0x00, 0x14, 0x8c, 0x29, 0x51, 0x09,
  0x4a, 0x42, 0x49, 0x8a, 0xa2, 0x40, 0x05, 0x6e, 0xdd, 0xa0, 0x02, 0x40, 0x34, 0xaa, 0x8a, 0x52,
  0x50, 0x10, 0x25, 0xea, 0x08, 0x04, 0x05, 0xb7, 0xd7, 0x40, 0x10, 0x05, 0x1a, 0x2a, 0xa0, 0x84,
  0x4a, 0x88, 0x95, 0x98, 0x22, 0x00, 0x05, 0x5d, 0x6d, 0xd1, 0x00, 0x90, 0x54, 0x55, 0x4a, 0x29,
  0x50, 0x22, 0x0a, 0xca, 0x88, 0x00, 0x42, 0xaf, 0xd6, 0xc0, 0x00, 0x04, 0x1a, 0x55, 0x49, 0x40,
  0x4a, 0x88, 0xa5, 0xd8, 0x02, 0x20, 0x06, 0xd6, 0xf7, 0x40, 0x00, 0xa1, 0x54, 0x55, 0x94, 0x15,
  0x52, 0x20, 0x15, 0xcd, 0x50, 0x00, 0x03, 0x5b, 0xb5, 0xe0, 0x00, 0x08, 0x1a, 0x5a, 0xa2, 0xa2,
  0x48, 0x8a, 0xa5, 0xd8, 0x0a, 0x01, 0x15, 0x57, 0xdb, 0x44, 0x82, 0x42, 0x99, 0x2a, 0x88, 0x08,
  0x55, 0x00, 0x15, 0xca, 0x80, 0x80, 0x02, 0xd6, 0xf6, 0xc0, 0x00, 0x08, 0x2c, 0x56, 0xa6, 0xa5,
  0x48, 0x54, 0xa5, 0xda, 0x28, 0x00, 0x05, 0x57, 0xbb, 0xd0, 0x00, 0xa1, 0x1a, 0x6a, 0xa8, 0x90,
  0x52, 0x00, 0x15, 0xc8, 0x04, 0x08, 0x23, 0x6b, 0xed, 0x40, 0x00, 0x04, 0x54, 0x35, 0x85, 0x25,
  0xa9, 0x54, 0xa6, 0xdd, 0x42, 0x20, 0x05, 0xb2, 0xfb, 0xc0, 0x22, 0x40, 0x9a, 0xaa, 0xaa, 0x12,
  0x4a, 0x02, 0x15, 0xca, 0x10, 0x00, 0x05, 0x53, 0xbd, 0x62, 0x00, 0x14, 0x2c, 0x5b, 0x54, 0xa4,
  0x51, 0x50, 0xa5, 0xec, 0x44, 0x80, 0x82, 0xd9, 0xed, 0xa0, 0x00, 0x81, 0x1a, 0x55, 0x8a, 0x42,
  0x4a, 0x0a, 0x15, 0xd9, 0x08, 0x00, 0x0b, 0x51, 0xfe, 0xc0, 0x00, 0x24, 0x54, 0x5a, 0xd1, 0x14,
  0xa9, 0x40, 0xa6, 0xcc, 0x22, 0x00, 0x02, 0xb8, 0xda, 0xc0, 0x02, 0x40, 0x1a, 0x6d, 0x4c, 0xa2,
  0x54, 0x2a, 0x15, 0xea, 0x00, 0x00, 0x05, 0xd1, 0x7f, 0x61, 0x10, 0x05, 0x5a, 0x36, 0xa5, 0x14,
  0x4a, 0x84, 0x4b, 0xd9, 0x4a, 0x02, 0x22, 0xa8, 0xf7, 0x40, 0x00, 0x90, 0x19, 0x55, 0x94, 0xa2,
  0xa8, 0x50, 0xa5, 0xcc, 0x00, 0x20, 0x06, 0xb0, 0x7d, 0xa0, 0x00, 0x02, 0x54, 0x5a, 0xca, 0x14,
  0x55, 0x0a, 0x15, 0xed, 0x29, 0x00, 0x03, 0x59, 0x77, 0xc2, 0x00, 0x90, 0x1d, 0x57, 0x55, 0x42,
  0xa4, 0xa0, 0xab, 0xd8, 0x04, 0x00, 0x05, 0xa8, 0x5f, 0x40, 0x02, 0x04, 0xaa, 0x3a, 0x94, 0xa9,
  0x52, 0x14, 0x45, 0xdd, 0x40, 0x00, 0x05, 0x70, 0x3f, 0xc8, 0x10, 0x40, 0x18, 0xab, 0x4a, 0x14,
  0x95, 0x42, 0x2d, 0xca, 0x14, 0x42, 0x42, 0xaa, 0x7d, 0xa0, 0x00, 0x12, 0xad, 0x5d, 0xaa, 0xa2,
  0x54, 0x94, 0x85, 0xec, 0x01, 0x00, 0x07, 0x70, 0x1f, 0xc0, 0x00, 0x80, 0x1a, 0x35, 0x55, 0x49,
  0xaa, 0x20, 0x57, 0xda, 0x48, 0x00, 0x02, 0xa8, 0x2d, 0xc0, 0x82, 0x24, 0xac, 0xae, 0xca, 0x24,
  0x52, 0x95, 0x49, 0xec, 0x04, 0x04, 0x08, 0x01, 0x00, 0x20, 0x08, 0x00, 0x1a, 0x75, 0xa5, 0x4a,
  0xa9, 0x08, 0x2e, 0xda, 0xa0, 0x10, 0x20, 0x04, 0x00, 0x02, 0x00, 0x4a, 0x54, 0x2d, 0x55, 0x25,
  0x54, 0xa4, 0x93, 0xe8, 0x0a, 0x40, 0x00, 0x40, 0x24, 0x00, 0x00, 0x00, 0x3a, 0xb6, 0xaa, 0x90,
  0xaa, 0x48, 0xa5, 0xdd, 0x20, 0x00, 0x01, 0x00, 0x80, 0x08, 0x21, 0x49, 0x14, 0x5b, 0x95, 0x26,
  0x55, 0x24, 0x4d, 0xea, 0x04, 0x00, 0x80, 0x08, 0x00, 0x80, 0x00, 0x00, 0xad, 0x6d, 0x54, 0x91,
  0xa9, 0x11, 0x27, 0xdc, 0x91, 0x00, 0x04, 0x01, 0x08, 0x00, 0x80, 0x94, 0x1a, 0x36, 0xca, 0xaa,
  0x54, 0xa4, 0x95, 0xea, 0x04, 0x12, 0x10, 0x20, 0x20, 0x10, 0x04, 0x01, 0x34, 0xbb, 0x56, 0x44,
  0xaa, 0x92, 0x4b, 0xd8, 0x50, 0x40, 0x00, 0x04, 0x00, 0x80, 0x00, 0xa4, 0x1a, 0x56, 0xd5, 0x2a,
  0x54, 0x48, 0x55, 0xee, 0x02, 0x00, 0x00, 0x80, 0x82, 0x02, 0x20, 0x00, 0xaa, 0x6d, 0x95, 0x45,
  0xab, 0x24, 0x8b, 0xd9, 0x24, 0x00, 0x82, 0x02, 0x10, 0x00, 0x02, 0x48, 0x34, 0xb6, 0xca, 0xa8,
  0x54, 0x91, 0x55, 0xec, 0x00, 0x08, 0x10, 0x10, 0x00, 0x10, 0x08, 0x02, 0x9a, 0x5b, 0x56, 0x25,
  0xaa, 0x48, 0x2b, 0xda, 0xa9, 0x20, 0x00, 0x00, 0x84, 0x41, 0x20, 0x90, 0x2a, 0x6d, 0xaa, 0x94,
  0xa9, 0x25, 0x4d, 0xec, 0x02, 0x01, 0x00, 0x88, 0x20, 0x00, 0x00, 0x04, 0x9a, 0x5a, 0xca, 0xa2
};
// Author :- Ashish ( ashish_y_794 )
// Website : https://www.oledanimationmaker.com/

const uint8_t PROGMEM frame137[1024] = {
  0x10, 0x00, 0x02, 0x40, 0x00, 0x00, 0x00, 0x00, 0x00, 0x00, 0x00, 0x00, 0x10, 0x20, 0x00, 0x08,
  0x45, 0x00, 0x11, 0x22, 0x10, 0x00, 0x00, 0x00, 0x00, 0x00, 0x00, 0x01, 0x28, 0x8a, 0x02, 0xa5,
  0x28, 0x48, 0x04, 0x80, 0x84, 0x00, 0x00, 0x00, 0x00, 0x00, 0x00, 0x48, 0x12, 0x40, 0x90, 0x10,
  0x42, 0x02, 0x22, 0x54, 0x00, 0x00, 0x00, 0x00, 0x00, 0x00, 0x00, 0x01, 0x28, 0x2a, 0x02, 0x8a,
  0x29, 0x20, 0x09, 0x40, 0x92, 0x00, 0x00, 0x00, 0x00, 0x00, 0x00, 0x04, 0x10, 0x88, 0x20, 0x51,
  0x44, 0x00, 0x22, 0x44, 0x00, 0x00, 0x00, 0x00, 0x40, 0x00, 0x00, 0x90, 0x54, 0x52, 0x05, 0x04,
  0x11, 0x12, 0x04, 0xa1, 0x12, 0x00, 0x00, 0x01, 0x00, 0x00, 0x00, 0x01, 0x10, 0x84, 0x90, 0x52,
  0x4a, 0x40, 0x22, 0x44, 0x00, 0x00, 0x00, 0x00, 0x00, 0x00, 0x00, 0x04, 0x14, 0x50, 0x01, 0x09,
  0x20, 0x02, 0x09, 0x50, 0x92, 0x00, 0x00, 0x00, 0x00, 0x00, 0x00, 0x90, 0x28, 0x8a, 0x44, 0x52,
  0x4a, 0x88, 0x22, 0x42, 0x00, 0x00, 0x00, 0x04, 0x00, 0x00, 0x00, 0x01, 0x28, 0x51, 0x01, 0x08,
  0x24, 0x20, 0x09, 0x48, 0x24, 0x00, 0x00, 0x00, 0x00, 0x00, 0x00, 0x44, 0x11, 0x24, 0x24, 0x45,
  0x49, 0x01, 0x22, 0xa1, 0x00, 0x00, 0x00, 0x00, 0x00, 0x00, 0x00, 0x00, 0x58, 0x92, 0x01, 0x28,
  0x24, 0x44, 0x09, 0x48, 0x24, 0x80, 0x00, 0x20, 0x2a, 0x40, 0x01, 0x12, 0x28, 0x49, 0x24, 0x85,
  0x49, 0x00, 0x12, 0x45, 0x00, 0x00, 0x07, 0xf8, 0x95, 0xa0, 0x00, 0x00, 0x12, 0xa4, 0x00, 0x52,
  0x24, 0x22, 0x05, 0x60, 0x24, 0x00, 0x03, 0xdc, 0x1f, 0xc0, 0x00, 0x49, 0x58, 0x52, 0x4a, 0x08,
  0x49, 0x08, 0x52, 0x94, 0x81, 0x00, 0x02, 0xf4, 0x15, 0x40, 0x00, 0x00, 0x10, 0x89, 0x01, 0x52,
  0x24, 0x80, 0x02, 0x61, 0x08, 0x00, 0x07, 0xdc, 0x1e, 0xc0, 0x01, 0x24, 0x5a, 0x54, 0x24, 0x09,
  0x49, 0x11, 0x15, 0x44, 0x22, 0x00, 0x01, 0x7c, 0x17, 0xa0, 0x00, 0x01, 0x10, 0xa5, 0x01, 0x54,
  0x24, 0x40, 0x02, 0xd1, 0x00, 0x00, 0x06, 0xf6, 0x5a, 0xc0, 0x00, 0x88, 0x28, 0x92, 0x28, 0x82,
  0x49, 0x04, 0x54, 0x48, 0x29, 0x00, 0x83, 0xfe, 0x1f, 0x40, 0x00, 0x02, 0x34, 0xa8, 0x82, 0x29,
  0x24, 0x41, 0x03, 0x65, 0x00, 0x00, 0x04, 0xb7, 0x15, 0xc0, 0x01, 0x20, 0x98, 0xa5, 0x11, 0x4a,
  0x4a, 0x88, 0x29, 0x50, 0x4a, 0x00, 0x03, 0x7d, 0x1e, 0xc0, 0x04, 0x08, 0x29, 0x4a, 0x04, 0x21,
  0x24, 0x02, 0x05, 0x65, 0x00, 0x04, 0x05, 0xff, 0x15, 0xa0, 0x80, 0x42, 0x94, 0xa8, 0xa2, 0x94,
  0x49, 0x48, 0x2a, 0xc0, 0x24, 0x80, 0x02, 0x5b, 0x9f, 0x40, 0x00, 0x08, 0x38, 0x95, 0x08, 0x45,
  0x24, 0x00, 0x82, 0x6a, 0x82, 0x00, 0x13, 0xbe, 0x95, 0xc2, 0x01, 0x21, 0x10, 0xa4, 0x22, 0x92,
  0x55, 0x52, 0x15, 0xc4, 0x10, 0x00, 0x02, 0xbb, 0x9f, 0x60, 0x00, 0x04, 0x5a, 0xaa, 0x88, 0x48,
  0x09, 0x00, 0x22, 0x69, 0x04, 0x80, 0x45, 0x6f, 0xd5, 0xc0, 0x00, 0x90, 0x28, 0xaa, 0x22, 0x95,
  0xa4, 0x94, 0x95, 0xd2, 0x48, 0x01, 0x03, 0xbe, 0xdf, 0x40, 0x04, 0x02, 0x98, 0xa4, 0x88, 0x42,
  0x2a, 0x00, 0x02, 0x64, 0x02, 0x00, 0x04, 0xaf, 0xd5, 0xc0, 0x00, 0xa8, 0x34, 0xaa, 0x22, 0x94,
  0x49, 0x4a, 0x2a, 0xd1, 0x28, 0x80, 0x03, 0x5d, 0xde, 0xc8, 0x80, 0x01, 0x19, 0x55, 0x14, 0x49,
  0x24, 0x80, 0x92, 0xca, 0x02, 0x08, 0x05, 0xaf, 0x6b, 0xa0, 0x01, 0x08, 0x54, 0xaa, 0x42, 0x92,
  0x95, 0x24, 0x0a, 0xe4, 0x90, 0x00, 0x12, 0xdf, 0xf6, 0xc0, 0x00, 0x45, 0x38, 0xd5, 0x28, 0x49,
  0x4a, 0x08, 0x52, 0xd2, 0x0a, 0x00, 0x83, 0x6b, 0x6d, 0xc0, 0x09, 0x10, 0x12, 0xaa, 0x05, 0x24,
  0x24, 0xa2, 0x0a, 0xe8, 0x80, 0x80, 0x05, 0x57, 0xf7, 0x44, 0x40, 0x42, 0x58, 0xa9, 0x51, 0x12,
  0x55, 0x08, 0x52, 0xd5, 0x2a, 0x04, 0x03, 0x6f, 0xbb, 0xd0, 0x00, 0x08, 0x34, 0xac, 0x24, 0xa9,
  0x24, 0xa2, 0x15, 0x64, 0x00, 0x10, 0x0a, 0xb3, 0xfa, 0xc0, 0x01, 0x21, 0x2a, 0xd3, 0x4a, 0x44,
  0x95, 0x00, 0x92, 0xe5, 0x25, 0x00, 0x23, 0xab, 0x6d, 0xa0, 0x00, 0x04, 0x38, 0xac, 0x21, 0x12,
  0x4a, 0x54, 0x25, 0x68, 0x08, 0x00, 0x02, 0xdb, 0xfe, 0xc0, 0x81, 0x48, 0x94, 0xa5, 0x4a, 0xaa,
  0x25, 0x02, 0x12, 0xe5, 0x41, 0x00, 0x05, 0x69, 0xf5, 0xc2, 0x00, 0x01, 0x39, 0xb5, 0x24, 0x44,
  0x54, 0xa8, 0xa6, 0xea, 0x14, 0x00, 0x83, 0xb3, 0x7e, 0xc0, 0x04, 0x94, 0x28, 0xaa, 0x49, 0x12,
  0x4a, 0x42, 0x12, 0xd4, 0x40, 0x40, 0x05, 0x59, 0xef, 0x60, 0x00, 0x00, 0x9a, 0xad, 0x25, 0x4a,
  0x2a, 0x90, 0x4a, 0xe5, 0x0a, 0x04, 0x05, 0xd0, 0xfd, 0xc0, 0x00, 0x92, 0x30, 0xd5, 0x28, 0xa9,
  0xa5, 0x0a, 0x25, 0x74, 0x20, 0x00, 0x12, 0xb8, 0xfe, 0xa0, 0x40, 0x00, 0x2d, 0x54, 0x85, 0x14,
  0x14, 0xa1, 0x13, 0xd5, 0x04, 0x80, 0x03, 0x68, 0xef, 0x42, 0x02, 0xa9, 0x30, 0xd6, 0x54, 0xa2,
  0x55, 0x14, 0x54, 0xe4, 0x42, 0x00, 0x05, 0xa8, 0x7f, 0xc0, 0x00, 0x00, 0x9d, 0x5a, 0xaa, 0x4a,
  0x4a, 0xa2, 0x13, 0x75, 0x10, 0x01, 0x03, 0x72, 0x7b, 0x48, 0x00, 0x8a, 0x30, 0xd5, 0x11, 0x2a,
  0x55, 0x08, 0x95, 0xd4, 0x04, 0x24, 0x15, 0xa8, 0x7f, 0xc0, 0x08, 0x20, 0x2d, 0x55, 0x4a, 0x92,
  0x4a, 0xa4, 0x25, 0x6a, 0xa2, 0x00, 0x02, 0xd8, 0x3f, 0x40, 0x21, 0x04, 0xb1, 0xad, 0x29, 0x49,
  0x2a, 0x49, 0x12, 0xea, 0x08, 0x80, 0x05, 0xb1, 0x3d, 0xe0, 0x80, 0x40, 0x1c, 0xd4, 0x94, 0x94,
  0xaa, 0x92, 0x55, 0xe8, 0x82, 0x00, 0x03, 0x68, 0x3f, 0xc0, 0x00, 0x12, 0x51, 0x5b, 0x25, 0x4a,
  0x4a, 0x44, 0x12, 0xed, 0x10, 0x01, 0x25, 0x54, 0x0a, 0xc4, 0x01, 0x04, 0x3a, 0xac, 0xaa, 0x29,
  0x2a, 0xa1, 0x2b, 0x64, 0x04, 0x10, 0x00, 0x00, 0x80, 0x00, 0x00, 0x48, 0xa8, 0xd6, 0x51, 0x4a,
  0xaa, 0x94, 0x25, 0xf5, 0x51, 0x00, 0x00, 0x00, 0x10, 0x00, 0x44, 0x80, 0x35, 0x6a, 0x8d, 0x29,
  0x4a, 0x45, 0x12, 0xd4, 0x04, 0x40, 0x02, 0x24, 0x41, 0x11, 0x00, 0x12, 0x99, 0xad, 0x32, 0x94,
  0x2a, 0xa0, 0x56, 0xed, 0x20, 0x04, 0x90, 0x01, 0x00, 0x00, 0x01, 0x04, 0x28, 0xb5, 0x4a, 0x4a,
  0xaa, 0x95, 0x22, 0xf4, 0x8a, 0x00, 0x00, 0x00, 0x08, 0x00, 0x08, 0x50, 0x3a, 0xd6, 0x29, 0x55,
  0x55, 0x44, 0x16, 0xea, 0x00, 0x80, 0x01, 0x24, 0x20, 0x92, 0x20, 0x02, 0x94, 0xaa, 0xaa, 0x92,
  0x4a, 0xa9, 0x53, 0x6c, 0xa4, 0x12, 0x10, 0x01, 0x00, 0x00, 0x01, 0x48, 0x39, 0xdd, 0x55, 0x4a,
  0x55, 0x04, 0x2a, 0xf5, 0x02, 0x00, 0x40, 0x10, 0x04, 0x00, 0x00, 0x01, 0x28, 0xaa, 0x94, 0xa9,
  0x55, 0x69, 0x13, 0xea, 0x10, 0x80, 0x02, 0x42, 0x50, 0x91, 0x24, 0x94, 0x35, 0xb6, 0x55, 0x14,
  0x55, 0x12, 0x55, 0x74, 0x8a, 0x12, 0x00, 0x00, 0x00, 0x00, 0x00, 0x00, 0x98, 0xda, 0xa9, 0x4a,
  0x4a, 0xc4, 0x25, 0xed, 0x20, 0x00, 0x20, 0x12, 0x04, 0x04, 0x01, 0x52, 0x2a, 0xad, 0x2a, 0xaa,
  0x56, 0xa9, 0x2a, 0xf4, 0x04, 0x80, 0x84, 0x80, 0xa0, 0x90, 0x90, 0x00, 0xb4, 0xd5, 0x55, 0x29,
  0x55, 0x04, 0x55, 0xea, 0x90, 0x12, 0x00, 0x12, 0x02, 0x00, 0x02, 0x4a, 0x19, 0xb6, 0x94, 0x94
};
// Author :- Ashish ( ashish_y_794 )
// Website : https://www.oledanimationmaker.com/

const uint8_t PROGMEM frame138[1024] = {
  0x22, 0x40, 0x00, 0x50, 0x00, 0x00, 0x00, 0x00, 0x00, 0x00, 0x00, 0x00, 0x42, 0x40, 0x00, 0xa8,
  0x94, 0x90, 0x05, 0x10, 0x04, 0x00, 0x00, 0x00, 0x00, 0x00, 0x00, 0x08, 0x2a, 0x90, 0x2a, 0x55,
  0x49, 0x41, 0x00, 0xa9, 0x40, 0x00, 0x00, 0x00, 0x00, 0x00, 0x00, 0x21, 0x52, 0x48, 0x81, 0x28,
  0x22, 0x24, 0x0a, 0x50, 0x12, 0x00, 0x00, 0x00, 0x00, 0x00, 0x00, 0x80, 0x42, 0xa0, 0x08, 0xaa,
  0x94, 0x90, 0x00, 0x92, 0x00, 0x00, 0x00, 0x00, 0x00, 0x00, 0x00, 0x08, 0x65, 0x10, 0x44, 0x54,
  0x49, 0x40, 0x44, 0x50, 0x44, 0x80, 0x00, 0x00, 0x00, 0x00, 0x00, 0x02, 0x22, 0xa2, 0x12, 0xaa,
  0x24, 0xa1, 0x02, 0xa9, 0x00, 0x00, 0x00, 0x01, 0x00, 0x00, 0x00, 0x90, 0xa5, 0x20, 0x00, 0x50,
  0x92, 0x48, 0x08, 0x50, 0x12, 0x00, 0x00, 0x00, 0x10, 0x00, 0x00, 0x00, 0x52, 0x90, 0xaa, 0xad,
  0x25, 0x20, 0x02, 0x94, 0x40, 0x00, 0x00, 0x00, 0x00, 0x00, 0x00, 0x12, 0x23, 0x52, 0x00, 0x52,
  0x48, 0x81, 0x04, 0x51, 0x04, 0x00, 0x00, 0x00, 0x00, 0x00, 0x01, 0x00, 0xa5, 0x20, 0x25, 0x58,
  0x25, 0x54, 0x22, 0xa8, 0x11, 0x00, 0x00, 0x02, 0x00, 0x00, 0x00, 0x48, 0x52, 0x90, 0x82, 0x55,
  0x90, 0xa0, 0x04, 0x52, 0x40, 0x00, 0x00, 0x00, 0x00, 0x00, 0x00, 0x02, 0x26, 0xa4, 0x10, 0xa8,
  0x4a, 0x80, 0x82, 0x90, 0x02, 0x00, 0x00, 0x00, 0x20, 0x00, 0x01, 0x10, 0x52, 0x50, 0x45, 0x2a,
  0x24, 0xa8, 0x08, 0x54, 0x88, 0x00, 0x02, 0xb4, 0x0d, 0x80, 0x00, 0x02, 0x63, 0x41, 0x08, 0xa8,
  0x92, 0x41, 0x05, 0x50, 0x01, 0x00, 0x03, 0xf8, 0x36, 0xc0, 0x00, 0x90, 0x25, 0x34, 0x22, 0x55,
  0x29, 0x50, 0x02, 0x5a, 0x48, 0x00, 0x03, 0x6c, 0x1b, 0xa0, 0x00, 0x04, 0xa6, 0xa0, 0x09, 0x54,
  0x44, 0x84, 0x48, 0xa0, 0x02, 0x00, 0x03, 0xfa, 0x16, 0xc0, 0x01, 0x10, 0x53, 0x50, 0xa0, 0x52,
  0x2a, 0x50, 0x05, 0x35, 0x20, 0x80, 0x02, 0xdc, 0x1d, 0x80, 0x00, 0x00, 0x45, 0x52, 0x0a, 0xa8,
  0x81, 0x41, 0x04, 0x90, 0x08, 0x04, 0x03, 0x76, 0x2e, 0xc0, 0x00, 0x92, 0x6b, 0x20, 0x21, 0x55,
  0x35, 0x50, 0x22, 0x75, 0x42, 0x00, 0x05, 0xfe, 0x17, 0x40, 0x02, 0x00, 0x25, 0x50, 0x88, 0x54,
  0x49, 0x24, 0x85, 0x10, 0x08, 0x80, 0x22, 0xb6, 0x1a, 0xc0, 0x00, 0x2a, 0xa7, 0x54, 0x22, 0xa8,
  0x24, 0x90, 0x04, 0xda, 0x42, 0x00, 0x02, 0xff, 0x2f, 0x80, 0x00, 0x80, 0x52, 0xa0, 0x89, 0x55,
  0x92, 0xa1, 0x12, 0x51, 0x00, 0x00, 0x02, 0xbb, 0x1a, 0xc0, 0x20, 0x10, 0x67, 0x54, 0x22, 0x54,
  0x29, 0x44, 0x05, 0x58, 0x29, 0x00, 0x03, 0x6f, 0x17, 0x40, 0x82, 0x42, 0x23, 0x50, 0x88, 0xa8,
  0x44, 0xa0, 0x44, 0xb5, 0x02, 0x00, 0x02, 0xbd, 0xad, 0xc0, 0x00, 0x08, 0xab, 0x52, 0x22, 0x55,
  0x2a, 0x52, 0x04, 0x90, 0x40, 0x11, 0x0a, 0xff, 0x9e, 0x80, 0x00, 0x80, 0x66, 0xa8, 0x09, 0x50,
  0x41, 0x40, 0x95, 0x5a, 0x15, 0x00, 0x03, 0x2e, 0xd5, 0xc4, 0x00, 0x24, 0xa7, 0x50, 0xa2, 0x5a,
  0x2c, 0xa8, 0x02, 0x74, 0x80, 0x00, 0x01, 0xbf, 0xdf, 0x40, 0x02, 0x02, 0x23, 0x52, 0x08, 0xa4,
  0x42, 0x82, 0x0a, 0x92, 0x12, 0x40, 0x06, 0xdb, 0x55, 0xc0, 0x00, 0x90, 0x6e, 0xa8, 0x45, 0x52,
  0x2a, 0x68, 0x84, 0xb8, 0x81, 0x00, 0x22, 0xaf, 0xee, 0x80, 0x00, 0x09, 0x23, 0x61, 0x20, 0x58,
  0x49, 0x40, 0x25, 0x54, 0x24, 0x00, 0x82, 0xbe, 0xeb, 0xc1, 0x02, 0x40, 0x6b, 0x54, 0x15, 0x64,
  0x25, 0x2a, 0x84, 0xb5, 0x01, 0x00, 0x03, 0x4b, 0xb6, 0xa4, 0x08, 0x14, 0x57, 0x68, 0xa2, 0x54,
  0x52, 0xa0, 0x0a, 0xb0, 0x48, 0x04, 0x02, 0xef, 0xf6, 0xc0, 0x00, 0x81, 0x23, 0x50, 0x09, 0x52,
  0x08, 0xa4, 0x45, 0x5a, 0x02, 0x40, 0x05, 0x57, 0x77, 0x80, 0x00, 0x10, 0x6b, 0x6a, 0xa4, 0x58,
  0x55, 0x51, 0x0a, 0xb5, 0x49, 0x00, 0x13, 0xb7, 0xda, 0xc0, 0x01, 0x04, 0xa7, 0x50, 0x12, 0xa4,
  0x24, 0xa0, 0x04, 0x94, 0x00, 0x00, 0x42, 0xd5, 0xfb, 0x40, 0x40, 0x50, 0x57, 0x69, 0x48, 0xb2,
  0x92, 0x95, 0x55, 0x74, 0x94, 0x80, 0x02, 0xb7, 0xbd, 0xc9, 0x02, 0x04, 0x66, 0xb0, 0x22, 0x54,
  0x2a, 0x40, 0x05, 0x59, 0x01, 0x02, 0x02, 0xd2, 0xf6, 0xc0, 0x00, 0x91, 0x27, 0x55, 0x15, 0x50,
  0x49, 0x69, 0x05, 0x54, 0x24, 0x00, 0x03, 0x69, 0xfd, 0x80, 0x00, 0x00, 0x6b, 0x60, 0xa0, 0xaa,
  0x25, 0x44, 0x54, 0xba, 0x80, 0x08, 0x05, 0xb5, 0xee, 0xc0, 0x02, 0x54, 0x27, 0x74, 0x15, 0x54,
  0x52, 0xa8, 0x86, 0xb4, 0x12, 0x80, 0x22, 0xd1, 0xfd, 0xa0, 0x00, 0x01, 0x67, 0x52, 0xa2, 0x52,
  0x09, 0x51, 0x05, 0x55, 0x00, 0x00, 0x03, 0x58, 0xde, 0xc2, 0x11, 0x10, 0x2b, 0x68, 0x49, 0x58,
  0x54, 0xa4, 0x14, 0xb8, 0x4a, 0x00, 0x02, 0xe8, 0xff, 0x40, 0x00, 0x44, 0xa7, 0x52, 0x24, 0xa4,
  0x25, 0x41, 0x06, 0xb5, 0x00, 0x80, 0x85, 0x58, 0xf6, 0xc0, 0x01, 0x00, 0x6b, 0x71, 0x4a, 0x52,
  0x52, 0xa8, 0x95, 0x58, 0x48, 0x08, 0x03, 0xb2, 0x7f, 0x40, 0x40, 0x29, 0x27, 0xa8, 0x21, 0x68,
  0x15, 0x52, 0x05, 0x56, 0x02, 0x20, 0x02, 0xd8, 0x7f, 0xa2, 0x02, 0x00, 0x6b, 0x75, 0x54, 0xaa,
  0x49, 0x48, 0x95, 0x79, 0x21, 0x00, 0x13, 0x68, 0x37, 0x80, 0x00, 0x92, 0x27, 0x50, 0x8a, 0x54,
  0x2a, 0xa4, 0x46, 0x94, 0x88, 0x00, 0x42, 0xd8, 0xbe, 0xc0, 0x02, 0x00, 0xab, 0x6a, 0x51, 0x68,
  0x49, 0x51, 0x0a, 0x7a, 0x02, 0x01, 0x03, 0x68, 0x3f, 0xc0, 0x10, 0x54, 0x67, 0xb1, 0x25, 0x29,
  0x25, 0x48, 0x8a, 0xb5, 0x21, 0x20, 0x03, 0x52, 0x2d, 0xc4, 0x41, 0x00, 0x2b, 0x6a, 0x48, 0xd4,
  0x54, 0xa5, 0x26, 0xb4, 0x08, 0x00, 0x00, 0x88, 0x02, 0x10, 0x00, 0x12, 0xa7, 0x70, 0xa5, 0x50,
  0x12, 0xa8, 0x0a, 0xba, 0x82, 0x04, 0x04, 0x00, 0x88, 0x00, 0x01, 0x00, 0x6b, 0xaa, 0x12, 0x55,
  0x4a, 0xa5, 0x45, 0x54, 0x24, 0x80, 0x20, 0x02, 0x00, 0x40, 0x04, 0x52, 0x27, 0x71, 0x55, 0x68,
  0x2a, 0xa8, 0x16, 0xba, 0x80, 0x10, 0x80, 0x48, 0x20, 0x01, 0x20, 0x00, 0xb7, 0x54, 0xa2, 0x54,
  0x52, 0xa2, 0x8a, 0xb4, 0x12, 0x40, 0x01, 0x00, 0x02, 0x00, 0x01, 0x14, 0x4b, 0xf2, 0x29, 0x52,
  0x15, 0x54, 0x26, 0xba, 0x81, 0x00, 0x04, 0x01, 0x08, 0x10, 0x00, 0x40, 0x67, 0x54, 0x95, 0x54,
  0x49, 0x51, 0x0a, 0xb5, 0x14, 0x02, 0x00, 0x10, 0x40, 0x02, 0x09, 0x12, 0x2b, 0x72, 0x48, 0xa8,
  0x2a, 0xaa, 0xa6, 0xb4, 0x40, 0x08, 0x20, 0x44, 0x00, 0x80, 0x40, 0x00, 0xab, 0xb5, 0x55, 0x54,
  0x55, 0x50, 0x0d, 0x5a, 0x05, 0x40, 0x01, 0x01, 0x24, 0x10, 0x02, 0x54, 0x67, 0x68, 0x44, 0xb2,
  0x12, 0xa5, 0x45, 0x75, 0x50, 0x00, 0x88, 0x00, 0x00, 0x01, 0x08, 0x01, 0x2b, 0xf2, 0xaa, 0xa8,
  0x4a, 0xa8, 0x16, 0xba, 0x02, 0x04, 0x00, 0x14, 0x41, 0x04, 0x01, 0x24, 0x6f, 0x54, 0x52, 0x54,
  0x29, 0x52, 0x8a, 0xb5, 0x10, 0x90, 0x01, 0x01, 0x08, 0x20, 0x20, 0x00, 0x27, 0x72, 0x89, 0x69,
  0x55, 0x54, 0xa6, 0xba, 0x44, 0x00, 0x90, 0x20, 0x00, 0x80, 0x02, 0x94, 0xab, 0xb4, 0xaa, 0xa4,
  0x25, 0x51, 0x0d, 0x55, 0x01, 0x02, 0x02, 0x09, 0x24, 0x02, 0x40, 0x00, 0x67, 0x6a, 0x54, 0xb1
};
// Author :- Ashish ( ashish_y_794 )
// Website : https://www.oledanimationmaker.com/

const uint8_t PROGMEM frame139[1024] = {
  0x4a, 0x94, 0x00, 0x08, 0x00, 0x00, 0x00, 0x00, 0x00, 0x00, 0x00, 0x00, 0x4c, 0x80, 0x0a, 0xa0,
  0x25, 0x54, 0x01, 0x54, 0x01, 0x00, 0x00, 0x00, 0x00, 0x00, 0x00, 0x01, 0x0a, 0xa2, 0x42, 0x4a,
  0x95, 0x2a, 0x40, 0x02, 0x48, 0x00, 0x00, 0x00, 0x00, 0x00, 0x00, 0x50, 0x4c, 0x88, 0x15, 0x50,
  0x4a, 0x94, 0x05, 0x54, 0x00, 0x00, 0x00, 0x00, 0x00, 0x00, 0x01, 0x04, 0xaa, 0xa1, 0x4a, 0x85,
  0x25, 0x55, 0x00, 0x08, 0x42, 0x40, 0x00, 0x00, 0x00, 0x00, 0x00, 0x00, 0x0c, 0x80, 0x05, 0x50,
  0x92, 0x28, 0x21, 0x55, 0x08, 0x00, 0x00, 0x01, 0x00, 0x00, 0x00, 0x21, 0x4d, 0x52, 0x52, 0x49,
  0x4a, 0xaa, 0x04, 0x04, 0x00, 0x80, 0x00, 0x00, 0x10, 0x00, 0x00, 0x88, 0x4a, 0x81, 0x0a, 0xa2,
  0x2a, 0x94, 0x80, 0xa8, 0x22, 0x00, 0x00, 0x04, 0x00, 0x00, 0x00, 0x01, 0x2c, 0xd0, 0x22, 0x90,
  0x45, 0x54, 0x01, 0x14, 0x80, 0x00, 0x00, 0x00, 0x00, 0x00, 0x02, 0x20, 0x4d, 0x45, 0x0a, 0x49,
  0x2a, 0x55, 0x10, 0x44, 0x08, 0x00, 0x00, 0x00, 0x00, 0x00, 0x00, 0x09, 0x15, 0x40, 0x4a, 0xa2,
  0x92, 0x94, 0x02, 0x2a, 0x21, 0x00, 0x00, 0x00, 0x00, 0x00, 0x00, 0x40, 0xac, 0xa2, 0x12, 0x90,
  0x25, 0x55, 0x21, 0x24, 0x00, 0x00, 0x00, 0x04, 0x40, 0x00, 0x01, 0x04, 0x4d, 0x48, 0x89, 0x49,
  0x4a, 0x98, 0x00, 0x94, 0x84, 0x80, 0x00, 0x10, 0x04, 0x00, 0x00, 0x20, 0x0d, 0x40, 0x25, 0x20,
  0x25, 0x55, 0x04, 0x48, 0x10, 0x00, 0x01, 0x40, 0x10, 0x80, 0x00, 0x01, 0x5a, 0xa5, 0x0a, 0x94,
  0x4a, 0x2a, 0x21, 0x25, 0x01, 0x00, 0x03, 0x78, 0x16, 0x80, 0x04, 0x94, 0x4d, 0x40, 0x45, 0x41,
  0x22, 0xa8, 0x00, 0x94, 0x44, 0x00, 0x03, 0xac, 0x2b, 0xa0, 0x00, 0x00, 0x9d, 0xa9, 0x12, 0x54,
  0x4a, 0x96, 0x8a, 0x24, 0x00, 0x80, 0x01, 0xf8, 0x9d, 0x40, 0x00, 0x40, 0x4c, 0xa0, 0x4a, 0x80,
  0x12, 0xa8, 0x00, 0x95, 0x22, 0x04, 0x25, 0x6e, 0x16, 0x80, 0x42, 0x14, 0x96, 0xc5, 0x09, 0x54,
  0x4a, 0x95, 0x21, 0x28, 0x08, 0x00, 0x02, 0xfa, 0x1b, 0x80, 0x00, 0x00, 0x4d, 0x40, 0x45, 0x21,
  0x25, 0x5a, 0x04, 0x8a, 0x80, 0x80, 0x01, 0xae, 0x15, 0x40, 0x01, 0x22, 0x5d, 0xa9, 0x15, 0x48,
  0x4a, 0x28, 0x40, 0x54, 0x22, 0x00, 0x02, 0xfa, 0x1e, 0xc0, 0x00, 0x08, 0x8d, 0x40, 0x44, 0x90,
  0x12, 0xaa, 0x02, 0xaa, 0x00, 0x00, 0x02, 0xbf, 0x15, 0x80, 0x02, 0x20, 0x5d, 0xa5, 0x12, 0xa2,
  0x45, 0x55, 0x11, 0x09, 0x24, 0x80, 0x02, 0xeb, 0x1b, 0x40, 0x00, 0x02, 0x4d, 0x50, 0x4a, 0x40,
  0x12, 0x94, 0x40, 0xac, 0x00, 0x04, 0x43, 0x7e, 0x9d, 0x81, 0x01, 0x28, 0x9d, 0xc5, 0x0a, 0x94,
  0x4a, 0x55, 0x05, 0x25, 0x22, 0x40, 0x01, 0x57, 0x96, 0xc0, 0x04, 0x00, 0x4e, 0x50, 0x45, 0x41,
  0x25, 0x54, 0x00, 0x94, 0x08, 0x00, 0x05, 0x7d, 0x9b, 0x40, 0x00, 0x42, 0x5d, 0xc2, 0x12, 0x24,
  0x12, 0x95, 0x25, 0x2a, 0x81, 0x00, 0x02, 0xaf, 0x55, 0x80, 0x01, 0x10, 0x8d, 0x51, 0x4a, 0x90,
  0x45, 0x54, 0x00, 0xaa, 0x20, 0x40, 0x02, 0xbb, 0xde, 0x80, 0x00, 0x04, 0x5e, 0xc4, 0x12, 0xa1,
  0x12, 0x2a, 0x92, 0x48, 0x0a, 0x00, 0x83, 0x5e, 0xcb, 0x40, 0x44, 0x40, 0xad, 0x51, 0x4a, 0x44,
  0x4b, 0x54, 0x01, 0x2d, 0x40, 0x82, 0x01, 0xab, 0xb5, 0xa2, 0x00, 0x12, 0x4e, 0xc8, 0x09, 0x20,
  0x11, 0x2a, 0x44, 0xa4, 0x02, 0x00, 0x05, 0x5f, 0xee, 0x80, 0x01, 0x00, 0x2d, 0xd2, 0xa5, 0x48,
  0x46, 0xaa, 0x11, 0x2a, 0x90, 0x00, 0x02, 0xd6, 0xb3, 0xc0, 0x00, 0x51, 0x5e, 0xa0, 0x15, 0x22,
  0x12, 0x54, 0x82, 0xaa, 0x02, 0x80, 0x03, 0x5b, 0xed, 0x00, 0x04, 0x04, 0x4d, 0xca, 0x89, 0x40,
  0x4a, 0x95, 0x08, 0x4a, 0x48, 0x08, 0x11, 0x6f, 0x76, 0xc0, 0x01, 0x20, 0xae, 0xd0, 0x55, 0x12,
  0x02, 0xaa, 0x22, 0xa9, 0x00, 0x80, 0x42, 0xa5, 0xdb, 0x82, 0x00, 0x02, 0x2e, 0xc5, 0x04, 0xa0,
  0x2a, 0x54, 0x81, 0x2c, 0x04, 0x00, 0x03, 0xbb, 0xf5, 0x48, 0x10, 0x90, 0x9d, 0xa8, 0xaa, 0x88,
  0x0a, 0x9a, 0x09, 0x45, 0x51, 0x00, 0x01, 0x55, 0xbb, 0x80, 0x02, 0x04, 0x4e, 0xc2, 0x05, 0x22,
  0x42, 0xa9, 0x21, 0x34, 0x00, 0x20, 0x02, 0xd3, 0xed, 0x40, 0x00, 0x20, 0xae, 0xe8, 0xa9, 0x48,
  0x2a, 0x94, 0x44, 0x96, 0x84, 0x81, 0x03, 0x69, 0x7d, 0xa0, 0x01, 0x08, 0x5e, 0xc4, 0x15, 0x20,
  0x05, 0x56, 0x02, 0x54, 0x10, 0x00, 0x09, 0xb5, 0xee, 0x80, 0x44, 0x21, 0x4e, 0xe9, 0x44, 0x82,
  0x52, 0x59, 0x49, 0x55, 0x41, 0x00, 0x02, 0xa9, 0xbb, 0xc1, 0x00, 0x04, 0x5d, 0xc2, 0x2a, 0xa8,
  0x0a, 0x94, 0x01, 0x2a, 0x04, 0x08, 0x02, 0xd8, 0xfd, 0x00, 0x01, 0x20, 0x4e, 0xd1, 0x45, 0x00,
  0x22, 0xaa, 0xa5, 0x54, 0x80, 0x80, 0x43, 0x68, 0xde, 0xc0, 0x00, 0x02, 0x5f, 0xd4, 0x14, 0xa4,
  0x0a, 0x94, 0x01, 0x2a, 0x22, 0x00, 0x01, 0xb0, 0x77, 0x44, 0x04, 0x90, 0xad, 0x62, 0xa5, 0x20,
  0x52, 0x5a, 0xa4, 0xaa, 0x88, 0x40, 0x05, 0x5a, 0x7d, 0x80, 0x00, 0x04, 0x5e, 0xd1, 0x12, 0x89,
  0x05, 0x54, 0x02, 0xaa, 0x01, 0x02, 0x02, 0xe8, 0x77, 0x40, 0x21, 0x20, 0x8f, 0xca, 0x4a, 0x40,
  0x52, 0xaa, 0xa9, 0x2a, 0x40, 0x00, 0x23, 0x50, 0x3f, 0xa0, 0x00, 0x04, 0x6d, 0x61, 0x25, 0x28,
  0x0a, 0x95, 0x01, 0x55, 0x09, 0x08, 0x02, 0xec, 0xbd, 0x81, 0x04, 0x90, 0x9e, 0xd4, 0x95, 0x42,
  0x22, 0x5a, 0x45, 0x2a, 0x20, 0x40, 0x03, 0x58, 0x2f, 0xc0, 0x00, 0x02, 0x5f, 0xe2, 0x24, 0x90,
  0x0a, 0xaa, 0x11, 0x54, 0x82, 0x00, 0x81, 0x40, 0x15, 0x40, 0x02, 0x48, 0x4d, 0xa9, 0x4a, 0x40,
  0x4a, 0x94, 0x84, 0xad, 0x08, 0x80, 0x08, 0x12, 0x40, 0x04, 0x10, 0x00, 0xbe, 0xe4, 0x92, 0x92,
  0x12, 0x5a, 0x42, 0xa4, 0x40, 0x04, 0x00, 0x00, 0x00, 0x00, 0x41, 0x24, 0x4f, 0xd2, 0x2a, 0x40,
  0x45, 0x55, 0x11, 0x5a, 0x84, 0x80, 0x01, 0x01, 0x01, 0x00, 0x00, 0x01, 0x2d, 0xd1, 0x45, 0x28,
  0x12, 0xaa, 0x45, 0x2a, 0x10, 0x10, 0x44, 0x24, 0x24, 0x10, 0x02, 0x50, 0xae, 0xd4, 0x95, 0x42,
  0x0a, 0x95, 0x11, 0x55, 0x02, 0x40, 0x00, 0x00, 0x00, 0x02, 0x08, 0x04, 0x5f, 0xd2, 0x49, 0x20,
  0x45, 0x5a, 0x45, 0x56, 0x40, 0x01, 0x00, 0x01, 0x00, 0x40, 0x40, 0x90, 0xae, 0xe9, 0x25, 0x48,
  0x12, 0x54, 0x81, 0x54, 0x12, 0x80, 0x11, 0x24, 0x24, 0x00, 0x00, 0x00, 0x5f, 0xc4, 0x95, 0x21,
  0x4a, 0xaa, 0x2a, 0xab, 0x40, 0x04, 0x00, 0x00, 0x80, 0x08, 0x05, 0x25, 0x4d, 0x72, 0x4a, 0x84,
  0x05, 0x55, 0x41, 0x54, 0x09, 0x10, 0x40, 0x12, 0x09, 0x21, 0x10, 0x00, 0x5f, 0xc9, 0x24, 0x50,
  0x29, 0x2a, 0x09, 0x2e, 0x80, 0x40, 0x04, 0x80, 0x20, 0x00, 0x00, 0xa4, 0xae, 0xea, 0x95, 0x40,
  0x05, 0x5a, 0xa2, 0xaa, 0x24, 0x00, 0x00, 0x08, 0x80, 0x00, 0x02, 0x00, 0x5f, 0xe1, 0x2a, 0x92,
  0x52, 0xaa, 0x09, 0x54, 0x81, 0x02, 0x42, 0x20, 0x04, 0x84, 0x90, 0x25, 0x5d, 0xda, 0x89, 0x20,
  0x0a, 0x95, 0x42, 0xae, 0x10, 0x48, 0x08, 0x02, 0x20, 0x10, 0x01, 0x00, 0x4e, 0xe1, 0x25, 0x44,
  0x45, 0x5a, 0x29, 0x55, 0x45, 0x00, 0x00, 0x40, 0x80, 0x00, 0x04, 0x28, 0xbf, 0xd4, 0x94, 0x90
};
// Author :- Ashish ( ashish_y_794 )
// Website : https://www.oledanimationmaker.com/

const uint8_t PROGMEM frame140[1024] = {
  0x12, 0xaa, 0x00, 0x00, 0x00, 0x00, 0x00, 0x00, 0x00, 0x00, 0x00, 0x00, 0x14, 0x80, 0x14, 0x80,
  0xa5, 0x55, 0x00, 0x94, 0x00, 0x00, 0x00, 0x00, 0x00, 0x00, 0x00, 0x00, 0x92, 0x89, 0x45, 0x55,
  0x11, 0x4a, 0x82, 0x02, 0x44, 0x80, 0x00, 0x00, 0x00, 0x00, 0x00, 0x48, 0x58, 0x80, 0x14, 0x80,
  0x4a, 0xaa, 0x20, 0x54, 0x00, 0x00, 0x00, 0x00, 0x00, 0x00, 0x00, 0x01, 0x0a, 0xa5, 0x25, 0x2a,
  0x22, 0xab, 0x00, 0x00, 0x20, 0x00, 0x00, 0x00, 0x00, 0x00, 0x01, 0x08, 0x54, 0x80, 0x14, 0x80,
  0x49, 0x55, 0x04, 0xa5, 0x04, 0x80, 0x00, 0x01, 0x00, 0x00, 0x00, 0x20, 0x19, 0x12, 0xa5, 0x55,
  0x15, 0x4a, 0x40, 0x10, 0x00, 0x00, 0x00, 0x00, 0x10, 0x00, 0x00, 0x01, 0x4a, 0x80, 0x12, 0x20,
  0x42, 0xad, 0x01, 0x05, 0x21, 0x00, 0x00, 0x00, 0x00, 0x00, 0x00, 0x08, 0x19, 0x54, 0x89, 0x4a,
  0x29, 0x55, 0x10, 0x52, 0x04, 0x00, 0x00, 0x04, 0x00, 0x00, 0x01, 0x20, 0x94, 0x80, 0x2a, 0x80,
  0x45, 0x55, 0x01, 0x04, 0x00, 0x00, 0x00, 0x00, 0x00, 0x00, 0x00, 0x00, 0x59, 0x45, 0x24, 0xa9,
  0x12, 0xaa, 0x40, 0x50, 0x41, 0x00, 0x00, 0x00, 0x40, 0x00, 0x00, 0x44, 0x8a, 0x90, 0x15, 0x04,
  0x49, 0x4b, 0x04, 0x05, 0x08, 0x20, 0x00, 0x00, 0x00, 0x00, 0x02, 0x00, 0x29, 0x42, 0xa4, 0xa0,
  0x05, 0x54, 0x10, 0xa8, 0x00, 0x80, 0x00, 0x11, 0x00, 0x00, 0x00, 0x22, 0x9d, 0x10, 0x12, 0x4a,
  0x51, 0x57, 0x40, 0x05, 0x22, 0x00, 0x00, 0x80, 0x09, 0x00, 0x00, 0x08, 0x15, 0xa2, 0x4a, 0x80,
  0x0a, 0xa9, 0x01, 0x50, 0x00, 0x00, 0x03, 0x68, 0x2a, 0x80, 0x01, 0x00, 0x98, 0x80, 0x24, 0x52,
  0x51, 0x4d, 0x00, 0x0a, 0x08, 0x80, 0x02, 0xfc, 0x16, 0xc0, 0x00, 0x20, 0x5a, 0xaa, 0x92, 0x88,
  0x05, 0x55, 0x24, 0xa4, 0x80, 0x00, 0x03, 0xa8, 0x1b, 0x40, 0x04, 0x09, 0x15, 0x80, 0x2a, 0x41,
  0x52, 0xaa, 0x00, 0x12, 0x22, 0x00, 0x01, 0xfe, 0x2d, 0x80, 0x00, 0x40, 0x59, 0x49, 0x09, 0x28,
  0x09, 0x55, 0x41, 0x44, 0x00, 0x80, 0x02, 0xac, 0x16, 0x80, 0x01, 0x01, 0x1d, 0x20, 0x54, 0x82,
  0x45, 0x4a, 0x04, 0x29, 0x08, 0x00, 0x22, 0xfa, 0x2b, 0x40, 0x80, 0x10, 0x55, 0x8a, 0x22, 0x50,
  0x11, 0x55, 0x40, 0x84, 0x40, 0x80, 0x01, 0x6e, 0x1d, 0x80, 0x04, 0x04, 0x99, 0x41, 0x15, 0x04,
  0x45, 0x56, 0x10, 0x52, 0x02, 0x00, 0x03, 0x7b, 0x2a, 0x80, 0x00, 0x40, 0x2d, 0xa8, 0x49, 0x50,
  0x11, 0x4a, 0x82, 0x09, 0x08, 0x01, 0x01, 0x5f, 0x17, 0x40, 0x01, 0x11, 0x59, 0x42, 0x24, 0x82,
  0x0a, 0xaa, 0x40, 0xa4, 0x40, 0x80, 0x02, 0xf5, 0x1a, 0x80, 0x00, 0x00, 0x1d, 0x91, 0x15, 0x20,
  0x41, 0x55, 0x08, 0x95, 0x00, 0x00, 0x03, 0x3f, 0x97, 0xa0, 0x02, 0x24, 0xaa, 0x84, 0x48, 0x89,
  0x15, 0x2a, 0x81, 0x24, 0x12, 0x40, 0x01, 0xaa, 0xac, 0x80, 0x80, 0x00, 0x59, 0xa1, 0x25, 0x20,
  0x41, 0x55, 0x20, 0x49, 0x00, 0x00, 0x05, 0x7f, 0x97, 0x40, 0x00, 0x49, 0x1d, 0x94, 0x14, 0x88,
  0x15, 0x4a, 0x85, 0x24, 0x42, 0x00, 0x81, 0x55, 0xda, 0x80, 0x04, 0x00, 0x5a, 0xa1, 0x4a, 0x42,
  0x01, 0x55, 0x00, 0x4a, 0x08, 0x84, 0x02, 0xaf, 0x57, 0x80, 0x01, 0x21, 0x2d, 0x90, 0x24, 0x90,
  0x55, 0x56, 0x49, 0x24, 0x80, 0x00, 0x03, 0x5d, 0xda, 0xc2, 0x00, 0x08, 0x5a, 0xc5, 0x12, 0x42,
  0x01, 0x4a, 0x80, 0x92, 0x22, 0x40, 0x01, 0xaf, 0x6a, 0x80, 0x04, 0x21, 0x1d, 0x90, 0xa9, 0x08,
  0x2a, 0xaa, 0x22, 0x24, 0x80, 0x00, 0x0a, 0xd5, 0xed, 0x80, 0x10, 0x00, 0x5a, 0xc4, 0x14, 0xa0,
  0x01, 0x55, 0x00, 0x95, 0x09, 0x00, 0x01, 0x57, 0xb6, 0xc0, 0x01, 0x24, 0xad, 0xa2, 0xa2, 0x04,
  0x4a, 0x95, 0x48, 0xa4, 0x00, 0x40, 0x82, 0xb6, 0xeb, 0x00, 0x00, 0x00, 0x1a, 0x90, 0x15, 0x50,
  0x01, 0x4a, 0x82, 0x15, 0x21, 0x02, 0x03, 0x57, 0xba, 0xc2, 0x00, 0x49, 0x5d, 0xca, 0xa4, 0x82,
  0x2a, 0xaa, 0x20, 0xa4, 0x04, 0x00, 0x01, 0xb5, 0xeb, 0x40, 0x02, 0x00, 0x5b, 0x50, 0x12, 0x20,
  0x01, 0x2b, 0x04, 0x95, 0x20, 0x80, 0x05, 0x53, 0x7d, 0x80, 0x08, 0x21, 0x3d, 0xa2, 0xa9, 0x48,
  0x4a, 0xaa, 0xa1, 0x52, 0x00, 0x00, 0x02, 0xeb, 0xd5, 0x40, 0x20, 0x88, 0x5a, 0xc8, 0x44, 0x80,
  0x01, 0x4a, 0x04, 0x24, 0x89, 0x00, 0x01, 0x59, 0x7d, 0x80, 0x00, 0x01, 0x1b, 0xa2, 0x2a, 0x24,
  0x2a, 0xab, 0x50, 0x95, 0x00, 0x44, 0x13, 0x69, 0xee, 0xc2, 0x00, 0x20, 0xbd, 0x91, 0x49, 0x40,
  0x01, 0x2a, 0x02, 0x54, 0x44, 0x00, 0x01, 0xa8, 0xda, 0x80, 0x02, 0x08, 0x5a, 0xca, 0x24, 0x82,
  0x4a, 0xaa, 0xa1, 0x45, 0x01, 0x00, 0x02, 0xb1, 0xfe, 0xc0, 0x00, 0x81, 0x1d, 0xa1, 0x12, 0x28,
  0x01, 0x4a, 0x84, 0x34, 0x20, 0x00, 0x02, 0xd8, 0x6e, 0x80, 0x02, 0x24, 0x5b, 0xd4, 0xaa, 0x80,
  0x2a, 0xaa, 0x21, 0x4a, 0x84, 0x90, 0x43, 0x54, 0xbb, 0x40, 0x20, 0x00, 0xbd, 0x82, 0x11, 0x22,
  0x01, 0x2b, 0x40, 0xa4, 0x00, 0x00, 0x01, 0x68, 0x7f, 0x42, 0x00, 0x40, 0x5a, 0xe8, 0xaa, 0x40,
  0x2a, 0xaa, 0x0a, 0x55, 0x49, 0x00, 0x03, 0xb0, 0x6b, 0x80, 0x02, 0x15, 0x1d, 0x92, 0x44, 0x88,
  0x00, 0x95, 0x41, 0x24, 0x00, 0x01, 0x09, 0x5a, 0x3e, 0x80, 0x00, 0x40, 0x5b, 0xc9, 0x2a, 0x20,
  0x4a, 0xaa, 0x90, 0x95, 0x41, 0x20, 0x02, 0xd0, 0x5b, 0xc0, 0x12, 0x00, 0xbd, 0xa2, 0x24, 0x84,
  0x01, 0x55, 0x25, 0x55, 0x08, 0x00, 0x01, 0x69, 0x3f, 0x44, 0x40, 0x24, 0x5b, 0xd1, 0x52, 0x40,
  0x2a, 0x95, 0x00, 0x54, 0x21, 0x04, 0x02, 0x94, 0x01, 0x40, 0x00, 0x80, 0x9d, 0xaa, 0x09, 0x12,
  0x01, 0x55, 0x52, 0xa5, 0x00, 0x40, 0x20, 0x00, 0x00, 0x00, 0x02, 0x08, 0x5d, 0xc1, 0x54, 0x80,
  0x2a, 0x95, 0x00, 0x95, 0x09, 0x00, 0x00, 0x00, 0x24, 0x00, 0x00, 0x21, 0x5d, 0xb4, 0x4a, 0x50,
  0x00, 0xaa, 0xa5, 0x54, 0x40, 0x00, 0x82, 0x11, 0x00, 0x00, 0x80, 0x00, 0x5b, 0xc2, 0x91, 0x04,
  0x2a, 0xaa, 0x80, 0xaa, 0x02, 0x10, 0x00, 0x00, 0x00, 0x44, 0x09, 0x24, 0xbd, 0xb4, 0x4a, 0xa0,
  0x01, 0x4a, 0x55, 0x25, 0x48, 0x80, 0x08, 0x44, 0x48, 0x00, 0x00, 0x00, 0x5b, 0xc2, 0xa8, 0x08,
  0x4a, 0xab, 0x00, 0xaa, 0x00, 0x02, 0x00, 0x00, 0x01, 0x00, 0x02, 0x49, 0x2d, 0xd4, 0x15, 0xa1,
  0x01, 0x2a, 0xa5, 0x55, 0x42, 0x08, 0x20, 0x11, 0x00, 0x00, 0x88, 0x00, 0xbf, 0xa9, 0x48, 0x04,
  0x2a, 0xaa, 0x40, 0xaa, 0x10, 0x80, 0x01, 0x00, 0x24, 0x12, 0x00, 0x48, 0x5a, 0xd2, 0x55, 0x50,
  0x00, 0x95, 0x25, 0x2a, 0x40, 0x20, 0x00, 0x04, 0x00, 0x00, 0x01, 0x01, 0x3d, 0xd1, 0x24, 0x80,
  0x2a, 0xab, 0x40, 0xaa, 0x04, 0x80, 0x44, 0x40, 0x80, 0x80, 0x04, 0x24, 0x9f, 0xd4, 0x92, 0x48,
  0x01, 0x55, 0x15, 0x55, 0x20, 0x01, 0x00, 0x08, 0x24, 0x00, 0x20, 0x00, 0x79, 0xd2, 0x49, 0x02,
  0x4a, 0x95, 0x41, 0x54, 0x82, 0x04, 0x00, 0x01, 0x00, 0x12, 0x01, 0x21, 0x1f, 0xc9, 0x2a, 0xa0,
  0x01, 0x55, 0x24, 0xaa, 0x08, 0x90, 0x09, 0x20, 0x08, 0x40, 0x04, 0x08, 0xbb, 0xa4, 0xa4, 0x10,
  0x2a, 0x4a, 0x89, 0x55, 0x40, 0x00, 0x00, 0x04, 0x81, 0x00, 0x40, 0x40, 0xad, 0xea, 0x12, 0x84
};
// Author :- Ashish ( ashish_y_794 )
// Website : https://www.oledanimationmaker.com/

const uint8_t PROGMEM frame141[1024] = {
  0x01, 0x57, 0x40, 0x00, 0x00, 0x00, 0x00, 0x00, 0x00, 0x00, 0x00, 0x00, 0x10, 0x01, 0x24, 0x00,
  0x2a, 0x5f, 0x00, 0x12, 0x00, 0x00, 0x00, 0x00, 0x00, 0x00, 0x00, 0x00, 0x42, 0xaa, 0x52, 0xa9,
  0x00, 0xab, 0xa4, 0x40, 0x00, 0x00, 0x00, 0x00, 0x00, 0x00, 0x00, 0x02, 0x28, 0x01, 0x28, 0x00,
  0x25, 0x2f, 0x40, 0x09, 0x22, 0x40, 0x00, 0x00, 0x00, 0x00, 0x00, 0x48, 0x22, 0x94, 0x85, 0x54,
  0x00, 0xb7, 0x20, 0x80, 0x00, 0x00, 0x00, 0x01, 0x00, 0x00, 0x00, 0x00, 0x90, 0x22, 0x54, 0x01,
  0x4a, 0x57, 0x82, 0x12, 0x00, 0x00, 0x00, 0x00, 0x10, 0x00, 0x00, 0x00, 0x25, 0x04, 0xa2, 0xa8,
  0x01, 0x5e, 0xa0, 0x00, 0x91, 0x00, 0x00, 0x04, 0x00, 0x00, 0x00, 0x91, 0x10, 0xa2, 0x28, 0x02,
  0x2a, 0x57, 0x40, 0x4a, 0x00, 0x00, 0x00, 0x00, 0x00, 0x00, 0x00, 0x00, 0x4a, 0x09, 0x4a, 0xa8,
  0x01, 0x57, 0x11, 0x00, 0x00, 0x00, 0x00, 0x00, 0x00, 0x00, 0x00, 0x00, 0x21, 0x44, 0xa4, 0x00,
  0x24, 0x57, 0x40, 0x29, 0x22, 0x40, 0x00, 0x00, 0x80, 0x00, 0x01, 0x12, 0x28, 0x11, 0x12, 0xa4,
  0x02, 0xaf, 0x44, 0x02, 0x00, 0x00, 0x00, 0x08, 0x00, 0x00, 0x00, 0x00, 0x92, 0x84, 0xa8, 0x10,
  0x48, 0x57, 0x20, 0x90, 0x00, 0x00, 0x00, 0x00, 0x04, 0x00, 0x00, 0x00, 0x22, 0x52, 0x45, 0x42,
  0x05, 0x57, 0x40, 0x04, 0x88, 0x80, 0x00, 0x00, 0x10, 0x00, 0x00, 0x91, 0x29, 0x04, 0x92, 0x10,
  0x20, 0xaf, 0x44, 0x42, 0x00, 0x00, 0x00, 0x02, 0x40, 0x00, 0x02, 0x00, 0x24, 0x51, 0x54, 0x84,
  0x0a, 0x56, 0x90, 0x10, 0x20, 0x00, 0x02, 0xd8, 0x05, 0x40, 0x00, 0x04, 0xa2, 0x84, 0x22, 0x20,
  0x21, 0x2f, 0x40, 0x8a, 0x01, 0x00, 0x03, 0xf8, 0x3b, 0x00, 0x00, 0x20, 0x29, 0x12, 0x94, 0x92,
  0x04, 0xab, 0x40, 0x20, 0x80, 0x00, 0x01, 0xfc, 0x16, 0xc0, 0x00, 0x00, 0x92, 0x41, 0x48, 0x00,
  0x22, 0x57, 0x24, 0x8a, 0x08, 0x80, 0x03, 0x7c, 0x2f, 0x80, 0x84, 0x82, 0x29, 0x14, 0x25, 0x54,
  0x08, 0xaf, 0x80, 0x00, 0x20, 0x04, 0x01, 0xee, 0x1a, 0x80, 0x00, 0x10, 0x52, 0x42, 0xa8, 0x00,
  0x22, 0x56, 0xa1, 0x2a, 0x80, 0x00, 0x02, 0xfc, 0x5f, 0x40, 0x00, 0x00, 0x25, 0x14, 0x92, 0xa4,
  0x01, 0x2b, 0x48, 0x00, 0x01, 0x20, 0x03, 0x7f, 0x15, 0x80, 0x00, 0x42, 0xa8, 0x82, 0x48, 0x01,
  0x24, 0xaf, 0x20, 0xaa, 0x04, 0x00, 0x11, 0xf6, 0x1e, 0x80, 0x02, 0x00, 0x22, 0x51, 0x25, 0x54,
  0x02, 0x57, 0x40, 0x01, 0x20, 0x00, 0x01, 0x7f, 0x2b, 0x80, 0x00, 0x10, 0xaa, 0x8a, 0x90, 0x00,
  0x28, 0x4b, 0x44, 0xa8, 0x00, 0x40, 0x03, 0x7f, 0x9d, 0x80, 0x00, 0x42, 0x2a, 0x21, 0x4a, 0xa2,
  0x02, 0xaf, 0x20, 0x05, 0x21, 0x00, 0x01, 0xb7, 0x16, 0xc0, 0x04, 0x00, 0x51, 0x4a, 0x24, 0x08,
  0x08, 0x56, 0x88, 0xa2, 0x00, 0x00, 0x02, 0xdf, 0xbb, 0x00, 0x40, 0x01, 0x2a, 0x21, 0x51, 0x40,
  0x42, 0x57, 0x40, 0x10, 0x84, 0x00, 0x01, 0xbf, 0x97, 0xc1, 0x00, 0x90, 0x25, 0x4a, 0x0a, 0x24,
  0x09, 0x2b, 0x52, 0x8a, 0x10, 0x40, 0x83, 0x7e, 0xdd, 0x00, 0x00, 0x02, 0xb2, 0x81, 0x64, 0x08,
  0x20, 0xaf, 0x40, 0x21, 0x00, 0x00, 0x01, 0xaf, 0xd7, 0x80, 0x02, 0x00, 0x2a, 0x54, 0x91, 0x41,
  0x05, 0x26, 0x90, 0x94, 0x41, 0x00, 0x02, 0xdf, 0xed, 0x80, 0x00, 0x48, 0xa2, 0x85, 0x24, 0x24,
  0x10, 0x57, 0x42, 0x09, 0x00, 0x00, 0x03, 0x6f, 0xf6, 0xc0, 0x00, 0x00, 0x35, 0x22, 0x92, 0x80,
  0x45, 0x2b, 0x48, 0x52, 0x10, 0x80, 0x01, 0xdd, 0xaf, 0x00, 0x01, 0x02, 0xaa, 0x94, 0x48, 0x29,
  0x00, 0xaf, 0x20, 0x88, 0x82, 0x08, 0x12, 0xb7, 0xf5, 0xc0, 0x04, 0x10, 0x25, 0x42, 0xa5, 0x00,
  0x14, 0x56, 0x82, 0x22, 0x00, 0x00, 0x41, 0xd7, 0xfb, 0x01, 0x00, 0x01, 0x52, 0x29, 0x10, 0xa4,
  0x02, 0x97, 0x50, 0x94, 0x90, 0x40, 0x03, 0x7b, 0xf7, 0x80, 0x00, 0x44, 0x35, 0x84, 0xaa, 0x00,
  0x48, 0x4b, 0x42, 0x09, 0x01, 0x00, 0x01, 0xab, 0xda, 0xc0, 0x01, 0x00, 0xaa, 0x52, 0x41, 0x52,
  0x02, 0x56, 0x90, 0xa2, 0x00, 0x00, 0x02, 0xeb, 0xff, 0x00, 0x04, 0x08, 0x33, 0x25, 0x2a, 0x00,
  0x24, 0xab, 0x40, 0x14, 0x48, 0x00, 0x01, 0xbb, 0x7a, 0xc0, 0x00, 0x01, 0x55, 0x42, 0x90, 0x94,
  0x01, 0x2f, 0x55, 0x49, 0x01, 0x21, 0x03, 0x69, 0xfd, 0x82, 0x00, 0x40, 0x32, 0x94, 0x4a, 0x20,
  0x14, 0x46, 0x80, 0x24, 0x20, 0x00, 0x01, 0xb5, 0xff, 0x80, 0x10, 0x09, 0x55, 0x45, 0x21, 0x02,
  0x41, 0x37, 0x51, 0x29, 0x00, 0x80, 0x12, 0xe8, 0xf6, 0x80, 0x01, 0x00, 0x33, 0x24, 0xaa, 0x50,
  0x08, 0x96, 0x84, 0x84, 0x84, 0x00, 0x03, 0x78, 0xfe, 0xc0, 0x00, 0x22, 0xaa, 0x92, 0x88, 0x04,
  0x04, 0x57, 0x50, 0x52, 0x20, 0x02, 0x01, 0xa8, 0xff, 0x80, 0x00, 0x00, 0x56, 0xa4, 0x52, 0xa0,
  0x42, 0xab, 0x41, 0x29, 0x00, 0x90, 0x02, 0xf4, 0x7e, 0x84, 0x44, 0x88, 0x72, 0x8a, 0x88, 0x09,
  0x10, 0x4b, 0x28, 0x8a, 0x22, 0x00, 0x03, 0x58, 0xf7, 0x80, 0x00, 0x01, 0x2b, 0x51, 0x52, 0xa0,
  0x05, 0x2e, 0x82, 0x24, 0x80, 0x00, 0x01, 0xe8, 0x3f, 0x40, 0x00, 0x20, 0xb5, 0x45, 0x28, 0x09,
  0x48, 0xa7, 0x68, 0x92, 0x00, 0x40, 0x12, 0xb8, 0x7f, 0x80, 0x02, 0x04, 0x2b, 0x2a, 0x45, 0x40,
  0x02, 0x55, 0x80, 0x54, 0x91, 0x00, 0x03, 0xd9, 0x3f, 0xc0, 0x08, 0x10, 0xb5, 0x45, 0x28, 0x24,
  0x11, 0x2b, 0x52, 0x92, 0x00, 0x00, 0x01, 0x68, 0x2d, 0x82, 0x20, 0x40, 0x55, 0xa2, 0x92, 0x81,
  0x44, 0x4e, 0x80, 0x49, 0x20, 0x02, 0x00, 0x00, 0x00, 0x40, 0x00, 0x02, 0xb6, 0x94, 0x48, 0x28,
  0x09, 0x27, 0x55, 0x2a, 0x04, 0x90, 0x21, 0x04, 0x82, 0x00, 0x00, 0x08, 0x53, 0x4a, 0xa5, 0x02,
  0x02, 0x55, 0x40, 0x91, 0x40, 0x00, 0x00, 0x10, 0x08, 0x00, 0x02, 0x40, 0xb5, 0x44, 0x90, 0xa8,
  0x48, 0xab, 0x52, 0x54, 0x00, 0x80, 0x00, 0x00, 0x00, 0x00, 0x00, 0x02, 0x57, 0x52, 0x4a, 0x00,
  0x04, 0x4f, 0x40, 0x95, 0x48, 0x00, 0x00, 0x41, 0x20, 0x04, 0x88, 0x20, 0x75, 0x4a, 0xa4, 0xa4,
  0x22, 0x53, 0x2a, 0x52, 0x00, 0x00, 0x84, 0x04, 0x00, 0x20, 0x00, 0x84, 0x97, 0x49, 0x28, 0x10,
  0x09, 0x2e, 0xa0, 0x95, 0x22, 0x48, 0x00, 0x00, 0x02, 0x00, 0x00, 0x00, 0x72, 0xa5, 0x45, 0x42,
  0x44, 0xa5, 0x89, 0x52, 0x00, 0x00, 0x00, 0x40, 0x90, 0x00, 0x04, 0x22, 0xaf, 0x54, 0xa8, 0x10,
  0x10, 0x56, 0xa0, 0x29, 0x40, 0x80, 0x10, 0x08, 0x00, 0x00, 0x20, 0x80, 0x33, 0x45, 0x12, 0x84,
  0x05, 0x2b, 0x55, 0x54, 0x08, 0x00, 0x81, 0x01, 0x00, 0x84, 0x00, 0x09, 0x6b, 0x52, 0xa4, 0x50,
  0x48, 0x96, 0x80, 0x92, 0x81, 0x08, 0x00, 0x04, 0x24, 0x00, 0x82, 0x00, 0x36, 0xa9, 0x22, 0x02,
  0x04, 0x57, 0x54, 0xaa, 0x20, 0x20, 0x00, 0x20, 0x00, 0x10, 0x00, 0x44, 0xb7, 0x44, 0x94, 0xa8,
  0x22, 0xa5, 0x41, 0x29, 0x04, 0x00, 0x08, 0x80, 0x80, 0x00, 0x08, 0x10, 0xb5, 0xaa, 0xa2, 0x01,
  0x08, 0x2b, 0x54, 0xaa, 0x90, 0x80, 0x80, 0x04, 0x11, 0x00, 0x01, 0x01, 0x57, 0x45, 0x28, 0xa4,
  0x45, 0x56, 0x91, 0x29, 0x00, 0x02, 0x00, 0x00, 0x40, 0x04, 0x40, 0x04, 0x75, 0xaa, 0x92, 0x10
};
// Author :- Ashish ( ashish_y_794 )
// Website : https://www.oledanimationmaker.com/

const uint8_t PROGMEM frame142[1024] = {
  0x00, 0x17, 0xc0, 0x00, 0x00, 0x00, 0x00, 0x00, 0x00, 0x00, 0x00, 0x00, 0x00, 0x09, 0x20, 0x00,
  0x05, 0x55, 0xd0, 0x00, 0x00, 0x00, 0x00, 0x00, 0x00, 0x00, 0x00, 0x00, 0x42, 0xa4, 0x92, 0xaa,
  0x40, 0x17, 0xc0, 0x12, 0x00, 0x00, 0x00, 0x00, 0x00, 0x00, 0x00, 0x01, 0x08, 0x12, 0x48, 0x00,
  0x11, 0x4b, 0xd2, 0x40, 0x88, 0x00, 0x00, 0x00, 0x00, 0x00, 0x00, 0x00, 0x20, 0x89, 0x21, 0x24,
  0x04, 0x1a, 0xc0, 0x00, 0x00, 0x00, 0x00, 0x00, 0x00, 0x00, 0x00, 0x08, 0x02, 0x24, 0x90, 0x01,
  0x40, 0xab, 0xd0, 0x04, 0x00, 0x40, 0x00, 0x01, 0x10, 0x00, 0x00, 0x00, 0x90, 0x92, 0xa5, 0x54,
  0x02, 0x0b, 0xc2, 0x10, 0x80, 0x00, 0x00, 0x00, 0x00, 0x00, 0x00, 0x40, 0x02, 0x09, 0x10, 0x00,
  0x10, 0xab, 0xa0, 0x40, 0x10, 0x00, 0x00, 0x04, 0x00, 0x00, 0x00, 0x02, 0x48, 0x54, 0xa2, 0x4a,
  0x42, 0x15, 0xc8, 0x02, 0x00, 0x80, 0x00, 0x00, 0x00, 0x00, 0x00, 0x00, 0x01, 0x09, 0x10, 0x80,
  0x00, 0x96, 0xc0, 0x08, 0x40, 0x00, 0x00, 0x00, 0x20, 0x00, 0x00, 0x00, 0x50, 0x49, 0x49, 0x25,
  0x12, 0x2b, 0xd2, 0x00, 0x00, 0x00, 0x00, 0x00, 0x80, 0x00, 0x00, 0x11, 0x05, 0x14, 0x40, 0x00,
  0x40, 0x95, 0xc0, 0x42, 0x00, 0x00, 0x00, 0x08, 0x00, 0x00, 0x00, 0x80, 0x20, 0x42, 0xaa, 0xa9,
  0x04, 0x15, 0xa0, 0x08, 0x88, 0x80, 0x00, 0x00, 0x00, 0x00, 0x00, 0x00, 0x84, 0x94, 0x10, 0x02,
  0x11, 0x4b, 0xc8, 0x20, 0x00, 0x00, 0x00, 0x00, 0x00, 0x40, 0x00, 0x02, 0x20, 0x12, 0xa2, 0x48,
  0x40, 0x2a, 0xc2, 0x02, 0x00, 0x00, 0x00, 0xa1, 0x12, 0x00, 0x00, 0x00, 0x0a, 0x89, 0x10, 0x81,
  0x05, 0x15, 0xd0, 0x40, 0x80, 0x00, 0x03, 0xfc, 0x2d, 0x80, 0x02, 0x10, 0xa0, 0x54, 0xa4, 0x24,
  0x10, 0x4b, 0xa0, 0x08, 0x10, 0x40, 0x01, 0xfc, 0x1f, 0x40, 0x00, 0x00, 0x02, 0x09, 0x11, 0x08,
  0x41, 0x15, 0xc4, 0x02, 0x00, 0x00, 0x03, 0xfc, 0x2a, 0x80, 0x80, 0x02, 0x48, 0xa4, 0xa0, 0xa1,
  0x04, 0x55, 0xa0, 0x90, 0x81, 0x00, 0x01, 0x7c, 0x1f, 0x80, 0x00, 0x40, 0x22, 0x12, 0x4a, 0x04,
  0x21, 0x0b, 0xc4, 0x02, 0x00, 0x00, 0x01, 0xfe, 0x35, 0x40, 0x00, 0x00, 0x80, 0x89, 0x20, 0xa1,
  0x04, 0x55, 0x50, 0x20, 0x20, 0x00, 0x02, 0xfe, 0x1f, 0x80, 0x02, 0x04, 0x2a, 0x54, 0x88, 0x08,
  0x41, 0x15, 0xc0, 0x89, 0x00, 0x00, 0x01, 0xff, 0x2a, 0x80, 0x00, 0x00, 0x80, 0x82, 0x52, 0xa2,
  0x10, 0x4a, 0xa4, 0x00, 0x04, 0x00, 0x22, 0xbf, 0x1f, 0x40, 0x00, 0x10, 0x24, 0x29, 0x20, 0x00,
  0x05, 0x15, 0xc0, 0x12, 0x40, 0x40, 0x01, 0xff, 0x2a, 0x80, 0x00, 0x41, 0x11, 0x14, 0x89, 0x55,
  0x40, 0x4a, 0xd0, 0x81, 0x00, 0x00, 0x02, 0xbd, 0x9f, 0x80, 0x00, 0x00, 0x44, 0x89, 0x50, 0x00,
  0x12, 0x2b, 0xa2, 0x14, 0x00, 0x00, 0x01, 0xff, 0xaa, 0x80, 0x04, 0x01, 0x21, 0x24, 0x25, 0x52,
  0x41, 0x12, 0xc0, 0x00, 0x22, 0x00, 0x82, 0xbf, 0xbf, 0x40, 0x00, 0x04, 0x08, 0x92, 0x80, 0x00,
  0x04, 0x4a, 0xa4, 0x49, 0x00, 0x00, 0x01, 0xdf, 0xcb, 0x80, 0x00, 0x40, 0x52, 0x14, 0xaa, 0xaa,
  0x21, 0x15, 0xc0, 0x00, 0x40, 0x40, 0x02, 0xff, 0xdd, 0x00, 0x10, 0x00, 0x81, 0x49, 0x10, 0x00,
  0x08, 0x92, 0xa4, 0x95, 0x00, 0x00, 0x01, 0xaf, 0xef, 0x80, 0x00, 0x02, 0x2a, 0x24, 0xa2, 0xa4,
  0x42, 0x2b, 0xa0, 0x00, 0x08, 0x02, 0x02, 0xdf, 0xea, 0x80, 0x00, 0x88, 0x40, 0x92, 0x08, 0x11,
  0x10, 0x89, 0x40, 0x49, 0x20, 0x40, 0x01, 0xef, 0x7f, 0x80, 0x00, 0x00, 0x25, 0x09, 0x51, 0x40,
  0x44, 0x2a, 0xd4, 0x04, 0x00, 0x00, 0x03, 0x57, 0xea, 0x80, 0x82, 0x01, 0x48, 0xa8, 0x84, 0x15,
  0x02, 0x95, 0x81, 0x21, 0x00, 0x00, 0x01, 0xff, 0xf7, 0x42, 0x00, 0x04, 0x22, 0x12, 0x51, 0x40,
  0x48, 0x0a, 0xd0, 0x08, 0x41, 0x00, 0x12, 0xab, 0xfb, 0x80, 0x00, 0x20, 0x44, 0x89, 0x22, 0x22,
  0x02, 0xa9, 0x44, 0x45, 0x04, 0x00, 0x01, 0xf7, 0xfd, 0x40, 0x00, 0x01, 0x12, 0x54, 0x88, 0x88,
  0x50, 0x15, 0xa0, 0x10, 0x10, 0x02, 0x01, 0xbb, 0xfb, 0x80, 0x02, 0x00, 0x44, 0x89, 0x51, 0x22,
  0x05, 0x4a, 0xc9, 0x44, 0x80, 0x08, 0x02, 0xd1, 0xfe, 0x80, 0x00, 0x08, 0x52, 0x52, 0x04, 0x40,
  0x40, 0x12, 0xa0, 0x02, 0x00, 0x20, 0x01, 0xfb, 0xfb, 0x40, 0x00, 0x41, 0x04, 0x89, 0x51, 0x15,
  0x15, 0x4a, 0x84, 0x50, 0x40, 0x00, 0x03, 0x59, 0xef, 0x80, 0x00, 0x00, 0x52, 0x24, 0x88, 0x80,
  0x40, 0x29, 0xd0, 0x0a, 0x00, 0x80, 0x09, 0xe8, 0xfd, 0x00, 0x22, 0x02, 0x49, 0x52, 0x52, 0x52,
  0x0a, 0x8a, 0xa1, 0x21, 0x10, 0x00, 0x01, 0x78, 0xff, 0x80, 0x80, 0x08, 0x44, 0x89, 0x20, 0x00,
  0x40, 0x2a, 0x88, 0x08, 0x40, 0x00, 0x01, 0xa8, 0xfe, 0x80, 0x00, 0x20, 0xa2, 0x24, 0x8a, 0xaa,
  0x25, 0x12, 0xc0, 0x85, 0x01, 0x00, 0x03, 0xfa, 0x7f, 0x84, 0x00, 0x00, 0x15, 0x4a, 0x50, 0x80,
  0x08, 0x8a, 0xa8, 0x50, 0x00, 0x00, 0x41, 0x54, 0x7f, 0x90, 0x00, 0x02, 0xa2, 0x21, 0x04, 0x52,
  0x42, 0x29, 0x42, 0x05, 0x20, 0x00, 0x02, 0xf8, 0x7f, 0x40, 0x01, 0x00, 0x49, 0x1a, 0xa2, 0x81,
  0x28, 0x95, 0xa0, 0x90, 0x02, 0x04, 0x01, 0xa8, 0x3f, 0x80, 0x00, 0x10, 0x24, 0xa4, 0x50, 0x48,
  0x42, 0x24, 0x94, 0x25, 0x08, 0x20, 0x03, 0xf8, 0x7f, 0x80, 0x00, 0x02, 0x92, 0x92, 0x8a, 0x22,
  0x09, 0x13, 0x40, 0x80, 0x80, 0x00, 0x01, 0x49, 0x0b, 0x80, 0x04, 0x40, 0x4a, 0x49, 0x21, 0x44,
  0x44, 0x89, 0x52, 0x15, 0x00, 0x00, 0x00, 0x00, 0x00, 0x00, 0x00, 0x01, 0x25, 0x24, 0x94, 0x21,
  0x21, 0x2a, 0xa0, 0x48, 0x20, 0x00, 0x10, 0x00, 0x00, 0x00, 0x00, 0x04, 0x51, 0x12, 0x41, 0x48,
  0x4a, 0x15, 0x44, 0x22, 0x81, 0x00, 0x00, 0x00, 0x00, 0x00, 0x20, 0x10, 0x45, 0x49, 0x28, 0x82,
  0x00, 0x92, 0xa1, 0x08, 0x04, 0x10, 0x00, 0x09, 0x20, 0x00, 0x81, 0x01, 0x2a, 0x2a, 0x85, 0x28,
  0x55, 0x29, 0x48, 0x45, 0x20, 0x00, 0x80, 0x80, 0x00, 0x08, 0x00, 0x00, 0x45, 0x48, 0x50, 0x42,
  0x22, 0x0a, 0xa1, 0x28, 0x80, 0x00, 0x00, 0x00, 0x04, 0x40, 0x00, 0x24, 0xa9, 0x25, 0x25, 0x21,
  0x88, 0xa9, 0x44, 0x04, 0x00, 0x40, 0x02, 0x04, 0x40, 0x00, 0x00, 0x80, 0x45, 0x52, 0x90, 0x88,
  0x25, 0x0a, 0xa0, 0xa9, 0x20, 0x00, 0x00, 0x10, 0x00, 0x00, 0x04, 0x01, 0x2a, 0x09, 0x24, 0x45,
  0x40, 0xa5, 0x48, 0x04, 0x82, 0x00, 0x00, 0x00, 0x00, 0x00, 0x00, 0x04, 0x52, 0xaa, 0x82, 0xa0,
  0x2a, 0x12, 0x82, 0xa9, 0x00, 0x04, 0x10, 0x01, 0x24, 0x00, 0x00, 0x00, 0x8a, 0x90, 0x50, 0x15,
  0x84, 0x95, 0x50, 0x04, 0x10, 0x40, 0x00, 0x84, 0x00, 0x40, 0x40, 0x42, 0x65, 0x2b, 0x25, 0x40,
  0x52, 0x49, 0x49, 0x52, 0x80, 0x00, 0x00, 0x00, 0x00, 0x02, 0x02, 0x08, 0x12, 0x88, 0x91, 0x25,
  0x04, 0x95, 0x40, 0x08, 0x01, 0x00, 0x80, 0x10, 0x21, 0x00, 0x00, 0x01, 0x55, 0x25, 0x24, 0x90,
  0xa9, 0x09, 0x2a, 0xa5, 0x44, 0x00, 0x04, 0x00, 0x80, 0x00, 0x00, 0x00, 0xa4, 0x94, 0x89, 0x45,
  0x04, 0x54, 0x80, 0x12, 0x00, 0x08, 0x00, 0x42, 0x04, 0x00, 0x08, 0x48, 0x53, 0x52, 0x50, 0x20
};
// Author :- Ashish ( ashish_y_794 )
// Website : https://www.oledanimationmaker.com/

const uint8_t PROGMEM frame143[1024] = {
  0x00, 0x0a, 0xe0, 0x00, 0x00, 0x00, 0x00, 0x00, 0x00, 0x00, 0x00, 0x00, 0x00, 0x11, 0x20, 0x00,
  0x22, 0xa5, 0xe0, 0x00, 0x00, 0x00, 0x00, 0x00, 0x00, 0x00, 0x00, 0x00, 0x02, 0x44, 0x85, 0x4a,
  0x08, 0x0a, 0xe4, 0x01, 0x00, 0x00, 0x00, 0x00, 0x00, 0x00, 0x00, 0x00, 0xa0, 0x22, 0x50, 0x10,
  0x41, 0x4b, 0xd0, 0x48, 0x00, 0x00, 0x00, 0x00, 0x00, 0x00, 0x00, 0x00, 0x09, 0x15, 0x21, 0x42,
  0x04, 0x14, 0xe0, 0x00, 0x00, 0x00, 0x00, 0x00, 0x00, 0x00, 0x00, 0x02, 0x00, 0x40, 0x88, 0x08,
  0x20, 0x85, 0xd0, 0x01, 0x20, 0x00, 0x00, 0x00, 0x80, 0x00, 0x00, 0x08, 0x44, 0x2a, 0x51, 0x42,
  0x04, 0x55, 0xe2, 0x44, 0x00, 0x00, 0x00, 0x00, 0x00, 0x00, 0x00, 0x20, 0x11, 0x11, 0x42, 0x10,
  0x21, 0x05, 0x50, 0x00, 0x02, 0x00, 0x00, 0x02, 0x00, 0x00, 0x00, 0x00, 0x40, 0x44, 0x90, 0x84,
  0x08, 0x55, 0xe0, 0x00, 0x80, 0x00, 0x00, 0x00, 0x04, 0x00, 0x00, 0x00, 0x02, 0x29, 0x22, 0x22,
  0x41, 0x05, 0xc4, 0x24, 0x00, 0x00, 0x00, 0x00, 0x00, 0x00, 0x00, 0x00, 0x88, 0x12, 0x40, 0x88,
  0x04, 0x4a, 0xe0, 0x00, 0x10, 0x20, 0x00, 0x08, 0x00, 0x00, 0x00, 0x42, 0x21, 0x41, 0x2a, 0x22,
  0x20, 0x15, 0x51, 0x01, 0x00, 0x00, 0x00, 0x00, 0x20, 0x00, 0x00, 0x00, 0x00, 0x14, 0x80, 0x88,
  0x09, 0x45, 0xe0, 0x24, 0x00, 0x00, 0x00, 0x00, 0x00, 0x00, 0x00, 0x00, 0x44, 0xa2, 0x52, 0x21,
  0x40, 0x12, 0xc8, 0x00, 0x20, 0x00, 0x00, 0x00, 0x00, 0x00, 0x00, 0x01, 0x00, 0x11, 0x20, 0x84,
  0x05, 0x4a, 0xe0, 0x81, 0x00, 0x80, 0x00, 0x01, 0x00, 0x00, 0x00, 0x08, 0x25, 0x24, 0x89, 0x10,
  0x20, 0x09, 0x50, 0x08, 0x00, 0x00, 0x03, 0xfc, 0x3f, 0x80, 0x00, 0x80, 0x00, 0x12, 0x42, 0x45,
  0x09, 0x4a, 0xe2, 0x20, 0x82, 0x00, 0x01, 0xfc, 0x15, 0x40, 0x00, 0x00, 0x92, 0x41, 0x28, 0x00,
  0x40, 0x25, 0xc0, 0x02, 0x08, 0x00, 0x01, 0xfc, 0x2f, 0x80, 0x00, 0x02, 0x00, 0x2a, 0x81, 0x54,
  0x0a, 0x8a, 0xa8, 0x40, 0x00, 0x00, 0x02, 0xfc, 0x1a, 0x80, 0x00, 0x00, 0x49, 0x10, 0x54, 0x01,
  0x20, 0x11, 0xe0, 0x08, 0x80, 0x00, 0x01, 0xfe, 0x3f, 0x00, 0x00, 0x10, 0x00, 0x85, 0x21, 0x48,
  0x04, 0x8a, 0xa2, 0x00, 0x00, 0x00, 0x01, 0xfe, 0x15, 0x80, 0x00, 0x81, 0x4a, 0x28, 0x84, 0x22,
  0x40, 0x4a, 0xd0, 0x44, 0x80, 0x00, 0x02, 0xff, 0x2e, 0x80, 0x00, 0x00, 0x00, 0x42, 0x51, 0x44,
  0x15, 0x09, 0x40, 0x10, 0x10, 0x40, 0x01, 0x77, 0x1b, 0x80, 0x00, 0x00, 0x49, 0x29, 0x20, 0x81,
  0x00, 0x45, 0xe9, 0x01, 0x00, 0x00, 0x03, 0xbf, 0x2e, 0x80, 0x04, 0x04, 0x20, 0x12, 0x8a, 0x14,
  0x49, 0x2a, 0x40, 0x04, 0x00, 0x00, 0x01, 0x7f, 0x9b, 0x80, 0x00, 0x10, 0x85, 0x40, 0x40, 0x80,
  0x02, 0x05, 0xd0, 0x40, 0x82, 0x00, 0x41, 0xff, 0x9d, 0x40, 0x00, 0x00, 0x20, 0x2a, 0xaa, 0x55,
  0x28, 0xa8, 0xa2, 0x12, 0x10, 0x00, 0x02, 0xbf, 0xaf, 0x00, 0x00, 0x40, 0x85, 0x01, 0x01, 0x00,
  0x01, 0x05, 0x50, 0x00, 0x00, 0x20, 0x01, 0xdf, 0xd5, 0x80, 0x00, 0x02, 0x20, 0x54, 0x50, 0xa4,
  0x48, 0x4a, 0xc0, 0x92, 0x40, 0x00, 0x01, 0xbd, 0xde, 0x80, 0x00, 0x00, 0x0a, 0x22, 0x84, 0x02,
  0x05, 0x09, 0x68, 0x00, 0x00, 0x00, 0x02, 0xdf, 0xeb, 0x80, 0x44, 0x00, 0xa0, 0x91, 0x22, 0xa8,
  0x50, 0x45, 0x42, 0x49, 0x00, 0x80, 0x01, 0xef, 0xee, 0x80, 0x00, 0x12, 0x04, 0x24, 0x91, 0x02,
  0x05, 0x14, 0xd0, 0x00, 0x42, 0x00, 0x02, 0xb7, 0xf7, 0x40, 0x00, 0x40, 0x51, 0x12, 0x44, 0xa0,
  0x20, 0x45, 0x40, 0x25, 0x00, 0x00, 0x01, 0xdf, 0xed, 0x80, 0x00, 0x00, 0x04, 0xa1, 0x22, 0x0a,
  0x0a, 0x12, 0xd4, 0x80, 0x08, 0x00, 0x22, 0xeb, 0xf6, 0x80, 0x00, 0x01, 0x40, 0x14, 0x88, 0xa0,
  0x41, 0x49, 0x40, 0x09, 0x00, 0x00, 0x81, 0xb7, 0xfb, 0x80, 0x00, 0x00, 0x2a, 0xa2, 0x42, 0x45,
  0x28, 0x04, 0xa8, 0x40, 0x40, 0x02, 0x01, 0xdb, 0xfd, 0x40, 0x01, 0x08, 0x80, 0x11, 0x29, 0x08,
  0x02, 0xaa, 0xc1, 0x0a, 0x00, 0x10, 0x02, 0xbb, 0xf7, 0x80, 0x04, 0x00, 0x25, 0x44, 0x80, 0xa2,
  0x50, 0x05, 0x50, 0x20, 0x80, 0x40, 0x01, 0xe9, 0xfd, 0x00, 0x80, 0x02, 0x40, 0x29, 0x2a, 0x08,
  0x05, 0x50, 0xa4, 0x04, 0x08, 0x00, 0x01, 0x7b, 0xfd, 0x80, 0x00, 0x10, 0x15, 0x22, 0x41, 0x42,
  0x50, 0x8a, 0xc0, 0x91, 0x00, 0x00, 0x03, 0xa9, 0xbf, 0x80, 0x00, 0x00, 0xa0, 0x88, 0x94, 0x90,
  0x05, 0x09, 0x52, 0x04, 0x40, 0x00, 0x01, 0x78, 0xfd, 0x40, 0x00, 0x02, 0x0a, 0x52, 0x21, 0x05,
  0x48, 0x45, 0x40, 0x41, 0x00, 0x00, 0x01, 0xd4, 0xff, 0x80, 0x00, 0x80, 0x41, 0x01, 0x44, 0xa0,
  0x12, 0x28, 0xa8, 0x14, 0x01, 0x00, 0x02, 0xf8, 0xfe, 0x80, 0x08, 0x08, 0x94, 0x54, 0x90, 0x4a,
  0x41, 0x05, 0x42, 0x40, 0x90, 0x00, 0x01, 0xa8, 0x7f, 0x01, 0x00, 0x00, 0x42, 0x22, 0x22, 0x81,
  0x14, 0xa9, 0x50, 0x0a, 0x00, 0x04, 0x02, 0xf8, 0x7f, 0x80, 0x00, 0x02, 0x29, 0x49, 0x44, 0x48,
  0x42, 0x04, 0xa0, 0x80, 0x40, 0x10, 0x21, 0xaa, 0x7f, 0x40, 0x00, 0x40, 0x82, 0x12, 0x11, 0x25,
  0x11, 0x52, 0xa4, 0x2a, 0x00, 0x40, 0x02, 0xf8, 0x3f, 0x80, 0x00, 0x04, 0x51, 0x44, 0xa4, 0x80,
  0x4a, 0x09, 0x40, 0x80, 0x81, 0x00, 0x01, 0xa8, 0x3f, 0x80, 0x08, 0x00, 0x0a, 0x22, 0x42, 0x55,
  0x21, 0x45, 0x54, 0x12, 0x10, 0x00, 0x02, 0xa4, 0x02, 0x82, 0x20, 0x11, 0x41, 0x11, 0x11, 0x00,
  0x0a, 0x14, 0xa0, 0x44, 0x40, 0x00, 0x00, 0x00, 0x40, 0x00, 0x00, 0x80, 0x2a, 0x4a, 0x4a, 0xa5,
  0x51, 0x42, 0x82, 0x01, 0x00, 0x00, 0x00, 0x00, 0x00, 0x00, 0x00, 0x02, 0x84, 0x91, 0x20, 0x80,
  0x24, 0x14, 0xa8, 0x54, 0x00, 0x00, 0x10, 0x00, 0x00, 0x00, 0x00, 0x00, 0x52, 0x24, 0x8a, 0x55,
  0x42, 0x89, 0x40, 0x01, 0x00, 0x00, 0x40, 0x09, 0x10, 0x00, 0x00, 0x08, 0x24, 0x92, 0x41, 0x00,
  0x14, 0x44, 0xa9, 0x54, 0x48, 0x80, 0x00, 0x00, 0x00, 0x08, 0x00, 0x41, 0x42, 0x41, 0x2a, 0xa5,
  0x42, 0x92, 0x80, 0x01, 0x00, 0x02, 0x00, 0x20, 0x01, 0x00, 0x01, 0x00, 0x14, 0x94, 0x80, 0x88,
  0x29, 0x09, 0x69, 0x2a, 0x00, 0x00, 0x00, 0x00, 0x84, 0x00, 0x44, 0x02, 0xa2, 0x22, 0x55, 0x22,
  0x44, 0xa4, 0x80, 0x40, 0x90, 0x10, 0x00, 0x02, 0x00, 0x00, 0x00, 0x00, 0x14, 0x95, 0x00, 0x89,
  0x2a, 0x0a, 0x52, 0x0a, 0x00, 0x80, 0x00, 0x80, 0x00, 0x00, 0x00, 0x09, 0x42, 0x40, 0xaa, 0xa0,
  0x41, 0x45, 0x40, 0xa1, 0x20, 0x00, 0x02, 0x08, 0x10, 0x00, 0x00, 0x00, 0x29, 0x2a, 0x02, 0x0a,
  0x2a, 0x28, 0xa8, 0x08, 0x00, 0x00, 0x00, 0x00, 0x40, 0x11, 0x00, 0x42, 0x84, 0x82, 0xa9, 0x41,
  0x45, 0x05, 0x22, 0x45, 0x42, 0x00, 0x20, 0x00, 0x00, 0x40, 0x04, 0x00, 0x55, 0x28, 0x84, 0xaa,
  0x28, 0xa8, 0x80, 0x22, 0x00, 0x02, 0x00, 0x02, 0x01, 0x00, 0x00, 0x09, 0x22, 0x45, 0x29, 0x00,
  0x45, 0x05, 0x54, 0x88, 0x88, 0x20, 0x00, 0x20, 0x04, 0x00, 0x00, 0x00, 0x49, 0x22, 0x42, 0xaa,
  0x28, 0xa8, 0xa0, 0x44, 0x20, 0x00, 0x02, 0x00, 0x40, 0x00, 0x10, 0x82, 0x24, 0x94, 0x90, 0x81
};
// Author :- Ashish ( ashish_y_794 )
// Website : https://www.oledanimationmaker.com/

const uint8_t PROGMEM frame144[1024] = {
  0x00, 0x01, 0x70, 0x00, 0x00, 0x00, 0x00, 0x00, 0x00, 0x00, 0x00, 0x00, 0x00, 0x42, 0x42, 0x00,
  0x09, 0x54, 0x78, 0x00, 0x00, 0x00, 0x00, 0x00, 0x00, 0x00, 0x00, 0x00, 0x01, 0x14, 0x88, 0x94,
  0x20, 0x02, 0xaa, 0x00, 0x00, 0x00, 0x00, 0x00, 0x00, 0x00, 0x00, 0x00, 0x48, 0x42, 0x22, 0x00,
  0x05, 0x51, 0x70, 0x44, 0x80, 0x00, 0x00, 0x00, 0x00, 0x00, 0x00, 0x00, 0x01, 0x28, 0x89, 0x4a,
  0x00, 0x04, 0x59, 0x00, 0x00, 0x00, 0x00, 0x00, 0x00, 0x00, 0x00, 0x02, 0x00, 0x85, 0x44, 0x00,
  0x25, 0x52, 0xb4, 0x00, 0x00, 0x00, 0x00, 0x00, 0x00, 0x00, 0x00, 0x00, 0x48, 0x50, 0x22, 0x94,
  0x00, 0x00, 0xb8, 0x04, 0x40, 0x00, 0x00, 0x00, 0x00, 0x00, 0x00, 0x00, 0x02, 0x05, 0x48, 0x00,
  0x12, 0xaa, 0x68, 0x10, 0x04, 0x00, 0x00, 0x00, 0x80, 0x00, 0x00, 0x08, 0x80, 0xa2, 0x05, 0x4a,
  0x00, 0x01, 0x54, 0x40, 0x00, 0x00, 0x00, 0x00, 0x00, 0x00, 0x00, 0x00, 0x12, 0x49, 0x52, 0x00,
  0x25, 0x54, 0x70, 0x01, 0x00, 0x20, 0x00, 0x00, 0x04, 0x00, 0x00, 0x00, 0x40, 0x24, 0x41, 0x28,
  0x00, 0x02, 0xb9, 0x00, 0x00, 0x00, 0x00, 0x02, 0x00, 0x00, 0x00, 0x02, 0x01, 0x42, 0x8a, 0x04,
  0x12, 0xa4, 0x54, 0x00, 0x88, 0x00, 0x00, 0x00, 0x00, 0x00, 0x00, 0x10, 0x08, 0x10, 0x44, 0x91,
  0x00, 0x41, 0x68, 0x08, 0x00, 0x00, 0x00, 0x00, 0x00, 0x00, 0x00, 0x00, 0x41, 0x45, 0x22, 0x04,
  0x25, 0x14, 0x30, 0x41, 0x00, 0x00, 0x00, 0x00, 0x10, 0x00, 0x00, 0x00, 0x04, 0x24, 0x89, 0x50,
  0x00, 0x82, 0xb4, 0x00, 0x00, 0x00, 0x00, 0x00, 0x40, 0x00, 0x00, 0x02, 0x40, 0x91, 0x24, 0x04,
  0x14, 0x51, 0x51, 0x04, 0x20, 0x40, 0x01, 0xf9, 0x0a, 0x80, 0x00, 0x40, 0x08, 0x84, 0x82, 0x90,
  0x41, 0x04, 0x58, 0x00, 0x81, 0x00, 0x01, 0xec, 0x1f, 0x80, 0x00, 0x00, 0x82, 0x52, 0x29, 0x04,
  0x04, 0xa2, 0x68, 0x20, 0x00, 0x00, 0x01, 0xfc, 0x35, 0x00, 0x00, 0x02, 0x10, 0x00, 0x84, 0x48,
  0x02, 0x09, 0x32, 0x04, 0x00, 0x00, 0x01, 0xfe, 0x1f, 0x80, 0x00, 0x00, 0x01, 0x55, 0x52, 0x82,
  0x28, 0xa2, 0x50, 0x00, 0x80, 0x00, 0x01, 0xfc, 0x2a, 0x80, 0x00, 0x08, 0x48, 0x40, 0x04, 0x10,
  0x02, 0x08, 0xa9, 0x22, 0x08, 0x00, 0x01, 0x7e, 0x1f, 0x80, 0x00, 0x40, 0x01, 0x15, 0x52, 0x8a,
  0x08, 0xa2, 0x54, 0x00, 0x00, 0x00, 0x01, 0xff, 0x35, 0x00, 0x00, 0x01, 0x24, 0x41, 0x04, 0x20,
  0x42, 0x09, 0x30, 0x08, 0x80, 0x00, 0x02, 0xff, 0x1f, 0x80, 0x00, 0x00, 0x00, 0x94, 0xa2, 0x89,
  0x08, 0xa0, 0xa8, 0x80, 0x00, 0x00, 0x01, 0xbf, 0x2a, 0x80, 0x00, 0x00, 0x92, 0x22, 0x15, 0x04,
  0x02, 0x45, 0x28, 0x04, 0x40, 0x40, 0x01, 0xff, 0x9f, 0x80, 0x00, 0x84, 0x00, 0x80, 0x82, 0x50,
  0x29, 0x10, 0xa9, 0x11, 0x02, 0x00, 0x01, 0x7f, 0x9a, 0x80, 0x00, 0x00, 0x88, 0x4a, 0x54, 0x04,
  0x00, 0x85, 0x28, 0x00, 0x00, 0x00, 0x01, 0xbf, 0xaf, 0x00, 0x00, 0x00, 0x22, 0x21, 0x02, 0x91,
  0x15, 0x20, 0x50, 0x20, 0x80, 0x00, 0x02, 0xdf, 0xdb, 0x80, 0x00, 0x04, 0x80, 0x8a, 0x55, 0x04,
  0x40, 0x95, 0x2a, 0x04, 0x08, 0x00, 0x21, 0xff, 0xde, 0x80, 0x02, 0x00, 0x09, 0x21, 0x02, 0x50,
  0x05, 0x00, 0xa8, 0x00, 0x80, 0x00, 0x01, 0x5f, 0xeb, 0x80, 0x00, 0x00, 0x80, 0x48, 0xa9, 0x04,
  0x10, 0xaa, 0x50, 0x48, 0x00, 0x00, 0x01, 0xef, 0xfe, 0x80, 0x00, 0x12, 0x25, 0x05, 0x04, 0x92,
  0x05, 0x01, 0x29, 0x02, 0x40, 0x00, 0x01, 0xb7, 0xeb, 0x00, 0x10, 0x00, 0x00, 0x50, 0x52, 0x00,
  0x48, 0xa8, 0x90, 0x00, 0x00, 0x00, 0x01, 0xdf, 0xf7, 0x80, 0x40, 0x00, 0x92, 0x45, 0x0a, 0xaa,
  0x02, 0x05, 0x28, 0x24, 0x80, 0x40, 0x01, 0x77, 0xfa, 0x80, 0x00, 0x00, 0x01, 0x00, 0xa2, 0x00,
  0x29, 0x50, 0x51, 0x00, 0x04, 0x00, 0x01, 0xdb, 0xf7, 0x80, 0x00, 0x44, 0xa8, 0x55, 0x09, 0x55,
  0x02, 0x45, 0x24, 0x09, 0x10, 0x00, 0x82, 0xf7, 0xfd, 0x00, 0x00, 0x00, 0x02, 0x40, 0x45, 0x00,
  0x11, 0x10, 0x90, 0x20, 0x40, 0x00, 0x01, 0xbb, 0xfb, 0x80, 0x00, 0x01, 0x08, 0x8a, 0x92, 0x2a,
  0x44, 0xa2, 0x52, 0x04, 0x00, 0x00, 0x01, 0xd5, 0xfe, 0x80, 0x00, 0x00, 0x41, 0x20, 0x49, 0x00,
  0x0a, 0x44, 0x28, 0x41, 0x00, 0x00, 0x01, 0x79, 0xfd, 0x82, 0x00, 0x04, 0x14, 0x0a, 0x85, 0x4a,
  0x21, 0x11, 0x40, 0x04, 0x00, 0x00, 0x01, 0xd5, 0xff, 0x00, 0x00, 0x10, 0x80, 0xa0, 0x24, 0x10,
  0x09, 0x44, 0x2a, 0x20, 0x90, 0x08, 0x02, 0xf8, 0xfd, 0x80, 0x00, 0x80, 0x49, 0x0a, 0x93, 0x45,
  0x24, 0x42, 0x90, 0x02, 0x00, 0x20, 0x01, 0xa8, 0xff, 0x80, 0x02, 0x01, 0x02, 0x41, 0x04, 0x10,
  0x02, 0x90, 0x48, 0x88, 0x00, 0x00, 0x01, 0xf8, 0xfe, 0x80, 0x00, 0x00, 0x28, 0x2a, 0x52, 0x8a,
  0x49, 0x25, 0x22, 0x01, 0x40, 0x00, 0x01, 0x58, 0x7f, 0x00, 0x00, 0x00, 0x81, 0x40, 0x8a, 0x40,
  0x12, 0x82, 0x50, 0x24, 0x01, 0x00, 0x01, 0xe8, 0x7f, 0x80, 0x00, 0x04, 0x24, 0x14, 0x45, 0x15,
  0x04, 0x50, 0x88, 0x00, 0x84, 0x00, 0x02, 0xba, 0x3f, 0x80, 0x00, 0x00, 0x81, 0x42, 0x92, 0x80,
  0x52, 0x85, 0x24, 0x92, 0x00, 0x00, 0x01, 0xe8, 0x7f, 0x00, 0x10, 0x00, 0x28, 0x10, 0x09, 0x2a,
  0x04, 0xa2, 0x20, 0x00, 0x20, 0x00, 0x01, 0xb8, 0x3f, 0x80, 0x40, 0x04, 0x82, 0xa5, 0x52, 0x08,
  0x22, 0x48, 0x94, 0x4a, 0x80, 0x00, 0x00, 0x00, 0x00, 0x81, 0x00, 0x40, 0x10, 0x40, 0x85, 0x52,
  0x15, 0x22, 0x21, 0x00, 0x00, 0x00, 0x00, 0x00, 0x00, 0x00, 0x00, 0x01, 0x45, 0x0a, 0x25, 0x04,
  0x42, 0x88, 0x90, 0x12, 0x00, 0x00, 0x08, 0x02, 0x00, 0x00, 0x00, 0x04, 0x08, 0x41, 0x12, 0x51,
  0x14, 0xa2, 0x48, 0x40, 0x90, 0x00, 0x00, 0x40, 0x00, 0x00, 0x00, 0x00, 0x42, 0x2a, 0x4a, 0x88,
  0x0a, 0x49, 0x22, 0x0a, 0x00, 0x00, 0x00, 0x00, 0x00, 0x00, 0x00, 0x00, 0x91, 0x00, 0x85, 0x25,
  0x42, 0x82, 0x10, 0x20, 0x80, 0x20, 0x80, 0x00, 0x20, 0x00, 0x00, 0x08, 0x08, 0xaa, 0x29, 0x02,
  0x29, 0x50, 0xa4, 0x82, 0x00, 0x00, 0x00, 0x02, 0x00, 0x00, 0x00, 0x41, 0x44, 0x01, 0x45, 0x28,
  0x05, 0x25, 0x00, 0x08, 0x40, 0x00, 0x00, 0x00, 0x00, 0x00, 0x00, 0x00, 0x22, 0xaa, 0x12, 0x8a,
  0x54, 0x80, 0x54, 0x42, 0x01, 0x00, 0x00, 0x10, 0x00, 0x00, 0x00, 0x02, 0x48, 0x00, 0x8a, 0x20,
  0x05, 0x55, 0x01, 0x08, 0x88, 0x00, 0x01, 0x00, 0x00, 0x02, 0x02, 0x00, 0x02, 0xaa, 0x45, 0x4a,
  0x52, 0x82, 0x54, 0x22, 0x00, 0x00, 0x00, 0x00, 0x44, 0x20, 0x08, 0x08, 0xa8, 0x01, 0x25, 0x11,
  0x0a, 0x51, 0x10, 0x00, 0x40, 0x00, 0x08, 0x01, 0x00, 0x00, 0x00, 0x00, 0x05, 0x54, 0x12, 0x44,
  0x49, 0x4a, 0x40, 0x95, 0x00, 0x02, 0x00, 0x00, 0x00, 0x00, 0x00, 0x02, 0xa0, 0x02, 0xa5, 0x12,
  0x25, 0x40, 0x2a, 0x00, 0x00, 0x00, 0x00, 0x04, 0x00, 0x00, 0x00, 0x00, 0x15, 0x48, 0x0a, 0x89,
  0x15, 0x2a, 0x80, 0x49, 0x40, 0x10, 0x00, 0x10, 0x00, 0x00, 0x00, 0x10, 0x80, 0x22, 0xa2, 0x54,
  0x45, 0x41, 0x28, 0x04, 0x04, 0x00, 0x00, 0x00, 0x00, 0x00, 0x00, 0x02, 0x55, 0x48, 0x15, 0x02
};
// Author :- Ashish ( ashish_y_794 )
// Website : https://www.oledanimationmaker.com/

const uint8_t PROGMEM frame145[1024] = {
  0x00, 0x00, 0x00, 0x00, 0x00, 0x00, 0x00, 0x00, 0x00, 0x00, 0x00, 0x00, 0x00, 0x00, 0x00, 0x00,
  0x00, 0xa9, 0x2a, 0x00, 0x00, 0x00, 0x00, 0x00, 0x00, 0x00, 0x00, 0x00, 0x02, 0x92, 0xaa, 0x40,
  0x02, 0x00, 0x00, 0x00, 0x00, 0x00, 0x00, 0x00, 0x00, 0x00, 0x00, 0x00, 0x00, 0x04, 0x04, 0x08,
  0x00, 0x52, 0x4a, 0x00, 0x00, 0x00, 0x00, 0x00, 0x00, 0x00, 0x00, 0x00, 0x24, 0xa1, 0x51, 0x20,
  0x11, 0x00, 0x08, 0x21, 0x00, 0x00, 0x00, 0x00, 0x00, 0x00, 0x00, 0x00, 0x80, 0x08, 0x04, 0x02,
  0x00, 0x55, 0x20, 0x00, 0x00, 0x00, 0x00, 0x00, 0x00, 0x00, 0x00, 0x00, 0x02, 0x82, 0x92, 0x10,
  0x02, 0x00, 0x0a, 0x00, 0x00, 0x00, 0x00, 0x00, 0x00, 0x00, 0x00, 0x00, 0x00, 0x28, 0x24, 0x80,
  0x00, 0xa8, 0x80, 0x08, 0x40, 0x00, 0x00, 0x00, 0x00, 0x00, 0x00, 0x01, 0x09, 0x01, 0x08, 0x08,
  0x08, 0x02, 0x29, 0x20, 0x00, 0x00, 0x00, 0x00, 0x00, 0x00, 0x00, 0x00, 0x00, 0x94, 0x42, 0x42,
  0x01, 0x50, 0x04, 0x00, 0x00, 0x00, 0x00, 0x00, 0x00, 0x00, 0x00, 0x00, 0x22, 0x01, 0x29, 0x08,
  0x00, 0x04, 0x90, 0x00, 0x80, 0x00, 0x00, 0x00, 0x40, 0x00, 0x00, 0x02, 0x00, 0xa4, 0x04, 0x00,
  0x09, 0x50, 0x04, 0x00, 0x00, 0x00, 0x00, 0x00, 0x00, 0x00, 0x00, 0x00, 0x08, 0x01, 0x52, 0x48,
  0x20, 0x02, 0x40, 0x82, 0x00, 0x00, 0x00, 0x00, 0x00, 0x00, 0x00, 0x00, 0x42, 0x94, 0x08, 0x00,
  0x01, 0x50, 0x14, 0x00, 0x00, 0x00, 0x00, 0x00, 0x00, 0x00, 0x00, 0x00, 0x00, 0x01, 0x25, 0x24,
  0x00, 0x25, 0x00, 0x08, 0x00, 0x00, 0x00, 0x00, 0x00, 0x00, 0x00, 0x04, 0x04, 0xa4, 0x40, 0x00,
  0x05, 0x00, 0x49, 0x00, 0x41, 0x00, 0x00, 0x24, 0x25, 0x00, 0x00, 0x00, 0x90, 0x01, 0x15, 0x48,
  0x00, 0x52, 0x04, 0x00, 0x00, 0x00, 0x01, 0xfc, 0x1e, 0x80, 0x00, 0x00, 0x01, 0x28, 0x44, 0x02,
  0x11, 0x20, 0x90, 0x22, 0x00, 0x00, 0x01, 0xfc, 0x37, 0x80, 0x00, 0x00, 0x02, 0x02, 0x12, 0x20,
  0x00, 0x48, 0x00, 0x00, 0x00, 0x00, 0x01, 0xfc, 0x1a, 0x80, 0x00, 0x04, 0x48, 0x91, 0x49, 0x08,
  0x05, 0x02, 0x95, 0x00, 0x40, 0x00, 0x01, 0xfe, 0x3f, 0x00, 0x00, 0x00, 0x00, 0x04, 0x04, 0x42,
  0x10, 0x50, 0x00, 0x09, 0x00, 0x00, 0x01, 0x7e, 0x15, 0x80, 0x00, 0x00, 0x02, 0xa1, 0x52, 0x08,
  0x01, 0x09, 0x24, 0x20, 0x00, 0x00, 0x01, 0xfe, 0x3e, 0x80, 0x00, 0x01, 0x20, 0x08, 0x09, 0x20,
  0x00, 0x50, 0x00, 0x00, 0x00, 0x00, 0x01, 0x7f, 0x17, 0x00, 0x00, 0x08, 0x04, 0x85, 0x4a, 0x02,
  0x09, 0x22, 0x49, 0x00, 0x00, 0x00, 0x01, 0xbf, 0x2d, 0x80, 0x00, 0x00, 0x00, 0x20, 0x24, 0x90,
  0x20, 0x88, 0x00, 0x02, 0x44, 0x00, 0x01, 0xff, 0x9e, 0x80, 0x00, 0x00, 0x92, 0x89, 0x08, 0x04,
  0x02, 0x21, 0x28, 0x20, 0x00, 0x00, 0x01, 0x5f, 0xab, 0x00, 0x00, 0x02, 0x00, 0x04, 0x45, 0x40,
  0x00, 0x90, 0x02, 0x00, 0x00, 0x00, 0x01, 0xff, 0x9f, 0x80, 0x00, 0x10, 0x09, 0x21, 0x28, 0x12,
  0x09, 0x25, 0x20, 0x04, 0x80, 0x00, 0x01, 0x5f, 0xda, 0x80, 0x00, 0x00, 0x20, 0x12, 0x05, 0x08,
  0x20, 0x40, 0x08, 0x90, 0x00, 0x00, 0x01, 0xef, 0xdf, 0x00, 0x00, 0x00, 0x82, 0x84, 0x54, 0xa0,
  0x02, 0x92, 0x82, 0x00, 0x10, 0x00, 0x01, 0x5f, 0xea, 0x80, 0x00, 0x02, 0x00, 0x20, 0x84, 0x04,
  0x00, 0x48, 0x20, 0x01, 0x00, 0x00, 0x01, 0xef, 0xdf, 0x80, 0x00, 0x08, 0x09, 0x0a, 0x2a, 0x90,
  0x09, 0x20, 0x88, 0x04, 0x00, 0x00, 0x01, 0x7f, 0xf5, 0x00, 0x00, 0x40, 0x20, 0x40, 0x84, 0x02,
  0x20, 0x92, 0x01, 0x20, 0x40, 0x00, 0x01, 0xaf, 0xef, 0x80, 0x00, 0x00, 0x02, 0x12, 0x2a, 0x50,
  0x02, 0x40, 0x48, 0x00, 0x00, 0x04, 0x01, 0xf7, 0xf5, 0x00, 0x00, 0x00, 0x88, 0x84, 0x44, 0x84,
  0x01, 0x2a, 0x00, 0x04, 0x80, 0x00, 0x01, 0x5b, 0xff, 0x80, 0x00, 0x00, 0x00, 0x21, 0x12, 0x10,
  0x24, 0x90, 0x92, 0x40, 0x00, 0x00, 0x01, 0xeb, 0xf5, 0x00, 0x00, 0x02, 0x22, 0x88, 0x49, 0x02,
  0x00, 0x42, 0x00, 0x02, 0x00, 0x00, 0x01, 0x7b, 0xff, 0x80, 0x00, 0x08, 0x00, 0x02, 0x0a, 0x50,
  0x05, 0x28, 0x48, 0x10, 0x00, 0x20, 0x01, 0xa9, 0xfa, 0x80, 0x00, 0x00, 0x8a, 0x91, 0x54, 0x04,
  0x20, 0xa1, 0x01, 0x00, 0x88, 0x00, 0x01, 0xf9, 0xff, 0x00, 0x00, 0x00, 0x00, 0x08, 0x05, 0x51,
  0x05, 0x14, 0x24, 0x04, 0x00, 0x00, 0x01, 0x55, 0xfd, 0x80, 0x00, 0x40, 0x92, 0x45, 0x54, 0x04,
  0x00, 0xa0, 0x80, 0x20, 0x40, 0x00, 0x01, 0xf8, 0xfe, 0x80, 0x00, 0x02, 0x00, 0x90, 0x0a, 0x90,
  0x24, 0x92, 0x08, 0x02, 0x00, 0x00, 0x01, 0x58, 0xff, 0x00, 0x00, 0x00, 0x08, 0x02, 0xa4, 0x22,
  0x02, 0x48, 0x41, 0x08, 0x00, 0x00, 0x01, 0xe8, 0x7d, 0x80, 0x00, 0x00, 0x82, 0x88, 0x15, 0x08,
  0x11, 0x21, 0x08, 0x20, 0x80, 0x00, 0x01, 0x78, 0x7f, 0x00, 0x00, 0x04, 0x10, 0x22, 0x88, 0xa1,
  0x40, 0xa8, 0x20, 0x00, 0x00, 0x00, 0x01, 0xac, 0x7f, 0x80, 0x00, 0x00, 0x42, 0x08, 0x4a, 0x08,
  0x05, 0x42, 0x82, 0x04, 0x40, 0x00, 0x01, 0xf0, 0x3f, 0x00, 0x00, 0x01, 0x00, 0x82, 0x25, 0x42,
  0x01, 0x28, 0x08, 0x41, 0x00, 0x00, 0x01, 0x5c, 0x7f, 0x80, 0x01, 0x08, 0x0a, 0x28, 0x94, 0x10,
  0x24, 0x91, 0x20, 0x08, 0x00, 0x00, 0x01, 0xd0, 0x17, 0x80, 0x00, 0x00, 0x40, 0x82, 0x0a, 0x8a,
  0x02, 0x44, 0x01, 0x00, 0x20, 0x00, 0x00, 0x00, 0x00, 0x00, 0x00, 0x01, 0x08, 0x10, 0xaa, 0x40,
  0x21, 0x50, 0x88, 0x22, 0x80, 0x20, 0x00, 0x00, 0x00, 0x00, 0x00, 0x00, 0x02, 0x84, 0x09, 0x2a,
  0x09, 0x24, 0x20, 0x00, 0x00, 0x00, 0x00, 0x00, 0x00, 0x00, 0x00, 0x02, 0x48, 0x22, 0xa4, 0x80,
  0x22, 0xa9, 0x04, 0x88, 0x00, 0x00, 0x00, 0x00, 0x00, 0x00, 0x00, 0x08, 0x01, 0x08, 0x16, 0x2a,
  0x01, 0x20, 0x40, 0x02, 0x40, 0x00, 0x00, 0x00, 0x00, 0x00, 0x00, 0x00, 0x48, 0x42, 0xa9, 0x00,
  0x14, 0xa9, 0x10, 0x20, 0x00, 0x00, 0x00, 0x00, 0x80, 0x00, 0x00, 0x00, 0x02, 0x10, 0x0a, 0x54,
  0x42, 0x90, 0x04, 0x84, 0x81, 0x00, 0x00, 0x00, 0x00, 0x00, 0x00, 0x02, 0x90, 0x85, 0x55, 0x02,
  0x01, 0x4a, 0x90, 0x00, 0x00, 0x00, 0x00, 0x00, 0x00, 0x00, 0x00, 0x80, 0x02, 0x10, 0x0a, 0x50,
  0x14, 0xa0, 0x00, 0x24, 0x80, 0x00, 0x20, 0x00, 0x00, 0x00, 0x00, 0x00, 0x88, 0x45, 0x54, 0x8a,
  0x42, 0xa9, 0x44, 0x80, 0x10, 0x00, 0x00, 0x04, 0x00, 0x00, 0x00, 0x04, 0x21, 0x00, 0x0a, 0x20,
  0x01, 0x50, 0x10, 0x04, 0x80, 0x00, 0x00, 0x10, 0x00, 0x00, 0x00, 0x00, 0x84, 0x2a, 0xaa, 0x8a,
  0x15, 0x25, 0x00, 0x10, 0x00, 0x01, 0x00, 0x00, 0x00, 0x00, 0x00, 0x00, 0x00, 0x80, 0x14, 0x40,
  0x41, 0x50, 0x44, 0x42, 0x00, 0x04, 0x00, 0x00, 0x08, 0x00, 0x02, 0x04, 0x92, 0x15, 0x4a, 0x95,
  0x0a, 0xa5, 0x10, 0x00, 0x80, 0x80, 0x00, 0x00, 0x00, 0x00, 0x00, 0x00, 0x00, 0x80, 0x25, 0x20,
  0x21, 0x50, 0x01, 0x12, 0x10, 0x00, 0x00, 0x00, 0x00, 0x00, 0x00, 0x01, 0x24, 0x25, 0x14, 0x8a,
  0x05, 0x49, 0x44, 0x00, 0x00, 0x00, 0x00, 0x40, 0x00, 0x00, 0x10, 0x04, 0x01, 0x08, 0x96, 0x20
};
// Author :- Ashish ( ashish_y_794 )
// Website : https://www.oledanimationmaker.com/

const uint8_t PROGMEM frame146[1024] = {
  0x00, 0x00, 0x00, 0x00, 0x00, 0x00, 0x00, 0x00, 0x00, 0x00, 0x00, 0x00, 0x00, 0x00, 0x00, 0x00,
  0x00, 0x51, 0x00, 0x00, 0x00, 0x00, 0x00, 0x00, 0x00, 0x00, 0x00, 0x00, 0x02, 0x49, 0x54, 0x00,
  0x01, 0x04, 0x24, 0x00, 0x00, 0x00, 0x00, 0x00, 0x00, 0x00, 0x00, 0x00, 0x00, 0x00, 0x02, 0x48,
  0x00, 0x20, 0x00, 0x80, 0x00, 0x00, 0x00, 0x00, 0x00, 0x00, 0x00, 0x00, 0x12, 0x92, 0x48, 0x00,
  0x00, 0x89, 0x02, 0x00, 0x00, 0x00, 0x00, 0x00, 0x00, 0x00, 0x00, 0x00, 0x80, 0x00, 0x04, 0x82,
  0x08, 0x20, 0x48, 0x04, 0x40, 0x00, 0x00, 0x00, 0x00, 0x00, 0x00, 0x00, 0x02, 0x25, 0x50, 0x08,
  0x01, 0x09, 0x00, 0x10, 0x00, 0x00, 0x00, 0x00, 0x00, 0x00, 0x00, 0x00, 0x08, 0x80, 0x04, 0x80,
  0x00, 0x40, 0x00, 0x00, 0x00, 0x00, 0x00, 0x00, 0x00, 0x00, 0x00, 0x00, 0x80, 0x09, 0x22, 0x00,
  0x01, 0x14, 0x44, 0x80, 0x00, 0x00, 0x00, 0x00, 0x00, 0x00, 0x00, 0x02, 0x02, 0x20, 0x14, 0x24,
  0x08, 0x21, 0x00, 0x00, 0x00, 0x00, 0x00, 0x00, 0x00, 0x00, 0x00, 0x00, 0x08, 0x84, 0x80, 0x80,
  0x00, 0x88, 0x08, 0x01, 0x00, 0x00, 0x00, 0x00, 0x40, 0x00, 0x00, 0x00, 0x00, 0x00, 0x54, 0x00,
  0x00, 0x20, 0x41, 0x08, 0x00, 0x00, 0x00, 0x00, 0x00, 0x00, 0x00, 0x00, 0x22, 0x4a, 0x02, 0x12,
  0x02, 0x44, 0x00, 0x00, 0x08, 0x00, 0x00, 0x00, 0x00, 0x00, 0x00, 0x00, 0x80, 0x00, 0x94, 0x40,
  0x10, 0x11, 0x08, 0x20, 0x20, 0x00, 0x00, 0x00, 0x00, 0x00, 0x00, 0x02, 0x04, 0x92, 0x21, 0x00,
  0x01, 0x44, 0x21, 0x00, 0x80, 0x00, 0x00, 0x00, 0x00, 0x00, 0x00, 0x00, 0x00, 0x00, 0x88, 0x08,
  0x00, 0x10, 0x00, 0x00, 0x00, 0x00, 0x00, 0x02, 0x08, 0x00, 0x00, 0x00, 0x09, 0x24, 0x04, 0x80,
  0x01, 0x21, 0x04, 0x00, 0x00, 0x00, 0x01, 0xfc, 0x3f, 0x80, 0x00, 0x00, 0x20, 0x01, 0x52, 0x04,
  0x08, 0x48, 0x40, 0x04, 0x00, 0x00, 0x01, 0xfc, 0x15, 0x80, 0x00, 0x04, 0x81, 0x24, 0x08, 0x40,
  0x00, 0x02, 0x00, 0x90, 0x00, 0x00, 0x01, 0xfc, 0x3f, 0x00, 0x00, 0x00, 0x04, 0x00, 0x92, 0x12,
  0x02, 0xa8, 0x12, 0x00, 0x40, 0x00, 0x00, 0xfe, 0x15, 0x80, 0x00, 0x00, 0x00, 0x92, 0x24, 0x40,
  0x20, 0x00, 0x80, 0x00, 0x00, 0x00, 0x01, 0xfe, 0x3e, 0x80, 0x00, 0x00, 0x10, 0x00, 0x89, 0x00,
  0x00, 0xaa, 0x00, 0x01, 0x00, 0x00, 0x01, 0x7f, 0x17, 0x00, 0x00, 0x04, 0x82, 0x48, 0x20, 0x08,
  0x02, 0x10, 0x24, 0x20, 0x00, 0x00, 0x01, 0xff, 0x1b, 0x80, 0x00, 0x00, 0x00, 0x02, 0x8a, 0x42,
  0x00, 0x81, 0x00, 0x80, 0x00, 0x00, 0x01, 0x7f, 0x2e, 0x80, 0x00, 0x00, 0x12, 0x90, 0x24, 0x08,
  0x10, 0x54, 0x02, 0x02, 0x00, 0x00, 0x01, 0xbf, 0x1b, 0x00, 0x00, 0x00, 0x40, 0x04, 0x89, 0x20,
  0x02, 0x20, 0x90, 0x00, 0x20, 0x00, 0x00, 0xff, 0xbe, 0x80, 0x00, 0x09, 0x04, 0x40, 0x24, 0x00,
  0x00, 0x88, 0x00, 0x00, 0x00, 0x00, 0x01, 0xbf, 0x97, 0x80, 0x00, 0x00, 0x01, 0x0a, 0x89, 0x24,
  0x02, 0x22, 0x42, 0x11, 0x00, 0x00, 0x01, 0xdf, 0xda, 0x80, 0x00, 0x00, 0x08, 0x00, 0x24, 0x00,
  0x20, 0x90, 0x00, 0x00, 0x00, 0x00, 0x01, 0x7f, 0xdf, 0x00, 0x00, 0x00, 0x80, 0x92, 0x12, 0x48,
  0x02, 0x24, 0x88, 0x40, 0x00, 0x40, 0x01, 0xaf, 0xeb, 0x80, 0x00, 0x04, 0x08, 0x00, 0x88, 0x02,
  0x00, 0x90, 0x00, 0x04, 0x80, 0x00, 0x01, 0x7f, 0xfd, 0x00, 0x00, 0x00, 0x21, 0x2a, 0x4a, 0x90,
  0x10, 0x44, 0x91, 0x00, 0x08, 0x00, 0x01, 0xd7, 0xd7, 0x80, 0x00, 0x00, 0x80, 0x00, 0x24, 0x00,
  0x02, 0x28, 0x00, 0x00, 0x00, 0x00, 0x01, 0x77, 0xfa, 0x80, 0x00, 0x02, 0x04, 0x89, 0x11, 0x24,
  0x00, 0x91, 0x04, 0x11, 0x00, 0x00, 0x01, 0xdf, 0xef, 0x00, 0x00, 0x10, 0x00, 0x20, 0x4a, 0x00,
  0x22, 0x44, 0x40, 0x00, 0x00, 0x00, 0x01, 0x77, 0xfb, 0x80, 0x00, 0x00, 0x12, 0x05, 0x08, 0x92,
  0x00, 0x90, 0x00, 0x80, 0x40, 0x00, 0x01, 0xdb, 0xfd, 0x00, 0x00, 0x00, 0x80, 0x90, 0x54, 0x00,
  0x04, 0x49, 0x12, 0x09, 0x00, 0x00, 0x01, 0x6b, 0xfb, 0x80, 0x00, 0x00, 0x08, 0x01, 0x05, 0x48,
  0x11, 0x20, 0x40, 0x00, 0x00, 0x00, 0x01, 0xb9, 0xfe, 0x80, 0x00, 0x02, 0x02, 0x48, 0x50, 0x02,
  0x00, 0x94, 0x00, 0x20, 0x00, 0x00, 0x01, 0xe9, 0xfb, 0x00, 0x00, 0x08, 0x48, 0x02, 0x0d, 0x28,
  0x02, 0x42, 0x08, 0x01, 0x00, 0x00, 0x01, 0x79, 0xfe, 0x80, 0x00, 0x00, 0x00, 0x88, 0xa2, 0x00,
  0x48, 0x28, 0x80, 0x84, 0x08, 0x00, 0x01, 0xac, 0xfd, 0x80, 0x00, 0x00, 0x02, 0x02, 0x14, 0x92,
  0x01, 0x50, 0x20, 0x00, 0x00, 0x00, 0x01, 0x70, 0xff, 0x00, 0x00, 0x01, 0x28, 0x28, 0x48, 0x00,
  0x00, 0x8a, 0x04, 0x10, 0x40, 0x00, 0x01, 0xdc, 0x7f, 0x80, 0x00, 0x04, 0x00, 0x81, 0x15, 0x49,
  0x12, 0x50, 0x80, 0x41, 0x00, 0x00, 0x01, 0x70, 0x7e, 0x80, 0x00, 0x10, 0x02, 0x04, 0x48, 0x04,
  0x01, 0x24, 0x10, 0x00, 0x00, 0x00, 0x01, 0xdc, 0x7f, 0x00, 0x00, 0x00, 0x48, 0x21, 0x15, 0x50,
  0x20, 0x91, 0x01, 0x00, 0x00, 0x08, 0x01, 0x70, 0x3f, 0x80, 0x00, 0x00, 0x00, 0x88, 0x44, 0x02,
  0x04, 0x50, 0x40, 0x09, 0x00, 0x00, 0x01, 0xdc, 0x3f, 0x00, 0x00, 0x00, 0x88, 0x02, 0x15, 0x20,
  0x01, 0x4a, 0x08, 0x20, 0x10, 0x00, 0x01, 0x50, 0x2b, 0x80, 0x00, 0x02, 0x02, 0x24, 0x92, 0x08,
  0x24, 0xa0, 0x80, 0x00, 0x40, 0x00, 0x00, 0x00, 0x00, 0x00, 0x00, 0x00, 0x20, 0x80, 0x48, 0xa2,
  0x01, 0x14, 0x02, 0x02, 0x00, 0x00, 0x00, 0x00, 0x00, 0x00, 0x00, 0x10, 0x08, 0x12, 0x15, 0x08,
  0x04, 0xa9, 0x20, 0x20, 0x00, 0x00, 0x00, 0x00, 0x00, 0x00, 0x00, 0x40, 0x82, 0x00, 0xaa, 0x21,
  0x40, 0x50, 0x00, 0x80, 0x80, 0x00, 0x00, 0x00, 0x00, 0x00, 0x00, 0x00, 0x10, 0x94, 0x08, 0x84,
  0x09, 0x49, 0x12, 0x04, 0x00, 0x00, 0x00, 0x00, 0x00, 0x00, 0x00, 0x01, 0x00, 0x01, 0x55, 0x10,
  0x01, 0x24, 0x40, 0x00, 0x00, 0x00, 0x00, 0x00, 0x00, 0x00, 0x00, 0x00, 0x24, 0x90, 0x08, 0x44,
  0x24, 0xa8, 0x00, 0x11, 0x00, 0x00, 0x00, 0x00, 0x00, 0x00, 0x00, 0x00, 0x80, 0x05, 0x55, 0x11,
  0x01, 0x52, 0x40, 0x00, 0x20, 0x00, 0x00, 0x00, 0x00, 0x00, 0x00, 0x02, 0x09, 0x10, 0x0a, 0x44,
  0x10, 0x90, 0x09, 0x04, 0x00, 0x00, 0x00, 0x00, 0x80, 0x00, 0x00, 0x00, 0x00, 0x42, 0xa9, 0x10,
  0x42, 0x55, 0x00, 0x20, 0x80, 0x10, 0x00, 0x00, 0x00, 0x00, 0x00, 0x00, 0x49, 0x08, 0x14, 0x42,
  0x01, 0x50, 0x40, 0x00, 0x00, 0x00, 0x00, 0x00, 0x00, 0x00, 0x00, 0x09, 0x00, 0x01, 0x4a, 0x10,
  0x0a, 0x49, 0x08, 0x09, 0x00, 0x00, 0x00, 0x08, 0x00, 0x00, 0x00, 0x00, 0x12, 0x24, 0x15, 0x44,
  0x21, 0x54, 0x01, 0x20, 0x00, 0x00, 0x00, 0x00, 0x00, 0x00, 0x00, 0x00, 0x40, 0x81, 0x48, 0x11,
  0x01, 0x50, 0x80, 0x00, 0x40, 0x00, 0x00, 0x80, 0x00, 0x00, 0x00, 0x02, 0x04, 0x14, 0x15, 0x44,
  0x48, 0xaa, 0x24, 0x02, 0x01, 0x00, 0x02, 0x00, 0x08, 0x00, 0x00, 0x40, 0x10, 0x00, 0xaa, 0x10,
  0x02, 0x90, 0x00, 0x10, 0x00, 0x00, 0x08, 0x00, 0x00, 0x00, 0x00, 0x00, 0x81, 0x24, 0x09, 0x44
};
// Author :- Ashish ( ashish_y_794 )
// Website : https://www.oledanimationmaker.com/

const uint8_t PROGMEM frame147[1024] = {
  0x00, 0x00, 0x00, 0x00, 0x00, 0x00, 0x00, 0x00, 0x00, 0x00, 0x00, 0x00, 0x00, 0x00, 0x00, 0x00,
  0x00, 0x00, 0x00, 0x00, 0x00, 0x00, 0x00, 0x00, 0x00, 0x00, 0x00, 0x00, 0x00, 0x00, 0x00, 0x00,
  0x00, 0x00, 0x00, 0x00, 0x00, 0x00, 0x00, 0x00, 0x00, 0x00, 0x00, 0x00, 0x00, 0x00, 0x00, 0x00,
  0x00, 0x00, 0x00, 0x00, 0x00, 0x00, 0x00, 0x00, 0x00, 0x00, 0x00, 0x00, 0x00, 0x10, 0x90, 0x00,
  0x00, 0x08, 0x00, 0x00, 0x00, 0x00, 0x00, 0x00, 0x00, 0x00, 0x00, 0x00, 0x02, 0x40, 0x00, 0x00,
  0x00, 0x01, 0x00, 0x00, 0x00, 0x00, 0x00, 0x00, 0x00, 0x00, 0x00, 0x00, 0x00, 0x00, 0x02, 0x00,
  0x00, 0x00, 0x00, 0x00, 0x00, 0x00, 0x00, 0x00, 0x00, 0x00, 0x00, 0x00, 0x00, 0x01, 0x10, 0x08,
  0x00, 0x20, 0x00, 0x40, 0x00, 0x00, 0x00, 0x00, 0x00, 0x00, 0x00, 0x00, 0x04, 0x00, 0x00, 0x00,
  0x00, 0x04, 0x08, 0x00, 0x00, 0x00, 0x00, 0x00, 0x00, 0x00, 0x00, 0x00, 0x00, 0x08, 0x00, 0x00,
  0x00, 0x00, 0x00, 0x00, 0x00, 0x00, 0x00, 0x00, 0x00, 0x00, 0x00, 0x00, 0x00, 0x20, 0x48, 0x40,
  0x00, 0x00, 0x00, 0x00, 0x00, 0x00, 0x00, 0x00, 0x00, 0x00, 0x00, 0x00, 0x00, 0x80, 0x00, 0x00,
  0x00, 0x90, 0x40, 0x00, 0x00, 0x00, 0x00, 0x00, 0x00, 0x00, 0x00, 0x00, 0x08, 0x00, 0x00, 0x00,
  0x00, 0x01, 0x00, 0x00, 0x00, 0x00, 0x00, 0x00, 0x00, 0x00, 0x00, 0x00, 0x00, 0x01, 0x24, 0x04,
  0x00, 0x00, 0x00, 0x20, 0x00, 0x00, 0x00, 0x00, 0x00, 0x00, 0x00, 0x00, 0x00, 0x00, 0x00, 0x00,
  0x00, 0x04, 0x00, 0x00, 0x00, 0x00, 0x00, 0x00, 0x00, 0x00, 0x00, 0x00, 0x02, 0x10, 0x00, 0x20,
  0x00, 0x80, 0x00, 0x00, 0x00, 0x00, 0x00, 0x00, 0x00, 0x00, 0x00, 0x00, 0x08, 0x00, 0x21, 0x00,
  0x00, 0x10, 0x00, 0x00, 0x40, 0x00, 0x01, 0xf8, 0x15, 0x00, 0x00, 0x00, 0x00, 0x02, 0x04, 0x00,
  0x00, 0x00, 0x00, 0x00, 0x00, 0x00, 0x00, 0xfc, 0x1f, 0x00, 0x00, 0x00, 0x00, 0x10, 0x10, 0x00,
  0x02, 0x00, 0x00, 0x80, 0x00, 0x00, 0x01, 0xfc, 0x35, 0x80, 0x00, 0x00, 0x00, 0x40, 0x40, 0x00,
  0x00, 0x08, 0x40, 0x00, 0x00, 0x00, 0x00, 0xfe, 0x1e, 0x80, 0x00, 0x00, 0x08, 0x00, 0x00, 0x08,
  0x00, 0x21, 0x00, 0x00, 0x00, 0x00, 0x01, 0x7c, 0x17, 0x00, 0x00, 0x00, 0x00, 0x01, 0x04, 0x00,
  0x00, 0x00, 0x00, 0x00, 0x00, 0x00, 0x00, 0xfe, 0x3a, 0x80, 0x00, 0x00, 0x01, 0x04, 0x10, 0x40,
  0x00, 0x00, 0x00, 0x02, 0x00, 0x00, 0x01, 0xff, 0x1f, 0x00, 0x00, 0x00, 0x00, 0x00, 0x00, 0x00,
  0x01, 0x10, 0x00, 0x80, 0x00, 0x00, 0x00, 0xbf, 0x2b, 0x00, 0x00, 0x00, 0x10, 0x10, 0x00, 0x00,
  0x00, 0x02, 0x00, 0x00, 0x00, 0x00, 0x01, 0xff, 0x1d, 0x80, 0x00, 0x00, 0x00, 0x00, 0x52, 0x04,
  0x00, 0x40, 0x00, 0x00, 0x00, 0x00, 0x00, 0xbf, 0xb7, 0x00, 0x00, 0x00, 0x00, 0x80, 0x00, 0x10,
  0x04, 0x00, 0x04, 0x00, 0x00, 0x00, 0x01, 0xbf, 0x9b, 0x00, 0x00, 0x00, 0x02, 0x02, 0x08, 0x40,
  0x00, 0x12, 0x20, 0x00, 0x00, 0x00, 0x00, 0xdf, 0xdd, 0x80, 0x00, 0x00, 0x08, 0x08, 0x20, 0x00,
  0x00, 0x00, 0x00, 0x00, 0x00, 0x00, 0x01, 0x6f, 0xab, 0x00, 0x00, 0x00, 0x00, 0x00, 0x01, 0x00,
  0x00, 0x80, 0x00, 0x08, 0x00, 0x00, 0x01, 0xdf, 0xef, 0x00, 0x00, 0x00, 0x00, 0x00, 0x48, 0x00,
  0x00, 0x12, 0x00, 0x00, 0x40, 0x00, 0x00, 0xbf, 0xf5, 0x80, 0x00, 0x00, 0x10, 0x00, 0x00, 0x00,
  0x04, 0x00, 0x00, 0x00, 0x00, 0x00, 0x01, 0xef, 0xde, 0x80, 0x00, 0x00, 0x00, 0x11, 0x08, 0x08,
  0x00, 0x40, 0x00, 0x00, 0x00, 0x00, 0x00, 0xb7, 0xeb, 0x00, 0x00, 0x00, 0x00, 0x00, 0x20, 0x40,
  0x00, 0x09, 0x10, 0x40, 0x00, 0x00, 0x01, 0xdb, 0xfd, 0x80, 0x00, 0x00, 0x00, 0x80, 0x02, 0x00,
  0x00, 0x00, 0x00, 0x00, 0x00, 0x00, 0x00, 0xb7, 0xf7, 0x00, 0x00, 0x00, 0x10, 0x09, 0x10, 0x00,
  0x02, 0x48, 0x00, 0x01, 0x00, 0x00, 0x01, 0xeb, 0xfa, 0x80, 0x00, 0x00, 0x00, 0x00, 0x00, 0x02,
  0x08, 0x00, 0x00, 0x00, 0x00, 0x00, 0x00, 0xbb, 0xff, 0x00, 0x00, 0x00, 0x00, 0x00, 0x48, 0x88,
  0x00, 0x11, 0x00, 0x00, 0x00, 0x00, 0x01, 0xe9, 0xfa, 0x80, 0x00, 0x00, 0x02, 0x21, 0x02, 0x00,
  0x00, 0x40, 0x10, 0x80, 0x00, 0x00, 0x00, 0xb9, 0xfd, 0x80, 0x00, 0x00, 0x20, 0x04, 0x10, 0x00,
  0x00, 0x04, 0x00, 0x04, 0x00, 0x00, 0x01, 0xd9, 0xff, 0x00, 0x00, 0x00, 0x00, 0x00, 0x00, 0x00,
  0x01, 0x10, 0x00, 0x00, 0x00, 0x00, 0x00, 0xec, 0xfd, 0x00, 0x00, 0x00, 0x00, 0x00, 0x49, 0x10,
  0x00, 0x00, 0x80, 0x00, 0x00, 0x00, 0x01, 0x70, 0xf7, 0x80, 0x00, 0x00, 0x00, 0x41, 0x00, 0x00,
  0x08, 0x44, 0x00, 0x00, 0x00, 0x00, 0x01, 0xb8, 0x7e, 0x80, 0x00, 0x00, 0x11, 0x08, 0x10, 0x02,
  0x00, 0x00, 0x00, 0x20, 0x00, 0x00, 0x00, 0xd8, 0x7f, 0x00, 0x00, 0x00, 0x00, 0x00, 0x04, 0x88,
  0x01, 0x24, 0x04, 0x00, 0x40, 0x00, 0x01, 0xec, 0x7f, 0x00, 0x00, 0x00, 0x00, 0x00, 0xa0, 0x00,
  0x00, 0x00, 0x10, 0x00, 0x00, 0x00, 0x00, 0xb0, 0x3f, 0x80, 0x00, 0x00, 0x10, 0x02, 0x08, 0x00,
  0x00, 0x24, 0x40, 0x00, 0x00, 0x00, 0x01, 0xdc, 0x3f, 0x00, 0x00, 0x00, 0x40, 0x08, 0x01, 0x20,
  0x11, 0x00, 0x00, 0x00, 0x00, 0x00, 0x00, 0x40, 0x01, 0x00, 0x00, 0x00, 0x00, 0x20, 0x28, 0x00,
  0x00, 0x24, 0x00, 0x04, 0x00, 0x00, 0x00, 0x00, 0x00, 0x00, 0x00, 0x00, 0x00, 0x80, 0x00, 0x04,
  0x00, 0x80, 0x00, 0x20, 0x00, 0x00, 0x00, 0x00, 0x00, 0x00, 0x00, 0x00, 0x00, 0x00, 0x92, 0x40,
  0x02, 0x12, 0x00, 0x00, 0x00, 0x00, 0x00, 0x00, 0x00, 0x00, 0x00, 0x00, 0x04, 0x00, 0x00, 0x00,
  0x00, 0x00, 0x20, 0x00, 0x00, 0x00, 0x00, 0x00, 0x00, 0x00, 0x00, 0x00, 0x20, 0x04, 0x54, 0x08,
  0x10, 0x48, 0x00, 0x00, 0x00, 0x00, 0x00, 0x00, 0x00, 0x00, 0x00, 0x00, 0x00, 0x00, 0x00, 0x80,
  0x01, 0x02, 0x00, 0x00, 0x80, 0x00, 0x00, 0x00, 0x00, 0x00, 0x00, 0x00, 0x00, 0x10, 0x90, 0x00,
  0x00, 0x28, 0x00, 0x82, 0x00, 0x00, 0x00, 0x00, 0x00, 0x00, 0x00, 0x00, 0x00, 0x40, 0x04, 0x12,
  0x04, 0x00, 0x40, 0x08, 0x00, 0x00, 0x00, 0x00, 0x00, 0x00, 0x00, 0x00, 0x42, 0x00, 0x90, 0x80,
  0x10, 0x92, 0x00, 0x00, 0x00, 0x00, 0x00, 0x00, 0x00, 0x00, 0x00, 0x00, 0x00, 0x02, 0x04, 0x00,
  0x00, 0x00, 0x00, 0x00, 0x00, 0x00, 0x00, 0x00, 0x00, 0x00, 0x00, 0x00, 0x00, 0x00, 0x20, 0x00,
  0x00, 0x54, 0x04, 0x00, 0x00, 0x00, 0x00, 0x00, 0x00, 0x00, 0x00, 0x00, 0x10, 0x08, 0x09, 0x24,
  0x01, 0x00, 0x80, 0x00, 0x00, 0x00, 0x00, 0x00, 0x00, 0x00, 0x00, 0x00, 0x00, 0x00, 0x90, 0x00,
  0x20, 0x12, 0x00, 0x20, 0x00, 0x00, 0x00, 0x00, 0x00, 0x00, 0x00, 0x00, 0x00, 0x80, 0x04, 0x00,
  0x02, 0x40, 0x00, 0x00, 0x00, 0x00, 0x00, 0x00, 0x00, 0x00, 0x00, 0x00, 0x40, 0x04, 0x50, 0x88,
  0x00, 0x14, 0x00, 0x02, 0x00, 0x00, 0x00, 0x00, 0x00, 0x00, 0x00, 0x00, 0x02, 0x00, 0x02, 0x00,
  0x08, 0x80, 0x40, 0x00, 0x00, 0x00, 0x00, 0x00, 0x00, 0x00, 0x00, 0x00, 0x08, 0x11, 0x28, 0x20
};
// Author :- Ashish ( ashish_y_794 )
// Website : https://www.oledanimationmaker.com/

const uint8_t PROGMEM frame148[1024] = {
  0x00, 0x00, 0x00, 0x00, 0x00, 0x00, 0x00, 0x00, 0x00, 0x00, 0x00, 0x00, 0x00, 0x00, 0x00, 0x00,
  0x00, 0x00, 0x00, 0x00, 0x00, 0x00, 0x00, 0x00, 0x00, 0x00, 0x00, 0x00, 0x00, 0x00, 0x00, 0x00,
  0x00, 0x00, 0x00, 0x00, 0x00, 0x00, 0x00, 0x00, 0x00, 0x00, 0x00, 0x00, 0x00, 0x00, 0x00, 0x00,
  0x00, 0x00, 0x00, 0x00, 0x00, 0x00, 0x00, 0x00, 0x00, 0x00, 0x00, 0x00, 0x00, 0x00, 0x00, 0x00,
  0x00, 0x00, 0x00, 0x00, 0x00, 0x00, 0x00, 0x00, 0x00, 0x00, 0x00, 0x00, 0x00, 0x00, 0x00, 0x00,
  0x00, 0x00, 0x00, 0x00, 0x00, 0x00, 0x00, 0x00, 0x00, 0x00, 0x00, 0x00, 0x00, 0x00, 0x00, 0x00,
  0x00, 0x00, 0x00, 0x00, 0x00, 0x00, 0x00, 0x00, 0x00, 0x00, 0x00, 0x00, 0x00, 0x00, 0x00, 0x00,
  0x00, 0x00, 0x00, 0x00, 0x00, 0x00, 0x00, 0x00, 0x00, 0x00, 0x00, 0x00, 0x00, 0x00, 0x00, 0x00,
  0x00, 0x00, 0x00, 0x00, 0x00, 0x00, 0x00, 0x00, 0x00, 0x00, 0x00, 0x00, 0x00, 0x00, 0x00, 0x00,
  0x00, 0x00, 0x00, 0x00, 0x00, 0x00, 0x00, 0x00, 0x00, 0x00, 0x00, 0x00, 0x00, 0x00, 0x00, 0x00,
  0x00, 0x00, 0x00, 0x00, 0x00, 0x00, 0x00, 0x00, 0x00, 0x00, 0x00, 0x00, 0x00, 0x00, 0x00, 0x00,
  0x00, 0x00, 0x00, 0x00, 0x00, 0x00, 0x00, 0x00, 0x00, 0x00, 0x00, 0x00, 0x00, 0x00, 0x00, 0x00,
  0x00, 0x00, 0x00, 0x00, 0x00, 0x00, 0x00, 0x00, 0x00, 0x00, 0x00, 0x00, 0x00, 0x00, 0x00, 0x00,
  0x00, 0x00, 0x00, 0x00, 0x00, 0x00, 0x00, 0x00, 0x00, 0x00, 0x00, 0x00, 0x00, 0x00, 0x00, 0x00,
  0x00, 0x00, 0x00, 0x00, 0x00, 0x00, 0x00, 0x00, 0x00, 0x00, 0x00, 0x00, 0x00, 0x00, 0x00, 0x00,
  0x00, 0x00, 0x00, 0x00, 0x00, 0x00, 0x00, 0x00, 0x00, 0x00, 0x00, 0x00, 0x00, 0x00, 0x00, 0x00,
  0x00, 0x00, 0x00, 0x00, 0x00, 0x00, 0x00, 0xa8, 0x09, 0x00, 0x00, 0x00, 0x00, 0x00, 0x00, 0x00,
  0x00, 0x00, 0x00, 0x00, 0x00, 0x00, 0x01, 0xfc, 0x36, 0x80, 0x00, 0x00, 0x00, 0x00, 0x00, 0x00,
  0x00, 0x00, 0x00, 0x00, 0x00, 0x00, 0x00, 0xfc, 0x1d, 0x00, 0x00, 0x00, 0x00, 0x00, 0x00, 0x00,
  0x00, 0x00, 0x00, 0x00, 0x00, 0x00, 0x01, 0xfe, 0x17, 0x00, 0x00, 0x00, 0x00, 0x00, 0x00, 0x00,
  0x00, 0x00, 0x00, 0x00, 0x00, 0x00, 0x00, 0xfe, 0x2d, 0x00, 0x00, 0x00, 0x00, 0x00, 0x00, 0x00,
  0x00, 0x00, 0x00, 0x00, 0x00, 0x00, 0x00, 0xbe, 0x1b, 0x00, 0x00, 0x00, 0x00, 0x00, 0x00, 0x00,
  0x00, 0x00, 0x00, 0x00, 0x00, 0x00, 0x01, 0x7f, 0x1d, 0x00, 0x00, 0x00, 0x00, 0x00, 0x00, 0x00,
  0x00, 0x00, 0x00, 0x00, 0x00, 0x00, 0x00, 0xff, 0x2b, 0x00, 0x00, 0x00, 0x00, 0x00, 0x00, 0x00,
  0x00, 0x00, 0x00, 0x00, 0x00, 0x00, 0x01, 0x7f, 0x1d, 0x80, 0x00, 0x00, 0x00, 0x00, 0x00, 0x00,
  0x00, 0x00, 0x00, 0x00, 0x00, 0x00, 0x00, 0xbf, 0x96, 0x00, 0x00, 0x00, 0x00, 0x00, 0x00, 0x00,
  0x00, 0x00, 0x00, 0x00, 0x00, 0x00, 0x01, 0xbf, 0xab, 0x80, 0x00, 0x00, 0x00, 0x00, 0x08, 0x00,
  0x00, 0x00, 0x00, 0x00, 0x00, 0x00, 0x00, 0xdf, 0xbd, 0x00, 0x00, 0x00, 0x00, 0x00, 0x00, 0x00,
  0x00, 0x00, 0x00, 0x00, 0x00, 0x00, 0x00, 0xaf, 0xcb, 0x00, 0x00, 0x00, 0x00, 0x00, 0x00, 0x00,
  0x00, 0x00, 0x00, 0x00, 0x00, 0x00, 0x01, 0xdf, 0xdd, 0x00, 0x00, 0x00, 0x00, 0x00, 0x00, 0x00,
  0x00, 0x00, 0x00, 0x00, 0x00, 0x00, 0x00, 0x6f, 0xe7, 0x00, 0x00, 0x00, 0x00, 0x00, 0x00, 0x00,
  0x00, 0x00, 0x00, 0x00, 0x00, 0x00, 0x01, 0xb7, 0xfa, 0x80, 0x00, 0x00, 0x00, 0x00, 0x10, 0x00,
  0x00, 0x00, 0x00, 0x00, 0x00, 0x00, 0x00, 0xd7, 0xeb, 0x00, 0x00, 0x00, 0x00, 0x00, 0x00, 0x00,
  0x00, 0x00, 0x00, 0x00, 0x00, 0x00, 0x00, 0xb7, 0xf6, 0x80, 0x00, 0x00, 0x00, 0x00, 0x00, 0x00,
  0x00, 0x00, 0x00, 0x00, 0x00, 0x00, 0x01, 0xdb, 0xf5, 0x00, 0x00, 0x00, 0x00, 0x00, 0x00, 0x00,
  0x00, 0x00, 0x00, 0x00, 0x00, 0x00, 0x00, 0xab, 0xfb, 0x00, 0x00, 0x00, 0x00, 0x00, 0x10, 0x00,
  0x00, 0x00, 0x00, 0x00, 0x00, 0x00, 0x00, 0xf5, 0xfd, 0x00, 0x00, 0x00, 0x00, 0x00, 0x00, 0x00,
  0x00, 0x02, 0x00, 0x00, 0x00, 0x00, 0x01, 0x59, 0xfb, 0x00, 0x00, 0x00, 0x00, 0x00, 0x00, 0x00,
  0x00, 0x00, 0x00, 0x00, 0x00, 0x00, 0x00, 0xe9, 0xfd, 0x80, 0x00, 0x00, 0x00, 0x00, 0x00, 0x00,
  0x00, 0x00, 0x00, 0x00, 0x00, 0x00, 0x01, 0x59, 0xfe, 0x00, 0x00, 0x00, 0x00, 0x00, 0x20, 0x00,
  0x00, 0x00, 0x00, 0x00, 0x00, 0x00, 0x00, 0xe8, 0xfb, 0x00, 0x00, 0x00, 0x00, 0x00, 0x00, 0x00,
  0x00, 0x00, 0x00, 0x00, 0x00, 0x00, 0x01, 0x58, 0xfe, 0x80, 0x00, 0x00, 0x00, 0x00, 0x01, 0x00,
  0x00, 0x00, 0x00, 0x00, 0x00, 0x00, 0x00, 0xec, 0x7f, 0x00, 0x00, 0x00, 0x00, 0x00, 0x00, 0x00,
  0x00, 0x04, 0x00, 0x00, 0x00, 0x00, 0x01, 0x58, 0x7e, 0x80, 0x00, 0x00, 0x00, 0x00, 0x08, 0x00,
  0x00, 0x00, 0x00, 0x00, 0x00, 0x00, 0x00, 0xe8, 0x3f, 0x00, 0x00, 0x00, 0x00, 0x00, 0x20, 0x00,
  0x00, 0x00, 0x00, 0x00, 0x00, 0x00, 0x01, 0x58, 0x7f, 0x00, 0x00, 0x00, 0x00, 0x00, 0x00, 0x00,
  0x00, 0x00, 0x00, 0x00, 0x00, 0x00, 0x00, 0xe8, 0x3f, 0x00, 0x00, 0x00, 0x00, 0x00, 0x00, 0x00,
  0x00, 0x08, 0x00, 0x00, 0x00, 0x00, 0x00, 0x00, 0x00, 0x80, 0x00, 0x00, 0x00, 0x00, 0x00, 0x00,
  0x00, 0x00, 0x00, 0x00, 0x00, 0x00, 0x00, 0x00, 0x00, 0x00, 0x00, 0x00, 0x00, 0x00, 0x00, 0x00,
  0x00, 0x00, 0x00, 0x00, 0x00, 0x00, 0x00, 0x00, 0x00, 0x00, 0x00, 0x00, 0x00, 0x00, 0x40, 0x00,
  0x00, 0x02, 0x00, 0x00, 0x00, 0x00, 0x00, 0x00, 0x00, 0x00, 0x00, 0x00, 0x00, 0x00, 0x08, 0x00,
  0x00, 0x08, 0x00, 0x00, 0x00, 0x00, 0x00, 0x00, 0x00, 0x00, 0x00, 0x00, 0x00, 0x00, 0x00, 0x00,
  0x00, 0x00, 0x00, 0x00, 0x00, 0x00, 0x00, 0x00, 0x00, 0x00, 0x00, 0x00, 0x00, 0x00, 0x00, 0x00,
  0x00, 0x00, 0x00, 0x00, 0x00, 0x00, 0x00, 0x00, 0x00, 0x00, 0x00, 0x00, 0x00, 0x00, 0x00, 0x00,
  0x00, 0x00, 0x00, 0x00, 0x00, 0x00, 0x00, 0x00, 0x00, 0x00, 0x00, 0x00, 0x00, 0x00, 0x24, 0x00,
  0x00, 0x10, 0x00, 0x00, 0x00, 0x00, 0x00, 0x00, 0x00, 0x00, 0x00, 0x00, 0x00, 0x00, 0x00, 0x00,
  0x00, 0x00, 0x00, 0x00, 0x00, 0x00, 0x00, 0x00, 0x00, 0x00, 0x00, 0x00, 0x00, 0x00, 0x00, 0x04,
  0x00, 0x02, 0x00, 0x00, 0x00, 0x00, 0x00, 0x00, 0x00, 0x00, 0x00, 0x00, 0x00, 0x00, 0x40, 0x00,
  0x00, 0x08, 0x00, 0x00, 0x00, 0x00, 0x00, 0x00, 0x00, 0x00, 0x00, 0x00, 0x00, 0x00, 0x00, 0x00,
  0x00, 0x20, 0x00, 0x00, 0x00, 0x00, 0x00, 0x00, 0x00, 0x00, 0x00, 0x00, 0x00, 0x00, 0x08, 0x80,
  0x00, 0x00, 0x00, 0x00, 0x00, 0x00, 0x00, 0x00, 0x00, 0x00, 0x00, 0x00, 0x00, 0x00, 0x00, 0x00,
  0x00, 0x00, 0x00, 0x00, 0x00, 0x00, 0x00, 0x00, 0x00, 0x00, 0x00, 0x00, 0x00, 0x00, 0x20, 0x00,
  0x00, 0x00, 0x00, 0x00, 0x00, 0x00, 0x00, 0x00, 0x00, 0x00, 0x00, 0x00, 0x00, 0x00, 0x00, 0x00,
  0x00, 0x12, 0x00, 0x00, 0x00, 0x00, 0x00, 0x00, 0x00, 0x00, 0x00, 0x00, 0x00, 0x00, 0x00, 0x04
};
// Author :- Ashish ( ashish_y_794 )
// Website : https://www.oledanimationmaker.com/

const uint8_t PROGMEM frame149[1024] = {
  0x00, 0x00, 0x00, 0x00, 0x00, 0x00, 0x00, 0x00, 0x00, 0x00, 0x00, 0x00, 0x00, 0x00, 0x00, 0x00,
  0x00, 0x00, 0x00, 0x00, 0x00, 0x00, 0x00, 0x00, 0x00, 0x00, 0x00, 0x00, 0x00, 0x00, 0x00, 0x00,
  0x00, 0x00, 0x00, 0x00, 0x00, 0x00, 0x00, 0x00, 0x00, 0x00, 0x00, 0x00, 0x00, 0x00, 0x00, 0x00,
  0x00, 0x00, 0x00, 0x00, 0x00, 0x00, 0x00, 0x00, 0x00, 0x00, 0x00, 0x00, 0x00, 0x00, 0x00, 0x00,
  0x00, 0x00, 0x00, 0x00, 0x00, 0x00, 0x00, 0x00, 0x00, 0x00, 0x00, 0x00, 0x00, 0x00, 0x00, 0x00,
  0x00, 0x00, 0x00, 0x00, 0x00, 0x00, 0x00, 0x00, 0x00, 0x00, 0x00, 0x00, 0x00, 0x00, 0x00, 0x00,
  0x00, 0x00, 0x00, 0x00, 0x00, 0x00, 0x00, 0x00, 0x00, 0x00, 0x00, 0x00, 0x00, 0x00, 0x00, 0x00,
  0x00, 0x00, 0x00, 0x00, 0x00, 0x00, 0x00, 0x00, 0x00, 0x00, 0x00, 0x00, 0x00, 0x00, 0x00, 0x00,
  0x00, 0x00, 0x00, 0x00, 0x00, 0x00, 0x00, 0x00, 0x00, 0x00, 0x00, 0x00, 0x00, 0x00, 0x00, 0x00,
  0x00, 0x00, 0x00, 0x00, 0x00, 0x00, 0x00, 0x00, 0x00, 0x00, 0x00, 0x00, 0x00, 0x00, 0x00, 0x00,
  0x00, 0x00, 0x00, 0x00, 0x00, 0x00, 0x00, 0x00, 0x00, 0x00, 0x00, 0x00, 0x00, 0x00, 0x00, 0x00,
  0x00, 0x00, 0x00, 0x00, 0x00, 0x00, 0x00, 0x00, 0x00, 0x00, 0x00, 0x00, 0x00, 0x00, 0x00, 0x00,
  0x00, 0x00, 0x00, 0x00, 0x00, 0x00, 0x00, 0x00, 0x00, 0x00, 0x00, 0x00, 0x00, 0x00, 0x00, 0x00,
  0x00, 0x00, 0x00, 0x00, 0x00, 0x00, 0x00, 0x00, 0x00, 0x00, 0x00, 0x00, 0x00, 0x00, 0x00, 0x00,
  0x00, 0x00, 0x00, 0x00, 0x00, 0x00, 0x00, 0x00, 0x00, 0x00, 0x00, 0x00, 0x00, 0x00, 0x00, 0x00,
  0x00, 0x00, 0x00, 0x00, 0x00, 0x00, 0x00, 0x00, 0x00, 0x00, 0x00, 0x00, 0x00, 0x00, 0x00, 0x00,
  0x00, 0x00, 0x00, 0x00, 0x00, 0x00, 0x00, 0x20, 0x00, 0x00, 0x00, 0x00, 0x00, 0x00, 0x00, 0x00,
  0x00, 0x00, 0x00, 0x00, 0x00, 0x00, 0x00, 0xfc, 0x1b, 0x00, 0x00, 0x00, 0x00, 0x00, 0x00, 0x00,
  0x00, 0x00, 0x00, 0x00, 0x00, 0x00, 0x01, 0xfc, 0x15, 0x00, 0x00, 0x00, 0x00, 0x00, 0x00, 0x00,
  0x00, 0x00, 0x00, 0x00, 0x00, 0x00, 0x00, 0xfe, 0x15, 0x00, 0x00, 0x00, 0x00, 0x00, 0x00, 0x00,
  0x00, 0x00, 0x00, 0x00, 0x00, 0x00, 0x00, 0xbc, 0x16, 0x00, 0x00, 0x00, 0x00, 0x00, 0x00, 0x00,
  0x00, 0x00, 0x00, 0x00, 0x00, 0x00, 0x00, 0xfe, 0x2a, 0x80, 0x00, 0x00, 0x00, 0x00, 0x00, 0x00,
  0x00, 0x00, 0x00, 0x00, 0x00, 0x00, 0x00, 0xbf, 0x15, 0x00, 0x00, 0x00, 0x00, 0x00, 0x00, 0x00,
  0x00, 0x00, 0x00, 0x00, 0x00, 0x00, 0x00, 0xff, 0x15, 0x00, 0x00, 0x00, 0x00, 0x00, 0x00, 0x00,
  0x00, 0x00, 0x00, 0x00, 0x00, 0x00, 0x00, 0xbf, 0x16, 0x00, 0x00, 0x00, 0x00, 0x00, 0x00, 0x00,
  0x00, 0x00, 0x00, 0x00, 0x00, 0x00, 0x00, 0xaf, 0x95, 0x00, 0x00, 0x00, 0x00, 0x00, 0x00, 0x00,
  0x00, 0x00, 0x00, 0x00, 0x00, 0x00, 0x00, 0xbf, 0x15, 0x00, 0x00, 0x00, 0x00, 0x00, 0x00, 0x00,
  0x00, 0x00, 0x00, 0x00, 0x00, 0x00, 0x00, 0xaf, 0xd5, 0x00, 0x00, 0x00, 0x00, 0x00, 0x00, 0x00,
  0x00, 0x00, 0x00, 0x00, 0x00, 0x00, 0x00, 0xdf, 0xaa, 0x80, 0x00, 0x00, 0x00, 0x00, 0x00, 0x00,
  0x00, 0x00, 0x00, 0x00, 0x00, 0x00, 0x00, 0xaf, 0xd6, 0x00, 0x00, 0x00, 0x00, 0x00, 0x00, 0x00,
  0x00, 0x00, 0x00, 0x00, 0x00, 0x00, 0x00, 0xae, 0xeb, 0x00, 0x00, 0x00, 0x00, 0x00, 0x00, 0x00,
  0x00, 0x00, 0x00, 0x00, 0x00, 0x00, 0x00, 0xd7, 0xea, 0x00, 0x00, 0x00, 0x00, 0x00, 0x00, 0x00,
  0x00, 0x00, 0x00, 0x00, 0x00, 0x00, 0x00, 0xa7, 0xeb, 0x00, 0x00, 0x00, 0x00, 0x00, 0x00, 0x00,
  0x00, 0x00, 0x00, 0x00, 0x00, 0x00, 0x00, 0xb7, 0xf5, 0x00, 0x00, 0x00, 0x00, 0x00, 0x00, 0x00,
  0x00, 0x00, 0x00, 0x00, 0x00, 0x00, 0x00, 0xd3, 0xea, 0x00, 0x00, 0x00, 0x00, 0x00, 0x00, 0x00,
  0x00, 0x00, 0x00, 0x00, 0x00, 0x00, 0x00, 0xab, 0xf5, 0x00, 0x00, 0x00, 0x00, 0x00, 0x00, 0x00,
  0x00, 0x00, 0x00, 0x00, 0x00, 0x00, 0x00, 0xa9, 0xfb, 0x00, 0x00, 0x00, 0x00, 0x00, 0x00, 0x00,
  0x00, 0x00, 0x00, 0x00, 0x00, 0x00, 0x00, 0xd5, 0xfa, 0x00, 0x00, 0x00, 0x00, 0x00, 0x00, 0x00,
  0x00, 0x00, 0x00, 0x00, 0x00, 0x00, 0x00, 0xa9, 0xfb, 0x00, 0x00, 0x00, 0x00, 0x00, 0x00, 0x00,
  0x00, 0x00, 0x00, 0x00, 0x00, 0x00, 0x00, 0xb0, 0xed, 0x00, 0x00, 0x00, 0x00, 0x00, 0x00, 0x00,
  0x00, 0x00, 0x00, 0x00, 0x00, 0x00, 0x00, 0xd4, 0xfe, 0x00, 0x00, 0x00, 0x00, 0x00, 0x00, 0x00,
  0x00, 0x00, 0x00, 0x00, 0x00, 0x00, 0x00, 0xa8, 0xfd, 0x00, 0x00, 0x00, 0x00, 0x00, 0x00, 0x00,
  0x00, 0x00, 0x00, 0x00, 0x00, 0x00, 0x00, 0xa8, 0x7e, 0x80, 0x00, 0x00, 0x00, 0x00, 0x00, 0x00,
  0x00, 0x00, 0x00, 0x00, 0x00, 0x00, 0x00, 0xd0, 0x7f, 0x00, 0x00, 0x00, 0x00, 0x00, 0x00, 0x00,
  0x00, 0x00, 0x00, 0x00, 0x00, 0x00, 0x00, 0xa8, 0x3e, 0x00, 0x00, 0x00, 0x00, 0x00, 0x00, 0x00,
  0x00, 0x00, 0x00, 0x00, 0x00, 0x00, 0x00, 0xb4, 0x7b, 0x00, 0x00, 0x00, 0x00, 0x00, 0x00, 0x00,
  0x00, 0x00, 0x00, 0x00, 0x00, 0x00, 0x00, 0xc8, 0x1f, 0x00, 0x00, 0x00, 0x00, 0x00, 0x00, 0x00,
  0x00, 0x00, 0x00, 0x00, 0x00, 0x00, 0x00, 0x00, 0x00, 0x00, 0x00, 0x00, 0x00, 0x00, 0x00, 0x00,
  0x00, 0x00, 0x00, 0x00, 0x00, 0x00, 0x00, 0x00, 0x00, 0x00, 0x00, 0x00, 0x00, 0x00, 0x00, 0x00,
  0x00, 0x00, 0x00, 0x00, 0x00, 0x00, 0x00, 0x00, 0x00, 0x00, 0x00, 0x00, 0x00, 0x00, 0x00, 0x00,
  0x00, 0x00, 0x00, 0x00, 0x00, 0x00, 0x00, 0x00, 0x00, 0x00, 0x00, 0x00, 0x00, 0x00, 0x00, 0x00,
  0x00, 0x00, 0x00, 0x00, 0x00, 0x00, 0x00, 0x00, 0x00, 0x00, 0x00, 0x00, 0x00, 0x00, 0x00, 0x00,
  0x00, 0x00, 0x00, 0x00, 0x00, 0x00, 0x00, 0x00, 0x00, 0x00, 0x00, 0x00, 0x00, 0x00, 0x00, 0x00,
  0x00, 0x00, 0x00, 0x00, 0x00, 0x00, 0x00, 0x00, 0x00, 0x00, 0x00, 0x00, 0x00, 0x00, 0x00, 0x00,
  0x00, 0x00, 0x00, 0x00, 0x00, 0x00, 0x00, 0x00, 0x00, 0x00, 0x00, 0x00, 0x00, 0x00, 0x00, 0x00,
  0x00, 0x00, 0x00, 0x00, 0x00, 0x00, 0x00, 0x00, 0x00, 0x00, 0x00, 0x00, 0x00, 0x00, 0x00, 0x00,
  0x00, 0x00, 0x00, 0x00, 0x00, 0x00, 0x00, 0x00, 0x00, 0x00, 0x00, 0x00, 0x00, 0x00, 0x00, 0x00,
  0x00, 0x00, 0x00, 0x00, 0x00, 0x00, 0x00, 0x00, 0x00, 0x00, 0x00, 0x00, 0x00, 0x00, 0x00, 0x00,
  0x00, 0x00, 0x00, 0x00, 0x00, 0x00, 0x00, 0x00, 0x00, 0x00, 0x00, 0x00, 0x00, 0x00, 0x00, 0x00,
  0x00, 0x00, 0x00, 0x00, 0x00, 0x00, 0x00, 0x00, 0x00, 0x00, 0x00, 0x00, 0x00, 0x00, 0x00, 0x00,
  0x00, 0x00, 0x00, 0x00, 0x00, 0x00, 0x00, 0x00, 0x00, 0x00, 0x00, 0x00, 0x00, 0x00, 0x00, 0x00,
  0x00, 0x00, 0x00, 0x00, 0x00, 0x00, 0x00, 0x00, 0x00, 0x00, 0x00, 0x00, 0x00, 0x00, 0x00, 0x00,
  0x00, 0x00, 0x00, 0x00, 0x00, 0x00, 0x00, 0x00, 0x00, 0x00, 0x00, 0x00, 0x00, 0x00, 0x00, 0x00,
  0x00, 0x00, 0x00, 0x00, 0x00, 0x00, 0x00, 0x00, 0x00, 0x00, 0x00, 0x00, 0x00, 0x00, 0x00, 0x00
};
// Author :- Ashish ( ashish_y_794 )
// Website : https://www.oledanimationmaker.com/

void setup() {
  Serial.begin(115200);
  if (!display.begin(SCREEN_ADDR, true)) {
    Serial.println(F("SH1106 allocation failed"));
    for (;;);
  }
  display.setRotation(0);
  display.clearDisplay();
  display.display();
}

void loop() {
  static uint8_t frameIdx = 0;
  static unsigned long lastMs = 0;
  const uint8_t* frames[] = {frame0, frame1, frame2, frame3, frame4, frame5, frame6, frame7, frame8, frame9, frame10, frame11, frame12, frame13, frame14, frame15, frame16, frame17, frame18, frame19, frame20, frame21, frame22, frame23, frame24, frame25, frame26, frame27, frame28, frame29, frame30, frame31, frame32, frame33, frame34, frame35, frame36, frame37, frame38, frame39, frame40, frame41, frame42, frame43, frame44, frame45, frame46, frame47, frame48, frame49, frame50, frame51, frame52, frame53, frame54, frame55, frame56, frame57, frame58, frame59, frame60, frame61, frame62, frame63, frame64, frame65, frame66, frame67, frame68, frame69, frame70, frame71, frame72, frame73, frame74, frame75, frame76, frame77, frame78, frame79, frame80, frame81, frame82, frame83, frame84, frame85, frame86, frame87, frame88, frame89, frame90, frame91, frame92, frame93, frame94, frame95, frame96, frame97, frame98, frame99, frame100, frame101, frame102, frame103, frame104, frame105, frame106, frame107, frame108, frame109, frame110, frame111, frame112, frame113, frame114, frame115, frame116, frame117, frame118, frame119, frame120, frame121, frame122, frame123, frame124, frame125, frame126, frame127, frame128, frame129, frame130, frame131, frame132, frame133, frame134, frame135, frame136, frame137, frame138, frame139, frame140, frame141, frame142, frame143, frame144, frame145, frame146, frame147, frame148, frame149};
  const uint8_t numFrames = 150;
  if (millis() - lastMs >= 67) {
    lastMs = millis();
    display.clearDisplay();
    display.drawBitmap(0, 0, frames[frameIdx], 128, 64, SH110X_WHITE);
    display.display();
    frameIdx = (frameIdx + 1) % numFrames;
  }
}
